Index,demand
0,0.0
1,0.0
2,0.0
3,0.0711107151509553
4,0.11001499119491022
5,0.0
6,0.020553437645346173
7,0.2833659332201667
8,0.021468465365154014
9,0.07438642120980662
10,0.0
11,0.23999496998552203
12,0.07459970713628988
13,0.04544768647434553
14,0.1709215318923583
15,0.11367283453677929
16,0.1710042181241953
17,0.019056460240781135
18,0.08141190376135517
19,0.0
20,0.0
21,0.0
22,0.14801875448101726
23,0.0
24,0.3751378659319974
25,0.22345174263227582
26,0.0
27,0.06473531382346172
28,0.08007516693014362
29,0.0
30,0.007613219987411618
31,0.03892107840055071
32,0.009162704874684447
33,0.1248811321482254
34,0.15329401695397996
35,0.48937461391553416
36,0.09381940866043101
37,0.002354442142827299
38,0.09753603301543527
39,0.1268132098606323
40,0.00871863927013695
41,0.022345972341431576
42,0.0006486301296088703
43,0.03668538254150239
44,0.02093240214601831
45,0.0598343122352005
46,0.08697893698886669
47,0.3152162635592967
48,0.0991156021496948
49,0.16996659297101196
50,0.24093799777373778
51,0.06420756444074247
52,0.0
53,0.2364804915181552
54,0.00107781379843317
55,0.0
56,0.1170166588058721
57,0.02041399631467162
58,0.04611868238533561
59,0.024192099160840398
60,0.0032593355029429177
61,0.06290368552845252
62,0.0759267711689609
63,0.04129327746117845
64,0.0
65,0.24799106616190186
66,0.036403081390628686
67,0.0319264505579781
68,0.051719074428218145
69,0.05460516083005345
70,0.010809257851999638
71,0.030614282775321876
72,0.0
73,0.007892741281179025
74,0.0
75,0.025451936961800363
76,0.047389268968248945
77,0.09362810745451271
78,0.2273482702385701
79,0.12989312020362967
80,0.018453273440656184
81,0.00898086087194792
82,0.0
83,0.021821731357800613
84,0.023096307667806487
85,0.0
86,0.16247462840186913
87,0.248169701112785
88,0.07611192276976662
89,0.010222976819092254
90,0.025888173539105486
91,0.09658741371227915
92,0.08051433465731703
93,0.14826406555031774
94,0.22809995579177966
95,0.0
96,0.0012057853935203736
97,0.02359955146418128
98,0.0
99,0.0
100,0.06055021142713264
101,0.04181463795236024
102,0.0
103,0.14596800325767123
104,0.06768514399306144
105,0.0
106,0.004468938793689692
107,0.08061315537236403
108,0.42885672081576637
109,0.04334820406287177
110,0.0
111,0.0013816973604443882
112,0.0
113,0.020239822804857706
114,0.0013773134510197658
115,0.1332666802398231
116,0.15881169570195228
117,0.18208950797896517
118,0.14751935699144214
119,0.05354026365348636
120,0.0001301880038405861
121,0.030481954887547902
122,0.03866832124037965
123,0.04834505585965095
124,0.0
125,0.02014041162276944
126,0.018158262088279642
127,0.0747528612949723
128,0.012454395312938472
129,0.030030003645448958
130,0.026313226021848223
131,0.008440454431381554
132,0.02362633834622446
133,0.020426694217682825
134,0.05957183034990818
135,0.028668918782887277
136,0.062224711411763195
137,0.09703121962399074
138,0.1898915172526064
139,0.03747362742546095
140,0.04058218878157327
141,0.08776013617800595
142,0.09359909768205005
143,0.008062090514228447
144,0.15542701797607117
145,0.03235440202854724
146,0.0
147,0.03062821531741832
148,0.0745345478556308
149,0.015706927244219793
150,0.00910048491095324
151,0.03469305452100945
152,0.03495935438874855
153,0.06188090873861702
154,0.09557238402634084
155,0.04616076160099034
156,0.06933899174797589
157,0.06800963638105244
158,0.029392126543236325
159,0.0013739155290282811
160,0.029917708541712117
161,0.05192184713464779
162,0.047676316432599765
163,0.02216740335795361
164,0.45856227542466144
165,0.1817802869086595
166,0.045284103875742124
167,0.15109704561607082
168,0.07581129031091628
169,0.07968526518806847
170,0.006178682288193768
171,0.042023254620811884
172,0.0
173,0.0261123967375397
174,0.01647546780470882
175,0.020283984899063433
176,0.03649679070657796
177,0.03911525351383354
178,0.04833948209229549
179,0.049964208819507576
180,0.07329895125491653
181,0.05013739363699916
182,0.23655051802667082
183,0.023224983528357317
184,0.007276271872993332
185,0.06565739408790647
186,0.014732116851142089
187,0.0656300507535688
188,0.0
189,0.009814734274293819
190,0.019123975812422058
191,0.17766118032517408
192,0.03121439082842709
193,0.13385785091972124
194,0.05110132858364851
195,0.08587341430523295
196,0.0
197,0.018282699513940032
198,0.11493728541855645
199,0.05337997385571813
200,0.07611583409576403
201,0.036505723708586194
202,0.0
203,0.052373138577922924
204,0.0
205,0.033449640558870106
206,0.051235140304390546
207,0.10749229761126636
208,0.11024471629408397
209,0.13228604523828547
210,0.06906665636194455
211,0.043605502096333244
212,0.0
213,0.07786188648540629
214,0.05027419332831908
215,0.0
216,0.019701809595676346
217,0.09920766571799063
218,0.08655227487841796
219,0.025329471564146257
220,0.04876324242924525
221,0.017410880323086048
222,0.0
223,0.07483715116940766
224,0.1217672554211938
225,0.044678274008221046
226,0.08842322683188142
227,0.009769821486805927
228,0.027280739884655347
229,0.011809447117732597
230,0.03515824850039763
231,0.02950315141116461
232,0.05051133042213336
233,0.10085133317835332
234,0.21097735438275123
235,0.08145388900869922
236,0.08585170823336909
237,0.0443900654916499
238,0.024059693590890836
239,0.0726676723114632
240,0.08544356942410385
241,0.0654194928615441
242,0.0
243,0.21679075349601676
244,0.05502101780943252
245,0.12472047537611956
246,0.03971573038759529
247,0.1358311340186935
248,0.0
249,0.05773756675963707
250,0.0
251,0.0
252,0.03409640721892834
253,0.008058537691133228
254,0.05860183336917519
255,0.044062034611947486
256,0.0311274364020503
257,0.07463335518197389
258,0.3598615862093757
259,0.042908402313180244
260,0.0
261,0.18175369443810374
262,0.050987281958367686
263,0.25374707983761735
264,0.1340013409835949
265,0.07166433485535564
266,0.0
267,0.051274194125654864
268,0.0009419116135850144
269,0.07574094599305609
270,0.1941631513562528
271,0.07112015931916327
272,0.2458685428183635
273,0.15058540330535186
274,0.07648023282489066
275,0.0033814904314715642
276,0.02543176774407624
277,0.03698194088522826
278,0.06150908997687802
279,0.003296672187164688
280,0.10690389141751079
281,0.09650001741049721
282,0.06117449132970075
283,0.021282324716211283
284,0.007040616676112887
285,0.10512979301648523
286,0.16740952252432562
287,0.18048352401545728
288,0.0756392228009946
289,0.07533486434179773
290,0.018686826100832457
291,0.007740510216563933
292,0.39243420432031884
293,0.030341048419093672
294,0.011830036190176967
295,0.19003829853926235
296,0.21401993347824777
297,0.018459877490234252
298,0.00645507154227032
299,0.03106634239306095
300,0.04000528720433639
301,0.09430559220139927
302,0.07455375349592812
303,0.06483936153902821
304,0.06891243630648061
305,0.17426117565122243
306,0.1854603867293628
307,0.12354901337299
308,0.1918465222680636
309,0.2693821076654029
310,0.0642424806825633
311,0.0
312,0.056797932741143704
313,0.09474257508881796
314,0.021073918296391134
315,0.24279233684755075
316,0.8138633925083186
317,0.0
318,0.049865493691816094
319,0.32353069321718536
320,0.006400246938514853
321,0.023866111913190123
322,0.21078949266403477
323,0.02224897229439991
324,0.0402597810567859
325,0.04821311580345453
326,0.0
327,0.010896375479507085
328,0.0749003852484019
329,0.023245678361546673
330,0.04429154198252159
331,0.11914927719880218
332,0.12498985537708167
333,0.21203967759168277
334,0.19040488932081726
335,0.13764328696832973
336,0.026201582830590407
337,0.19185319446192842
338,0.06255146950349874
339,0.12155415515781683
340,0.6856714248570176
341,0.24836977572165259
342,0.34824395854102164
343,0.020854208281232918
344,0.18350172366132933
345,0.0
346,0.035050973609245716
347,0.012870465925959093
348,0.0
349,0.06210958715025066
350,0.0
351,0.0
352,0.0
353,0.03814768780401839
354,0.07275175047606272
355,0.10148299482310702
356,0.06411589718796372
357,0.07977247880047518
358,0.12772461778316654
359,0.07312264546164396
360,0.045232892012357175
361,0.11945588934952708
362,0.18152994891605667
363,0.013704842392580185
364,0.025915281972911795
365,0.6771577325525414
366,0.7918139031774178
367,0.33022966428135314
368,0.0
369,0.02808333753527645
370,0.014406757607650525
371,0.027491960554649076
372,0.24045485459050386
373,0.02541729281888695
374,0.03037024948416575
375,0.11406601096291044
376,0.0
377,0.0339328704977549
378,0.054938389267460905
379,0.024353878091843764
380,0.00016283997151970373
381,0.056712782128775924
382,0.0
383,0.011808653531333499
384,0.06579982179121713
385,0.13821154471250507
386,0.07787885042288528
387,0.049069609066578215
388,0.059216971023334765
389,0.026827765069551753
390,0.007745127737852923
391,0.12244242216713115
392,0.07401854051993935
393,0.06950778949202352
394,0.6081659610444232
395,0.9241551302855522
396,0.32856600612084647
397,0.05064513265222421
398,0.04481707851433036
399,0.035807053911728164
400,0.11766579524777594
401,0.21775222521716608
402,0.0043470140414339055
403,0.08890550030725781
404,0.021229444957105853
405,0.015361378594239266
406,0.06893168402512001
407,0.07787303623717637
408,0.04265498721728672
409,0.3047904385547817
410,0.0605909583895069
411,0.10445498214249928
412,0.10569064970775836
413,0.10007126537269662
414,0.05113380629186741
415,0.10033033936250654
416,0.01943682938377963
417,0.014469637513773845
418,0.04093597605634999
419,0.12234637888322265
420,0.1189444480200053
421,0.05721859626390556
422,0.04973106952039566
423,0.028197535529243627
424,0.9213548553666968
425,0.9919362964425691
426,1.0
427,0.0
428,0.03313797281983024
429,0.18247869256236346
430,0.1284011237549018
431,0.04257506894480072
432,0.0
433,0.012248594519212013
434,0.010698613727679534
435,0.033342274444614454
436,0.07253600926219367
437,0.02527121828941659
438,0.20640000910423975
439,0.3315884821276965
440,0.06566656105205627
441,0.09708981863700558
442,0.12258932611483131
443,0.19831024976179684
444,0.07858477579743073
445,0.05062906512446391
446,0.06894823596513354
447,0.044343372669754244
448,0.0917634296452792
449,0.11437521961159275
450,0.11604348544716694
451,0.048627682456350504
452,0.013214332779226545
453,0.3442155201914706
454,0.3786414767708869
455,0.11494023075125687
456,0.05273195344943657
457,0.020539318554556558
458,0.0515492029565464
459,0.038170064290989875
460,0.2450108837364747
461,0.011063251807298629
462,0.028403272429251163
463,0.027950578637438092
464,0.02487180743313719
465,0.02027073692488722
466,0.03758646452288766
467,0.032027094472245506
468,0.07854054565788743
469,0.42694023615668686
470,0.1987676822257215
471,0.22005239450102648
472,0.11114301912556263
473,0.16570962833835962
474,0.19346033116091932
475,0.2839091512178158
476,0.0491026954003863
477,0.019515838567867077
478,0.0
479,0.015611699024238227
480,0.17317810882148718
481,0.1638473053274237
482,0.06475961367183004
483,0.20533592570916906
484,0.2356237820394521
485,0.1916949955287356
486,1.0
487,0.10861082848206005
488,0.044773013496560904
489,0.12247466896534576
490,0.08475636952962795
491,0.010184940734787188
492,0.04368012195236529
493,0.18058823501227914
494,0.0
495,0.04604181371660393
496,0.06412640538452968
497,0.029875259453187406
498,0.03041153736628648
499,0.17477357021396137
500,0.24408455236452622
501,0.24070276830763757
502,0.3607141681238607
503,0.25411606567512596
504,0.1123975231908856
505,0.12003113572680608
506,0.20005855319723584
507,0.007776266626504439
508,0.007840250857568669
509,0.1817716698956801
510,0.0970566229520923
511,0.029343672861931278
512,0.18812104195325915
513,0.13260943293467134
514,0.3608271362136177
515,0.1725185582592677
516,0.0016543886141455048
517,0.031832659120694745
518,0.06936497329182874
519,0.11964003412149925
520,0.099786254628615
521,0.013092190765649351
522,0.0063944948706257144
523,0.0
524,0.019964545464262632
525,0.062002212553762696
526,0.0855295806212219
527,0.06931718450057132
528,0.14210191394315552
529,0.24897891409379377
530,0.6512882151710504
531,0.281418951693085
532,0.2540934925685334
533,0.4728300359102534
534,0.07527844582572672
535,0.01325592179840693
536,0.03929590359234666
537,0.05962098035226545
538,0.11228219913723056
539,0.20789737281379855
540,0.04996612722334727
541,0.0
542,0.027064175830753427
543,0.14736271452694527
544,0.0
545,0.0
546,0.05773017790684592
547,0.13410865991713047
548,0.02480785906272146
549,0.0
550,0.05934057336350417
551,0.0069623119165157
552,0.0069233092187734775
553,0.04289998428855672
554,0.036953191487888934
555,0.031915046610314884
556,0.10650994286225063
557,0.20147531753559084
558,0.23442673233502284
559,0.16907971466566946
560,0.38036627914351856
561,0.3566672905080884
562,0.21899593427552153
563,0.07095985696069534
564,0.02283916901650351
565,0.05467559402255997
566,0.049106903968639704
567,0.10085244947864665
568,0.0009370406237156558
569,0.010939697979931442
570,0.3427572286779447
571,0.012561223305727972
572,0.0
573,0.05777083130184784
574,0.06399452936524462
575,0.06146987021152436
576,0.009840046677241698
577,0.03770036613567094
578,0.012910392347504901
579,0.07744283653154968
580,0.0016932636693119878
581,0.02405956322241703
582,0.008184563096052524
583,0.0648049443865673
584,0.11900974793283788
585,0.2663210237285074
586,0.24689143781217598
587,0.048220830582917984
588,0.4656619801321294
589,0.22401491595760128
590,0.3436554927398841
591,0.22904926830060302
592,0.07390849793387967
593,0.043517681600092124
594,0.07126351861310774
595,0.04029624178782174
596,0.05885535274447751
597,0.07263877775335482
598,0.019729714559659647
599,0.3250491702699177
600,0.08597179864167845
601,0.17613209946898367
602,0.01604713847260513
603,0.030265492588298352
604,0.08536012421985854
605,0.15371695519664444
606,0.2201142892769184
607,0.020474358479244403
608,0.026882426925204726
609,0.0444702154316385
610,0.1467150708540552
611,0.3495286545176188
612,0.1960263427907953
613,0.08060899187423426
614,0.06206493871904763
615,0.23192366744356147
616,0.18005824812481827
617,0.033800006069137155
618,0.018389217481211195
619,0.038212462563809814
620,0.04373666585927546
621,0.11219469421478111
622,0.07203488730289856
623,0.05365674113486067
624,0.21943574180607225
625,0.0770881404622455
626,0.03998304009021319
627,0.15567668554652767
628,0.04378140491268354
629,0.022892489442438158
630,0.12349805023213135
631,0.08447332257994097
632,0.02230399351176111
633,0.0426680599026422
634,0.2164330235207522
635,0.06246585920526291
636,0.07546871046780382
637,0.02087528272656267
638,0.0645786160999505
639,0.08506803371976716
640,0.005705832928281932
641,0.09448584353659484
642,0.055386206650168544
643,0.07119485290411562
644,0.010116699001117094
645,0.0
646,0.11950539700457588
647,0.0
648,0.027511909226010923
649,0.02029088319731258
650,0.01637389720299942
651,0.005919051396864518
652,0.1139559006952055
653,0.04416909834212644
654,0.028125726166772724
655,0.00206365303765446
656,0.02403357345718452
657,0.16135973844461093
658,0.2637082238163225
659,0.20012955734998228
660,0.004442854099939841
661,0.04466695841094372
662,0.028067563192104895
663,0.0
664,0.04472208990199694
665,0.004690804300197109
666,0.023570543347074063
667,0.15212416307934673
668,0.014002852424032246
669,0.0
670,0.008436616206801473
671,0.03068547619963356
672,0.04396071518774018
673,0.06901074490518931
674,0.08434947643738058
675,0.006617513254432377
676,0.009121855871485502
677,0.03323825019723874
678,0.03334160628061904
679,0.0769569493974739
680,0.1696607615031446
681,0.02241994118862366
682,0.01974324904583627
683,0.002397429880495054
684,0.0737408005281124
685,0.0
686,0.0
687,0.05835801571400102
688,0.12058655461071836
689,0.04783601255324187
690,0.01829603267981406
691,0.004939880559415554
692,0.24380015318885112
693,0.04225437170627441
694,0.024990464466526963
695,0.1743175131818471
696,0.06744591140411453
697,0.0389376776943896
698,0.01677213453760059
699,0.032043247288318914
700,0.05702455333327017
701,0.3001627963611434
702,0.030451408699353734
703,0.01080286050603857
704,0.0135337198854056
705,0.06881215977938646
706,0.05617443128850357
707,0.11061513490082672
708,0.02007729488484494
709,0.1473581446319606
710,0.04309394741407208
711,0.030650758028894477
712,0.045234907157372176
713,0.057916695973352715
714,0.025380976785165946
715,0.1544407491694807
716,0.0
717,0.0
718,0.07111482726076544
719,0.014151233023629542
720,0.10250963954946218
721,0.0518286799838195
722,0.018017110086958815
723,0.2014246067759417
724,0.3296773868783282
725,0.07388455649625889
726,0.019883217379134583
727,0.08945594287411805
728,0.017906400461098964
729,0.07997012742114594
730,0.08467252849309338
731,0.07924229084770087
732,0.46468990421023
733,0.03064322771033496
734,0.009362886038385856
735,0.11849315580136036
736,0.05337596401846625
737,0.08604115180937356
738,0.15469220128230918
739,0.3569810370944065
740,0.06295743631229964
741,0.11487308268541169
742,0.0019363677310153672
743,0.024377909074458297
744,0.020318935920204943
745,0.0801729595368767
746,0.034349765339621904
747,0.0
748,0.012291275024730063
749,0.04344683063828337
750,0.00992523900429618
751,0.0728586686445032
752,0.015572257693137772
753,0.02228238748770065
754,0.06456160891222171
755,0.0
756,0.018489212378162735
757,0.0
758,0.0411469087439404
759,0.062298301522369655
760,0.14934028851778078
761,0.0017252569945454745
762,0.05072935578212257
763,0.442284927284637
764,0.07127597807670338
765,0.108051713285869
766,0.0177811576452305
767,0.04832253479668274
768,0.04442346404760652
769,0.13657679401811534
770,0.017987597479023287
771,0.0
772,0.0
773,0.029572269489247165
774,0.09531004760017409
775,0.0
776,0.18962489228002952
777,0.04112403405577894
778,0.02055760928393896
779,0.05464068331818439
780,0.18989685848186125
781,0.0
782,0.013014254727132578
783,0.01615525894472324
784,0.06984654562053709
785,0.021346261410462645
786,0.1916276635425021
787,0.0455107494978048
788,0.0
789,0.007978001675361893
790,0.051745481187416634
791,0.13303678121798998
792,0.09797741837719134
793,0.06090021651557236
794,0.0042598034712308715
795,0.012310361793660216
796,0.00782879037762878
797,0.06425953919945071
798,0.18278825744231916
799,0.08399265037142215
800,0.0
801,0.04346599798299376
802,0.0
803,0.0072140841759460485
804,0.021777555394583658
805,0.00881929844818972
806,0.012047898337712581
807,0.0008049954999951775
808,0.011724054640693959
809,0.01818295560568881
810,0.03971169441161084
811,0.0
812,0.020752896851745972
813,0.045808137033228766
814,0.1121779404572398
815,0.0
816,0.0
817,0.05163088047892614
818,0.18597530565065656
819,0.0
820,0.026567724684958726
821,0.01288614019337328
822,0.02392633227188118
823,0.017456504520953795
824,0.010902212531907185
825,0.0014157649110652125
826,0.0
827,0.0
828,0.0
829,0.0
830,0.03137574808380604
831,0.0
832,0.018867194073599422
833,0.006712639461237176
834,0.0
835,0.0
836,0.0
837,0.04364954197745627
838,0.04883091150999066
839,0.06918315872552626
840,0.0
841,0.03410494227115419
842,0.0006950536041652375
843,0.05218937012855788
844,0.002629990546870617
845,0.0
846,0.0
847,0.059236805296858416
848,0.03567556945891982
849,0.0318940056222134
850,0.07592437938531324
851,0.0
852,0.11256271839463243
853,0.01640976276679314
854,0.021450536610008182
855,0.016137011219539414
856,0.041610064201270024
857,0.1071886095186981
858,0.024904114787624037
859,0.0067485507359196385
860,0.03996122130409659
861,0.0
862,0.020084547923694858
863,0.00704072299477168
864,0.0
865,0.017369199354478514
866,0.003525822130854465
867,0.024643850790658735
868,0.004597133512280976
869,0.027155788530147894
870,0.025536783409902054
871,0.08679769780470323
872,0.015914237242441252
873,0.036950729099259345
874,0.02079120143042191
875,0.015588871333510062
876,0.012981692503148927
877,0.058349735845739985
878,0.030838749467982318
879,0.010164220954231256
880,0.03417964127978679
881,0.0
882,0.0
883,0.0
884,0.04358277439192727
885,0.013231075420650206
886,0.06573829875053228
887,0.012996446381392706
888,0.08522245451992562
889,0.004777858125736574
890,0.0
891,0.0
892,0.05438622148790648
893,0.0
894,0.0
895,0.0
896,0.0
897,0.1691113227258678
898,0.035433203194876015
899,0.03507370893872092
900,0.13283956450997625
901,0.11189031986826528
902,0.05857825913665248
903,0.02826168725021054
904,0.03934989797203409
905,0.2261355523978306
906,0.0
907,0.27028055757824687
908,0.04405127294929922
909,0.1328256495248766
910,0.039833444143558557
911,0.0
912,0.0
913,0.032884029377399426
914,0.0
915,0.3689170852661108
916,0.1099130140013392
917,0.0
918,0.1601313001112742
919,0.05456934877068517
920,0.03248422596862072
921,0.002461859175445858
922,0.026508430502089866
923,0.032594705971088545
924,0.12285171836351949
925,0.1228455718350189
926,0.03857649871993975
927,0.36723910609449145
928,0.04480332181509546
929,0.029303953272827473
930,0.04801616303747844
931,0.009851820881490487
932,0.19044456087617948
933,0.006093204263819708
934,0.05215245682280911
935,0.023440887323410414
936,0.07145350857268118
937,0.03912014896427096
938,0.3292696575983178
939,0.11704000246896917
940,0.01865016789583427
941,0.37533292419077074
942,0.0036448572064935146
943,0.26924411643550705
944,0.0012222284984343378
945,0.012110876329623791
946,0.13559141424151336
947,0.028291601593348058
948,0.006089370569118317
949,0.0383027654587098
950,0.008272696350877977
951,0.0983133823255546
952,0.09332635810435612
953,0.04124814704902392
954,0.01349762549286644
955,0.001104009225770345
956,0.32886206825097714
957,0.018398640066114465
958,0.005040406201001217
959,0.05028172633586464
960,0.04407959839667329
961,0.08422794368520108
962,0.04008320376080873
963,0.049456754008304175
964,0.05195958789667938
965,0.006516930731132049
966,0.0
967,0.033542429807898025
968,0.13591599592882728
969,0.17048668358025626
970,0.00021951007873646834
971,0.0
972,0.0
973,0.08772474174112416
974,0.07257459282593756
975,0.0
976,0.027137227845995517
977,0.1882400993722953
978,0.24210739492518116
979,0.061550670087426464
980,0.0
981,0.01282611622161611
982,0.017918800699318362
983,0.0
984,0.07139138289273285
985,0.01432516064191573
986,0.027673650076418112
987,0.18964565645257273
988,0.23088822144964935
989,0.03133947361320415
990,0.01036484487066153
991,0.0
992,0.0
993,0.027136308005412873
994,0.04960622839971743
995,0.12339982970848376
996,0.01950600968215393
997,0.09474597651046525
998,0.00038305994323667404
999,0.015116452735040309
1000,0.09348777519686982
1001,0.4331884284195272
1002,0.0
1003,0.028458106815732825
1004,0.0011956669334794129
1005,0.00027979737598333646
1006,0.0
1007,0.06276344542063403
1008,0.0
1009,0.06632082124419315
1010,0.15254612227886818
1011,0.12501234186490623
1012,0.10058303416561004
1013,0.04701244938904106
1014,0.0
1015,0.01956256726542346
1016,0.03986206717656927
1017,0.027020628380206437
1018,0.0
1019,0.01493865407693439
1020,0.031159768057386055
1021,0.05392152348526443
1022,0.0
1023,0.031654627390322966
1024,0.015327792688752158
1025,0.0
1026,0.02381807327409696
1027,0.028056679123183475
1028,0.02381642679688255
1029,0.004808078583562122
1030,0.09564599852926708
1031,0.11386075450996529
1032,0.08615451333787472
1033,0.04819195913836643
1034,0.0875537398983662
1035,0.09749562112898914
1036,0.08826880687130864
1037,0.024070971999304927
1038,0.02035327370632938
1039,0.10796322012334182
1040,0.0036700240127276415
1041,0.03146420748581428
1042,0.0810821470149074
1043,0.02610954888322295
1044,0.0
1045,0.046274350352533196
1046,0.08009755573411087
1047,0.08802569583294825
1048,0.06739827927300461
1049,0.021996495748638333
1050,0.057336856050773426
1051,0.03245105792786167
1052,0.05200166613283128
1053,0.02151373589323903
1054,0.054488453249000854
1055,0.05983629712994859
1056,0.04810105256712245
1057,0.03627752801462692
1058,0.5159062046580358
1059,0.13911076095923913
1060,0.0
1061,0.12345283727241638
1062,0.09540899237795855
1063,0.07290473341076506
1064,0.05220373891219088
1065,0.02858874827476445
1066,0.009865526437031518
1067,0.056878990379023234
1068,0.0
1069,0.0
1070,0.018377222533776272
1071,0.02707431571756467
1072,0.054561102761191575
1073,0.032546605798608456
1074,0.05389048708109807
1075,0.03421014923176827
1076,0.08459966111859556
1077,0.07372240348834494
1078,0.1971182528984415
1079,0.05193862047326793
1080,0.02376648310797883
1081,0.05659554939162295
1082,0.017482495193470164
1083,0.06287372202694104
1084,0.04618725642858778
1085,0.04340679967297766
1086,0.005011824124046787
1087,0.18043669208730606
1088,0.09394312077794167
1089,0.052449653280672436
1090,0.04055818847885275
1091,0.09959392847253232
1092,0.05124045028164558
1093,0.0
1094,0.0023638968987674956
1095,0.10152078639578688
1096,0.0
1097,0.059732809151688084
1098,0.09426007855049025
1099,0.04905991463284313
1100,0.0
1101,0.008066535022887528
1102,0.02625656541755338
1103,0.04620537177051104
1104,0.030837540031194814
1105,0.06857170859361435
1106,0.09679298388714475
1107,0.09857219689735551
1108,0.11554860164129924
1109,0.051605888308706695
1110,0.111603896615396
1111,0.013160337173837782
1112,0.07281240665229828
1113,0.0
1114,0.06428806470556271
1115,0.0
1116,0.025461345714467863
1117,0.09010750572134746
1118,0.0677352141507171
1119,0.017643091384142894
1120,0.049175970952668645
1121,0.0
1122,0.0
1123,0.07561075175167307
1124,0.15001645498527671
1125,0.0511622467159868
1126,0.07062662895579318
1127,0.0
1128,0.048850221694596144
1129,0.028588778105400385
1130,0.010755761808528573
1131,0.030554878749924103
1132,0.038914956475980055
1133,0.058149850149577055
1134,0.10144671658830055
1135,0.2171020838664755
1136,0.0767367779865735
1137,0.10864036026339512
1138,0.047957502372560974
1139,0.0757529601733178
1140,0.07608402832800926
1141,0.09612968625779289
1142,0.04938938149770295
1143,0.03076022994089069
1144,0.031811913932916144
1145,0.1882472158779718
1146,0.03596225289006714
1147,0.10138718054392343
1148,0.05830033711093711
1149,0.08553814154027829
1150,0.0
1151,0.022598933079385777
1152,0.0
1153,0.02696572002006412
1154,0.004949351751127433
1155,0.0815769519895688
1156,0.041286466498877204
1157,0.053848472280210606
1158,0.11396617601343476
1159,0.3379556910668133
1160,0.08298654697690185
1161,0.011378504436206485
1162,0.18108890119352658
1163,0.06366773974814036
1164,0.24761392035013624
1165,0.189079034497976
1166,0.06755875018684467
1167,0.0318410513670184
1168,0.037708008545539455
1169,0.039419804982866465
1170,0.19728067879564537
1171,0.06405078477889109
1172,0.2388520907231243
1173,0.10540443590054013
1174,0.07428815520605164
1175,0.0
1176,0.0
1177,0.0
1178,0.016555184813061057
1179,0.07342974461898732
1180,0.04178017695393214
1181,0.021293476093054455
1182,0.11404693007367885
1183,0.13550427925019723
1184,0.06506705283657216
1185,0.042443678861740476
1186,0.028059437378975424
1187,0.11284746078512037
1188,0.19148768956557152
1189,0.19984476561183104
1190,0.05409067870455884
1191,0.0006776322821389544
1192,0.04107250617958325
1193,0.01944011861383645
1194,0.03804989932040293
1195,0.4486023013071984
1196,0.04605510609411917
1197,0.03745150388047491
1198,0.21644263379776718
1199,0.21491283015157928
1200,0.0
1201,0.00032741120130700855
1202,0.03341676669821231
1203,0.05518467917318899
1204,0.171015261459034
1205,0.12135923927631649
1206,0.054782685414647855
1207,0.06504933039373056
1208,0.18064406299304908
1209,0.18163574891677978
1210,0.14102240561768875
1211,0.23539797209506658
1212,0.3149067471397008
1213,0.07432397566405963
1214,0.0
1215,0.02626012243419759
1216,0.054588895105773784
1217,0.05331478265832814
1218,0.2520930318436932
1219,0.8249101921049223
1220,0.0
1221,0.06508369252098935
1222,0.3205732176619548
1223,0.005310335509954589
1224,0.0008244200983447869
1225,0.24314246877093829
1226,0.0376836191548443
1227,0.015813646705261863
1228,0.012498697613446385
1229,0.08264147413109778
1230,0.016686500590572282
1231,0.021271506246968944
1232,0.0
1233,0.05454084389546193
1234,0.015197774799990566
1235,0.0367671840968663
1236,0.1316831450628595
1237,0.1840131518659895
1238,0.21554415070463806
1239,0.19037607389211614
1240,0.19715672756164615
1241,0.0447603371699916
1242,0.20006159258011855
1243,0.17887042353351443
1244,0.16293839340542146
1245,0.6883378058590921
1246,0.19791929828200433
1247,0.3479733075539576
1248,0.0
1249,0.009336793600858493
1250,0.08630912983823603
1251,0.0
1252,0.04094238929494967
1253,0.00722948779063649
1254,0.007858545922745234
1255,0.08343688778949797
1256,0.00247627692897334
1257,0.0
1258,0.02860409375024637
1259,0.09864372992815303
1260,0.0761319919012247
1261,0.08354317237513609
1262,0.10798744373751999
1263,0.13285851525663991
1264,0.10642680328118591
1265,0.042800071076662664
1266,0.21958091604390856
1267,0.21304648717256874
1268,0.0032027406736385156
1269,0.04531106186752438
1270,0.7447677569613413
1271,0.8638657479002326
1272,0.34256237636190834
1273,0.0
1274,0.03434904145905423
1275,0.015947309600452715
1276,0.03964377040157725
1277,0.20639471852864985
1278,0.07734121163977634
1279,0.026336019803001678
1280,0.12141639664452218
1281,0.0036556008201601145
1282,0.058043174463097924
1283,0.05959914165202063
1284,0.0181842216284939
1285,0.0
1286,0.1382070656730954
1287,0.0
1288,0.01988495485150875
1289,0.07517581177210755
1290,0.10032163209506245
1291,0.06507598623745652
1292,0.03782080566343935
1293,0.07546584104208463
1294,0.04214310410127681
1295,0.044661128410777774
1296,0.13504060301470125
1297,0.07347126329850008
1298,0.1626018651921378
1299,0.6627679884482661
1300,0.9195376994147321
1301,0.3896231994848159
1302,0.009189549776000462
1303,0.0406414272715402
1304,0.06323166542713969
1305,0.023040221260667505
1306,0.06479191938054887
1307,0.15989320936613807
1308,0.044998958483964555
1309,0.06141655671439935
1310,0.012701544513637007
1311,0.019308954669399508
1312,0.08761553225201642
1313,0.19035112515484387
1314,0.09118086824445647
1315,0.24974224924994318
1316,0.07111785827079599
1317,0.12552579732315264
1318,0.1637610277000914
1319,0.0596119967940178
1320,0.08411763813560492
1321,0.12317794755615605
1322,0.012687497726946627
1323,0.0177358727786671
1324,0.03328458179734587
1325,0.12047400396450425
1326,0.11761183463268135
1327,0.03338343393095626
1328,0.03802765673899039
1329,0.018469672271884976
1330,0.774987478034593
1331,0.9672880573191907
1332,0.9725935259885027
1333,0.03972928171176184
1334,0.1877685660630737
1335,0.07056983002924887
1336,0.06771055134644949
1337,0.013130072965138614
1338,0.010902363284327338
1339,0.051821195531999445
1340,0.08417841328224149
1341,0.026304797599929076
1342,0.19890601253590598
1343,0.34432857258424016
1344,0.0576118505968601
1345,0.06424539833994282
1346,0.11226157979295286
1347,0.18499975133387142
1348,0.10012736631804608
1349,0.1709257736026491
1350,0.04626480011243915
1351,0.042829984806622735
1352,0.08325560711755314
1353,0.12552486704767485
1354,0.11152213192180616
1355,0.0
1356,0.34014507265333305
1357,0.3499519107733378
1358,0.09506443198261043
1359,0.061990073537249966
1360,0.0
1361,0.1645862240055707
1362,0.0
1363,0.0435185305951364
1364,0.23145203264810746
1365,0.0
1366,0.05193665540864877
1367,0.014984589158266877
1368,0.021599526119120988
1369,0.005610021737517067
1370,0.03601391559932298
1371,0.013372422406766
1372,0.20218615182511396
1373,0.3625431466833528
1374,0.2285766940388384
1375,0.18710844733678592
1376,0.09821538123329052
1377,0.20933482755526842
1378,0.18415594103525745
1379,0.253105557289599
1380,0.0524574395490081
1381,0.05317990697097325
1382,0.03229208520415977
1383,0.02861141911058815
1384,0.1776112971435916
1385,0.19941444773681413
1386,0.009493445132995047
1387,0.2276899895104529
1388,0.24342299171726633
1389,0.1898671552096742
1390,1.0
1391,0.09276151801973219
1392,0.033173745537546394
1393,0.09494508096424749
1394,0.16394976167911782
1395,0.0
1396,0.04621375661426018
1397,0.18752934266073296
1398,0.05901215661717786
1399,0.05993661886807309
1400,0.0045378814990535195
1401,0.03743862589892005
1402,0.11908933931096981
1403,0.19838194471468618
1404,0.19000876657871243
1405,0.34858089280275256
1406,0.22274664575367198
1407,0.15492956112541614
1408,0.19312640611401566
1409,0.19219321072300052
1410,0.03763114857893998
1411,0.13534129109573415
1412,0.05333986469910077
1413,0.03035922066819765
1414,0.18234785242416873
1415,0.19315649180801503
1416,0.0743269127546871
1417,0.39169456264706287
1418,0.17998712813973883
1419,0.0
1420,0.028430847323383544
1421,0.04968917441105666
1422,0.05707710056352349
1423,0.05633669978126749
1424,0.0
1425,0.009684455982831798
1426,0.0029105914684663097
1427,0.016302530245011368
1428,0.07414921403061506
1429,0.06770216362027702
1430,0.061296952472989046
1431,0.12852089767691102
1432,0.24139267307572504
1433,0.5738584169914379
1434,0.32672852880782594
1435,0.213475490977203
1436,0.3690874954800039
1437,0.07615138637729858
1438,0.011656689682981126
1439,0.009841603196533296
1440,0.08035042925017723
1441,0.09882245644851939
1442,0.22794331677871058
1443,0.09433019402010655
1444,0.0072252022317699045
1445,0.0
1446,0.09477610619389039
1447,0.004723397029260474
1448,0.03192790530214191
1449,0.08046646450865495
1450,0.0
1451,0.018432274126991974
1452,0.0028786061999182297
1453,0.01344973292389748
1454,0.025553807717466737
1455,0.051836739078076184
1456,0.07323801887854618
1457,0.0581378916916799
1458,0.10213656463272366
1459,0.20705545202760595
1460,0.19453538258727807
1461,0.14134007197009915
1462,0.38496981710837735
1463,0.36358436102900005
1464,0.25314456748907516
1465,0.09596741934190312
1466,0.015374029959446107
1467,0.05043189894963895
1468,0.05057533111598624
1469,0.07216779965014437
1470,0.01897344671066058
1471,0.0246262530623171
1472,0.4805823503063327
1473,0.03492023040411698
1474,0.009304632622170388
1475,0.044432676000884005
1476,0.02774953075007403
1477,0.039735615738274645
1478,0.01849000292823098
1479,0.05400488809021071
1480,0.013544574205549954
1481,0.03619378947834246
1482,0.019485354583484667
1483,0.09466651017181191
1484,0.09884035097943658
1485,0.21988229609368487
1486,0.21825470949654865
1487,0.06614534128485043
1488,0.4643641295377175
1489,0.20552555456858507
1490,0.27302401288192907
1491,0.12697480181873502
1492,0.05996327363349604
1493,0.03789181549159138
1494,0.07414505445784157
1495,0.06581421163810451
1496,0.06280126629321449
1497,0.015423624895203438
1498,0.025112700445928598
1499,0.3425270323967233
1500,0.056770276594019904
1501,0.20158288361425386
1502,0.01656541785798781
1503,0.05098988531320638
1504,0.04897230144992419
1505,0.09459106067896476
1506,0.15471681032669454
1507,0.03823415827887122
1508,0.03494971742343766
1509,0.19187912966300216
1510,0.3529259141833627
1511,0.2141032036039563
1512,0.17997738670008795
1513,0.039170352291384485
1514,0.2447837833214053
1515,0.1860566580146724
1516,0.01117205041383778
1517,0.0
1518,0.02715143742174349
1519,0.0
1520,0.08672920804167761
1521,0.07608842186676092
1522,0.024968114371319187
1523,0.21026587379893377
1524,0.02594392130880418
1525,0.04352351202675096
1526,0.14081230527848868
1527,0.035372280037357054
1528,0.018497594638621134
1529,0.1051842850616461
1530,0.09272288373771954
1531,0.04237917171302562
1532,0.052508308056364805
1533,0.20167091249832003
1534,0.0617653905938952
1535,0.08142730956347949
1536,0.006966852546854104
1537,0.06760193012242897
1538,0.04127809516928567
1539,0.0016898611387992089
1540,0.0318140227625961
1541,0.028693366528659996
1542,0.04007979118448095
1543,0.029036519458841902
1544,0.1084357595705217
1545,0.005962610782063593
1546,0.0025928248500340437
1547,0.05172293087435942
1548,0.02315350725944724
1549,0.026314469728019353
1550,0.1333026310197815
1551,0.006704261286500131
1552,0.031409424376554966
1553,0.0
1554,0.020544479137156763
1555,0.1700161155922731
1556,0.2500750759142534
1557,0.20394831236512906
1558,0.011036211602242194
1559,0.0
1560,0.023860075557162873
1561,0.018557504404213384
1562,0.0716316024274931
1563,0.07901311149397736
1564,0.0
1565,4.196837297582788e-05
1566,0.009377277052473904
1567,0.05078860864114262
1568,0.0
1569,0.0901215181502447
1570,0.06651715752548176
1571,0.1733394584572346
1572,0.01619255160734772
1573,0.011887266150429001
1574,0.020806997227299808
1575,0.025829513422860394
1576,0.09548508779341403
1577,0.18037614823967404
1578,0.024767602628417637
1579,0.03961147322641132
1580,0.0
1581,0.07515310709436009
1582,0.0
1583,0.0048278182548648265
1584,0.056679468643331586
1585,0.1388209134073196
1586,0.06272984302045594
1587,0.03106258566331552
1588,0.0
1589,0.1936232210080799
1590,0.0
1591,0.026335224108678994
1592,0.03303667199800818
1593,0.1196868037562712
1594,0.05496139081336193
1595,0.050201105826007904
1596,0.011106435926181003
1597,0.029450141426660074
1598,0.08734732448541015
1599,0.21224287911462345
1600,0.006838444669220322
1601,0.034899080111574866
1602,0.0645407643088479
1603,0.01969567591344721
1604,0.04904013375961135
1605,0.11197599828902274
1606,0.027068159239076295
1607,0.11617839039416865
1608,0.054322845377138114
1609,0.03582213698080175
1610,0.0
1611,0.05360647188896048
1612,0.04226667284740992
1613,0.1857103120980555
1614,0.0
1615,0.0
1616,0.05107450953514374
1617,0.013149964941177194
1618,0.1147315770350512
1619,0.052572511972916326
1620,0.007368826064848016
1621,0.0
1622,0.19868435142529337
1623,0.41938582736386765
1624,0.11391900116358739
1625,0.030749884855250157
1626,0.064232585019625
1627,0.05229845980572744
1628,0.023095307531529025
1629,0.08413684616710637
1630,0.09044161704299343
1631,0.081774067351792
1632,0.4427715343590739
1633,0.04058352757773668
1634,0.007483118175807623
1635,0.0754885030513345
1636,0.08486884201337618
1637,0.03918775353471802
1638,0.12259459463763832
1639,0.3951438196272776
1640,0.05626774260351589
1641,0.08562570530018065
1642,0.0
1643,0.0
1644,0.00891122599477855
1645,0.046941488658116495
1646,0.07614400079599376
1647,0.038440627737955355
1648,0.005506164540681869
1649,0.054860731789017306
1650,0.016083013431075308
1651,0.0
1652,0.02613984814736864
1653,0.0
1654,0.003957783222869831
1655,0.05000590530161002
1656,0.012262426177911078
1657,0.01450364066398866
1658,0.04711758238973588
1659,0.06356329656016253
1660,0.13518786942536815
1661,0.0
1662,0.026368491571938185
1663,0.34469968020197317
1664,0.021511743081097268
1665,0.07802499814447286
1666,0.046482787956460776
1667,0.058239027131229
1668,0.04936054976873724
1669,0.0
1670,0.0195464201326551
1671,0.18040274063451886
1672,0.035755002066817566
1673,0.0
1674,0.0744714952100935
1675,0.10202164377780519
1676,0.03236293870690035
1677,0.0018395460730523533
1678,0.175327691574277
1679,0.045770720582054156
1680,0.013631488214073832
1681,0.02993052336994437
1682,0.2110404084502368
1683,0.0
1684,0.0
1685,0.006273941074108853
1686,0.010228933209586863
1687,0.06924949358000138
1688,0.004852336926621895
1689,0.0391592232529338
1690,0.16245555547653426
1691,0.03890675426865727
1692,0.0
1693,0.01109266525896562
1694,0.01971493394347182
1695,0.06523180909266907
1696,0.07924179086118105
1697,0.07388931479805831
1698,0.05194777771716192
1699,0.03512024672932851
1700,0.0
1701,0.0760909237024237
1702,0.01090077196676389
1703,0.05142252637530723
1704,0.17949724277941023
1705,0.09390714993637019
1706,0.0
1707,0.031438463554066216
1708,0.009102416158900253
1709,0.018956917273803865
1710,0.0
1711,0.013668418633829803
1712,0.006378584320620313
1713,0.0
1714,0.0
1715,0.0
1716,0.0006617677742770758
1717,0.03767693997299182
1718,0.11414122973710752
1719,0.0
1720,0.0
1721,0.12029760319219507
1722,0.0
1723,0.10109312042577502
1724,0.017223807078352332
1725,0.020097532719084342
1726,0.00913980771847393
1727,0.04522536445610311
1728,0.0007302290688554319
1729,0.0
1730,0.0
1731,0.0
1732,0.0
1733,0.03149709640383714
1734,0.020523926368947856
1735,0.022973113230635507
1736,0.0009666705731734447
1737,0.0
1738,0.0
1739,0.0
1740,0.010669250677842013
1741,0.08241000083049942
1742,0.03589862170644525
1743,0.07555021564479467
1744,0.0
1745,0.0
1746,0.04487516894826613
1747,0.0
1748,0.029739627442236287
1749,0.011088653005999358
1750,0.03436301977608201
1751,0.0059650980971461265
1752,0.0
1753,0.0
1754,0.03480258500919228
1755,0.0580780591411923
1756,0.0326469733106876
1757,0.023398566027801652
1758,0.0
1759,0.1301821460978153
1760,0.013205785539570962
1761,0.0037366934196286566
1762,0.007010666984061032
1763,0.0013714475923646374
1764,0.05785249622118831
1765,0.1410331933308798
1766,0.030201436958330066
1767,0.048660781252200164
1768,0.024188084717580802
1769,0.019619132116110962
1770,0.031070274259274944
1771,0.006167840088471611
1772,0.006090923342069588
1773,0.01065648871470334
1774,0.010550730904839762
1775,0.0
1776,0.010226937455150867
1777,0.008087234220122376
1778,0.0
1779,0.008531733166201504
1780,0.013335415248365436
1781,0.03027937303533111
1782,0.0
1783,0.18258333984444877
1784,0.024357385454477222
1785,0.022244370086741964
1786,0.04757427650497079
1787,0.0
1788,0.00802649933115955
1789,0.045746197451760215
1790,0.04463205656265667
1791,0.01253808391074682
1792,0.014314856810814425
1793,0.02641047221942416
1794,0.0
1795,0.04013405011145441
1796,0.0
1797,0.09530044231769029
1798,0.0
1799,0.0
1800,0.07950949364986608
1801,0.0
1802,0.0
1803,0.0
1804,0.0
1805,0.0
1806,0.0
1807,0.0
1808,0.04499908178385157
1809,0.003945112056807959
1810,0.0
1811,0.15657967477749682
1812,0.09279827955498411
1813,0.0
1814,0.08172246221396828
1815,0.0001651036311550931
1816,0.1934454035803374
1817,0.04908045375928325
1818,0.2269974946031137
1819,0.09977636344486684
1820,0.14310790306064206
1821,0.0345253362867667
1822,0.08689409154028545
1823,0.0
1824,0.01474563533011058
1825,0.010370578113903047
1826,0.07753887765510564
1827,0.08364798849255263
1828,0.3457479030532016
1829,0.1840093112191536
1830,0.0
1831,0.0819425238671901
1832,0.017524048593578714
1833,0.0
1834,0.0
1835,0.0388116640580567
1836,0.011751507879866153
1837,0.07470584037561127
1838,0.01909254014204509
1839,0.007047473069789813
1840,0.14002228502148853
1841,0.3398023370191199
1842,0.1893290100073127
1843,0.34272606089846536
1844,0.03207071292945073
1845,0.0
1846,0.22457419914884713
1847,0.0
1848,0.0
1849,0.049626707865493946
1850,0.10482885835783737
1851,0.07247193466479485
1852,0.344991543517082
1853,0.09046243296305698
1854,0.1047888730448593
1855,0.4578485851242926
1856,0.06812129438754969
1857,0.35497523337889947
1858,0.001993590704957388
1859,0.053840639776335825
1860,0.21377037710023633
1861,0.025111965546717577
1862,0.02281248574357271
1863,0.05253946564147039
1864,0.006847040286398785
1865,0.0
1866,0.09395416685161212
1867,0.14299894457598872
1868,0.0
1869,0.16841779689495612
1870,0.22257959360498408
1871,0.03542760826393299
1872,0.030955864577206664
1873,0.04281358194496728
1874,0.13127683350019598
1875,0.04296157714461861
1876,0.0251050993413871
1877,0.10033002565698299
1878,0.018595092065818126
1879,0.11161545661175776
1880,0.027957376871141772
1881,0.21707258903552187
1882,0.0
1883,0.0
1884,0.010855439469440896
1885,0.1550967946810823
1886,0.167887254365219
1887,0.04302863907670587
1888,0.12441435141738963
1889,0.19720250241555445
1890,0.0
1891,0.08699578098144305
1892,0.0063788064367409905
1893,0.00070083728774552
1894,0.010177101074372556
1895,0.048388036639687076
1896,0.0
1897,0.08287670172768365
1898,0.10239216365539494
1899,0.15050331354671548
1900,0.2051198610030447
1901,0.028734804540210983
1902,0.010048341094349897
1903,0.0
1904,0.0
1905,0.0
1906,0.15533334454532366
1907,0.0023896786161609006
1908,0.06837380000499728
1909,0.01908827693269061
1910,0.0
1911,0.06317906508925754
1912,0.3385791129245633
1913,0.0
1914,0.01914322291611365
1915,0.0013722876669618534
1916,0.031593351097877045
1917,0.04936255056241474
1918,0.02438272512098465
1919,0.1203026793821809
1920,0.16768262037888493
1921,0.11365774181489562
1922,0.10823419121349866
1923,0.053550248078175815
1924,0.0
1925,0.01878935604757344
1926,0.047306942093477036
1927,0.039189943099171724
1928,0.006488897349034536
1929,0.050392127602569024
1930,0.023657432235387237
1931,0.0
1932,0.023294264476289062
1933,0.019193353368342683
1934,0.018226242827796387
1935,0.019389095220215792
1936,0.018757345636685036
1937,0.03155790684399569
1938,0.01014293281852866
1939,0.09616211961535992
1940,0.06654495190159074
1941,0.20010830963945675
1942,0.05481734305137448
1943,0.0710249620972358
1944,0.08319136422736054
1945,0.09913004879619366
1946,0.05404882299473548
1947,0.0044339880732200245
1948,0.10012294213896761
1949,0.0076488630456027756
1950,0.015939531785471132
1951,0.1333762233382194
1952,0.03792277197353198
1953,0.01620263912584103
1954,0.03557639198656373
1955,0.04387948432130223
1956,0.07611919642496956
1957,0.16927504113710473
1958,0.0514072845984282
1959,0.08507151305417736
1960,0.06724162845442845
1961,0.049190911903801815
1962,0.0016661683560531967
1963,0.06487908133065744
1964,0.08823620657838889
1965,0.020596932664343832
1966,0.02720197886103173
1967,0.42420833363292365
1968,0.065240353192952
1969,0.03178723384075592
1970,0.10699342668067316
1971,0.05254315495618519
1972,0.03705987917306984
1973,0.026493572975844377
1974,0.00838224685586075
1975,0.0
1976,0.04523834805765188
1977,0.0
1978,0.03457396551177607
1979,0.010049669015336354
1980,0.04163524650651755
1981,0.06183447154327347
1982,0.03521841784436123
1983,0.03279895812123029
1984,0.07796297705560333
1985,0.02712073426195523
1986,0.1944459175902291
1987,0.016493296800205153
1988,0.0019946326147675143
1989,0.028405257331213248
1990,0.039968087236285886
1991,0.001021402194008354
1992,0.01955432927037347
1993,0.05747012865080182
1994,0.006723776013767226
1995,0.11164760730765394
1996,0.018574549908728918
1997,0.07061273571107855
1998,0.026926732628356653
1999,0.07559908989773602
2000,0.06249231034814284
2001,0.03025343695681295
2002,0.029692093208881918
2003,0.13812846854415367
2004,0.0
2005,0.07950617297140795
2006,0.07976177990445543
2007,0.0
2008,0.0355762925835154
2009,0.025849450115273672
2010,0.05841545521937434
2011,0.08365969864529155
2012,0.14904064267245334
2013,0.07691427794460212
2014,0.1800398647244805
2015,0.0727889388511117
2016,0.09787088517367662
2017,0.01602500846412889
2018,0.05086142688557045
2019,0.0
2020,0.04842652632655712
2021,0.024470053278449307
2022,0.06476005638878365
2023,0.0520100364365984
2024,0.048428336959033265
2025,0.05471323631150372
2026,0.005299207225217925
2027,0.022868018963769846
2028,0.05831774192998544
2029,0.17264502477859264
2030,0.022931651511240533
2031,0.054597676595290585
2032,0.0
2033,0.07435018322553996
2034,0.031888663561220026
2035,0.023804902245444823
2036,0.030752288634627964
2037,0.015899743582275302
2038,0.08049541746757297
2039,0.07321490064832191
2040,0.21499137360042211
2041,0.09521921906397496
2042,0.0985874292712194
2043,0.05219273349579114
2044,0.07606660560805543
2045,0.05173108692240001
2046,0.09803986340870673
2047,0.06137021274268278
2048,0.0
2049,0.017992115103044028
2050,0.2158463319090129
2051,0.026774990016315652
2052,0.11523254937735879
2053,0.06323036231800307
2054,0.0734203924585649
2055,0.012885294197138332
2056,0.056030106522520336
2057,0.03619341691850855
2058,0.017800460860477544
2059,0.10635328396234982
2060,0.042556361423182955
2061,0.06319985234368877
2062,0.10221021704762137
2063,0.334504272841467
2064,0.04924622330525274
2065,0.009238196819576171
2066,0.15033780286852422
2067,0.03569404644607262
2068,0.24165713949196577
2069,0.17794323470241774
2070,0.08662809411321643
2071,0.053420743624760104
2072,0.0
2073,0.07172384861543675
2074,0.15269074379499847
2075,0.08986826118229194
2076,0.2173287458572895
2077,0.12088214597101853
2078,0.11264597152623256
2079,0.0
2080,0.01440245115802858
2081,0.022363394164599874
2082,0.038530076861038286
2083,0.05236528860127029
2084,0.001847192833729831
2085,0.10401773700150864
2086,0.16248772879361806
2087,0.06222364771134818
2088,0.08792863336095075
2089,0.028094772684390767
2090,0.15008649951101882
2091,0.16808907646288895
2092,0.20372765119313477
2093,0.08262356394837664
2094,0.0
2095,0.0342075979702237
2096,0.015016961810445515
2097,0.008388687671217615
2098,0.397639132293501
2099,0.022129680410883118
2100,0.029116519188893804
2101,0.19815210636396668
2102,0.19336172015530523
2103,0.019671326550184567
2104,0.0
2105,0.01603636679600453
2106,0.04714007153512605
2107,0.040369207497506325
2108,0.13604658721338073
2109,0.09613466770690739
2110,0.04620693925859195
2111,0.10140898270533412
2112,0.18286617886835652
2113,0.12546857231938668
2114,0.1495265117630368
2115,0.21695175679117504
2116,0.2847078841107123
2117,0.09052262853239268
2118,0.03831332181833482
2119,0.05822741173515009
2120,0.056354740526400035
2121,0.2123752232635865
2122,0.8779277272670192
2123,0.0
2124,0.0
2125,0.034455192485781314
2126,0.3052892531055306
2127,0.0014548922709821444
2128,0.19820972856145902
2129,0.0129042146660184
2130,0.014843822347019918
2131,0.06738891868366499
2132,0.005736755977218731
2133,0.011398751787998478
2134,0.09584991845963448
2135,0.01583906532134051
2136,0.05193725525995978
2137,0.1897657448415798
2138,0.17186702401993992
2139,0.2093852842411618
2140,0.19796451751046473
2141,0.1796383318862202
2142,0.020035579616655145
2143,0.18120145845513103
2144,0.10557745417757257
2145,0.13177981198066005
2146,0.6857104341824167
2147,0.241780272389743
2148,0.2926279749600493
2149,0.0
2150,0.009528753421592241
2151,0.09311376992119094
2152,0.0
2153,0.00022805091905480105
2154,0.002304896004316309
2155,0.00020589817720209112
2156,0.015625736023104866
2157,0.08274376167959473
2158,0.00826119617254609
2159,0.0
2160,0.0
2161,0.022611880861746557
2162,0.08766547709839975
2163,0.09730968169080162
2164,0.09408554243354861
2165,0.08493085858913026
2166,0.17657947166053026
2167,0.09173415551965006
2168,0.040128349942796154
2169,0.2320852460271837
2170,0.20447952505049768
2171,0.004664528308642548
2172,0.041967489711346284
2173,0.6929325608772515
2174,0.869556620736422
2175,0.3385214550183047
2176,0.0
2177,0.007550769513203212
2178,0.006874387718831695
2179,0.047960974914140475
2180,0.20466644598701417
2181,0.07765060748277115
2182,0.00022347773900042333
2183,0.003122027524963702
2184,0.07571751401211674
2185,0.04957964239263488
2186,0.056581145114358314
2187,0.0006415420565076909
2188,0.06064530245643817
2189,0.0
2190,0.0048132175158230065
2191,0.08872872622934225
2192,0.1193780787312561
2193,0.08403501250439126
2194,0.023221317031010828
2195,0.0740303960547073
2196,0.0646776302790522
2197,0.030297771149324738
2198,0.09536879054032303
2199,0.07247300003604389
2200,0.1243899578316369
2201,0.6751563056102758
2202,0.8601799619477561
2203,0.41371328913234684
2204,0.028412315774014256
2205,0.027245722850174764
2206,0.04832231731820257
2207,0.0
2208,0.08372593725318803
2209,0.08432759160507268
2210,0.20516886781379723
2211,0.054711859506567664
2212,0.030824082937664168
2213,0.010730026996523956
2214,0.0144241893725052
2215,0.10305403154463601
2216,0.18199326006515104
2217,0.26143001486953804
2218,0.2921454932047651
2219,0.0701312300441445
2220,0.05074296497251368
2221,0.1364267981040429
2222,0.04056750070215204
2223,0.07460354837004889
2224,0.11319178802061117
2225,0.015856929283979134
2226,0.025539542014677
2227,0.0
2228,0.09553248080743106
2229,0.11133844963291807
2230,0.07567611565486197
2231,0.0
2232,0.0
2233,0.7750124778875692
2234,0.9764653605487401
2235,0.9893425974243678
2236,0.0
2237,0.0018125271793458285
2238,0.06708518512675991
2239,0.16547314894424464
2240,0.004573756549402419
2241,0.0
2242,0.04364161620333078
2243,0.02490931708963506
2244,0.029799920624357636
2245,0.07223932276355646
2246,0.02238226157975567
2247,0.1908361773778153
2248,0.3842898153834278
2249,0.03022044225903807
2250,0.14488680679060678
2251,0.08329214162056324
2252,0.15206839900646174
2253,0.12256794525655464
2254,0.14548223808262203
2255,0.08454654907074165
2256,0.047175465003684844
2257,0.11288457765776262
2258,0.11414663108593665
2259,0.06518511823821695
2260,0.030585297361116048
2261,0.002187894256276764
2262,0.35197582444139996
2263,0.3329193623563001
2264,0.18883583839578288
2265,0.07307556338304536
2266,0.0
2267,0.1357699333679504
2268,0.0
2269,0.05844624413436675
2270,0.16488154450633988
2271,0.0
2272,0.04164444011315036
2273,0.042661376220166525
2274,0.02808959201182588
2275,0.025630860099387604
2276,0.03939554571010054
2277,0.014509223425996804
2278,0.18038814750575494
2279,0.3543237129175501
2280,0.17864355696508086
2281,0.18776232994258574
2282,0.0801021560545462
2283,0.18993553242821704
2284,0.15532357023125104
2285,0.325263188788996
2286,0.04091166316694356
2287,0.08090156184900368
2288,0.030248176050156002
2289,0.0639368324987228
2290,0.14365013231317836
2291,0.17884010486207996
2292,0.06498792115467422
2293,0.24283009316775545
2294,0.3167994810161131
2295,0.19181119100755453
2296,1.0
2297,0.08101121104201361
2298,0.019366102012748163
2299,0.09364105607419064
2300,0.1249037926597645
2301,0.012843615412000284
2302,0.22315607837507984
2303,0.08014250200211034
2304,0.0257770043659559
2305,0.015981254537664857
2306,0.05053932046541759
2307,0.10492044044413423
2308,0.23905374873729893
2309,0.2657015877067253
2310,0.35351597543524205
2311,0.2633047061903361
2312,0.15446842412344666
2313,0.12873420285575157
2314,0.19441644436394434
2315,0.01985051875491104
2316,0.11954050967998492
2317,0.04450742914999388
2318,0.035457662152466
2319,0.17495550784618816
2320,0.19068387041609483
2321,0.09010197440293558
2322,0.3965802577872659
2323,0.1894525055976693
2324,0.03289007567059249
2325,0.07294336012040718
2326,0.07107091912501964
2327,0.06277570083282875
2328,0.0
2329,0.009884274237776677
2330,0.004701446573093727
2331,0.013302670067220362
2332,0.06490204992193975
2333,0.05947690286687586
2334,0.06071642294519397
2335,0.16340264706691326
2336,0.23712899005576477
2337,0.5308169688546392
2338,0.31563514134433684
2339,0.20055859145376959
2340,0.37479913212431365
2341,0.07300511298795219
2342,0.06510675581492296
2343,0.12133186078435079
2344,0.08382181812604927
2345,0.23872948171421532
2346,0.10154091040851342
2347,0.0245251265135895
2348,0.0
2349,0.01738620353839163
2350,0.1355538961472751
2351,0.0446299548751838
2352,0.11252557901703554
2353,0.0
2354,0.020223724943670595
2355,0.024298177626526876
2356,0.04926723532669909
2357,0.0044767906082823095
2358,0.029023672815212488
2359,0.05828540592192287
2360,0.060884496857031706
2361,0.08053310123150684
2362,0.21399222240725224
2363,0.21236935288624414
2364,0.1656950729452091
2365,0.3651541889998534
2366,0.4017592002020537
2367,0.21946024852276336
2368,0.06987026212624797
2369,0.05763499379790803
2370,0.02684156734475369
2371,0.06093820750418914
2372,0.08907595493425245
2373,0.0
2374,0.0
2375,0.052489821596179376
2376,0.4826066723726848
2377,0.007239718416499613
2378,0.0032180168800787024
2379,0.030038571144748755
2380,0.009641141340871172
2381,0.040387169527422294
2382,0.018095622536200652
2383,0.033159641616235115
2384,0.024087334268071612
2385,0.012598776015371151
2386,0.02391906553501664
2387,0.04082787196080933
2388,0.07439914401419066
2389,0.14324223894126728
2390,0.2019733299308707
2391,0.24600804895577524
2392,0.07125243914545104
2393,0.5168057203842413
2394,0.2582287148491921
2395,0.24315683765233254
2396,0.1378716845806536
2397,0.04878668406914533
2398,0.026153456713403432
2399,0.04372500084632749
2400,0.012412095988118174
2401,0.039509238059627395
2402,0.3753280335035389
2403,0.07069367020422182
2404,0.1873690949465356
2405,0.05152658260709747
2406,0.08874914316261524
2407,0.04057694586159838
2408,0.06645646384946959
2409,0.1457927972262764
2410,0.026293844873714962
2411,0.0425812126134669
2412,0.08615313622704694
2413,0.1616101871339799
2414,0.4127127599249967
2415,0.21027061988530205
2416,0.20247199912191371
2417,0.03131031113950639
2418,0.2330444763786832
2419,0.16519179183770433
2420,0.007118881774809536
2421,0.04179761828692785
2422,0.0
2423,0.005452039334228276
2424,0.0
2425,0.030848528856830842
2426,0.0
2427,0.16633120317582376
2428,0.1194342293594948
2429,0.047974957090295985
2430,0.19044547555412514
2431,0.0
2432,0.027100637961551516
2433,0.20898698982944394
2434,0.011308876024906775
2435,0.005255954774208036
2436,0.0
2437,0.0986268372519957
2438,0.10046692705544558
2439,0.027861963411906544
2440,0.061378113072811484
2441,0.19644734936483008
2442,0.05009368806869554
2443,0.04348616328602966
2444,0.031323626687076236
2445,0.0685777145164229
2446,0.0017560173168141007
2447,0.11131432459147589
2448,0.11218449329343969
2449,0.028275913517171243
2450,0.007387141896894965
2451,0.0
2452,0.06362883533100076
2453,0.0037019651385007783
2454,0.0
2455,0.02709675774616747
2456,0.0
2457,0.01754364193992222
2458,0.014344095347567318
2459,0.14528884768540032
2460,0.03616996672555029
2461,0.0280230918694814
2462,0.0001397019818251292
2463,0.035723323048567394
2464,0.20952568915450717
2465,0.2901959846210718
2466,0.242169203958806
2467,0.0
2468,0.05030281389907666
2469,0.0
2470,0.026594443312180912
2471,0.10527521665029373
2472,0.0
2473,0.009475814842802488
2474,0.0
2475,0.019891461859826532
2476,0.037021434542215445
2477,0.0
2478,0.002544588582470889
2479,0.06170858524347371
2480,0.06410810778289137
2481,0.1571615715881701
2482,0.01559598088392074
2483,0.0245618151042246
2484,0.04506010656429725
2485,0.11106680431408539
2486,0.17374446146600434
2487,0.025146508756739492
2488,0.0023836191243913913
2489,0.0657038145621652
2490,0.024370944535269577
2491,0.04704611569693808
2492,0.08142268340195072
2493,0.09790449926206861
2494,0.01773978445843477
2495,0.0
2496,0.0
2497,0.3191995437640133
2498,0.0034908250217970008
2499,0.030712263923119657
2500,0.03066628734406464
2501,0.10022672667510588
2502,0.03983109151365522
2503,0.043338175908715935
2504,0.023106753742512837
2505,0.00994023918011811
2506,0.06983770248654125
2507,0.14734429695410162
2508,0.019380356599268726
2509,0.01073810487841112
2510,0.02241937798696492
2511,0.0472272457050786
2512,0.025623369406928543
2513,0.16617222821491684
2514,0.06896571821832455
2515,0.22884649878628383
2516,0.06079795296950782
2517,0.04653492625097975
2518,0.05248885935468078
2519,0.039066573582477025
2520,0.03942132287802643
2521,0.13580447070449944
2522,0.0
2523,0.0
2524,0.022701932388647268
2525,0.024196955959416244
2526,0.09462840010345186
2527,0.07453222978088887
2528,0.0
2529,0.2021208639716154
2530,0.40692364709697193
2531,0.0777876692472463
2532,0.022897302558214105
2533,0.0006739973332965998
2534,0.0895153965073056
2535,0.060311674038635146
2536,0.03229782094055105
2537,0.05797302572929216
2538,0.0853088302569941
2539,0.010087865235740838
2540,0.7008554474790439
2541,0.06726002462324909
2542,0.0
2543,0.0672625818895981
2544,0.06134942486227014
2545,0.0010842730074209165
2546,0.03855090822282076
2547,0.17685768854176212
2548,0.4130756946304985
2549,0.10361435294674326
2550,0.15499097333209755
2551,0.0
2552,0.011886013998108505
2553,0.04781887821709159
2554,0.04897189591828814
2555,0.030808108968705377
2556,0.0
2557,0.0
2558,0.041645601320855825
2559,0.007306647824160671
2560,0.027068977645137625
2561,0.030440699348268953
2562,0.054650060039328104
2563,0.029679379865207543
2564,0.021635173049738533
2565,0.0
2566,0.01825412286228607
2567,0.0716876313723067
2568,0.1418679344291157
2569,0.022260195393360004
2570,0.04072669152552319
2571,0.3838768022266368
2572,0.049511215095037406
2573,0.049512944496902404
2574,0.006740937867504983
2575,0.011634628865701435
2576,0.06613583038175049
2577,0.04064278255604492
2578,0.007886590783126871
2579,0.02222183571259494
2580,0.15996734316640063
2581,0.042596776066266266
2582,0.0
2583,0.030992555981784728
2584,0.07511641269279802
2585,0.0
2586,0.0
2587,0.10973263457154546
2588,0.02570502227686878
2589,0.0
2590,0.06487897042672934
2591,0.21207091928074867
2592,0.0035352772857653683
2593,0.0
2594,0.0
2595,0.012529913797084008
2596,0.04282693061210348
2597,0.004374105879537477
2598,0.020326236929524334
2599,0.07895567087023578
2600,0.03428896628227529
2601,0.0
2602,0.08899758659626272
2603,0.14296257393367437
2604,0.06264046047102434
2605,0.05822131007381594
2606,0.024707370889970093
2607,0.0648643981121615
2608,0.023695425573786198
2609,0.01881260353917068
2610,0.21543640135102352
2611,0.09955028844486402
2612,0.0
2613,0.04071857913044593
2614,0.005991838351370304
2615,0.011034134442770219
2616,0.011393689147095952
2617,0.01425735439785306
2618,0.03096462189907478
2619,0.0
2620,0.0
2621,0.008297419661309079
2622,0.0
2623,0.024170716597567865
2624,0.04116405428835558
2625,0.06781990545374478
2626,0.0
2627,0.0
2628,0.07514450956068013
2629,0.0
2630,0.1477085299069386
2631,0.018379322912563088
2632,0.020728108003421904
2633,0.022890729654721623
2634,0.01499722089973046
2635,0.028054901514149577
2636,0.0
2637,0.0
2638,0.018496607505219625
2639,0.0
2640,0.0
2641,0.059940388963795645
2642,0.006820745571406812
2643,0.026593444730724617
2644,0.0
2645,0.020544334088901193
2646,0.0
2647,0.0038851012196329405
2648,0.004902592707089614
2649,0.08673529295421832
2650,0.04089487030932989
2651,0.06214849296032099
2652,0.002402186877736561
2653,0.0
2654,0.03072501972104632
2655,0.041222732680899765
2656,0.010851939408453103
2657,0.0
2658,0.01813402983349031
2659,0.04105156956433113
2660,0.0160118668954892
2661,0.0
2662,0.0
2663,0.08594082468980974
2664,0.029539956251758367
2665,0.0001280699474570947
2666,0.027079790977248948
2667,0.008974312047969425
2668,0.06823252336666118
2669,0.0866942671823012
2670,0.042612241983738204
2671,0.02960172834094629
2672,0.02812565177476232
2673,0.03016726875267618
2674,0.011226327645265214
2675,0.01839830741879644
2676,0.0
2677,0.012275184029981227
2678,0.0
2679,0.02041954884601198
2680,0.0
2681,0.020107302788472264
2682,0.0
2683,0.010437771769396949
2684,0.0
2685,0.11135188133477233
2686,0.0
2687,0.03533345082592323
2688,0.019492092999613988
2689,0.014185064970472607
2690,0.008053984709520921
2691,0.0
2692,0.0
2693,0.008538194374238004
2694,0.01674853127426801
2695,0.03898680105203191
2696,0.03210012109732512
2697,0.04448437043035685
2698,0.0803556695006474
2699,0.0
2700,0.0
2701,0.008369296701877615
2702,0.09446291635619426
2703,0.020581465662505988
2704,0.14822173128753469
2705,0.050988449052720375
2706,0.0
2707,0.0
2708,0.028154732240655126
2709,0.21578377198799711
2710,0.14298326243229795
2711,0.0
2712,0.008727007539443872
2713,0.0
2714,0.18866806791809582
2715,0.2272414224998466
2716,0.0
2717,0.08463335078636938
2718,0.0633098144843308
2719,0.04344038675770026
2720,0.0
2721,0.02479874372615155
2722,0.0
2723,0.006800846391093049
2724,0.11399431480353997
2725,0.5641773505532477
2726,0.18074363647224453
2727,0.007902062033985587
2728,0.17201401762432011
2729,0.04317166927995519
2730,0.0
2731,0.0404919193631469
2732,0.022903535647502055
2733,0.03903130652959659
2734,0.02457975116531654
2735,0.0
2736,0.16881316534477792
2737,0.24268593076029857
2738,0.317023217658137
2739,0.4389535678637657
2740,0.0
2741,0.025287227739407524
2742,0.12070683865450998
2743,0.10537523998445149
2744,0.0
2745,0.03791137888020144
2746,0.04082267318069346
2747,0.0843238725588845
2748,0.0
2749,0.2945093265340167
2750,0.053471024040331876
2751,0.17142481661269798
2752,0.367221586952006
2753,0.058136328285636966
2754,0.23118910201181483
2755,0.0
2756,0.0009999677048352657
2757,0.04887136793152392
2758,0.1399178797457275
2759,0.043378370483006995
2760,0.015018466293547243
2761,0.025641300032750947
2762,0.006203743189861124
2763,0.005807311713823945
2764,0.104325488340752
2765,0.07249748412777829
2766,0.0769906190188728
2767,0.03436179626784078
2768,0.06794589345304873
2769,0.31446711884969625
2770,0.004508610446711443
2771,0.0
2772,0.02552596328672215
2773,0.10749643267268837
2774,0.009236932665900461
2775,0.03111179252416374
2776,0.0050328997751813796
2777,0.2583751377408484
2778,0.0
2779,0.19267383377504532
2780,0.03752927437302684
2781,0.0405453949887638
2782,0.0
2783,0.36784529253728415
2784,0.08872329006144368
2785,0.07438373830898792
2786,0.35727081316090414
2787,0.23986350911027118
2788,0.08535610950783906
2789,0.0
2790,0.0
2791,0.016132305372140818
2792,0.0
2793,0.0
2794,0.0
2795,0.03579035747266888
2796,0.0
2797,0.0
2798,0.08602215390242599
2799,0.07116032746897809
2800,0.18712019987432896
2801,0.36498882813802536
2802,0.01327627469081284
2803,0.016024238120046667
2804,0.0
2805,0.0
2806,0.1649228133390369
2807,0.07464741865565047
2808,0.04231109905529065
2809,0.0
2810,0.13399414480619878
2811,0.3510584891993157
2812,0.0
2813,0.00409171643782594
2814,0.0
2815,0.030989626309547266
2816,0.0441121272541548
2817,0.0006322549498032733
2818,0.00124855799953103
2819,0.08400779881598867
2820,0.10984211007738101
2821,0.07782660165068736
2822,0.1616293463660155
2823,0.053279912932720344
2824,0.022806916236936654
2825,0.030339650372741642
2826,0.04417112190220748
2827,0.03631168564653026
2828,0.04420424208175011
2829,0.06438000841450892
2830,0.006057884029266967
2831,0.03951361796238886
2832,0.01581175422993437
2833,0.016334861744721266
2834,0.0427734598548054
2835,0.027075788317224413
2836,0.05394154968042354
2837,0.0
2838,0.10359062506199075
2839,0.06479646945292018
2840,0.17107888456107856
2841,0.08845094626992042
2842,0.03339981263103341
2843,0.04411340819962347
2844,0.15029253419944746
2845,0.07641192549749153
2846,0.03865740258470173
2847,0.0959395724077508
2848,0.0
2849,0.022107743882561034
2850,0.11267581618639762
2851,0.044942706797393706
2852,0.030638223092500007
2853,0.018820541677871172
2854,0.0
2855,0.041232966066871796
2856,0.06013410171588132
2857,0.06361179422059762
2858,0.03905892939433879
2859,0.05394016395122339
2860,0.05437575477549865
2861,0.03171915627246461
2862,0.009079780411872589
2863,0.0547787613722942
2864,0.0578279656189921
2865,0.06417717472789274
2866,0.003491726107964462
2867,0.4316550366296821
2868,0.10603020266230204
2869,0.0
2870,0.15045969185042582
2871,0.08174134202177072
2872,0.06662364820589547
2873,0.018786131295169543
2874,0.08481211795535265
2875,0.0
2876,0.006677999591459944
2877,0.013509564792267174
2878,0.012030765440711437
2879,0.03124667923923933
2880,0.07358112998134747
2881,0.02689571052862045
2882,0.06712733887904557
2883,0.0710890139835013
2884,0.13264500337361437
2885,0.19915168720576024
2886,0.04633102473091016
2887,0.00809449249562728
2888,0.05097138962389697
2889,0.013678526730920184
2890,0.057588395885336076
2891,0.0
2892,0.04296836606681893
2893,0.0071485277784212155
2894,0.02573622251836743
2895,0.11620990167451968
2896,0.08401946002861801
2897,0.13666760332082772
2898,0.019556897772196817
2899,0.020766261391986156
2900,0.08669721975152231
2901,0.03674415363239012
2902,0.008089665438460918
2903,0.1496382530040714
2904,0.0
2905,0.040120710279953196
2906,0.06969736959829587
2907,0.07145621673381296
2908,0.020713850299441054
2909,0.035641345637389625
2910,0.025281389750416862
2911,0.04410241800596651
2912,0.08163802969556667
2913,0.13494531113239672
2914,0.09962540185444918
2915,0.18979261817826085
2916,0.08960722405947903
2917,0.05845432626607831
2918,0.0014165453090902755
2919,0.09562699728194093
2920,0.042362085816833366
2921,0.04162405194356731
2922,0.05821562326888207
2923,0.01592333367882637
2924,0.07481593300583797
2925,0.0
2926,0.04296668974485423
2927,0.10614511043015198
2928,0.030642353453354598
2929,0.010791661270866755
2930,0.02804818068599844
2931,0.039571505911033956
2932,0.0
2933,0.0522335797590256
2934,0.0183493657583782
2935,0.04032456190024887
2936,0.030016334850804655
2937,0.06359097159475811
2938,0.08477836686512275
2939,0.21921270375038013
2940,0.07410972378484931
2941,0.07006816103794718
2942,0.05765030422671097
2943,0.08452837835222587
2944,0.058186783544262814
2945,0.10363745630520195
2946,0.04454179364915016
2947,0.0062718162899049424
2948,0.0046778857365382676
2949,0.04227171749752465
2950,0.21609901303398818
2951,0.07152752883660396
2952,0.10109964788850523
2953,0.07262062190864203
2954,0.07398294338861408
2955,0.0
2956,0.05925240639077769
2957,0.0
2958,0.021566078378380232
2959,0.03346754962162119
2960,0.11320545171485835
2961,0.04955312419259933
2962,0.06074019321469975
2963,0.11435351091238263
2964,0.34097641043677696
2965,0.0651099565341347
2966,0.0023438403011480148
2967,0.11132214366276033
2968,0.060602204869836425
2969,0.2307933104907782
2970,0.20992009460347963
2971,0.08533457705431359
2972,0.0
2973,0.028669573682938744
2974,0.12189443412950642
2975,0.17468421027262654
2976,0.05985140030287612
2977,0.1876580454830158
2978,0.13259503737086062
2979,0.10064950376221
2980,0.01415661326866629
2981,0.0
2982,0.008778099353778301
2983,0.022419097467172362
2984,0.01144424280086925
2985,0.07480543551754568
2986,0.02437426015283651
2987,0.08424951205335332
2988,0.19018970321842235
2989,0.07841322296302641
2990,0.05831056023960086
2991,0.03046913672690655
2992,0.08648742320877895
2993,0.12663336190020127
2994,0.1927384210333989
2995,0.06178007428105042
2996,0.019122944084719984
2997,0.06894905693250727
2998,0.0029772504631254445
2999,0.015912337202513758
3000,0.3465424572653933
3001,0.0
3002,0.0
3003,0.22279825096268352
3004,0.19758803057310664
3005,0.017864102457710477
3006,0.0
3007,0.010840057106042501
3008,0.027813592810379064
3009,0.04346623076739863
3010,0.10359560795041273
3011,0.12107300659970613
3012,0.04080824961397635
3013,0.07239653063113108
3014,0.0772159391762272
3015,0.1756977180280264
3016,0.18320800540611462
3017,0.21563148417407443
3018,0.2984856548143909
3019,0.0947223540302541
3020,0.0
3021,0.0
3022,0.054553561933298286
3023,0.08560910615365902
3024,0.05460672060235328
3025,0.2552249910335819
3026,0.8696093496742625
3027,0.0
3028,0.04401772449494601
3029,0.22709047695731138
3030,0.016919604040479985
3031,0.019444833659940777
3032,0.19040638826847353
3033,0.01965415046540858
3034,0.020668451109605288
3035,0.09805983458612554
3036,0.009089870651652765
3037,0.03236527054271738
3038,0.07376824572134964
3039,0.030680465781312862
3040,0.05977687297525495
3041,0.1722604746603744
3042,0.11165289841378405
3043,0.2269764492902323
3044,0.2259369982737417
3045,0.22533964808037427
3046,0.0
3047,0.06150467245200849
3048,0.1793117137122006
3049,0.13782269426588503
3050,0.5978698834629345
3051,0.3093987821672253
3052,0.25433266775829544
3053,0.0
3054,0.030033913440190307
3055,0.08195241396990302
3056,0.0
3057,0.0
3058,0.01031015643094403
3059,0.002535393209882301
3060,0.0917513913684748
3061,0.0074145006108701506
3062,0.0
3063,0.0
3064,0.05803584395946502
3065,0.05770895033357494
3066,0.09493677569019202
3067,0.06487291611766971
3068,0.10645879156819371
3069,0.1898670954696795
3070,0.07431322997707968
3071,0.006928020451952748
3072,0.11229160601345903
3073,0.1309408326447709
3074,0.012947489069020041
3075,0.05013442371937216
3076,0.6080799747333859
3077,0.9718236977690411
3078,0.3413108497462637
3079,0.002430252259211192
3080,0.05042443766338992
3081,0.028011294271805483
3082,0.2119548061450201
3083,0.05089536570332207
3084,0.06161450885951299
3085,0.011274356540699611
3086,0.08349091538206373
3087,0.04409906416595726
3088,0.05151685997029308
3089,0.0
3090,0.07298775850193194
3091,0.0
3092,0.018144550369953074
3093,0.09990207626368561
3094,0.07837804829249041
3095,0.04593470390890199
3096,0.05109030988130394
3097,0.08594344483153833
3098,0.024141258146179626
3099,0.03605612506541719
3100,0.09563635446830274
3101,0.07090637922052638
3102,0.08299686619971369
3103,0.6532243528148542
3104,0.8737570808383349
3105,0.4157836675289478
3106,0.0
3107,0.0
3108,0.0
3109,0.031188802266264394
3110,0.08030548713737048
3111,0.21521110903025797
3112,0.01445165453024115
3113,0.05193095008751717
3114,0.029759620855527656
3115,0.054607796723671255
3116,0.1356667140977103
3117,0.18728370809805076
3118,0.25642156889708656
3119,0.22720871395113917
3120,0.17615464295442101
3121,0.08411803007005166
3122,0.12423197369739365
3123,0.0694143529755572
3124,0.06247370471749842
3125,0.11987340674415094
3126,0.031135355577400034
3127,0.015250062416967358
3128,0.12110527073597618
3129,0.09945094378871583
3130,0.07962057005784169
3131,0.0390875620230093
3132,0.8934960212784028
3133,0.9932010919691732
3134,1.0
3135,0.016085493643583818
3136,0.0
3137,0.11333759464615453
3138,0.0
3139,0.14484611193129632
3140,0.054325112747326286
3141,0.043384422858180414
3142,0.022287388669124938
3143,0.012858313344933427
3144,0.08236710666119977
3145,0.01880716961567028
3146,0.2288530356122512
3147,0.5000840467588359
3148,0.06608777177350182
3149,0.10510921053854945
3150,0.08362097570632028
3151,0.15535640268186862
3152,0.08315418677754548
3153,0.04691421010070463
3154,0.09179145601479234
3155,0.012183596173474611
3156,0.1082116688583568
3157,0.09055692399227382
3158,0.08072812411511382
3159,0.05772751295110568
3160,0.3536387457282719
3161,0.4173373695887369
3162,0.189055367497059
3163,0.05224964859147103
3164,0.008211099347267934
3165,0.12329543417270393
3166,0.0
3167,0.05064945564165032
3168,0.17862802862948152
3169,0.010797341404541494
3170,0.02632857332977823
3171,0.044194648924237676
3172,0.023919271813856086
3173,0.019888269727849822
3174,0.04484483934595792
3175,0.0489350286231096
3176,0.1889419184542293
3177,0.39747076959182964
3178,0.1879924195572158
3179,0.19922063204353962
3180,0.11350129801811765
3181,0.1735556085059312
3182,0.13884410397182267
3183,0.33163936093110435
3184,0.07924517946717308
3185,0.03255566085796296
3186,0.005795608671707407
3187,0.02534361529138732
3188,0.13773572655658162
3189,0.16848986742104885
3190,0.08133077946240774
3191,0.24246770125932293
3192,0.33194126636479776
3193,0.18746824203163562
3194,1.0
3195,0.08098720387650758
3196,0.025517524976064077
3197,0.032772320159964945
3198,0.1638514841678485
3199,0.04169121733887169
3200,0.0385119850071947
3201,0.1644331232332537
3202,0.11558589068781458
3203,0.02262139262572925
3204,0.026163430589134905
3205,0.06429116526766701
3206,0.1911804849341357
3207,0.1821561898282419
3208,0.21412979349934513
3209,0.34144526939399256
3210,0.235847612852727
3211,0.15813799821816252
3212,0.12664926864953344
3213,0.1893382022462823
3214,0.00488963212976222
3215,0.016072284181414626
3216,0.10207366958858802
3217,0.045305685148693736
3218,0.038476956314813696
3219,0.16431708088843455
3220,0.2637126676022497
3221,0.06631230911418884
3222,0.42288145276636113
3223,0.18912450457962512
3224,0.00830226567370404
3225,0.11960335853725301
3226,0.0615065081372608
3227,0.07535365333873577
3228,0.016206951999818843
3229,0.033210028002476626
3230,0.06059706187593229
3231,0.07423236837195114
3232,0.0846292541093911
3233,0.16203048813038198
3234,0.21185034497417357
3235,0.715311642052526
3236,0.32545344708638746
3237,0.216724348009232
3238,0.4288749830005104
3239,0.059777578509202706
3240,0.09462883927231623
3241,0.08818715374541661
3242,0.102075739379043
3243,0.20239671076452867
3244,0.16632985094479166
3245,0.0
3246,0.03610488897062592
3247,0.12407381007516724
3248,0.10255331882865601
3249,0.03474976673075174
3250,0.004315486377437825
3251,0.026083639723862094
3252,0.027784479452944964
3253,0.007241319007404641
3254,0.01971321591134717
3255,0.020524760220229813
3256,0.052116725473254535
3257,0.06533727241973805
3258,0.06159509732445904
3259,0.21663601822812986
3260,0.19946924924815618
3261,0.15549284519837506
3262,0.44323035096785107
3263,0.37685504359506244
3264,0.24723148874844453
3265,0.10807340275202526
3266,0.04183808550901298
3267,0.032446834456321766
3268,0.080859060639954
3269,0.11352671187425585
3270,0.017876386491367226
3271,0.0
3272,0.014956386091373841
3273,0.3696653121043227
3274,0.03255198433216859
3275,0.007696504880986207
3276,0.024402200124338365
3277,0.0
3278,0.06319199868666216
3279,0.0
3280,0.0376175068326711
3281,0.06411449023647106
3282,0.05340496259818287
3283,0.006940198180112405
3284,0.0
3285,0.023709130947528863
3286,0.11127634464233183
3287,0.11153911102464079
3288,0.19685816852427937
3289,0.2297981014278928
3290,0.10329400338831415
3291,0.6021239872793243
3292,0.29172649894077346
3293,0.24336377771054013
3294,0.06417545727416224
3295,0.07362750572971083
3296,0.05423161435851325
3297,0.019955998606084116
3298,0.04275048528075396
3299,0.03342028493587817
3300,0.04034417993289089
3301,0.3352518158474257
3302,0.0728164324659816
3303,0.21674892240876037
3304,0.03447444397208769
3305,0.07778210007391619
3306,0.07509355134279644
3307,0.06487429146906354
3308,0.14462462350083022
3309,0.0
3310,0.03156515778250396
3311,0.0
3312,0.06893604889265957
3313,0.16448694225474036
3314,0.3831012243416515
3315,0.20107052098040035
3316,0.18420959084042005
3317,0.08263160245178469
3318,0.31224310645757325
3319,0.17959057021103716
3320,0.01510380565831381
3321,0.006926482774205846
3322,0.0
3323,0.0
3324,0.0
3325,0.029600162134477175
3326,0.12517127765100203
3327,0.08509367111716781
3328,0.04907425790130486
3329,0.182227555133806
3330,0.00918237868836375
3331,0.08858327576423033
3332,0.17996625276687683
3333,0.0
3334,0.0
3335,0.0
3336,0.13113337528004856
3337,0.09751093698673148
3338,0.00609369055987045
3339,0.08189852744382435
3340,0.20399732319197672
3341,0.05087542868146769
3342,0.05616265873433664
3343,0.03780647771821201
3344,0.04099638479537981
3345,0.09952940336685966
3346,0.02294878876537251
3347,0.07567903963172758
3348,0.07565032645475825
3349,0.0
3350,0.01949723593360201
3351,0.0
3352,0.10271862446303766
3353,0.0
3354,0.01779972595211693
3355,0.020395268948598975
3356,0.04014227465959135
3357,0.17976441038278343
3358,0.001059203955957551
3359,0.012535145584309506
3360,0.031134654906295006
3361,0.16699626479484053
3362,0.2375531029565517
3363,0.2435773136247784
3364,0.01999058970196831
3365,0.00018080933477536453
3366,0.018066254650925276
3367,0.022303567047501645
3368,0.05316204741503471
3369,0.07540824967208623
3370,0.0970280383915133
3371,0.0
3372,0.0
3373,0.0
3374,0.03358061691746413
3375,0.0
3376,0.0
3377,0.09418372846508433
3378,0.09545577164851544
3379,0.16378532083797603
3380,0.0027051609449467565
3381,0.01979968927721253
3382,0.010913834917007773
3383,0.044367576887065774
3384,0.09575823356146339
3385,0.18723533234594503
3386,0.02829870838315793
3387,0.0
3388,0.0
3389,0.11521468567772923
3390,0.0
3391,0.0
3392,0.08831038666073907
3393,0.09877451399331064
3394,0.06133410917184223
3395,0.0
3396,0.0
3397,0.21251390724829963
3398,0.03517439377005322
3399,0.02670119772636598
3400,0.14207264349135318
3401,0.043644711447229395
3402,0.012479862185892194
3403,0.0
3404,0.027138313090502072
3405,0.11981524104487834
3406,0.22948917471219296
3407,0.03136372567890179
3408,0.014660249611823318
3409,0.00822495105027624
3410,0.04062383171708463
3411,0.03431001022724154
3412,0.12085699248975643
3413,0.08776336941957129
3414,0.2222357436321897
3415,0.09193757440056752
3416,0.013775073488302135
3417,0.0029370826683119394
3418,0.07499606444251147
3419,0.07268350387795483
3420,0.0013875274447698385
3421,0.09477252134385052
3422,0.0
3423,0.06513526213133124
3424,0.02222014306977169
3425,0.10598183027744429
3426,0.06715168528825878
3427,0.007686396413749458
3428,0.0
3429,0.18760090722854672
3430,0.33188520931772625
3431,0.04522648169876267
3432,0.017388955536212645
3433,0.04890908606679157
3434,0.05343549381982016
3435,0.007627610864896364
3436,0.04126363484848905
3437,0.07051268824507209
3438,0.07086305888054328
3439,0.6186621203914104
3440,0.03215306081971047
3441,0.07927225496409354
3442,0.10348985098087854
3443,0.02601663517779078
3444,0.0992451805911833
3445,0.3658860943355207
3446,0.039933315424446794
3447,0.095138139273782
3448,0.0
3449,0.04412171263875665
3450,0.11249590915581612
3451,0.041863863235284036
3452,0.005733656756133061
3453,0.0
3454,0.04621103205660315
3455,0.0
3456,0.016148707039252103
3457,0.0
3458,0.00798630594019599
3459,0.036919024199768974
3460,0.005626131132947815
3461,0.0
3462,0.01575747261259332
3463,0.09573980253670626
3464,0.0656260128031728
3465,0.00866794375213138
3466,0.040536564872975675
3467,0.4192577704145765
3468,0.0441870928857247
3469,0.07937233042781111
3470,0.01668639605450873
3471,0.012718149536580218
3472,0.037761865370384555
3473,0.053333463373287184
3474,0.000829801068197556
3475,0.18555960221186563
3476,0.043262944070333646
3477,0.0
3478,0.0
3479,0.02602112103077506
3480,0.06580549370101467
3481,0.051684046612913585
3482,0.026331228745451477
3483,0.10668722551241273
3484,0.05799196838388921
3485,0.053931951023991065
3486,0.18873268871863055
3487,0.0
3488,0.0362963275462136
3489,0.044183652848561704
3490,0.005589490285638262
3491,0.04353868530182633
3492,0.08984725294510287
3493,0.033472452998823635
3494,0.0
3495,0.012900762088396545
3496,0.0
3497,0.0
3498,0.0639443524260762
3499,0.09982224398551955
3500,0.05018921528979685
3501,0.08472775219955371
3502,0.05380364984625854
3503,0.00935025669221603
3504,0.05139862088814854
3505,0.027688833066482798
3506,0.00911015781927271
3507,0.1847824002662656
3508,0.11241392880645854
3509,0.0
3510,0.04431892499523658
3511,0.0
3512,0.0019640185152872748
3513,0.011023055014463018
3514,0.010442840340404092
3515,8.365003370302537e-05
3516,0.0
3517,0.010830492452146196
3518,0.0038729010441766114
3519,0.0
3520,0.033777606120032035
3521,0.0413505014722688
3522,0.10534256801323542
3523,0.11885617738039629
3524,0.1474076527443652
3525,0.0
3526,0.044849959226756636
3527,0.0036492209945089673
3528,0.009325183107411369
3529,0.018477194918727225
3530,0.0
3531,0.01162860670943184
3532,0.01077305285921408
3533,0.0
3534,0.010650965487875082
3535,0.1455068999353865
3536,0.009813314845169636
3537,0.0
3538,0.0
3539,0.019460768457930572
3540,0.01728462143402938
3541,0.045033046617636484
3542,0.016849895498757723
3543,0.03772833953925712
3544,0.0
3545,0.013284563796252449
3546,0.027552530755720298
3547,0.024959355383246874
3548,0.096201603689601
3549,0.005604364560368354
3550,0.0
3551,0.0
3552,0.07582694003238546
3553,0.01075145612930948
3554,0.033617087548336436
3555,0.04934191144724891
3556,0.0
3557,0.12683634316576822
3558,0.018319698646407416
3559,0.015976684247284274
3560,0.01955601796655959
3561,0.04281060751400435
3562,0.0
3563,0.0813936487772229
3564,0.010241414726419318
3565,0.10094692859461595
3566,0.01094989849746582
3567,0.0
3568,0.020730855166801513
3569,0.01749752939848099
3570,0.0
3571,0.0
3572,0.008724987347020383
3573,0.010848456473445421
3574,0.0
3575,0.027999426554107344
3576,0.01632953565299294
3577,0.0
3578,0.01021356097840994
3579,0.11104906405804046
3580,0.0
3581,0.0
3582,0.0008521762668449597
3583,0.0024352854617639376
3584,0.040238319729420116
3585,0.021318236635929272
3586,0.0
3587,0.010108830939415043
3588,0.006723241536689203
3589,0.0
3590,0.017423391047352542
3591,0.04938490728158202
3592,0.015063964435804973
3593,0.054913742402327805
3594,0.0
3595,0.010974331163993722
3596,0.0
3597,0.040548303012917286
3598,0.05548633536006697
3599,0.030270070724269193
3600,0.0
3601,0.0
3602,0.08506445802312386
3603,0.058113374973188685
3604,0.0
3605,0.00039039462302632846
3606,0.022505448537701953
3607,0.0
3608,0.13418878851846308
3609,0.18465083593550938
3610,0.1660296786705056
3611,0.0
3612,0.04601995859074697
3613,0.18525168465221234
3614,0.05535883935063828
3615,0.20714910772968154
3616,0.0
3617,0.20111364208299673
3618,0.0913127823097445
3619,0.0
3620,0.031223645413455223
3621,0.0
3622,0.0
3623,0.0
3624,0.05258759958736431
3625,0.44515916467640937
3626,0.14354577813640668
3627,0.07589576120598725
3628,0.0128658620186856
3629,0.0034734365886703437
3630,0.05799975583687201
3631,0.03177826707776478
3632,0.0
3633,0.007168312853551463
3634,0.11229962507818125
3635,0.23670343166074753
3636,0.47880089680804816
3637,0.35696821974633225
3638,0.002160990834202765
3639,0.0
3640,0.11276569670936791
3641,0.2428651758157674
3642,0.0
3643,0.1072573709994366
3644,0.01838079075501421
3645,0.017418278658016203
3646,0.0
3647,0.33663290381883615
3648,0.044469062900539834
3649,0.2147152186766797
3650,0.3514172197437853
3651,0.05118716208442696
3652,0.3117333316095321
3653,0.0
3654,0.051935744667174336
3655,0.20510310409436275
3656,0.03020713826110379
3657,0.04154241404673952
3658,0.01521600703260583
3659,0.0
3660,0.0
3661,0.02504142571722343
3662,0.05809326195163042
3663,0.048074983902371714
3664,0.016657276495736926
3665,0.05303254121135886
3666,0.30552960129311324
3667,0.026395106011263082
3668,0.03162285155151001
3669,0.026049340913402965
3670,0.08440475497273282
3671,0.0076647590710515025
3672,0.020683828062278784
3673,0.050369948636092295
3674,0.060866244893065115
3675,0.06066708470629256
3676,0.0
3677,0.01034307885345919
3678,0.19167651420368617
3679,0.0122748016410265
3680,0.21276572714210978
3681,0.010782205231847877
3682,0.0
3683,0.0
3684,0.0
3685,0.498275792571194
3686,0.14246345198275312
3687,0.0
3688,0.33588970772741056
3689,0.36156348130003346
3690,0.0
3691,0.05461583199644358
3692,0.013612370427487676
3693,0.0
3694,0.030616445913864476
3695,0.0
3696,0.0
3697,0.0
3698,0.051824513526218925
3699,0.0
3700,0.021012461679545427
3701,0.060094507205102565
3702,0.07223824556286389
3703,0.20369240013766657
3704,0.35466433605669595
3705,0.020610218731340314
3706,0.004418796233465104
3707,0.0
3708,0.027329057375963604
3709,0.03101279825867861
3710,0.18370451199038346
3711,0.015146166747299574
3712,0.027658443493121854
3713,0.01918879937498854
3714,0.17832291304778422
3715,0.39744665874022195
3716,0.01603723920752586
3717,0.011289654980358133
3718,0.04272573536983791
3719,0.03597280625362719
3720,0.029042833435373536
3721,0.10575453721099287
3722,0.18189253534806138
3723,0.08256621345068833
3724,0.1415763505353104
3725,0.1008626173715627
3726,0.029471627765302592
3727,0.03139966277025732
3728,0.011728850182719314
3729,0.08355666197908028
3730,0.017391941777204666
3731,0.06337940425574654
3732,0.048373898752920176
3733,0.002156142160262378
3734,0.018021572098311973
3735,0.018417383816181868
3736,0.006208022008308181
3737,0.033530995967957
3738,0.02231795325143684
3739,0.06687746840042678
3740,0.0
3741,0.05439572043193218
3742,0.14210392366420488
3743,0.04728705841545341
3744,0.05493710384705298
3745,0.03262251880380337
3746,0.057690391772322575
3747,0.09577571036476104
3748,0.04999053293858811
3749,0.014723763115066733
3750,0.08573301822390778
3751,0.04889186977896733
3752,0.030181951760792337
3753,0.0981875535547877
3754,0.022140132023887288
3755,0.03789350452643569
3756,0.01816611612374369
3757,0.04331119677052779
3758,0.07772598390698734
3759,0.08904732737581338
3760,0.04193988780201018
3761,0.0642217507920034
3762,0.07306524001209654
3763,0.016650871569214135
3764,0.009138810726896419
3765,0.04498477008648484
3766,0.06602002645467064
3767,0.04922017172941781
3768,0.0
3769,0.36369617290120865
3770,0.02602150086321534
3771,0.023166337218857684
3772,0.0195464657296329
3773,0.14977343260226372
3774,0.08815587324510388
3775,0.03876273711687891
3776,0.01990221168594089
3777,0.0
3778,0.0990893713397149
3779,0.0
3780,0.023436469243180436
3781,0.015953905046040797
3782,0.043725675154255385
3783,0.06697687011949371
3784,0.04018713959041982
3785,0.0583477388398732
3786,0.08350824705456444
3787,0.06363942745570354
3788,0.2446143406598508
3789,0.05031024202402273
3790,0.0
3791,0.050210544217093526
3792,0.01170918212210509
3793,0.08801894863360493
3794,0.05421269716244609
3795,0.02091128579210456
3796,0.1402086738187384
3797,0.059302690213622895
3798,0.1006565729856774
3799,0.05847802637756115
3800,0.015535020260801644
3801,0.023859905589914385
3802,0.0
3803,0.11239510112026205
3804,0.0
3805,0.04018769711862468
3806,0.08483101365605132
3807,0.01156822582971342
3808,0.04505589420968025
3809,0.03546045110352714
3810,0.031602107523308894
3811,0.06860082639227583
3812,0.11253837242085558
3813,0.09424877702800084
3814,0.17547417568110643
3815,0.04999608866007661
3816,0.07996989155657999
3817,0.012845839167351993
3818,0.1003048220918559
3819,0.03996747698839953
3820,0.07110808091186176
3821,0.07614559545305472
3822,0.043526090646883564
3823,0.03150006742421276
3824,0.06021810400639848
3825,0.011560001307310896
3826,0.0
3827,0.012344525766666429
3828,0.09985997934044773
3829,0.0330897155255627
3830,0.040651063521755015
3831,0.01872900396817359
3832,0.0643625613038958
3833,0.047120019341327285
3834,0.029532614021110425
3835,0.04415289330977864
3836,0.01885887143611776
3837,0.04314905467553997
3838,0.09450621583791996
3839,0.22245254017273206
3840,0.11075270663301298
3841,0.123046264959294
3842,0.05160023205158583
3843,0.05412219101975218
3844,0.10304048871951249
3845,0.08596643865270527
3846,0.06609280583695859
3847,0.0
3848,0.002540121732171198
3849,0.0014304042481926638
3850,0.2154729565501065
3851,0.035353685873221886
3852,0.08853998468760152
3853,0.08362020247743229
3854,0.10727396221798609
3855,0.02285545704309108
3856,0.017299792692828456
3857,0.0
3858,0.001118196198414138
3859,0.01630889364166392
3860,0.14499199406754062
3861,0.041621486974496316
3862,0.012928833910015727
3863,0.12190849638151974
3864,0.3511216769776998
3865,0.056563404034532035
3866,0.006001223147500913
3867,0.04273778279974432
3868,0.03758097224562628
3869,0.19730117041124892
3870,0.23828479024613253
3871,0.07628586848073615
3872,0.015560383209587672
3873,0.03021992411295927
3874,0.0
3875,0.11008976126089694
3876,0.12359496135157125
3877,0.017719707087747553
3878,0.19220054872150086
3879,0.09733164832995196
3880,0.061789543204515414
3881,0.0
3882,0.0
3883,0.0255247543259062
3884,0.030614909406544884
3885,0.057854148307920836
3886,0.015808695464078253
3887,0.09445061343296224
3888,0.1229556488744977
3889,0.09182204842962431
3890,0.043319881768417674
3891,0.010995927399506016
3892,0.08379101249252739
3893,0.15219876226458795
3894,0.19662997345325464
3895,0.06476603323472814
3896,0.059668064773394466
3897,0.038186353436992844
3898,0.45224473193626935
3899,0.02229059884400832
3900,0.0
3901,0.2078418896305328
3902,0.21522447764833938
3903,0.0
3904,0.00026168563395359437
3905,0.019379571615363213
3906,0.03194109054479612
3907,0.08256493197217937
3908,0.09567633018353486
3909,0.17432429132682897
3910,0.0444703308102055
3911,0.07722619199610276
3912,0.17909567476712976
3913,0.1551722882694325
3914,0.13665733185133114
3915,0.12702862935090922
3916,0.2276620932573088
3917,0.0856515238069266
3918,0.0
3919,0.05217984216165375
3920,0.12625839975755204
3921,0.05374224591333805
3922,0.21707240452765197
3923,0.9277469012064321
3924,0.0
3925,0.040984954417940554
3926,0.2416275014848363
3927,0.0059152812524709405
3928,0.053932214576679884
3929,0.18707270063414247
3930,0.007579454408716166
3931,0.03179127040874838
3932,0.05814163157817439
3933,0.021282943454691616
3934,0.09469528964783269
3935,0.0
3936,0.18579334343133158
3937,0.012477408318842927
3938,0.08150898430789902
3939,0.11565422152220647
3940,0.11141721170266544
3941,0.18907187387072244
3942,0.2505533321919216
3943,0.22572162357215253
3944,0.02052632409403349
3945,0.16615471053252504
3946,0.08990044675528779
3947,0.14747060676538917
3948,0.721733211528137
3949,0.3304774460246068
3950,0.3222503084194222
3951,0.0
3952,0.04197711248020802
3953,0.09620554364792094
3954,0.0
3955,0.0
3956,0.0007745922016638231
3957,0.027178856884144793
3958,0.0036681614533782734
3959,0.057610141506374196
3960,0.0
3961,0.0
3962,0.04499572688411796
3963,0.10019497226981831
3964,0.11182751351873374
3965,0.07144481595055026
3966,0.10643982594851092
3967,0.18060298721518114
3968,0.06247795091568589
3969,0.028685729982928346
3970,0.11566201836903438
3971,0.17719655810772336
3972,0.0
3973,0.0604687413082145
3974,0.7875147648438541
3975,0.9617368119029194
3976,0.3576971483772776
3977,0.024858398028105765
3978,0.0592425553452187
3979,0.17653842422968272
3980,0.06440970203802965
3981,0.02383376955800658
3982,0.006702908050285361
3983,0.07384806531642536
3984,0.05916479677882111
3985,0.03355972308936531
3986,0.0
3987,0.168759988955784
3988,0.0
3989,0.020672472582104317
3990,0.08421318066279614
3991,0.09546811867837095
3992,0.04417208506451376
3993,0.05378344541827879
3994,0.13111116288570218
3995,0.042875437999486544
3996,0.05133884643053307
3997,0.08567946411899222
3998,0.04851232700910401
3999,0.06069666985230083
4000,0.7571061889003531
4001,0.7603356099160916
4002,0.46727163969929686
4003,0.021448446649012055
4004,0.0
4005,0.011828175769092373
4006,0.15023152176069757
4007,0.11001922968938582
4008,0.17848998734379867
4009,0.021737115385511867
4010,0.037848450496758224
4011,0.012428325311611768
4012,0.05343729248441578
4013,0.0725144176534441
4014,0.1899825277682307
4015,0.20043411723549967
4016,0.2951015241153485
4017,0.18018724063903638
4018,0.13732307224321008
4019,0.14985186710427942
4020,0.06949181368928267
4021,0.05414286207472613
4022,0.11983290718050792
4023,0.03851181458944361
4024,0.030247935885979217
4025,0.026298605011064777
4026,0.2075614996008644
4027,0.1760056251045458
4028,0.09202474475272604
4029,0.05658375314974259
4030,0.0
4031,0.8905024837523677
4032,0.9767202988453119
4033,0.9850698630898921
4034,0.001998991611719419
4035,0.0
4036,0.08632559246670875
4037,0.0
4038,0.11372041541934558
4039,0.044274003745875694
4040,0.020231488975677843
4041,0.007624025438188969
4042,0.01821136886397302
4043,0.08046907844367232
4044,0.030261562991405432
4045,0.23885508606731978
4046,0.464975436141996
4047,0.04455339428422461
4048,0.06985302026596081
4049,0.06485730838139027
4050,0.18238916035589667
4051,0.060405334460497055
4052,0.05255245355516536
4053,0.09893257318482573
4054,0.04041978252662438
4055,0.07517747895421238
4056,0.12541474073251174
4057,0.06329087917941802
4058,0.0027454963284353835
4059,0.39287511451231116
4060,0.45412971606344327
4061,0.19450913340593312
4062,0.04353023163455965
4063,0.02651660208599577
4064,0.11239058458179553
4065,0.08446707948173857
4066,0.20707813694172233
4067,0.0
4068,0.03773601235878321
4069,0.05399525283792286
4070,0.013270415110730715
4071,0.03283249379262231
4072,0.006895813234879367
4073,0.1976685509475147
4074,0.3991745442329087
4075,0.2433053336302009
4076,0.19189455977911532
4077,0.16586554455417357
4078,0.1706697002012213
4079,0.19337592844561785
4080,0.37497597604404104
4081,0.12208058217797964
4082,0.015650576608920955
4083,0.0
4084,0.04167048823719277
4085,0.10652498751826073
4086,0.1373192069820766
4087,0.05953899036512361
4088,0.2942673946901725
4089,0.216607936043479
4090,0.19051071092159638
4091,1.0
4092,0.11243348051114922
4093,0.03450539370512157
4094,0.061280235170299215
4095,0.11607953352483255
4096,0.050872744549272486
4097,0.03616552409272632
4098,0.08468233978002095
4099,0.07309729669787801
4100,0.04011389231254481
4101,0.07134626719456046
4102,0.060552122307012984
4103,0.15039293651797414
4104,0.24107383854343403
4105,0.24385439408137669
4106,0.3644328836439245
4107,0.1961390949215079
4108,0.1346964221818002
4109,0.14771785790863848
4110,0.2464085119412527
4111,0.009144442240121172
4112,0.023933482747114584
4113,0.13598936960027014
4114,0.0714901205937301
4115,0.035854021217093926
4116,0.2291852629731519
4117,0.2051445406344207
4118,0.0751170827537297
4119,0.4928488199484022
4120,0.19151859612347374
4121,0.025033805053859652
4122,0.1725774851580316
4123,0.10577876977651533
4124,0.04613064839332648
4125,0.0
4126,0.017867435376401578
4127,0.036903376215234596
4128,0.0577669816283743
4129,0.09380036705494844
4130,0.06516660010917105
4131,0.06825034110894705
4132,0.13683554934101325
4133,0.24064721000864644
4134,0.8114269131572889
4135,0.3209933270452212
4136,0.24562750421131943
4137,0.392105696657292
4138,0.09687400234004936
4139,0.08499369002387334
4140,0.13379185443527214
4141,0.0698437008130254
4142,0.1832012442468643
4143,0.13805031709883897
4144,0.0
4145,0.037873827025718676
4146,0.1447512955401283
4147,0.0
4148,0.06432033898052095
4149,0.0766387502308865
4150,0.030731839739674006
4151,0.024696527198209542
4152,0.024611002248599394
4153,0.010298241200300122
4154,0.03088952473261514
4155,0.049049871357948575
4156,0.06301863924391546
4157,0.0998466059674708
4158,0.1519776201409425
4159,0.20299129771939717
4160,0.16247529347502787
4161,0.3818455806050952
4162,0.47697064387650623
4163,0.21886445365831717
4164,0.061817021402034544
4165,0.014420456368452189
4166,0.03915607463664981
4167,0.0
4168,0.021485534562901146
4169,0.12025118752146194
4170,0.0
4171,0.02631462861464532
4172,0.3927158308304211
4173,0.04288704946974422
4174,0.0
4175,0.03682207292024042
4176,0.0397865120844772
4177,0.08500497009484075
4178,0.01616855562976273
4179,0.04945074468811619
4180,0.026424906078542684
4181,0.038567240751908864
4182,0.0766506856213569
4183,0.10047844257138855
4184,0.28906934289777353
4185,0.21996672158882644
4186,0.11064194495629005
4187,0.5598945853615898
4188,0.2396010896537186
4189,0.22922642893086115
4190,0.0723133637464269
4191,0.08381623936084717
4192,0.028757231913925558
4193,0.06445931051657867
4194,0.02560422318490397
4195,0.024380945183022033
4196,0.021392008580693067
4197,0.04417264217112814
4198,0.37300477110603175
4199,0.08684360692154708
4200,0.2210503672308583
4201,0.013623803626849259
4202,0.08167386328620767
4203,0.06687950897978795
4204,0.06335561340346527
4205,0.16837219024196204
4206,0.03055036872623213
4207,0.029335481290914515
4208,0.02177395003097998
4209,0.06111829147513962
4210,0.19099003214409163
4211,0.41420073238627303
4212,0.19930760753933463
4213,0.1993123138352899
4214,0.07715810004862386
4215,0.22867698088795474
4216,0.16551157682141293
4217,0.04803671089248507
4218,0.0
4219,0.0
4220,0.0
4221,0.020347914858912308
4222,0.016370224041627027
4223,0.08637486103847518
4224,0.1052788528805783
4225,0.056830040582906194
4226,0.21882586878922472
4227,0.0
4228,0.043304918763449864
4229,0.1854185399315321
4230,0.04229294970968365
4231,0.0016293522121320384
4232,0.021331537668443437
4233,0.1381724879322338
4234,0.11295584071136881
4235,0.01304727996218687
4236,0.0692633529068729
4237,0.1931017254558079
4238,0.06924724762155864
4239,0.07098324903767907
4240,0.008172789519530616
4241,0.08490544819765956
4242,0.09416966182113709
4243,0.040652152348863456
4244,0.09511180591010308
4245,0.10114468371125926
4246,0.03181217233512935
4247,0.03199154210268634
4248,0.0028620162914097017
4249,0.15467748287693375
4250,0.0
4251,0.006224065159833323
4252,0.05908646152263187
4253,0.04585277256916562
4254,0.15433009486417482
4255,0.020641075907730115
4256,0.030124159820024716
4257,0.0
4258,0.044549900752489095
4259,0.13735126835712802
4260,0.2968064713215379
4261,0.3177649974320256
4262,0.024688373280711228
4263,0.0
4264,0.0009925084678966084
4265,0.00029502044771363245
4266,0.0
4267,0.03076294141309724
4268,0.03076270295020552
4269,0.0814182425357845
4270,0.113235980919031
4271,0.004721604836289374
4272,0.0010272275283456425
4273,0.0
4274,0.03691442076727003
4275,0.0
4276,0.11131621057212587
4277,0.09498325276324016
4278,0.18907551682957685
4279,0.028440154109457945
4280,0.005634319530934078
4281,0.0064037063699297824
4282,0.06328389744502282
4283,0.14184164120163856
4284,0.17532320151184866
4285,0.051588545132021574
4286,0.007682730887312481
4287,0.08431872313829046
4288,0.0
4289,0.0
4290,0.07561388360079502
4291,0.08880999678152829
4292,0.05844069362904295
4293,0.0
4294,0.0005330508264096689
4295,0.029379312640485367
4296,0.24278075401211874
4297,0.029416434628558075
4298,0.13231302574036308
4299,0.07498532892816831
4300,0.01461180678806386
4301,0.008464958137061138
4302,0.020713725598206962
4303,0.10833122810379717
4304,0.19505598358485818
4305,0.03198306360296466
4306,0.0
4307,0.015109575270170228
4308,0.03593495781865236
4309,0.03595729129937471
4310,0.09910217817694962
4311,0.0802089747369068
4312,0.2723523496891218
4313,0.0945385691217554
4314,0.0009078648229204057
4315,0.059009705109537694
4316,0.0281690696036309
4317,0.036125599383969705
4318,0.17143574308479895
4319,0.0
4320,0.058583075027460366
4321,0.02285730630958199
4322,0.07566538957930678
4323,0.024219835442330147
4324,0.0
4325,0.19638720114594924
4326,0.32096435912759214
4327,0.07284248426104728
4328,0.023798251268143895
4329,0.10495072369799634
4330,0.0433638323478078
4331,0.017823296038333693
4332,0.05097452610439654
4333,0.053854203761260155
4334,0.07077233524164557
4335,0.5175870268181884
4336,0.08334867512471099
4337,0.0709109103934667
4338,0.06750626836344109
4339,0.027930722512162446
4340,0.1377478140349935
4341,0.38787846649126534
4342,0.056191523896847194
4343,0.11230012579312891
4344,0.0
4345,0.0250065990857311
4346,0.020468321275907853
4347,0.05184573732141218
4348,0.08897237230658878
4349,0.024272349619450972
4350,0.008333768882238812
4351,0.027260849086530103
4352,0.008885235966750235
4353,0.00996781843355194
4354,0.027995252472883644
4355,0.0029325970220484268
4356,0.09703378958614221
4357,0.0
4358,0.043195382683191286
4359,0.03591133035669433
4360,0.10772549679493772
4361,0.024563561065398483
4362,0.07563580700968574
4363,0.4848788275158012
4364,0.0758512482982258
4365,0.08881447762751463
4366,0.021154269846159694
4367,0.02325450768931096
4368,0.06700580336805129
4369,0.06169896969597199
4370,0.02038213998968408
4371,0.18847778697221415
4372,0.02480016306762901
4373,0.0
4374,0.018744166240569293
4375,0.04971252562860265
4376,0.0509745338144685
4377,0.01180929763955993
4378,0.10143830533166848
4379,0.0007580793087160099
4380,0.014042034438344245
4381,0.01037982862269694
4382,0.03758253495564982
4383,0.2049175104184935
4384,0.029735502612638576
4385,0.011487804324818818
4386,0.0
4387,0.023510460004590745
4388,0.050174372712425475
4389,0.0
4390,0.027997126382803095
4391,0.10281534161593492
4392,0.06526006085758866
4393,0.024557385726705436
4394,0.008154174059595037
4395,0.010177569218775566
4396,0.08390426838823051
4397,0.14477491258082953
4398,0.07578481280328439
4399,0.049259533270711905
4400,0.0656812625059463
4401,0.011720107825158763
4402,0.06109395516447834
4403,0.0
4404,0.030861193189554117
4405,0.2015215068835341
4406,0.04864512157611273
4407,0.0
4408,0.011836873872531514
4409,0.06703334796464015
4410,0.0
4411,0.007737539961760835
4412,0.012544256684890835
4413,0.0
4414,0.0
4415,0.013136387944379992
4416,0.0
4417,0.0
4418,0.03830370384749649
4419,0.07023910709108676
4420,0.1052180047514895
4421,0.10576441568119302
4422,0.17812107008034078
4423,0.012989726373118946
4424,0.056414048789669366
4425,0.004302588537565663
4426,0.020378166432870524
4427,0.011738788609951957
4428,0.006326164848175559
4429,0.0
4430,0.0
4431,0.0
4432,0.07788934282762967
4433,0.0
4434,0.045800245229531314
4435,0.004693556941995929
4436,0.005113736205453981
4437,0.017145261074507725
4438,0.06125684197818982
4439,0.011999521741117078
4440,0.04300188761493803
4441,0.004438871934221879
4442,0.0
4443,0.02356285639647669
4444,0.027485830554276353
4445,0.014106852101365303
4446,0.0
4447,0.0
4448,0.059849460596495235
4449,0.08781497838213219
4450,0.04920925646126565
4451,0.055081270621830505
4452,0.10431944031619361
4453,0.01889922048453534
4454,0.0028725480163319913
4455,0.0
4456,0.056064240962459815
4457,0.0033245787844787874
4458,0.051163378547921856
4459,0.010034624677061022
4460,0.08794820438073697
4461,0.009359966185375828
4462,0.0
4463,0.002092688011957592
4464,0.0
4465,0.0
4466,0.05160829314183512
4467,0.0011136120625248604
4468,0.007341433540986755
4469,0.0
4470,0.03788902428877398
4471,0.015208514779905468
4472,0.17005818058055866
4473,0.028558221995913926
4474,0.029608258756295688
4475,0.0
4476,0.012608987361531192
4477,0.03675606419578792
4478,0.004472205249030221
4479,0.020664023076449323
4480,0.0
4481,0.0
4482,0.0
4483,0.0
4484,0.0
4485,0.02822565283378744
4486,0.045064411909726466
4487,0.08542917411978491
4488,0.009132731603639777
4489,0.059197930998287636
4490,0.0
4491,0.026223387246018595
4492,0.044659379950725796
4493,0.0006794303063040082
4494,0.0
4495,0.0
4496,0.04664229017068201
4497,0.0
4498,0.0
4499,0.0
4500,0.0
4501,0.048239959881349326
4502,0.10668054316119764
4503,0.05164082619839767
4504,0.0
4505,0.16475924713937035
4506,0.03999795557806287
4507,0.24592103634738585
4508,0.13329402802360582
4509,0.028899325674259867
4510,0.05228370292174889
4511,0.24252113730092853
4512,0.05270496145441796
4513,0.23056755928911649
4514,0.0
4515,0.19065914145069443
4516,0.05260642525043418
4517,0.024825629578973166
4518,0.006573581904184056
4519,0.0244686067737059
4520,0.056435266912330494
4521,0.012897550167678457
4522,0.6061731436787254
4523,0.11416956251249026
4524,0.23045078453908496
4525,0.024455153607189084
4526,0.020795764347924715
4527,0.02891231777234399
4528,0.033970803856484044
4529,0.030717368544769013
4530,0.0
4531,0.017744586569566383
4532,0.08643124040030443
4533,0.35952808087358334
4534,0.3497171414475879
4535,0.014071743470588793
4536,0.03364454588505299
4537,0.08512634056046968
4538,0.1790321607871776
4539,0.06198491167504318
4540,0.05721026668296134
4541,0.08084616393289518
4542,0.08010070791810654
4543,0.2880971861881052
4544,0.05282973125041717
4545,0.18365192285557752
4546,0.3510579128291782
4547,0.18607923946235383
4548,0.20806644106019087
4549,0.0253807722336318
4550,0.24540063330319561
4551,0.052365307706101746
4552,0.04995108014857112
4553,0.03599473855918327
4554,0.0
4555,0.0
4556,0.0
4557,0.14947184170960134
4558,0.022881050014065617
4559,0.041360014426628566
4560,0.03305665378171659
4561,0.2892600679840648
4562,0.02430801780129659
4563,0.043956431853009854
4564,0.07558848587368862
4565,0.07979216961800462
4566,0.0
4567,0.06437702509079055
4568,0.12111224254973812
4569,0.12660390460100376
4570,0.04761604231608755
4571,0.0
4572,0.2729069604933305
4573,0.05467412251818077
4574,0.1995104836700074
4575,0.04635820540585255
4576,0.0
4577,0.0
4578,0.0
4579,0.34864344185167195
4580,0.049653829618613254
4581,0.005199507224299416
4582,0.06090999647830522
4583,0.3511128916994916
4584,0.3983242104179005
4585,0.0
4586,0.09189513149203253
4587,0.04845860477010148
4588,0.00598996727014196
4589,0.0
4590,0.04103182247147805
4591,0.0
4592,0.009493093379665087
4593,0.06750831669045537
4594,0.0373261757408364
4595,0.25783609705119476
4596,0.347852648209357
4597,0.0
4598,0.005415531859069496
4599,0.037571891654343104
4600,0.005915086867247723
4601,0.0
4602,0.001918087416618371
4603,0.010257530765496682
4604,0.1650247945444659
4605,0.0
4606,0.05315565165877347
4607,0.05364334858880209
4608,0.0
4609,0.22305096215016432
4610,0.6115390026603339
4611,0.02316124571960837
4612,0.0
4613,0.026612483002469246
4614,0.0640717617387555
4615,0.04089782138848502
4616,0.03218234621827519
4617,0.011440659559914067
4618,0.010879477980109417
4619,0.08877161233431621
4620,0.23747744228614034
4621,0.08856604474019553
4622,0.10825503561799676
4623,0.06308125250326872
4624,0.024802705178341954
4625,0.028008642863420124
4626,0.026985295843038833
4627,0.06606653298961561
4628,0.03386116806521302
4629,0.04114406949381768
4630,0.03185017163489224
4631,0.007287981464568854
4632,0.04142253241587343
4633,0.0334403852339532
4634,0.006114567034451284
4635,0.0029310629979180172
4636,0.02445450442140362
4637,0.03175161720243884
4638,0.0
4639,0.059705264907391496
4640,0.13942003944250622
4641,0.1855127519869327
4642,0.05638879530767832
4643,0.043287952024726524
4644,0.04664892578200709
4645,0.10663045034915376
4646,0.12616603217258499
4647,0.02793169851359218
4648,0.08283913622936752
4649,0.0451617462292812
4650,0.006235620683900733
4651,0.0
4652,0.11760598439565764
4653,0.027753735456837826
4654,0.0351463799687328
4655,0.009841344096311065
4656,0.07316557596923125
4657,0.0844471963773559
4658,0.05457731114164726
4659,0.07432632429022572
4660,0.06570929406918397
4661,0.05970415195853703
4662,0.03103931962529867
4663,0.006700353983541161
4664,0.051937496081316537
4665,0.04362379900784611
4666,0.046528144778569154
4667,0.014189882281457719
4668,0.40038949937380663
4669,0.032532460072039006
4670,0.011543922962338946
4671,0.08393517044332213
4672,0.06477301926642429
4673,0.03884191456712129
4674,0.024379965956550856
4675,0.004684905829824225
4676,0.008664384378674266
4677,0.045258183576197764
4678,0.011412310027610515
4679,0.02808703761654359
4680,0.018026795452601514
4681,0.0652117422454836
4682,0.049354727075197474
4683,0.058432664238145804
4684,0.05164881527243045
4685,0.07659816844259955
4686,0.06101915655436404
4687,0.2732451139809938
4688,0.035737847558930835
4689,0.019962830400101102
4690,0.048600584035466333
4691,0.009765777238515811
4692,0.05928679737943533
4693,0.041807961718369674
4694,0.026223839628529873
4695,0.16211212795527527
4696,0.056899620187567085
4697,0.06537260196696014
4698,0.06523986900903575
4699,0.04117429654565259
4700,0.015733317044247096
4701,0.00838100598374344
4702,0.12138014463365224
4703,0.008727903683682519
4704,0.0447334395167287
4705,0.0876837471527661
4706,0.035865510518177164
4707,0.014235614260123125
4708,0.033282154298125526
4709,0.037631441694265126
4710,0.019663251809757535
4711,0.07791308445096762
4712,0.11242046156421039
4713,0.11860528614690274
4714,0.17520616886708412
4715,0.0580148398571036
4716,0.08286266847855919
4717,0.012816167805839846
4718,0.1265165540283542
4719,0.004845375043447239
4720,0.05234760158932394
4721,0.05480275869810273
4722,0.07973342244074783
4723,0.011443938040945909
4724,0.04651452659552833
4725,0.0762614953141782
4726,0.0
4727,0.0070879268135430286
4728,0.06477342409569117
4729,0.10790666765973542
4730,0.030017692915216748
4731,0.0665857672366608
4732,0.0
4733,0.005206037719087195
4734,0.042968604194265625
4735,0.049289170790963
4736,0.024250591141259555
4737,0.02495954277276265
4738,0.03740626852968473
4739,0.06625796327879159
4740,0.11156973128100547
4741,0.21629118473256678
4742,0.0958885846445731
4743,0.11909121979085813
4744,0.0777374893480496
4745,0.08433664762601423
4746,0.06935515182462894
4747,0.11296400871303873
4748,0.03983945967129057
4749,0.0
4750,0.022479965633086053
4751,0.2638217709556047
4752,0.04205543866105559
4753,0.11510989487088333
4754,0.07597074953254172
4755,0.11902987026282863
4756,0.010189848616662596
4757,0.016430924909237418
4758,0.0
4759,0.024166585833327717
4760,0.0
4761,0.015675738334393965
4762,0.11337152549795762
4763,0.037410370018112926
4764,0.02820176332927326
4765,0.09586739654761971
4766,0.38187110712994143
4767,0.06428616412424551
4768,0.16708740253337934
4769,0.0430176848958908
4770,0.25722321957645006
4771,0.18766020852194568
4772,0.11169753779741091
4773,0.08371704859017874
4774,0.002448006444812885
4775,0.11839221308382175
4776,0.19043127675512703
4777,0.051171818476045475
4778,0.2520706878440938
4779,0.1415746071788216
4780,0.122325406532927
4781,0.009233305424532937
4782,0.04003385652249114
4783,0.02528068668331876
4784,0.07895969578258416
4785,0.017922179220161764
4786,0.09700475721796503
4787,0.11349490905222487
4788,0.06817526344918597
4789,0.043085559311986765
4790,0.013190191003777184
4791,0.08409813251713036
4792,0.2114516028751514
4793,0.24051187546106564
4794,0.07783317531114492
4795,0.08469790578815918
4796,0.009128542039435965
4797,0.0
4798,0.02410946310556201
4799,0.4207290774738643
4800,0.05090862430919504
4801,0.01612182647729155
4802,0.26200528480486723
4803,0.1986460215682938
4804,0.0008834440524295349
4805,0.046470183921045106
4806,0.035527646184346125
4807,0.058337319726103884
4808,0.11084623640597258
4809,0.18519467124608152
4810,0.028135086568805492
4811,0.06863429678138738
4812,0.17420514137420567
4813,0.1223574247059239
4814,0.16500483399054217
4815,0.18386135037876714
4816,0.2280653454213537
4817,0.08691244664284002
4818,0.054814911563146836
4819,0.11132946018368964
4820,0.043131246572182806
4821,0.22075032720790508
4822,0.9094916701641773
4823,0.0
4824,0.09364174128906493
4825,0.2687461665001865
4826,0.0
4827,0.025993550887031952
4828,0.2000367303371902
4829,0.010722333345396726
4830,0.018641925938623172
4831,0.030331478120494002
4832,0.08879165883356621
4833,0.01208718132025764
4834,0.13500021545632124
4835,0.19415084877365946
4836,0.021108229084917007
4837,0.09648996080730438
4838,0.16325295191138176
4839,0.1443163124037282
4840,0.17061377927925533
4841,0.29248633891176645
4842,0.23436807062186782
4843,0.18356713735284977
4844,0.06354133288297568
4845,0.1693987411944391
4846,0.6275166625550437
4847,0.32562602245351485
4848,0.3519905356132614
4849,0.0
4850,0.05419714694427484
4851,0.13988357432266293
4852,0.002038546650391139
4853,0.0
4854,0.0
4855,0.02010050345834232
4856,0.060138881430654295
4857,0.0
4858,0.0
4859,0.04247921773062251
4860,0.0737383347955115
4861,0.08863535872098756
4862,0.08724225998379313
4863,0.1121951713660458
4864,0.18614679080237923
4865,0.11188503477313984
4866,0.029436323134992535
4867,0.09579269142304789
4868,0.17215190725562154
4869,0.0
4870,0.10565458783741326
4871,0.9674846957240331
4872,1.0
4873,0.4214235666485511
4874,0.0
4875,0.0194684702984428
4876,0.08820931385945438
4877,0.2275023941340135
4878,0.07509817262397117
4879,0.07122616552907797
4880,0.0023778990291788743
4881,0.09490335341363493
4882,0.08618120198408023
4883,0.027276949689856556
4884,0.0
4885,0.0824282415902528
4886,0.0
4887,0.045949453623307615
4888,0.10012124118827533
4889,0.08519950147228218
4890,0.023318846094623195
4891,0.04469769181203561
4892,0.12160207313430377
4893,0.0
4894,0.020168282910403842
4895,0.12184591738077288
4896,0.06504069235189672
4897,0.09411008017090443
4898,0.9085805614825919
4899,0.8956653187726054
4900,0.4828396558379505
4901,0.02530318882826112
4902,0.058620888464805884
4903,0.026623444056741233
4904,0.0
4905,0.11346214521871091
4906,0.054638966841376375
4907,0.17253637571546163
4908,0.04375188943651721
4909,0.06514988545098131
4910,0.02535843184943729
4911,0.01944074847617138
4912,0.1117804698487992
4913,0.13888244715601644
4914,0.16717803342179036
4915,0.3310673513146968
4916,0.21841177462535175
4917,0.16276176568099182
4918,0.11969135996649716
4919,0.06540473673369142
4920,0.09979420310984666
4921,0.10422313989324114
4922,0.027904011529839734
4923,0.044362813384796494
4924,0.22962816514679427
4925,0.13320052339164792
4926,0.1183754231479913
4927,0.08893939689575489
4928,0.014886831436421813
4929,0.8793479830822726
4930,1.0
4931,1.0
4932,0.010793879893860932
4933,0.06413651121968503
4934,0.17519121702905877
4935,0.20801950066974845
4936,0.007659982125707665
4937,0.020958869784034096
4938,0.018703399647212605
4939,0.022099901588932134
4940,0.14270980619049012
4941,0.017373639795656263
4942,0.2214574690961726
4943,0.5097570499521813
4944,0.1030841610595396
4945,0.07379143981490249
4946,0.06439700934656754
4947,0.15199460740222917
4948,0.07332141643534072
4949,0.17547682182018914
4950,0.05893743251262554
4951,0.035489926160340815
4952,0.15436773182208746
4953,0.10591040162061882
4954,0.13504231884221815
4955,0.010053252323539383
4956,0.0
4957,0.42265050748635175
4958,0.35395003373465733
4959,0.21068272205815816
4960,0.08551343017647065
4961,0.060975241251106795
4962,0.07237172897477567
4963,0.0
4964,0.07351650756622348
4965,0.2083190267758826
4966,0.017998893566612276
4967,0.0
4968,0.03948970755530123
4969,0.010784554615289736
4970,0.03153081253331412
4971,0.029586852200089112
4972,0.03538919065701971
4973,0.19736800482927783
4974,0.5124435989608512
4975,0.24351238270261577
4976,0.22610851090927056
4977,0.137055770025985
4978,0.1926471400897975
4979,0.16246732322332874
4980,0.3492562211008767
4981,0.10509602571781033
4982,0.026836543244848406
4983,0.040604170523859236
4984,0.04200109691183721
4985,0.14983615915704457
4986,0.1779107745197586
4987,0.08428746527519781
4988,0.2361768310626538
4989,0.23739394128267552
4990,0.18351991119391808
4991,1.0
4992,0.16814218684421117
4993,0.021337279147100437
4994,0.07084750045204549
4995,0.17662767697772316
4996,0.06119483406767834
4997,0.03604457055425317
4998,0.06558382482679007
4999,0.051002616933334445
5000,0.048871670379082424
5001,0.07591764943936835
5002,0.0484994017721157
5003,0.0973120987101332
5004,0.22954833007134437
5005,0.20395628856610812
5006,0.4305360553684619
5007,0.21528791141164383
5008,0.12660778165596834
5009,0.13833473180194186
5010,0.19772749066134793
5011,0.04014672694368598
5012,0.15092737033039288
5013,0.053645662421322474
5014,0.04296852254109687
5015,0.2208393922652372
5016,0.18896790972609548
5017,0.056995304862011334
5018,0.5479442739403113
5019,0.19473756612553772
5020,0.057233537486852705
5021,0.08346316106514942
5022,0.09505364980806127
5023,0.0463511459036209
5024,0.020073519188982463
5025,0.012880090380149062
5026,0.05660751197040001
5027,0.07292749038285223
5028,0.07145067696542838
5029,0.07276924836709003
5030,0.14635956073447381
5031,0.18814625454538716
5032,0.8141970799798093
5033,0.3353328568322883
5034,0.2202681212486016
5035,0.39645438811668476
5036,0.1116895344732753
5037,0.04123241406668991
5038,0.06699831748293167
5039,0.10477503942090692
5040,0.17929397297429106
5041,0.22310977996592044
5042,0.038523148006113984
5043,0.0
5044,0.0848834029527701
5045,0.106550542034892
5046,0.0
5047,0.04341453034659187
5048,0.08064230357920865
5049,0.0004547202547249884
5050,0.024062128139126726
5051,0.002654770966860643
5052,0.0032356885775571055
5053,0.024691844930600237
5054,0.051849167497826906
5055,0.08356034023887363
5056,0.11248317979581123
5057,0.18927583260811517
5058,0.22030960618376702
5059,0.16311801598855727
5060,0.3812194361942627
5061,0.4755107491491286
5062,0.19604827005012945
5063,0.06880511990101498
5064,0.004351478353235798
5065,0.024390564281976584
5066,0.013202535805768892
5067,0.03381298882744723
5068,0.12332035130910113
5069,0.0
5070,0.0
5071,0.5310642708149144
5072,0.058237794493589595
5073,0.0
5074,0.020219885997843266
5075,0.012003092321135686
5076,0.056815263777979845
5077,0.002765258973156924
5078,0.04050767159306221
5079,0.025831579994826073
5080,0.012226686932852738
5081,0.012965207912781612
5082,0.03359634187124469
5083,0.09898627463678493
5084,0.11811142887656437
5085,0.34744791392680335
5086,0.22769459553134663
5087,0.08394967035356435
5088,0.7276816941595534
5089,0.1998196486401657
5090,0.2465669740642195
5091,0.08858486927651055
5092,0.019555130204059842
5093,0.05329842086193332
5094,0.07129921447709203
5095,0.05897747323745186
5096,0.07499370148965326
5097,0.34697103102295257
5098,0.026396881427580052
5099,0.1926909231558526
5100,0.0
5101,0.08208374997775478
5102,0.074658389326829
5103,0.09392682015060318
5104,0.23999488132921284
5105,0.01674733927336879
5106,0.03400578794429294
5107,0.011309789576022734
5108,0.07965025380030989
5109,0.16164480586107666
5110,0.44303380230796263
5111,0.20022559605042572
5112,0.2377169947905252
5113,0.16496454809709302
5114,0.2552310891668151
5115,0.15596514048473256
5116,0.015623646848297264
5117,0.0009574582504234559
5118,0.0
5119,0.0
5120,0.017720249214040962
5121,0.0
5122,0.1363380880525629
5123,0.16191313029382595
5124,0.040611008341430097
5125,0.2019257179372108
5126,0.05646940603106669
5127,0.03134712808729758
5128,0.17456209275782364
5129,0.08099730807989483
5130,0.015950749656233408
5131,0.01642077010701125
5132,0.15413105091976412
5133,0.09955657488130876
5134,0.025375845069894508
5135,0.05905460157122951
5136,0.1714614728771814
5137,0.07229106925855881
5138,0.06355650413477941
5139,0.020026641769667227
5140,0.0549326426855174
5141,0.04135317620200157
5142,0.017569144744586023
5143,0.08393119467097145
5144,0.11237733225154092
5145,0.05913457772473359
5146,0.02800873398957982
5147,0.0
5148,0.1815021541141927
5149,0.0
5150,0.0
5151,0.047486040904789195
5152,0.08100818917989493
5153,0.04949375406999142
5154,0.18115226531898246
5155,0.03366063485947431
5156,0.024678414485830958
5157,0.0
5158,0.03780736759220414
5159,0.15356498508953279
5160,0.3425805011119999
5161,0.26820779149610185
5162,0.024671037468502483
5163,0.0
5164,0.016681862933019133
5165,0.1019718046780679
5166,0.12883702694347687
5167,0.0
5168,0.009483177697192301
5169,0.0
5170,0.05247650839716987
5171,0.0
5172,0.0
5173,0.11207665684539359
5174,0.08436545758208645
5175,0.23936995632236238
5176,0.057702902204017394
5177,0.020172007694745545
5178,0.0066054568365855465
5179,0.0795870026440041
5180,0.1326685669722094
5181,0.2145906333223207
5182,0.015046108081156561
5183,0.0
5184,0.08905611272729806
5185,0.006042039198314181
5186,0.0
5187,0.1308820031475257
5188,0.10056597059158176
5189,0.036101084914201505
5190,0.013602411846278627
5191,0.22446131417443616
5192,0.0
5193,0.007708803532492426
5194,0.026543991004072228
5195,0.1420003058570652
5196,0.0670732106946666
5197,0.011476642692034975
5198,0.020215299987775402
5199,0.022373023101656248
5200,0.08274243962196584
5201,0.18295493852482725
5202,0.018382678001052925
5203,0.004691933908227833
5204,0.024335435750515937
5205,0.03175483105423916
5206,0.038450960437018185
5207,0.17289884085481014
5208,0.06236537051791728
5209,0.18504127553570293
5210,0.07168717049061503
5211,0.00886313956103611
5212,0.07688917481447212
5213,0.05643096103337964
5214,0.0061596141736027935
5215,0.11948802014812315
5216,0.0
5217,0.0
5218,0.07323911325918021
5219,0.023856203018946993
5220,0.07947373360204488
5221,0.07351071684144064
5222,0.00032024217764380905
5223,0.004885560703886122
5224,0.20038645242506056
5225,0.268925581369915
5226,0.07935411287580352
5227,0.04013476081596441
5228,0.0
5229,0.10057064932992893
5230,0.011660229679168185
5231,0.006014755417974498
5232,0.0969595398503965
5233,0.08273714522112796
5234,0.04629547603304593
5235,0.7110885491195105
5236,0.04003338338499061
5237,0.06429243568482308
5238,0.0024089455133525593
5239,0.05032084038823453
5240,0.026415699436577643
5241,0.020174359036273615
5242,0.0
5243,0.21290569446951382
5244,0.38289343500967227
5245,0.051733493637289796
5246,0.16964697083822358
5247,0.038542865045535994
5248,0.0038035167504117456
5249,0.03985451042361205
5250,0.10026401909936958
5251,0.022201304335326938
5252,0.004561816845678984
5253,0.03838399215927574
5254,0.02192427316749946
5255,0.0
5256,0.02712603037122993
5257,0.02842615239782449
5258,0.0
5259,0.07251626727924487
5260,0.0
5261,0.0
5262,0.027952281824411035
5263,0.06896121881124818
5264,0.10199690549456034
5265,0.031086786228608162
5266,0.07419182110739177
5267,0.4809660609109605
5268,0.05922359715396803
5269,0.1050927382943349
5270,0.0833904922692008
5271,0.05482779716260999
5272,0.018562321853309676
5273,0.21962019052954734
5274,0.016336317733707126
5275,0.0
5276,0.06933355263258945
5277,0.12517551017396714
5278,0.03483998507844671
5279,0.08554558989410169
5280,0.02672773050553233
5281,0.05367529540778166
5282,0.05109200310610073
5283,0.19884986781637246
5284,0.03026664139027857
5285,0.0
5286,0.0
5287,0.03062785000282868
5288,0.07588365405110806
5289,0.0021374410238861495
5290,0.03744480348655002
5291,0.11344529271964983
5292,0.06823882058912123
5293,0.0
5294,0.03246597571726951
5295,0.03483754145967906
5296,0.04020642949193618
5297,0.0750006733073669
5298,0.07070440330086754
5299,0.09747756106066159
5300,0.03144330330551311
5301,0.04595335079301323
5302,0.009259544939222339
5303,0.027671034589056193
5304,0.20961073168103503
5305,0.14655559391543632
5306,0.0
5307,0.06524668829868005
5308,0.008310278710763938
5309,0.009179396368518335
5310,0.03143661316327846
5311,0.0252786286607547
5312,0.026374493465402934
5313,0.009275758378841323
5314,0.0
5315,0.020728011584229638
5316,0.017997476035839746
5317,0.004448117836235975
5318,0.027878311915992722
5319,0.06482521726205821
5320,0.12252955682881594
5321,0.0
5322,0.0
5323,0.0
5324,0.14387464058423036
5325,0.0
5326,0.2135185859131407
5327,0.0
5328,0.01001253677291402
5329,0.04202311364133099
5330,0.012109891462179148
5331,0.015914256187645952
5332,0.03006951197000164
5333,0.028107720101457335
5334,0.015086406712678054
5335,0.0003973251192419923
5336,0.0
5337,0.06433631631273211
5338,0.0
5339,0.0
5340,0.030847661349378972
5341,0.0
5342,0.0024361149522325225
5343,0.095812143874645
5344,0.02437376738812476
5345,0.024432953118164912
5346,0.03343456314433751
5347,0.016344391380696367
5348,0.06458266159790679
5349,0.0
5350,0.0
5351,0.11895253864638457
5352,0.04936917344221633
5353,0.03021283120837264
5354,0.03470588748610538
5355,0.0
5356,0.16415223741573215
5357,0.021759231325895325
5358,0.007014937151612898
5359,0.0996513807524986
5360,0.003628968997321667
5361,0.03316729252521687
5362,0.1280491221939403
5363,0.04027301043074461
5364,0.011446938345240014
5365,0.019823722465324232
5366,0.0
5367,0.013155664543890727
5368,0.011501480305859504
5369,0.0
5370,0.00012557485316626413
5371,0.03851693955304046
5372,0.0023420370347628757
5373,0.0017675330027039798
5374,0.02909897071786612
5375,0.08387478730478345
5376,0.03133940434828831
5377,0.011759032407023053
5378,0.0
5379,0.07243328689802545
5380,0.030758503665647113
5381,0.0
5382,0.05034123082350297
5383,0.05135240545139516
5384,0.0151175915044652
5385,0.00974801900454928
5386,0.022387865198743685
5387,0.037995797938654256
5388,0.021201129618457687
5389,0.003894171589430035
5390,0.0
5391,0.03400035699155078
5392,0.07403004704838585
5393,0.1018044680005883
5394,0.0031360519349121554
5395,0.059307444131357974
5396,0.011258986145687164
5397,0.0
5398,0.0
5399,0.0
5400,0.046295091245522835
5401,0.0
5402,0.0
5403,0.08638298314157912
5404,0.0
5405,0.06627473710179584
5406,0.042956269542402205
5407,0.00741820840606436
5408,0.1208712240334128
5409,0.024864560252206007
5410,0.0248510145221587
5411,0.0
5412,0.09466330781282961
5413,0.2008995161183295
5414,0.1557965936330021
5415,0.004567931102014468
5416,0.0439485482912957
5417,0.22237958181016398
5418,0.10139289033113778
5419,0.29427639018378976
5420,0.0038875601789214753
5421,0.2357771889703502
5422,0.03463997711241252
5423,0.03429711825865271
5424,0.0
5425,0.009684196351498035
5426,0.0
5427,0.0
5428,0.19055381110876798
5429,0.043608083748360824
5430,0.7018371843906119
5431,0.11169505531252517
5432,0.02085247459008767
5433,0.18218235356253673
5434,0.03434706442433843
5435,0.0
5436,0.0
5437,0.018608606831762475
5438,0.042029114206320335
5439,0.02339389984432631
5440,0.05937698251133558
5441,0.045367794198573674
5442,0.39836262505906483
5443,0.4609594945720938
5444,0.06350893598145912
5445,0.19002744213208358
5446,0.22620622087885106
5447,0.0
5448,0.0019932270491199366
5449,0.08446173727224267
5450,0.03933457140800712
5451,0.04054737418607325
5452,0.0
5453,0.4613791950951344
5454,0.0688919913043051
5455,0.22183014450457625
5456,0.46812496848970325
5457,0.011221912610946542
5458,0.00523896265544268
5459,0.3341072433145899
5460,0.06184512606790178
5461,0.23750616083481974
5462,0.059954238258959965
5463,0.04148671663571665
5464,0.046361762487023894
5465,0.012354606576488469
5466,0.0
5467,0.046902767199191536
5468,0.0
5469,0.14501872460888052
5470,0.3293058892922194
5471,0.009055216224293523
5472,0.023674381852793795
5473,0.034877813121596615
5474,0.05782613599794327
5475,0.07068182726835699
5476,0.0
5477,0.04934528533728483
5478,0.08713011444930507
5479,0.13438279401033304
5480,0.03888408424294609
5481,0.023104440723148746
5482,0.21606240545455951
5483,0.04825651442579949
5484,0.19158429840395172
5485,0.019136866806094787
5486,0.03169999570113903
5487,0.0
5488,0.0
5489,0.0
5490,0.371128635759565
5491,0.01586027864907226
5492,0.24874038711466162
5493,0.35535697391871424
5494,0.0
5495,0.05007117880355987
5496,0.03934503969713622
5497,0.01448306297173974
5498,0.0296651470341651
5499,0.0014944685003713658
5500,0.017686052105701813
5501,0.0
5502,0.0891843456800633
5503,0.08067144510819434
5504,0.0917221622983554
5505,0.20924765188790306
5506,0.31027771873438975
5507,0.0
5508,0.0
5509,0.03465150826542546
5510,0.0
5511,0.004024483211633115
5512,0.02651897403464463
5513,0.0
5514,0.18381981542197517
5515,0.03049015620006799
5516,0.056195260286734744
5517,0.0
5518,0.05366471578279262
5519,0.012176364015697702
5520,0.2672311083693734
5521,0.7095398073682656
5522,0.01546734007162452
5523,0.0
5524,0.02747995164465324
5525,0.012774727225976673
5526,0.009324577961591885
5527,0.014685645957220272
5528,0.01162636423327713
5529,0.002171341022099278
5530,0.13622130183721295
5531,0.23885107606185238
5532,0.11182402528617433
5533,0.13280278848390473
5534,0.13184919532820677
5535,0.0
5536,0.04086515017290839
5537,0.031214646612173675
5538,0.047867592117796724
5539,0.018459767899358458
5540,0.025143328458220687
5541,0.03014975223508426
5542,0.01396249944642606
5543,0.024668038092998643
5544,0.01418255708406554
5545,0.004427143089103986
5546,0.016299487201277784
5547,0.019370062377530382
5548,0.034627821303408385
5549,0.0
5550,0.0
5551,0.07270186469097908
5552,0.09901636525994624
5553,0.11977480017507804
5554,0.028066793218454202
5555,0.031502833618402254
5556,0.024285026661540074
5557,0.11318979469596552
5558,0.11336670039979302
5559,0.015772638948951534
5560,0.08775991740303432
5561,0.019560154080962417
5562,0.0
5563,0.06543624184033875
5564,0.01216333680988281
5565,0.02781659774459104
5566,0.02520489949503792
5567,0.06314708683590772
5568,0.05161719490987141
5569,0.09496601720549738
5570,0.07636822005895218
5571,0.05574424920301665
5572,0.037792124492987494
5573,0.03133617684957438
5574,0.014310935910657113
5575,0.05736756243788747
5576,0.07316062584012498
5577,0.07978476801766517
5578,0.047101193618818954
5579,0.35599076763064125
5580,0.0808163450699608
5581,0.16427210763099678
5582,0.06299780972945923
5583,0.09737773614932314
5584,0.018036472952610783
5585,0.0014410920605240655
5586,0.009038673660400811
5587,0.007236327285506396
5588,0.06125891843870441
5589,0.03131326960555074
5590,0.002383799420515401
5591,0.0304892566557768
5592,0.019226651059725985
5593,0.10321849729712021
5594,0.05214908274527176
5595,0.05769689058459497
5596,0.05261976275414987
5597,0.0783242865856311
5598,0.062107320632658905
5599,0.2524489804522684
5600,0.02537242331053596
5601,0.028850254165361085
5602,0.05834530684088141
5603,0.026263365166602992
5604,0.04870214328505215
5605,0.025508109113746447
5606,0.04613615039117475
5607,0.13418512199772298
5608,0.021717713907914375
5609,0.1374784130999234
5610,0.05473538828205754
5611,0.07826979100855565
5612,0.03212370522517843
5613,0.0158236170441781
5614,0.13577131072890655
5615,0.0012228753489313376
5616,0.015139881442905737
5617,0.12595882478487125
5618,0.04456587674269075
5619,0.009109568618396992
5620,0.005671121934489607
5621,0.05491056254013481
5622,0.042510076826500404
5623,0.053397923137155676
5624,0.08865204629487926
5625,0.08522263791413717
5626,0.07602229730506392
5627,0.05026722125370401
5628,0.05605021130845315
5629,0.024816542054676136
5630,0.06967554855702462
5631,0.011678645850109817
5632,0.028333403902243638
5633,0.06929905474981464
5634,0.05495791199184042
5635,0.029262395684396536
5636,0.0018670923843769431
5637,0.02992736370725659
5638,0.020822552145310234
5639,0.10685278867254909
5640,0.13287833444330913
5641,0.06153532814022156
5642,0.0
5643,0.01107117261050758
5644,0.0
5645,0.053859370388016234
5646,0.04809352620045089
5647,0.06416010713049623
5648,0.06108609040786501
5649,0.1118905891783261
5650,0.2997923792116616
5651,0.09845246905680435
5652,0.10043950085438379
5653,0.03267338624532568
5654,0.027769135505410644
5655,0.083909626328186
5656,0.13047629383216391
5657,0.06903421449263684
5658,0.0
5659,0.014013483964016547
5660,0.31087374781208876
5661,0.06744724910942056
5662,0.09454578026187659
5663,0.06278500585046595
5664,0.09237009031894873
5665,0.0
5666,0.016846140513204485
5667,0.0
5668,0.03312244019940927
5669,0.011151788749945022
5670,0.030715334064009833
5671,0.14422156061783645
5672,0.03740506675752382
5673,0.02777813948898433
5674,0.0872785720399051
5675,0.4093115816558147
5676,0.05796819765751019
5677,0.0
5678,0.09237791111384527
5679,0.057543693658505195
5680,0.19397851109596592
5681,0.1595197068592309
5682,0.09242336337061831
5683,0.009253122852159897
5684,0.014538728373119862
5685,0.09435068464889788
5686,0.16927495397703607
5687,0.042953711946427074
5688,0.20364864834371774
5689,0.13096723300676866
5690,0.08326429089746946
5691,0.0006358924752112394
5692,0.027091686008050953
5693,0.015873227533992746
5694,0.06033435166678107
5695,0.03359528079537301
5696,0.10499415300264968
5697,0.09537014196404076
5698,0.06871910529640471
5699,0.1346308869805617
5700,0.028207145616727786
5701,0.06753087387805633
5702,0.19220274694490994
5703,0.20611914374441467
5704,0.08843021526636552
5705,0.01991885555414286
5706,0.015876753806695947
5707,0.02967260181739071
5708,0.4433081008406505
5709,0.04240222404410504
5710,0.0042323196068177115
5711,0.21170414706212917
5712,0.22971111480320794
5713,0.0
5714,0.012133810121518018
5715,0.02029066974133863
5716,0.051336156318513675
5717,0.15595586963629693
5718,0.06878289399059907
5719,0.044846830490336546
5720,0.04444225906210098
5721,0.17237820035493864
5722,0.18413464421313563
5723,0.16514342378544802
5724,0.1681550412040567
5725,0.23439440729672115
5726,0.0792994916155023
5727,0.021841980101452736
5728,0.11284802537408105
5729,0.016115584544511195
5730,0.3266301986385451
5731,0.9367581572930689
5732,0.0
5733,0.05226720785780876
5734,0.32972399625954857
5735,0.0
5736,0.056422421034449804
5737,0.18075262672730963
5738,0.026606237114771204
5739,0.039779297481973265
5740,0.05370412630600202
5741,0.01923821021670663
5742,0.1002347912493103
5743,0.00015611889217988033
5744,0.1783205718138187
5745,0.04620976728802256
5746,0.07798366960569325
5747,0.1508240707852155
5748,0.11420272802103008
5749,0.1732322841144204
5750,0.27199785275906563
5751,0.21429052838242205
5752,0.02336471342611549
5753,0.18836712290928992
5754,0.13848050954807659
5755,0.19012159237476275
5756,0.7932350468308697
5757,0.31518660608830457
5758,0.34400461938070387
5759,0.047690555548169526
5760,0.1470522250473094
5761,0.02060796924537494
5762,0.007482030048009869
5763,0.0
5764,0.0
5765,0.0
5766,0.001081683266762882
5767,0.0777430702153935
5768,0.0
5769,0.0
5770,0.0
5771,0.04715947219777306
5772,0.06241474536773873
5773,0.10382333604863106
5774,0.13542837658257512
5775,0.10657326581708429
5776,0.18956880473268276
5777,0.10619216986793069
5778,0.02591755976856882
5779,0.11329082757455147
5780,0.19520771724108352
5781,0.17435811765804332
5782,0.9914780330639908
5783,1.0
5784,0.4173939080587694
5785,0.0
5786,0.006256792557949415
5787,0.060121817736691195
5788,0.048478827573839194
5789,0.22953854141213098
5790,0.05991426718074673
5791,0.06185182944621915
5792,0.0
5793,0.04008442248650524
5794,0.08400743353688388
5795,0.024360519718076984
5796,0.0
5797,0.06952034784932698
5798,0.0
5799,0.010302333103776812
5800,0.1118795208983406
5801,0.10007709417485042
5802,0.044129855810266364
5803,0.054047498672669655
5804,0.13747254551510893
5805,0.05922689951045811
5806,0.03565067218199913
5807,0.07684279719439259
5808,0.0966436382111391
5809,0.06558801871256706
5810,0.9671907030901415
5811,0.8584757177002292
5812,0.5340526683179287
5813,0.0
5814,0.015303761713773784
5815,0.027637213453478995
5816,0.11485390622013268
5817,0.12003131282147823
5818,0.2057016219148035
5819,0.11393651275882906
5820,0.01101599037584699
5821,0.046371705767958765
5822,0.12733081153757242
5823,0.17911735291196698
5824,0.15144878230127515
5825,0.33657506468396997
5826,0.215867801597145
5827,0.14313108840327637
5828,0.11405427171984717
5829,0.06517164211909383
5830,0.0876683127316384
5831,0.09677973788578932
5832,0.04156454319357733
5833,0.05198780887274413
5834,0.25340280027883194
5835,0.1449986631506237
5836,0.08069395101382575
5837,0.06667606931890996
5838,0.040222636713940066
5839,0.9273991875025619
5840,1.0
5841,0.9887587410304018
5842,0.004626937673480023
5843,0.03989914379879866
5844,0.20022279152909994
5845,0.12364913359033167
5846,0.0461856490032061
5847,0.04095494622825382
5848,0.018736299871582814
5849,0.026315626563390503
5850,0.10337182764131633
5851,0.017816880158078367
5852,0.3124898630277061
5853,0.5213214083305653
5854,0.08362901317755295
5855,0.07929841954330533
5856,0.060858095585919696
5857,0.1513543736647923
5858,0.0828408356567965
5859,0.1849399173659959
5860,0.08547922638749335
5861,0.013392702755529099
5862,0.13570094473599098
5863,0.09066285964393649
5864,0.09852961337623335
5865,0.03843709627090716
5866,0.3590375658263373
5867,0.35957187665204643
5868,0.21117986086474505
5869,0.09067025431086614
5870,0.04825802535414536
5871,0.09244811572690256
5872,0.08043409750610025
5873,0.1803295383003498
5874,0.030033464225902702
5875,0.05197991237018687
5876,0.026309092948576862
5877,0.0
5878,0.02619093566752785
5879,0.02614572294303824
5880,0.024817193372167763
5881,0.2162119485647483
5882,0.5749413293815634
5883,0.2934601273434039
5884,0.2050408344845126
5885,0.14698347436944384
5886,0.2193750424069778
5887,0.18700952646168428
5888,0.37132757501057495
5889,0.058721797872527695
5890,0.0011770773685459304
5891,0.06923068161919718
5892,0.029212226597661258
5893,0.13746379803502815
5894,0.2045628826305146
5895,0.09196035075020872
5896,0.23105183696832818
5897,0.2356182132387891
5898,0.1359586644070782
5899,1.0
5900,0.1134104152791473
5901,0.018402549491651505
5902,0.0994176337236522
5903,0.16513585945226514
5904,0.007873653745598324
5905,0.04974528642137639
5906,0.03221316552441059
5907,0.042984053855188276
5908,0.06885871404996985
5909,0.0753279255138869
5910,0.044660784546623755
5911,0.10868030584953421
5912,0.22803296728127137
5913,0.24109551341991348
5914,0.4361185511137319
5915,0.21834827883351476
5916,0.1461793588712013
5917,0.13464220420170955
5918,0.20606758228407637
5919,0.1448324003658714
5920,0.06873188223948747
5921,0.015488132817596879
5922,0.24952573408446097
5923,0.2444503716923716
5924,0.06903414950447655
5925,0.49086177831140443
5926,0.22601701802231194
5927,0.04152077137511492
5928,0.06471086632849368
5929,0.12406928303623338
5930,0.0513013016394683
5931,0.020899978653239337
5932,0.04554435961506092
5933,0.04717544888257569
5934,0.0732508274602194
5935,0.10608162000016981
5936,0.05775241956495301
5937,0.12603064871907066
5938,0.2426811480058645
5939,0.9647324475395194
5940,0.3473053065856143
5941,0.2539191113457779
5942,0.5249611670134461
5943,0.12724457784935195
5944,0.09998765351662736
5945,0.0812393572044521
5946,0.18407557710224798
5947,0.19245691043618784
5948,0.0758411660202475
5949,0.0
5950,0.0
5951,0.07494149397395783
5952,0.12553851329614882
5953,0.001530609965650499
5954,0.061312133260963325
5955,0.06475057207464008
5956,0.044526364149988444
5957,0.0391473975374776
5958,0.029606291114403507
5959,0.013055880581194066
5960,0.021487867758018458
5961,0.04161409320466825
5962,0.04508286031432103
5963,0.04717477257054074
5964,0.19246699566470707
5965,0.19842670830290896
5966,0.14476821559281858
5967,0.43792457873108015
5968,0.515382193657811
5969,0.24472305856590826
5970,0.12724034391549077
5971,0.003677957166919755
5972,0.013101786235430686
5973,0.0059263569062953875
5974,0.05221746132194314
5975,0.11377568583296258
5976,0.0
5977,0.0
5978,0.4733040699382966
5979,0.0
5980,0.0
5981,0.040944411386388074
5982,0.0
5983,0.13515194800009586
5984,0.0012499071489515663
5985,0.08335381333439183
5986,0.01638751573377178
5987,0.022911212394080272
5988,0.003058397649416527
5989,0.02573504741330871
5990,0.03510938584870182
5991,0.08566141807912986
5992,0.09998684252486437
5993,0.26479775200581507
5994,0.24677293598384623
5995,0.07288302203348644
5996,0.7321172838041672
5997,0.21448065820494258
5998,0.2771032376639201
5999,0.1711332204040696
6000,0.06512460979343594
6001,0.027853498773866305
6002,0.04241729141214589
6003,0.006807956725899135
6004,0.04591724174148963
6005,0.044538881384924435
6006,0.03425762043824568
6007,0.3309296980601091
6008,0.0648388425330933
6009,0.23633117764874403
6010,0.017304409305723193
6011,0.09505621614855608
6012,0.07936731467737612
6013,0.07984078090881044
6014,0.22170934903631614
6015,0.0008400393866326254
6016,0.025610233167523266
6017,0.0720966872557816
6018,0.16477120239220897
6019,0.48083824569265593
6020,0.20877006557067784
6021,0.20398171765556905
6022,0.09621956076130005
6023,0.23186179231142928
6024,0.14469444414205257
6025,0.019019458623781516
6026,0.03991031205070025
6027,0.03008231988860391
6028,0.1686719142520183
6029,0.11152535030613549
6030,0.023930388390429574
6031,0.18109920681455144
6032,0.0
6033,0.05667652153712597
6034,0.18896092143201162
6035,0.073078629484366
6036,0.00690798391113196
6037,0.12029767155338715
6038,0.1176734479567133
6039,0.011366148599326475
6040,0.0
6041,0.06991243109651622
6042,0.1926326302182197
6043,0.08040414439321278
6044,0.06382721461778372
6045,0.0005212412196385808
6046,0.060512866538915924
6047,0.06496662166311427
6048,0.01626469089057679
6049,0.13266252097045111
6050,0.07560666665522364
6051,0.03439523025327248
6052,0.028631336902099246
6053,0.004942104766656743
6054,0.18442123130216478
6055,0.0
6056,0.0
6057,0.06280452487218774
6058,0.054871329958862465
6059,0.052053940624035684
6060,0.18358978031701778
6061,0.005299739143376612
6062,0.028028454827273185
6063,0.0
6064,0.05965573449235507
6065,0.18261820857994723
6066,0.31886374800126693
6067,0.22625290972772763
6068,0.031589651026871425
6069,0.01889836319032581
6070,0.0
6071,0.08458611110023381
6072,0.0071333490845652365
6073,0.054122306585826126
6074,0.16297914848383468
6075,0.004708414464204059
6076,0.0
6077,0.004366891413410247
6078,0.004902216970297856
6079,0.0
6080,0.0876487175965743
6081,0.08537045956577782
6082,0.22484805926638693
6083,0.06202258784991631
6084,0.028360603144228683
6085,0.021553777565426934
6086,0.05451232313897774
6087,0.08488696119834528
6088,0.21629324233714844
6089,0.009174379195155014
6090,0.08944159707464987
6091,0.012887200688911579
6092,0.0138850654168883
6093,0.14396070684111578
6094,0.12507992530642995
6095,0.09110464434996128
6096,0.025044512846424002
6097,0.0
6098,0.2555457209529139
6099,0.0
6100,0.01331878388462385
6101,0.03134894020215671
6102,0.17741811100159902
6103,0.037863852957744935
6104,0.030484170601025398
6105,0.026402740000942337
6106,0.013159032546505314
6107,0.08467523053571774
6108,0.14044100734882
6109,0.03765066552695949
6110,0.0
6111,0.02039539375742844
6112,0.0125702982095281
6113,0.06691808875033203
6114,0.036767068633525433
6115,0.17315895170985013
6116,0.02428015576878758
6117,0.191941115907418
6118,0.1430403379895619
6119,0.011861555850967414
6120,0.07328508923124565
6121,0.029271912463424296
6122,0.0
6123,0.18693211402376653
6124,0.03946353776368689
6125,0.008896235899019302
6126,0.07367866774150088
6127,0.031586287851717014
6128,0.0
6129,0.0025375009337317168
6130,0.19946490413093895
6131,0.2439737795358108
6132,0.08519987381854861
6133,0.030600243980406457
6134,0.1154082954522424
6135,0.020682945583846885
6136,0.021430556704503095
6137,0.06745452983478253
6138,0.04919063824312708
6139,0.09871131675245709
6140,0.8008162765560574
6141,0.054588355463557656
6142,0.010577074961631109
6143,0.07314220290987418
6144,0.014431497689617573
6145,0.02745713208903364
6146,0.021755880522252358
6147,0.13426961692369918
6148,0.3376036579518449
6149,0.10598528948058993
6150,0.0832168003195864
6151,0.0
6152,0.022533549792267918
6153,0.03861364662506697
6154,0.09457134404112885
6155,0.03470264421534465
6156,0.024340773712668733
6157,0.05874193080071344
6158,0.022643305001422073
6159,0.0
6160,0.01675930121527501
6161,0.03914675734248975
6162,0.024992693520591514
6163,0.06149953640946262
6164,0.0
6165,0.012272466630892067
6166,0.0
6167,0.03142851852003812
6168,0.05163839940904045
6169,0.11180630079290096
6170,0.012662611515762198
6171,0.030795878989492074
6172,0.459228181473004
6173,0.022619257647445507
6174,0.09452183096243898
6175,0.05641394010484095
6176,0.043956665069938
6177,0.020628805354844775
6178,0.21568499728718818
6179,0.01886221946803987
6180,0.0
6181,0.0
6182,0.0
6183,0.029836723823419068
6184,0.09529360011359944
6185,0.0
6186,0.0
6187,0.0852388519651853
6188,0.0006978076159276854
6189,0.024577583444153856
6190,0.20047420970184257
6191,0.0847214937416021
6192,0.01202094167457955
6193,0.0
6194,0.02788832992093878
6195,0.07057683136048372
6196,0.008255237557859474
6197,0.03472709072544828
6198,0.14101494141196935
6199,0.1154013546517303
6200,0.0
6201,0.04352722241655874
6202,0.046266956305608176
6203,0.055977805149555866
6204,0.07088476257115349
6205,0.08429644129261385
6206,0.06474926971537472
6207,0.026324964752663445
6208,0.07776263778463487
6209,0.0
6210,0.07297396411903703
6211,0.21162952559366316
6212,0.14586292440133172
6213,0.07595591355625772
6214,0.009168433530785032
6215,0.019523606691701407
6216,0.025452644240143978
6217,0.020367193803195648
6218,0.01681964882379499
6219,0.0006290144370874124
6220,0.0
6221,0.0
6222,0.01038154387821105
6223,0.00537682810821267
6224,0.026345812681864842
6225,0.10634637255701403
6226,0.16649530848895738
6227,0.0
6228,0.0
6229,0.11528979670915734
6230,0.0
6231,0.18442614721613845
6232,0.0
6233,0.050443068680554815
6234,0.012778886283754592
6235,0.015083966547216675
6236,0.022567850684136612
6237,0.014773604262365996
6238,0.027357006924904614
6239,0.03226311253012069
6240,0.0
6241,0.057488193267683986
6242,0.0
6243,0.0
6244,0.0
6245,0.011935786081654113
6246,0.0
6247,0.0
6248,0.042819721359083324
6249,0.05970006784841413
6250,0.026880922910579707
6251,0.03242106671930206
6252,0.016258235530870503
6253,0.0
6254,0.0
6255,0.018687693537345094
6256,0.0
6257,0.0
6258,0.03803486717817355
6259,0.04098820768637184
6260,0.002656054754437568
6261,0.012402427479537728
6262,0.07474634031964053
6263,0.039626504075385725
6264,0.09337084848676395
6265,0.057496086968544524
6266,0.0
6267,0.20888188690156803
6268,0.035159797033863606
6269,0.003891647531563948
6270,0.0900059262169011
6271,0.01595569259454421
6272,0.08037486848510143
6273,0.13477425345261226
6274,0.05243485169214373
6275,0.0
6276,0.0331324699920059
6277,0.019849189932417972
6278,0.008065753505725517
6279,0.030963107630093054
6280,0.0
6281,0.018658877211588792
6282,0.015459812605302917
6283,0.00024706483267146614
6284,0.009121920657425318
6285,0.002039953859446618
6286,0.011637532204969152
6287,0.0
6288,0.03309548813610342
6289,0.06536074555449187
6290,0.1365356060877491
6291,0.005191206020167488
6292,0.03815723872901983
6293,0.04528472720798756
6294,0.0618752575993494
6295,0.03774682928394664
6296,0.014737246901750494
6297,0.04554622668639553
6298,0.010188264697621893
6299,0.03955240545382053
6300,0.0
6301,0.0
6302,0.03699862421085371
6303,0.06490251987753963
6304,0.09965420416580575
6305,0.012859870999197259
6306,0.05496823016806545
6307,0.01171294229016725
6308,0.0
6309,0.05252968420668983
6310,0.0
6311,0.14267235233627495
6312,0.0
6313,0.005191833559561479
6314,0.054175079704609795
6315,0.03289659935655351
6316,0.07499926864752311
6317,0.05774160559977548
6318,0.07437617498932146
6319,0.0
6320,0.008738379136084783
6321,0.022607178350259802
6322,0.0
6323,0.07440833589022303
6324,0.20237294233211522
6325,0.17087816613235732
6326,0.16425090369439527
6327,0.31523839357408506
6328,0.03280363756527868
6329,0.3338655373056941
6330,0.020388799872179363
6331,0.16671825753486352
6332,0.04605939533016787
6333,0.1820440902866186
6334,0.0
6335,0.048288243550015666
6336,0.00394520444560521
6337,0.28463549573855335
6338,0.010345381998517526
6339,0.8447637709799684
6340,0.1617746248897434
6341,0.22648407646868582
6342,0.06411322088809891
6343,0.006651814037652291
6344,0.0
6345,0.045981019672602215
6346,0.03214438753760838
6347,0.012750151775408617
6348,0.2129926345109564
6349,0.1308034426568014
6350,0.550505002754953
6351,0.5588402377169167
6352,0.11300690510050054
6353,0.09303905095672509
6354,0.12325117816017
6355,0.24244590375730693
6356,0.0
6357,0.0
6358,0.02494740766043743
6359,0.05372899431648896
6360,0.023628837584025862
6361,0.015570465956096973
6362,0.11221579606773587
6363,0.0
6364,0.4455209381585879
6365,0.13864717949805802
6366,0.2663856396401705
6367,0.5641535386457429
6368,0.13338636316584704
6369,0.020054485847406853
6370,0.46557381036799417
6371,0.04558869240367694
6372,0.0899143370051915
6373,0.207563594994637
6374,0.0649860324589343
6375,0.09530527121305794
6376,0.0
6377,0.05128388599662122
6378,0.05518140908082976
6379,0.047719317045296465
6380,0.16327446758702396
6381,0.0385464829335289
6382,0.09827907825763597
6383,0.34994083934306175
6384,0.032272198788154065
6385,0.017851648283856197
6386,0.09402477248571409
6387,0.02443282538497173
6388,0.07426026234438109
6389,0.028148010547846786
6390,0.07107864913848398
6391,0.09342372258000625
6392,0.04858278006972961
6393,0.04379358285328671
6394,0.11599007439931099
6395,0.3347310883611197
6396,0.06903056498245566
6397,0.023561263746297658
6398,0.0
6399,0.00551953198164972
6400,0.0016435315948386924
6401,0.0009150530343321675
6402,0.34367870692666846
6403,0.1617235104303843
6404,0.06402862495342332
6405,0.3467694179682271
6406,0.5041294662074407
6407,0.07643202616726036
6408,0.025871862629043892
6409,0.018919746829836007
6410,0.009971132688490609
6411,0.0
6412,0.04807002222465743
6413,0.0
6414,0.02606936693364586
6415,0.017029258068598525
6416,0.18249773313239176
6417,0.3165506104114493
6418,0.33121083186254835
6419,0.01865481057959172
6420,0.12436210387515935
6421,0.038999449992526344
6422,0.0
6423,0.06472097133790548
6424,0.008724837512496765
6425,0.2164906591385355
6426,0.009431312674404656
6427,0.0288051304566172
6428,0.0
6429,0.06398027840173495
6430,0.009128754741420749
6431,0.3048836467163713
6432,0.7156595135235292
6433,0.0
6434,0.0
6435,0.008529312731538395
6436,0.01491493408510829
6437,0.015797235852363544
6438,0.002773882035315353
6439,0.003380830734169266
6440,0.08471206163928333
6441,0.21988653310087836
6442,0.1620029370348546
6443,0.08159176324877228
6444,0.1103271920966676
6445,0.006762987056498866
6446,0.027785343848252427
6447,0.0399597229591941
6448,0.05121441494013679
6449,0.045999358172357986
6450,0.0266468978509581
6451,0.02630277302143483
6452,0.028164320352465442
6453,0.004519399503199639
6454,0.024948961565524078
6455,0.014661088325752566
6456,0.026623916713145266
6457,0.012314837635347181
6458,0.04494623958873185
6459,0.004712219537636545
6460,0.0
6461,0.0
6462,0.043272010510575123
6463,0.07640976625528124
6464,0.1551519036746534
6465,0.21937095929319894
6466,0.04220454624534059
6467,0.04863318797076399
6468,0.07439793719597279
6469,0.14987810896147682
6470,0.054072814270037975
6471,0.03070010439413813
6472,0.05288072700810235
6473,0.03578874676933306
6474,0.014424550891109398
6475,0.0
6476,0.07897116250594172
6477,0.034302074676235014
6478,0.028077750316984434
6479,0.027086759384188946
6480,0.044847527370809465
6481,0.07907720348385386
6482,0.16710225976607906
6483,0.05889429673058966
6484,0.13697067959213335
6485,0.04285584961761486
6486,0.016641532905458552
6487,0.012319444523473883
6488,0.046163822138400167
6489,0.044684381447080423
6490,0.0
6491,0.0
6492,0.06476578076184886
6493,0.04228904865848385
6494,0.423872539597559
6495,0.11631718956975824
6496,0.06467013830427662
6497,0.0
6498,0.14849730740313144
6499,0.01242431979304648
6500,0.11111323917190928
6501,0.03073228499410105
6502,0.0
6503,0.00585260992299778
6504,0.037505390769632795
6505,0.002796257465358395
6506,0.00932103607750581
6507,0.02095801934467102
6508,0.11553955607398714
6509,0.06592921670029284
6510,0.0341010694978037
6511,0.07970705343594399
6512,0.08553715603214454
6513,0.16128243086932903
6514,0.3108006329565078
6515,0.04191944311226267
6516,0.0449949621889332
6517,0.062069521578565795
6518,0.030865627552364498
6519,0.07429989274067192
6520,0.0734901757940888
6521,0.07175243643860998
6522,0.13527605871304357
6523,0.031127846634328698
6524,0.13690104064231198
6525,0.07944610832157946
6526,0.06014076843964658
6527,0.032855103702269954
6528,0.0018260270664406555
6529,0.014146252175339033
6530,0.1467734604051642
6531,0.012959882218436252
6532,0.03544241568401607
6533,0.1058623051498389
6534,0.04944201366000579
6535,0.0
6536,0.023585655024991305
6537,0.09458898884634881
6538,0.03578804631073545
6539,0.08364487163878927
6540,0.1052575146112296
6541,0.0751110484387013
6542,0.20131851559649297
6543,0.07633706184577392
6544,0.0984974487218197
6545,0.02714668980962261
6546,0.11083957761791602
6547,0.01713020820055745
6548,0.03772046948757703
6549,0.04240925308829964
6550,0.08793132367619325
6551,0.0533626405788164
6552,0.005598744698066658
6553,0.05468428605465846
6554,0.046086913184318734
6555,0.06902745628568756
6556,0.09616195484656329
6557,0.04625758758536356
6558,0.035266647662940805
6559,0.0
6560,0.00023107610600176963
6561,0.05959336356262737
6562,0.0
6563,0.059597990968194806
6564,0.0354173827056954
6565,0.03596450586397597
6566,0.11231715777523946
6567,0.30807257345712047
6568,0.09981209204251695
6569,0.1350962943535241
6570,0.056988304280522824
6571,0.09841618951204333
6572,0.0684714776259391
6573,0.08825502019987803
6574,0.08066512529102995
6575,0.0019405248429346113
6576,0.0
6577,0.30613057793651133
6578,0.08819672922663618
6579,0.10252264984151413
6580,0.07235185971257549
6581,0.10379298387209657
6582,0.0
6583,0.018681943192392265
6584,0.01647440847396041
6585,0.17085755679044023
6586,0.06489507625016283
6587,0.057297117965437225
6588,0.08063055746440563
6589,0.3694128697179649
6590,0.09354092640165265
6591,0.009361127313544361
6592,0.16218842220845262
6593,0.04447327483717446
6594,0.1987595461965757
6595,0.19204588230204261
6596,0.08499328477216382
6597,0.03518613707572554
6598,0.03409531209937468
6599,0.15862616608406888
6600,0.05004683950466502
6601,0.13719215195944795
6602,0.11508176793992327
6603,0.0
6604,0.07362249561749114
6605,0.0008775110450511565
6606,0.02081051387075311
6607,0.021517897535178073
6608,0.07766126020107376
6609,0.012765793872426306
6610,0.11408456831654738
6611,0.1195471959716834
6612,0.09457930446029467
6613,0.09841642424323502
6614,0.02007277405207967
6615,0.09203983820324117
6616,0.18742030123906875
6617,0.24090225237890805
6618,0.10436025426210052
6619,0.0012584645525975256
6620,0.03048774318890401
6621,0.031070699733887538
6622,0.018363710729278837
6623,0.044967062461837015
6624,0.4310975030059799
6625,0.06136331204009415
6626,0.03206868369914044
6627,0.30589356897830594
6628,0.2290569496422485
6629,0.0
6630,0.0
6631,0.0034402586439163945
6632,0.01935106370160353
6633,0.027613344395222422
6634,0.18016303183294116
6635,0.18211192618148284
6636,0.025084111389671815
6637,0.052104560329999564
6638,0.17748639847602293
6639,0.16544164947890497
6640,0.16951752251007193
6641,0.17401371321287085
6642,0.22401452532304128
6643,0.06852187511837937
6644,0.044902073870630846
6645,0.04124404294992837
6646,0.12213571253037833
6647,0.0405298914642572
6648,0.36694253458150283
6649,1.0
6650,0.0
6651,0.028000030678669848
6652,0.32315440444515786
6653,0.00025023521822184106
6654,0.04044570926835475
6655,0.1929535171229789
6656,0.015407787902174914
6657,0.022500615845313807
6658,0.04922362481274091
6659,0.015170614998260851
6660,0.04758886690067328
6661,0.20072861687581509
6662,0.0400206716271282
6663,0.07510789981751288
6664,0.1924902149312383
6665,0.14738077987660037
6666,0.22941635393556
6667,0.33443816466274034
6668,0.21926424245750742
6669,0.1841959171544705
6670,0.18289917033502326
6671,0.1990624854950367
6672,0.7065381022631458
6673,0.4009986376829662
6674,0.3804117380428806
6675,0.011675959894764608
6676,0.02634542000749783
6677,0.15626820000774808
6678,0.007093646046885524
6679,0.006976524387456737
6680,0.013828435110367542
6681,0.002603256042479914
6682,0.07581191125508474
6683,0.0
6684,0.0
6685,0.0
6686,0.05219753238132989
6687,0.07066754562227123
6688,0.08811029238836679
6689,0.119752973303469
6690,0.10620786318000712
6691,0.20157751243750263
6692,0.1276680618693268
6693,0.053281908524457515
6694,0.16497184759020558
6695,0.17459709291886324
6696,0.024987699668060814
6697,0.05106177926163442
6698,0.9523987481117686
6699,1.0
6700,0.3944590272108511
6701,0.0
6702,0.030805565996049965
6703,0.015645335695405636
6704,0.05078403796595415
6705,0.21951897379138968
6706,0.10028758823654914
6707,0.017840417001889458
6708,0.051543519816590895
6709,0.010323524540361657
6710,0.0358818369943488
6711,0.06405990024682003
6712,0.04115363215527946
6713,0.0075967703463956605
6714,0.18725419303218938
6715,0.0
6716,0.010063126198580418
6717,0.07695375478905996
6718,0.07622568961372518
6719,0.07306152672607819
6720,0.029078602835600646
6721,0.13369678709354524
6722,0.0622340035215735
6723,0.0
6724,0.044503706971467036
6725,0.05962460436165126
6726,0.13169597676851716
6727,0.019689716108537512
6728,0.9674080409328957
6729,0.9151612542890656
6730,0.5498200967671123
6731,0.019749449375283157
6732,0.01483843406079035
6733,0.010546760378534296
6734,0.1850783474443606
6735,0.09727267094392711
6736,0.18758586577384137
6737,0.0
6738,0.10210056235466815
6739,0.018383836787103657
6740,0.09206004418981535
6741,0.08258787808297156
6742,0.1809198060879039
6743,0.11407607534977975
6744,0.3562013713839143
6745,0.22153181373855418
6746,0.12073949598827312
6747,0.11307998108557749
6748,0.07592814394465915
6749,0.05952854778903364
6750,0.12589862074547525
6751,0.017490430746803867
6752,0.03678402922428049
6753,0.23574116204302356
6754,0.14330255483873522
6755,0.0762551953303003
6756,0.05159916514975349
6757,0.03862836058761676
6758,0.8877781534086521
6759,0.9957175469617262
6760,0.9905030566043639
6761,0.02876544067236744
6762,0.042462432347281795
6763,0.18012723063464176
6764,0.0
6765,0.20355895007594127
6766,0.0037406154506085935
6767,0.0
6768,0.012453396564820805
6769,0.03553756273944474
6770,0.02303747429379759
6771,0.07468508084574568
6772,0.024304776504189246
6773,0.3305873780518262
6774,0.5627267576314551
6775,0.054232340961591366
6776,0.10467014838034222
6777,0.07182424480395876
6778,0.1633871296534745
6779,0.06417793080443816
6780,0.16908794463718146
6781,0.07122480208707133
6782,0.04361317937086289
6783,0.11549994016729545
6784,0.14960806579172267
6785,0.07955287494804394
6786,0.020557412195438454
6787,0.012776112550232917
6788,0.34146646357521604
6789,0.3734513465136292
6790,0.2523337993465234
6791,0.12272388610798297
6792,0.02448051774181759
6793,0.1041554668350968
6794,0.02499797599971719
6795,0.21436355056609274
6796,0.0444225871390147
6797,0.05649548128229831
6798,0.012977337129619052
6799,0.04269544853724246
6800,0.02641602513403292
6801,0.04699991571402486
6802,0.19088913395887677
6803,0.5498419144322919
6804,0.22924043200667568
6805,0.20247586549442217
6806,0.11182965971595879
6807,0.1847999119919023
6808,0.19222949981118573
6809,0.39002888786316364
6810,0.16902507232248162
6811,0.020843668905884655
6812,0.0492072496092666
6813,0.022332085433806496
6814,0.15107304668743451
6815,0.2576695076992337
6816,0.04901052799556834
6817,0.34362718469050035
6818,0.2531667375192172
6819,0.1900938163175549
6820,1.0
6821,0.0513311288954774
6822,0.003582240210614057
6823,0.06260426704904068
6824,0.13454401002940378
6825,0.013348037220144568
6826,0.03795719394475435
6827,0.0452675842001724
6828,0.05867915307395386
6829,0.0810157515750006
6830,0.06790548462475397
6831,0.05989570327456411
6832,0.1092468523475462
6833,0.19569360853985618
6834,0.21243272353449816
6835,0.43418832604711316
6836,0.35676139088596936
6837,0.13759374200666064
6838,0.1505857011361611
6839,0.21971018249187751
6840,0.17063891355191077
6841,0.0916044878625384
6842,0.03110252905601679
6843,0.31795472668940966
6844,0.21835210363766797
6845,0.0672882022620662
6846,0.598509973924127
6847,0.18369435019307295
6848,0.0034515578982932784
6849,0.033528257756966856
6850,0.0479863768082364
6851,0.08194857946631129
6852,0.0643324842764873
6853,0.0008324971963708103
6854,0.021634119484252305
6855,0.019217712059355522
6856,0.03632484167679677
6857,0.10815530556362203
6858,0.0607897210237031
6859,0.09009105413406067
6860,0.22140602053033676
6861,1.0
6862,0.419060201237976
6863,0.24873350612393735
6864,0.4306102185842781
6865,0.13355028957559215
6866,0.07116645156840518
6867,0.06503413225534144
6868,0.1713471220547085
6869,0.21445103259507373
6870,0.05478191648363801
6871,0.0
6872,0.043015147060215836
6873,0.09558251075706167
6874,0.009137099473725077
6875,0.024869444127752195
6876,0.07929280274776832
6877,0.012225854789279502
6878,0.0578912583605509
6879,0.03218786473566718
6880,0.0
6881,0.03843906073611127
6882,0.021780976584935625
6883,0.03140847138692754
6884,0.07170489023742392
6885,0.20050797382474758
6886,0.1946551463823637
6887,0.14312303252742892
6888,0.5403958693733943
6889,0.5184537915985747
6890,0.29134304038745307
6891,0.10532821508973472
6892,0.0
6893,0.07096427714221086
6894,0.0
6895,0.04614421931013125
6896,0.07770585681251475
6897,0.0
6898,0.5903547962324726
6899,0.02075402284912596
6900,0.010283424301546369
6901,0.024451234477616164
6902,0.030884297058354476
6903,0.10235779857952013
6904,0.0
6905,0.020206075083237445
6906,0.04062970677302868
6907,0.0038588186419251233
6908,0.015553093194508774
6909,0.01935366639658336
6910,0.10338332781430346
6911,0.07499703347366428
6912,0.33183034304699377
6913,0.24357543929942785
6914,0.1347753356093095
6915,0.6141415636514825
6916,0.31388299880052806
6917,0.3570815751407595
6918,0.06692507913054496
6919,0.031083813154061658
6920,0.043152979429343555
6921,0.0165103745926799
6922,0.039782495790316605
6923,0.04606194428478328
6924,0.029594473622636994
6925,0.0660744282560079
6926,0.39455540699853975
6927,0.09160752145728249
6928,0.20225117246566301
6929,0.0
6930,0.0645453532041961
6931,0.060784294111668316
6932,0.13402104851648108
6933,0.21738583084528684
6934,0.042513651639858555
6935,0.030623708840172643
6936,0.05940025466757101
6937,0.18757076534967804
6938,0.5245996267145995
6939,0.23758236617194564
6940,0.26149398062261703
6941,0.07842540167249124
6942,0.24520065117101342
6943,0.1521355467976046
6944,0.04443077774167097
6945,0.00836684053457476
6946,0.021842512491127404
6947,0.04013873341378735
6948,0.022959388367910952
6949,0.12153126422544733
6950,0.13643816439733358
6951,0.0152959122384249
6952,0.22881212184814445
6953,0.0
6954,0.05467594948984035
6955,0.16988806055884256
6956,0.047825534660183106
6957,0.0
6958,0.002107535735098726
6959,0.07657338582666672
6960,0.06366069275357338
6961,0.012506023488571709
6962,0.11502931644064476
6963,0.19396732170416428
6964,0.060062624480239
6965,0.06437034889599857
6966,0.0007652881308536452
6967,0.052094563061787384
6968,0.087779796843894
6969,0.00021313083798732435
6970,0.10846216547998487
6971,0.03168545892099609
6972,0.022463381716228498
6973,0.0471602069190726
6974,0.0
6975,0.09849129253543072
6976,0.0
6977,0.061377414253189606
6978,0.0564777907596661
6979,0.04134115672834919
6980,0.1505572808863071
6981,0.018892297237954082
6982,0.054612916308577966
6983,0.0
6984,0.07488477220205084
6985,0.1635886400037907
6986,0.31921999608079776
6987,0.24672555178609581
6988,0.04017061286714648
6989,0.0061319912874780065
6990,0.0
6991,0.04266228305310809
6992,0.012262753574349246
6993,0.06568913356024697
6994,0.13743623162344776
6995,0.0
6996,0.028911514996644096
6997,0.0
6998,0.02384839591557558
6999,0.0064651418695669755
7000,0.10321786926261675
7001,0.08948864015109396
7002,0.2311150375557822
7003,0.03182106128932968
7004,0.01948866946081732
7005,0.05459890057418142
7006,0.08898217853598255
7007,0.2061012330423816
7008,0.03726493641385844
7009,0.040589527783612876
7010,0.0
7011,0.09060845955107438
7012,0.02457572184862954
7013,0.015125527389524229
7014,0.11946071441196257
7015,0.08108070249394848
7016,0.07737488070253401
7017,0.03516670109742916
7018,0.0
7019,0.24198055203901428
7020,0.0356582752201113
7021,0.02103419876828439
7022,0.16782088836231945
7023,0.040654790776679564
7024,0.02086057829528152
7025,0.011235451855480373
7026,0.03527051836625548
7027,0.04521674731301312
7028,0.19290152523539128
7029,0.012523229796043681
7030,0.0
7031,0.023363744912452383
7032,0.03879662347643108
7033,0.0655829760477393
7034,0.05797797721088596
7035,0.19164090069835835
7036,0.025061639070249424
7037,0.21911065125089255
7038,0.10121042632366892
7039,0.029157770805937674
7040,0.03188685367554558
7041,0.02074814873484802
7042,0.02532086740828593
7043,0.16449735935353874
7044,0.0
7045,0.15060621281999223
7046,0.009896051357000854
7047,0.08621294547225034
7048,0.03995176816130679
7049,0.0
7050,0.007090707092364161
7051,0.20104314323926417
7052,0.2480052518360925
7053,0.04354448426788197
7054,0.05009109255970424
7055,0.0
7056,0.08053520667154715
7057,0.003411389021177991
7058,0.0011654257838916208
7059,0.10871071795787726
7060,0.0830756652159743
7061,0.09896395568611617
7062,0.8123051410763238
7063,0.06492706562561412
7064,0.020890971377108165
7065,0.06028272485175172
7066,0.08343339960158222
7067,0.018879299990267617
7068,0.04459140469493051
7069,0.18615915051903084
7070,0.352734351482107
7071,0.13180221001197157
7072,0.10445967132494903
7073,0.0047921820571684825
7074,0.03795457440594137
7075,0.04510236836973384
7076,0.0925885251303693
7077,0.05333188530035807
7078,0.010295869247680386
7079,0.07350761787579949
7080,0.008248332393669542
7081,0.0
7082,0.004742680395692801
7083,0.11564523499734557
7084,0.0
7085,0.08342082146105217
7086,0.0
7087,0.015122219216184325
7088,0.0
7089,0.03793272567658561
7090,0.13506133067116022
7091,0.14990842399307985
7092,0.0
7093,0.09356005983195233
7094,0.5746537118528918
7095,0.05738688585421405
7096,0.08047636960747148
7097,0.022615333586516382
7098,0.06904280779252751
7099,0.05093000987040877
7100,0.01117967233168274
7101,0.3082496423248028
7102,0.03143968875635456
7103,0.0
7104,0.016293148067797608
7105,0.02845100471614547
7106,0.08104208246510454
7107,0.0
7108,0.09550325549988446
7109,0.03634957078202126
7110,0.0014884041831896835
7111,0.05340732787150781
7112,0.19783865210590681
7113,0.15439906203462578
7114,0.03268220049416042
7115,0.0
7116,0.012964147000778092
7117,0.08348552913989256
7118,0.045926343714963035
7119,0.0
7120,0.17049253312589036
7121,0.09560698151067185
7122,0.0007157267211775659
7123,0.03819833691485817
7124,0.1187394845457366
7125,0.06290069320583219
7126,0.0454350456322482
7127,0.04448271211822214
7128,0.031459475474636234
7129,0.05977749154705186
7130,0.0
7131,0.006658159874880224
7132,0.23881934350890305
7133,0.11168051717468563
7134,0.0
7135,0.0
7136,0.06631558639739814
7137,0.021667553159714914
7138,0.03143588337069976
7139,0.020118959428183793
7140,0.013740175693848214
7141,0.012828897380006688
7142,0.0
7143,0.0
7144,0.0364993249050849
7145,0.00603095275240237
7146,0.0
7147,0.053313450339939096
7148,0.024587987022093655
7149,0.11182684367767678
7150,0.0
7151,0.16230285743409412
7152,0.14631631608007314
7153,0.0
7154,0.06580767615874787
7155,0.016844217421839138
7156,0.017486439433343676
7157,0.03366057676147579
7158,0.017500676245479616
7159,0.01630302441805207
7160,0.022486943106266755
7161,0.0
7162,0.0
7163,0.0
7164,0.0
7165,0.07787179053830902
7166,0.0
7167,0.0
7168,0.0
7169,0.0
7170,0.027750834392012345
7171,0.01691593343345747
7172,0.005914740093209492
7173,0.07593183442431291
7174,0.0038661082988181382
7175,0.06454280550757867
7176,0.015161345646414257
7177,0.0
7178,0.0
7179,0.01835160002098696
7180,0.0
7181,0.027345060232125813
7182,0.13287783690049865
7183,0.010854618754254154
7184,0.0
7185,0.00343906382080111
7186,0.1319874106511504
7187,0.05773967223644992
7188,0.05474412536603705
7189,0.012996681457677206
7190,0.22674634111267788
7191,0.04638220081465006
7192,0.011516751918559982
7193,0.0015994881388579582
7194,0.0788630829782508
7195,0.0
7196,0.08394076764616645
7197,0.0
7198,0.11592573825599262
7199,0.04058025805554266
7200,0.0
7201,0.017493009069437584
7202,0.006616196627404298
7203,0.0
7204,0.02181721572290125
7205,0.009393282761542835
7206,0.026076700418705384
7207,0.021429817343070718
7208,0.003467330244761913
7209,0.005913428541183541
7210,0.022683646657768317
7211,0.0008821890245690285
7212,0.0013038103679872779
7213,0.0
7214,0.022975617513810102
7215,0.038415406035143845
7216,0.031146091215073363
7217,0.0
7218,0.19363070786832978
7219,0.00878540568466327
7220,0.09107475505593063
7221,0.0
7222,0.02424375429763662
7223,0.03705881912451974
7224,0.06965453829170684
7225,0.022918289572171482
7226,0.024912103490429195
7227,0.02544108141090962
7228,0.0
7229,0.0
7230,0.0
7231,0.003271672691409746
7232,0.07645143949216827
7233,0.12808794239841215
7234,0.07536259760167419
7235,0.00022372382808889593
7236,0.0
7237,0.0
7238,0.10389641294584646
7239,0.0
7240,0.014552146096818104
7241,0.06544584335458026
7242,0.0
7243,0.0
7244,0.0014164587172752021
7245,0.0
7246,0.0866436393963426
7247,0.16520787520991587
7248,0.033058778257787996
7249,0.0
7250,0.0
7251,0.001515357252441339
7252,0.09774925924598245
7253,0.024306759270545427
7254,0.09572268353809697
7255,0.19128747543922742
7256,0.1698376897422283
7257,0.0
7258,0.1600761564860306
7259,0.2859442379845486
7260,0.0
7261,0.43300904207101537
7262,0.11059851420646162
7263,0.1439496994824906
7264,0.017896754428652212
7265,0.0
7266,0.16530336173478377
7267,0.05921693909767681
7268,0.0
7269,0.0
7270,0.18261460507219401
7271,0.04085059086874995
7272,0.9531952871247067
7273,0.24596826890857118
7274,0.06232562516236057
7275,0.0
7276,0.2368461547863423
7277,0.06830269149073775
7278,0.0
7279,0.004086650368543458
7280,0.06028574515106556
7281,0.02714020189089788
7282,0.008135253513448147
7283,0.028759226770266856
7284,0.0
7285,0.1463705331800737
7286,0.18197906266968167
7287,0.46495412251290147
7288,0.5030043400582864
7289,0.0615284648963784
7290,0.03298742065853939
7291,0.17617457617474144
7292,0.16525220183619138
7293,0.0
7294,0.0671759614848839
7295,0.05228175465929884
7296,0.022064985012447424
7297,0.07405290079411024
7298,0.4384556858619735
7299,0.16307034560527886
7300,0.42668996563189987
7301,0.6071488807410982
7302,0.03706685696598499
7303,0.042362235589861005
7304,0.37681730410982006
7305,0.04132497885322275
7306,0.2976246684248216
7307,0.08475312830553376
7308,0.05155787865684397
7309,0.016880366947832036
7310,0.04052607485390846
7311,0.18279242140361926
7312,0.12246454361825454
7313,0.08321481860250132
7314,0.0
7315,0.03379634780899631
7316,0.366702922302687
7317,0.043857828168629764
7318,0.0
7319,0.10250493670651077
7320,0.01829239785413683
7321,0.08376341070962347
7322,0.11190354508263312
7323,0.08480207767787547
7324,0.11736037284577716
7325,0.042683016179422224
7326,0.07503428731725517
7327,0.1807745460010177
7328,0.2585474342654798
7329,0.10385407139027693
7330,0.01885449243403656
7331,0.0
7332,0.01677943905895699
7333,0.5465323547334494
7334,0.18375033570147012
7335,0.07867738895853518
7336,0.3487762443428219
7337,0.6069679141287513
7338,0.08539544797115367
7339,0.06406489034806606
7340,0.0
7341,0.011966517224425965
7342,0.012092007161752683
7343,0.0
7344,0.17707496500853417
7345,0.049534541042303856
7346,0.0
7347,0.04361922456614165
7348,0.22073918683110222
7349,0.40126273916146815
7350,0.0
7351,0.008814231159123173
7352,0.005829689732517169
7353,0.05484439136126761
7354,0.0002610421523050806
7355,0.022325054390046915
7356,0.08209146020716718
7357,0.03513580613088569
7358,0.26116945339857145
7359,0.04276748847755485
7360,0.06500780814044207
7361,0.0
7362,0.06367732941178092
7363,0.000690627403254025
7364,0.02454676221886345
7365,0.3202915579817376
7366,0.5711281027956455
7367,0.0024295002216453403
7368,0.05711911983826973
7369,0.010210051897865308
7370,0.018427670729909862
7371,0.05182571365036016
7372,0.03900599376255568
7373,0.002631967271912458
7374,0.021366123912810727
7375,0.012917154734200876
7376,0.12251747692118573
7377,0.22059058568033246
7378,0.16392942406066402
7379,0.06615879742228598
7380,0.05112821143647796
7381,0.0022486072437343037
7382,0.027002235979762163
7383,0.025545097535938588
7384,0.04302770849675342
7385,0.042741732662515367
7386,0.04514070944502789
7387,0.0224869883082608
7388,0.0163393839121134
7389,0.03310028322647672
7390,0.02217579168172229
7391,0.020849141756049256
7392,0.039635131198910795
7393,0.020777661495561883
7394,0.03169917589436554
7395,0.0
7396,0.031118299768155725
7397,0.11155892145480935
7398,0.13175108782451003
7399,0.18491371105851706
7400,0.04525063973461935
7401,0.042507399980244734
7402,0.0829750068629236
7403,0.1257169415397395
7404,0.07601668854444837
7405,0.030245241269303863
7406,0.06114599591304304
7407,0.0
7408,0.0405709901473673
7409,0.07482735196535295
7410,0.07588493390817184
7411,0.016681236535990844
7412,0.01738614916623636
7413,0.01755522205616496
7414,0.029714873263737274
7415,0.05086801309916021
7416,0.08481757722236677
7417,0.14976205042032562
7418,0.17528468712120115
7419,0.06981738138208618
7420,0.006276493973809635
7421,0.005116606524632014
7422,0.08386598108761505
7423,0.06677274029056454
7424,0.0
7425,0.0647480043221685
7426,0.03000795970459981
7427,0.5038888990409626
7428,0.07923181550441834
7429,0.019517397532776686
7430,0.13603557172390207
7431,0.022304338400915863
7432,0.05203809940787129
7433,0.010196172652240815
7434,0.0
7435,0.0
7436,0.11532059169925422
7437,0.021183183491700376
7438,0.0
7439,0.03211602025627328
7440,0.022196615470627106
7441,0.05223199307412227
7442,0.035566331842423075
7443,0.025398145336979445
7444,0.0495225811643694
7445,0.10417048482019163
7446,0.14306256731696212
7447,0.2206217771540609
7448,0.05480833415112448
7449,0.018682445585662136
7450,0.03962879924514452
7451,0.018177064983316775
7452,0.04010210001430073
7453,0.0
7454,0.10396170424334139
7455,0.06515275125802346
7456,0.07776661774811003
7457,0.08406006245387877
7458,0.1354828767435133
7459,0.024711435222633898
7460,0.044387538228465445
7461,0.04052599246344179
7462,0.013211789975309777
7463,0.0
7464,0.1239157819947412
7465,0.0
7466,0.026097826844200426
7467,0.10567541710441256
7468,0.017885465685968174
7469,0.01779569369325893
7470,0.008822992291533362
7471,0.0671109091250678
7472,0.04412333294248063
7473,0.07511306107851588
7474,0.1310415682595644
7475,0.0729290552284716
7476,0.08408419968848223
7477,0.05269707696279411
7478,0.12269999824771557
7479,0.015389304757533768
7480,0.1445983343108912
7481,0.04736537466314068
7482,0.05780774386485407
7483,0.08053260460942317
7484,0.07938392585156145
7485,0.05800471143869327
7486,0.07186379042729305
7487,0.04971165778045637
7488,0.08867530983113675
7489,0.027945021987599256
7490,0.06762727480255164
7491,0.0
7492,0.023090155032795885
7493,0.022704727904332825
7494,0.04175330024570003
7495,0.0629780274696053
7496,0.011378763454099973
7497,0.04128208593024734
7498,0.046810673641728404
7499,0.04172713895244114
7500,0.09651905714848619
7501,0.29973397623892095
7502,0.07333038915828263
7503,0.14418351580047398
7504,0.09130264242804219
7505,0.11138884576572126
7506,0.052264644874252454
7507,0.10176690299032914
7508,0.04152743719496774
7509,0.016662360611662565
7510,0.21531818583579915
7511,0.07677798536611585
7512,0.15486455426922835
7513,0.04953844853245719
7514,0.09629380697687792
7515,0.0
7516,0.006688634655964854
7517,0.032160280087866734
7518,0.01258328065017541
7519,0.13827165891306026
7520,0.06472788512365088
7521,0.0502557258827531
7522,0.12056724602510735
7523,0.48407624686111117
7524,0.05541716403554514
7525,0.016700058730383535
7526,0.16753693506035472
7527,0.06184207851882089
7528,0.2437649982120845
7529,0.21691072965628955
7530,0.08443960611111323
7531,0.09455675675042692
7532,0.0
7533,0.06323497661288466
7534,0.1917243039295293
7535,0.038962010485649325
7536,0.16992858694051188
7537,0.11182341099878418
7538,0.09290303468357487
7539,0.01037178572872975
7540,0.005748977847190335
7541,0.026842525126720702
7542,0.04373530115737245
7543,0.011225178539973898
7544,0.11167278073606565
7545,0.1214307808337664
7546,0.0844406269246439
7547,0.11979761701946331
7548,0.03087690975540039
7549,0.138050145276024
7550,0.18704822815592856
7551,0.21770208260071053
7552,0.06872125666876941
7553,0.0
7554,0.11111263622448729
7555,0.052362947216635834
7556,0.024245368877073622
7557,0.3945744320096504
7558,0.020537441257769167
7559,0.03465436349898734
7560,0.2913560654929757
7561,0.19078186378382228
7562,0.019393295485324237
7563,0.005211358336175212
7564,0.0
7565,0.0
7566,0.03588092739763744
7567,0.03973462503815034
7568,0.13602934210463707
7569,0.16055215228514674
7570,0.025484354431495153
7571,0.04887985443969722
7572,0.17803656309411278
7573,0.18423535802282276
7574,0.18930159404341299
7575,0.19330934759010052
7576,0.30272690107526046
7577,0.06162430203992796
7578,0.10491837632180719
7579,0.10058454343612239
7580,0.034332004711956195
7581,0.3082947534243693
7582,1.0
7583,0.0
7584,0.005757925255361329
7585,0.3487245816766472
7586,0.008808555102218646
7587,0.0522283709730491
7588,0.18792376520795676
7589,0.0
7590,0.005980825250711244
7591,0.054700989773269974
7592,0.06508852707953541
7593,0.03956049039970821
7594,0.06785223032020238
7595,0.18839277486685022
7596,0.0218827633169475
7597,0.058092035395568335
7598,0.18953305917817198
7599,0.13562729658288902
7600,0.21550019053923128
7601,0.33611357206765397
7602,0.1854093482370188
7603,0.0
7604,0.18897806259481534
7605,0.19132739750857491
7606,0.250904282254577
7607,0.7879610400590891
7608,0.3749718286953772
7609,0.37279085442116905
7610,0.0
7611,0.03968326840511019
7612,0.16313821565939418
7613,0.05611353496593794
7614,0.003195011259206529
7615,0.00385390812878365
7616,0.0
7617,0.06912115667602829
7618,0.0
7619,0.0
7620,0.03767701593181757
7621,0.05163309870958735
7622,0.08987297615916981
7623,0.11235273753913554
7624,0.08070655065069943
7625,0.1884867437295713
7626,0.14682683971946642
7627,0.03790721923939069
7628,0.12844455358792384
7629,0.20534736735369802
7630,0.04105790912617954
7631,0.024571370805062744
7632,0.988568868288374
7633,1.0
7634,0.4956433042769677
7635,0.0
7636,0.008377472982547936
7637,0.07488182096412452
7638,0.306065778409455
7639,0.08550524511113482
7640,0.0598292177791775
7641,0.06459742740941414
7642,0.05411773430977289
7643,0.033903881671079585
7644,0.0
7645,0.21844631142827858
7646,0.0
7647,0.009157758682338991
7648,0.09857428737931304
7649,0.09496306209500795
7650,0.0313632391316735
7651,0.0645198586101376
7652,0.17616180162078332
7653,0.056130110996613886
7654,0.0
7655,0.008116207596900092
7656,0.03255982218876613
7657,0.149988994880148
7658,0.14399045534943686
7659,1.0
7660,0.9552286991889628
7661,0.7538757109288671
7662,0.0
7663,0.008519190778656493
7664,0.0
7665,0.02339263259449174
7666,0.1722232739699902
7667,0.1406947757221411
7668,0.23636948383717607
7669,0.023562613990459065
7670,0.11233478507644691
7671,0.023834249477652312
7672,0.07207681969345443
7673,0.11535630554662507
7674,0.1349832690639279
7675,0.11506753115132143
7676,0.3697418638247783
7677,0.25616500880200654
7678,0.08297808304391739
7679,0.10766440302957551
7680,0.07053512222909814
7681,0.030519324972035064
7682,0.11887325495876377
7683,0.03246992043655598
7684,0.061388801950834765
7685,0.03785130148861414
7686,0.1651638375214499
7687,0.13855980201047038
7688,0.10028107565699385
7689,0.09232460349473427
7690,0.07135377249547857
7691,0.9186275471274052
7692,0.9930002527271299
7693,1.0
7694,0.052097056637196985
7695,0.0
7696,0.18940052877761093
7697,0.009819354293675723
7698,0.14525128023999764
7699,0.05254502930330138
7700,0.004391943194776352
7701,0.02064469778395907
7702,0.035923256409934295
7703,0.08120624400023595
7704,0.019605737369867305
7705,0.360286483576347
7706,0.5512117284405547
7707,0.06507504164025213
7708,0.0833602354989775
7709,0.05741611597350536
7710,0.18206154552217838
7711,0.06570151189109472
7712,0.1674998417847675
7713,0.1053580082911084
7714,0.0182370369488395
7715,0.06518843728334346
7716,0.10280116595378513
7717,0.06846797069912355
7718,0.025571267541893372
7719,0.027463255108507043
7720,0.35887524124824666
7721,0.36187829311780967
7722,0.24332723808612167
7723,0.11850388537488492
7724,0.03692930753098597
7725,0.08214503972562007
7726,0.05494925637654829
7727,0.2147381460694632
7728,0.010760411037839658
7729,0.03494433348392143
7730,0.037393352130145614
7731,0.024638504682015623
7732,0.019773146622694106
7733,0.04433956332802164
7734,0.01183834883266298
7735,0.19026923934405102
7736,0.47905187655258963
7737,0.2963547468038526
7738,0.2021456564680308
7739,0.1643800370550921
7740,0.18500817067920905
7741,0.2018263551237815
7742,0.36452017206074205
7743,0.10638708587684043
7744,0.009936806734237625
7745,0.08370044747747489
7746,0.06390904333775178
7747,0.1324578606092037
7748,0.25415406233685156
7749,0.08981030940984788
7750,0.3768670230870683
7751,0.21259784056982098
7752,0.16865838735869318
7753,1.0
7754,0.06346913155091075
7755,0.016311601230405145
7756,0.07109388256674624
7757,0.11387131420700196
7758,0.018572552354787105
7759,0.05968018299281365
7760,0.07912089236240256
7761,0.09116321873050058
7762,0.05432038186086928
7763,0.04054007035879329
7764,0.059425957564564875
7765,0.09228530118518931
7766,0.20902006704760737
7767,0.18711496685748086
7768,0.44485803563938636
7769,0.346424083038138
7770,0.13588750532546173
7771,0.14426171023638498
7772,0.23392465327743314
7773,0.037691178283898355
7774,0.14987616717256763
7775,0.06128714766872247
7776,0.04133831422356496
7777,0.20259426136275027
7778,0.2940359553256098
7779,0.09433333638264317
7780,0.43825398640986735
7781,0.2463459306295522
7782,0.08552719815202409
7783,0.05320743987826051
7784,0.07419128679004802
7785,0.07467208506015077
7786,0.009225669896519984
7787,0.016831186303207433
7788,0.007612852211148859
7789,0.058733508972056016
7790,0.0979550531657585
7791,0.10760812107278292
7792,0.1147426858510344
7793,0.2126582705686779
7794,0.9702282089479284
7795,0.34952435516675645
7796,0.21871671765335918
7797,0.4032392317960814
7798,0.11221431359400656
7799,0.01936192865710035
7800,0.07619555863983377
7801,0.1117398263352382
7802,0.09471858247300498
7803,0.19149378994066116
7804,0.06516940386147313
7805,0.0
7806,0.09835667528021504
7807,0.16889434522572652
7808,0.004642527182287246
7809,0.037751428981714026
7810,0.05663141292582375
7811,0.0
7812,0.08226276839686383
7813,0.026635066016252634
7814,0.0
7815,0.048770469996290394
7816,0.03110410764006938
7817,0.031879345834827134
7818,0.10002794666508406
7819,0.20226142334381353
7820,0.19609929105674823
7821,0.13590616948355957
7822,0.6618398095422757
7823,0.5043786689581261
7824,0.27411953207103423
7825,0.13265920275069387
7826,0.0
7827,0.022510037343133664
7828,0.0
7829,0.050630816368252334
7830,0.10579152171225388
7831,0.009099943094370315
7832,0.0
7833,0.0
7834,0.7416938609091784
7835,0.018496827310806117
7836,0.0
7837,0.033671581643623744
7838,0.06889556239414692
7839,0.08586156040371912
7840,0.032012461120898054
7841,0.027605228764865965
7842,0.004771660413623322
7843,0.04597302543163751
7844,0.01680443460709624
7845,0.018313908724543783
7846,0.06265924006720751
7847,0.088204540792453
7848,0.35526073275345404
7849,0.22740195995934548
7850,0.05307999745183812
7851,0.7198608550826283
7852,0.32530024255547935
7853,0.31136613248762923
7854,0.08861635898847396
7855,0.04239275957240072
7856,0.016315204254806988
7857,0.007564248538722755
7858,0.027694306568069718
7859,0.024255906212024607
7860,0.03644006256960332
7861,0.06193157972477502
7862,0.3617474487258077
7863,0.05677899221717693
7864,0.30613865849465
7865,0.0
7866,0.059643254215490965
7867,0.10446419225956369
7868,0.10499419000866295
7869,0.1578717491862558
7870,0.03413700873583356
7871,0.04429652758130105
7872,0.07257002030602779
7873,0.18517647144929858
7874,0.6068998928958771
7875,0.24659225735482232
7876,0.24891539827338807
7877,0.11315672344413195
7878,0.24311675315106043
7879,0.21505059636868934
7880,0.03896778213480104
7881,0.018557569539729372
7882,0.0
7883,0.0
7884,0.0
7885,0.022563968351776105
7886,0.03376326430184351
7887,0.18303847480286814
7888,0.09804356386128804
7889,0.1333431807397878
7890,0.24848458272895377
7891,0.0
7892,0.043541776202314635
7893,0.19274381135071703
7894,0.04373417361553076
7895,0.0
7896,0.0
7897,0.013343901119760944
7898,0.08085968761477405
7899,0.05545098853680773
7900,0.030456350778262937
7901,0.17310466865734125
7902,0.21548543076508658
7903,0.052201805007255284
7904,0.05647895525708218
7905,0.02332029675227525
7906,0.06441223697119569
7907,0.040041541068648136
7908,0.012715048678512026
7909,0.07508854929908176
7910,0.05333077200523384
7911,0.05252016128298248
7912,0.015410588887829188
7913,0.1889654598901057
7914,0.0
7915,0.1138788736472479
7916,0.0
7917,0.04496548865298311
7918,0.056733554970827826
7919,0.14377328157486696
7920,0.040402488234830204
7921,0.022368970968387403
7922,0.0007562832403591707
7923,0.03312071787149246
7924,0.1858475945809839
7925,0.310569647454727
7926,0.32533663356711984
7927,0.06045232424532558
7928,0.0
7929,0.00371582821776366
7930,0.00619218539284364
7931,0.026178678191996086
7932,0.011241066989790563
7933,0.12308338685683735
7934,0.0
7935,0.05991589029587692
7936,0.0
7937,0.005742928532090339
7938,0.008873044921770708
7939,0.010021381945812223
7940,0.0
7941,0.07336064022280771
7942,0.1115880097327081
7943,0.1903397217956327
7944,0.02106158259531658
7945,0.01619496989681812
7946,0.012410318084933756
7947,0.05793313995860735
7948,0.10183789988767505
7949,0.21571616486846037
7950,0.0721399374606945
7951,0.0006880323677589274
7952,0.1498668739710872
7953,0.011643825815955959
7954,0.09258062021734695
7955,0.17450774308221315
7956,0.07430285391983643
7957,0.045113111818663294
7958,0.0
7959,0.24099296622293806
7960,0.013873466685080698
7961,0.019270856528599396
7962,0.08586479227593001
7963,0.050570848873703854
7964,0.02698432875683091
7965,0.015475564925075994
7966,0.021021228710068552
7967,0.07260292748455435
7968,0.25323514706445355
7969,0.0243598724442477
7970,0.026301571115260155
7971,0.026910131387649517
7972,0.057761347363472805
7973,0.05087587260137255
7974,0.17375989429228103
7975,0.05414068597058989
7976,0.2233540035274262
7977,0.12039753452121606
7978,0.05597974392341188
7979,0.013989979159304436
7980,0.03692000049087966
7981,0.03509761805759607
7982,0.12644227260674934
7983,0.0
7984,0.09580414584132436
7985,0.007489349803939645
7986,0.08241131812056701
7987,0.06887688169138596
7988,0.0
7989,0.0
7990,0.21628749956771276
7991,0.2528410273537022
7992,0.05058169037908237
7993,0.04346740033718328
7994,0.010226394231448208
7995,0.07112474790709458
7996,0.03073810458772408
7997,0.01626064930289038
7998,0.07689601110212217
7999,0.17059922668602778
8000,0.11576941951021201
8001,0.9266160868479504
8002,0.0
8003,0.06885536177088464
8004,0.0
8005,0.050992820865385965
8006,0.07497335777038606
8007,0.0
8008,0.03512947254264606
8009,0.14522369709101074
8010,0.3613982968659017
8011,0.10401321727510453
8012,0.10051117789984192
8013,0.015833362224774352
8014,0.0
8015,0.01878044097832706
8016,0.0
8017,0.11371241230014456
8018,0.05035409766452041
8019,0.01619333827843905
8020,0.05214151600297312
8021,0.01639124181977206
8022,0.0
8023,0.085081637613609
8024,0.01303683874469497
8025,0.09808014884131638
8026,0.0
8027,0.05412367717686994
8028,0.00011611689703074661
8029,0.013415765183066204
8030,0.12259868219538347
8031,0.10783484000299973
8032,0.02015150217777368
8033,0.048315380154234276
8034,0.09638492667352314
8035,0.5745044790137342
8036,0.06466315780179205
8037,0.06956088360799038
8038,0.0340509846818794
8039,0.05904521636285305
8040,0.06275490216126571
8041,0.038602071946398454
8042,0.36895949097214964
8043,0.022834672989797647
8044,0.0
8045,0.029288085293434154
8046,0.11978977467615338
8047,0.0
8048,0.08923529601129077
8049,0.034797279421155104
8050,0.057661462326722354
8051,0.05802000613033865
8052,0.22160051034677192
8053,0.10028393961401728
8054,0.05384073102563671
8055,0.011178431091340353
8056,0.047474293336442416
8057,0.06481247686231717
8058,0.0
8059,0.030199253251421136
8060,0.18332943780139282
8061,0.11405495207704579
8062,0.0602785062344474
8063,0.11958592650342686
8064,0.11227458098186184
8065,0.06503848531278504
8066,0.056284282461046796
8067,0.013300318849142224
8068,0.060651053886144765
8069,0.23816144986104695
8070,0.11901376366893912
8071,0.0
8072,0.0
8073,0.06459602115103943
8074,0.015883038654925984
8075,0.03622048956507588
8076,0.0009388547002553749
8077,0.005968810339470304
8078,0.0020305203377942796
8079,0.0024566268798737376
8080,0.0
8081,0.0
8082,0.032507160867891086
8083,0.011657351505297503
8084,0.0034393517686367395
8085,0.05964809127118597
8086,0.06543697678725534
8087,0.1717908483352953
8088,0.13676418940566076
8089,0.1915248403291842
8090,0.0
8091,0.00618555308444114
8092,0.04338973914672726
8093,0.015166848400802806
8094,0.03071512462440436
8095,0.015171524472116787
8096,0.014838166215119264
8097,0.004506169608949774
8098,0.0
8099,0.0
8100,0.0
8101,0.043481760206929836
8102,0.024301926100918702
8103,0.011494738864304367
8104,0.08433957137383928
8105,0.032034134600009256
8106,0.039622794978915375
8107,0.0
8108,0.08482624898233412
8109,0.017141495745568686
8110,0.06022850867894529
8111,0.012178264327799136
8112,0.0
8113,0.0
8114,0.00037607780224206954
8115,0.0
8116,0.06733193312919176
8117,0.0
8118,0.14410595477292273
8119,0.0537517711949038
8120,0.08990213872165181
8121,0.017325563258088296
8122,0.0
8123,0.22887199729565966
8124,0.020618691801867848
8125,0.004394583444295391
8126,0.08341302178459598
8127,0.00683094429587441
8128,0.07071720231785614
8129,0.0
8130,0.11227226814751261
8131,0.0008081691205531636
8132,0.009063591480641934
8133,0.016955090661566273
8134,0.04344899166366343
8135,0.008360986120493415
8136,0.02567186114506727
8137,0.0
8138,0.022202499340583267
8139,0.004633793693201597
8140,0.0
8141,0.0005839278610597162
8142,0.057415546952203494
8143,0.048128443541136864
8144,0.16156915273896374
8145,0.0
8146,0.0
8147,0.027120173910387773
8148,0.026889770443445336
8149,0.05982572848601355
8150,0.03317621271111886
8151,0.00839081594838239
8152,0.01883745215263026
8153,0.0176217631624443
8154,0.01060831754143637
8155,0.11275272078453907
8156,0.15620536162266227
8157,0.013512178989065477
8158,0.0020413785183048647
8159,0.05474733677415904
8160,0.0
8161,0.01783923738885544
8162,0.027427456998128798
8163,0.09408352853481342
8164,0.03596145324214297
8165,0.007012422656954856
8166,0.050203127017296845
8167,0.0
8168,0.10366677734209456
8169,0.0865241121682125
8170,0.0
8171,0.0
8172,0.0004929365833269339
8173,0.24242526186199595
8174,0.16321281627656417
8175,0.31358701718622717
8176,0.030312813372133568
8177,0.24540504150732909
8178,0.06197484798746418
8179,0.21978582941148175
8180,0.037562108569865686
8181,0.0
8182,0.0
8183,0.1125837667840143
8184,0.0
8185,0.0
8186,0.019734844798549183
8187,0.2576178609165558
8188,4.720716868188434e-05
8189,0.8220973925293983
8190,0.23987292820559591
8191,0.07346513362361112
8192,0.0
8193,0.19196353002203934
8194,0.06747737974102262
8195,0.007206691385653316
8196,0.07659104707863915
8197,0.04141577937322805
8198,0.0
8199,0.008519475640171517
8200,0.0182521543222042
8201,0.17733257223940121
8202,0.154239391291408
8203,0.5130364383240259
8204,0.4518751007622983
8205,0.04281832775930603
8206,0.05605433338045475
8207,0.19037357319447998
8208,0.2523333609954974
8209,0.020995119265499834
8210,0.05918913031898464
8211,0.0
8212,0.029717335604774537
8213,0.05656549170952242
8214,0.036129063564438645
8215,0.40831553812365523
8216,0.06070548299948292
8217,0.24792660356548574
8218,0.5062882113425996
8219,0.09538845071719278
8220,0.02251876431958933
8221,0.37454960063999637
8222,0.043905580622495964
8223,0.34805957726969855
8224,0.04590922636960339
8225,0.03630894349137713
8226,0.06888742277670273
8227,0.03361431770351765
8228,0.013272712329950937
8229,0.20132057286675106
8230,0.10324963666424963
8231,0.08061736107756823
8232,0.05773006407560922
8233,0.0
8234,0.0
8235,0.33046505054134034
8236,0.031504131645863236
8237,0.0833793971594712
8238,0.01364804429226432
8239,0.031471325238624635
8240,0.013566292629084225
8241,0.08326647092216966
8242,0.0
8243,0.16816436299558188
8244,0.0006244380821197946
8245,0.06497799886991007
8246,0.1839961538082005
8247,0.3199739246281803
8248,0.009764589142271
8249,0.028619239779316668
8250,0.0
8251,0.0
8252,0.6049842951066822
8253,0.10970166129826621
8254,0.014295757429416425
8255,0.3508436440325847
8256,0.37103879368818077
8257,0.013142491509773806
8258,0.0
8259,0.08924796806236324
8260,0.015561303439694146
8261,0.0
8262,0.024130042392652422
8263,0.04221778985670044
8264,0.009864706439414875
8265,0.13305620025418993
8266,0.03412395809792515
8267,0.058399634907175084
8268,0.24196909716126555
8269,0.35086840229709326
8270,0.012266451261470863
8271,0.010267492508679515
8272,0.0
8273,0.04519249620755862
8274,0.04833471643897238
8275,0.02321556587256624
8276,0.19009241498842977
8277,0.02604651467869481
8278,0.09080512946265189
8279,0.0
8280,0.0044409873976505665
8281,0.07170078116640302
8282,0.0
8283,0.1968002738116767
8284,0.6869097795318083
8285,0.004480599805408587
8286,0.07581295247371121
8287,0.0
8288,0.013505505119762855
8289,0.07127456116024174
8290,0.03951249055614903
8291,0.0
8292,0.04094002650726363
8293,0.04269897637749536
8294,0.11242502825238605
8295,0.15355069540525676
8296,0.09921566179396436
8297,0.04363498365858299
8298,0.1171351301905971
8299,0.008788675996791655
8300,0.037589563304812834
8301,0.044308219965632965
8302,0.05147019526584983
8303,0.07538822349907552
8304,0.05741443222159143
8305,0.028966485877258825
8306,0.021543006375725607
8307,0.010450767645383012
8308,0.024297490523858146
8309,0.03631119159474378
8310,0.016316957680111363
8311,0.03793910555768227
8312,0.03969401400592091
8313,0.0
8314,0.1057629379157607
8315,0.1630838036911624
8316,0.18437810943836952
8317,0.023988443184866415
8318,0.07626265144395183
8319,0.0
8320,0.1371705054727387
8321,0.12240866190663494
8322,0.008431430207134749
8323,0.044329085193774716
8324,4.892918367637946e-05
8325,0.01336766180543779
8326,0.05920789123400466
8327,0.14239137181773429
8328,0.017619838051326886
8329,0.01597069284775541
8330,0.026519135064215285
8331,0.0449892262616713
8332,0.05211795210172847
8333,0.18025617745408556
8334,0.16812859126750251
8335,0.17354231023256234
8336,0.050583124941627845
8337,0.0198380760165624
8338,0.02287402426868824
8339,0.04482628634423485
8340,0.026955805828242196
8341,0.0
8342,0.07977072188007987
8343,0.04080686493386579
8344,0.40333331909830755
8345,0.13890650439053956
8346,0.012360665128557024
8347,0.10450523481157972
8348,0.04131496505862025
8349,0.03138755511155366
8350,0.014074335091928769
8351,0.0
8352,0.009082766003621878
8353,0.0852694872037144
8354,0.0
8355,0.022824830019898996
8356,0.04936772568023502
8357,0.07841261406251897
8358,0.038098976662861266
8359,0.05223482614275736
8360,0.050328170516949725
8361,0.10474985819580439
8362,0.16313544836146007
8363,0.22373971868022013
8364,0.0524674501058591
8365,0.026746817160822684
8366,0.07064162343316685
8367,0.02223319987114333
8368,0.018036353931770024
8369,0.016140742657678266
8370,0.0
8371,0.07631251574526969
8372,0.07752885244759097
8373,0.12149086635176584
8374,0.09432436891198516
8375,0.20100563957895218
8376,0.04320313122926673
8377,0.03927850363250789
8378,0.026299204011164364
8379,0.0
8380,0.21971534019354275
8381,0.0
8382,0.024244176881885484
8383,0.08671228224825753
8384,0.009838575526244172
8385,0.0
8386,0.07532257102848378
8387,0.05049494323268754
8388,0.0777795679306835
8389,0.17567036469447844
8390,0.09750430949889503
8391,0.17924967857484816
8392,0.12159124631473987
8393,0.10536033572342766
8394,0.015827237551059307
8395,0.10779603847648027
8396,0.026471104507946465
8397,0.060212517804770105
8398,0.01994718828400227
8399,0.015666574306472454
8400,0.06111173579062794
8401,0.037640753789757765
8402,0.01811186199905833
8403,0.12230620521377525
8404,0.05215135459570748
8405,0.06229785414520754
8406,0.0688586382061755
8407,0.07101150609973841
8408,0.06161019948793077
8409,0.005160203536527904
8410,0.03752753724914456
8411,0.0429809058050397
8412,0.03990401729231331
8413,0.06473055387815967
8414,0.04128903398755533
8415,0.13268186301367912
8416,0.22004086509231674
8417,0.06631043831636768
8418,0.11397659699782674
8419,0.048796302660594267
8420,0.06029277160030167
8421,0.058227251896879294
8422,0.09513616660900592
8423,0.06483851578643535
8424,0.0
8425,0.21810026444678593
8426,0.0838455801015733
8427,0.13757726683585178
8428,0.0651019367394056
8429,0.11774150046406703
8430,0.0
8431,0.0495034660118428
8432,0.02390544452945913
8433,0.01140692047782868
8434,0.03555647280445431
8435,0.13862458367873223
8436,0.061950471005921624
8437,0.03575301651991701
8438,0.08668165893946463
8439,0.40072501129739047
8440,0.032504156951350976
8441,0.02427182571367614
8442,0.05926199602870652
8443,0.0751573979766274
8444,0.22930759655741856
8445,0.22999948941693038
8446,0.06517402816071959
8447,0.0
8448,0.06489774770498695
8449,0.0
8450,0.0441652710610019
8451,0.14884983756289988
8452,0.0631089488025135
8453,0.21747833056936322
8454,0.0733087359377271
8455,0.07789797493533974
8456,0.0012066421827303406
8457,0.014330361132622746
8458,0.03394951492352683
8459,0.06416164383232005
8460,0.013895798778359628
8461,0.11817830785287402
8462,0.13283290889763452
8463,0.07956227895749507
8464,0.05548537602409125
8465,0.021350317571298186
8466,0.09840565966341006
8467,0.16911251837056315
8468,0.25954231197605465
8469,0.05338763524574872
8470,0.0
8471,0.03339438722598541
8472,0.05146448049107807
8473,0.41898307817889824
8474,0.015064622375866654
8475,0.02960254416874015
8476,0.3327923790337869
8477,0.2183957799997991
8478,0.0
8479,0.010134953566924433
8480,0.002350965850656409
8481,0.04842045496460026
8482,0.058322760699470184
8483,0.1477755338675159
8484,0.17507058102276837
8485,0.0
8486,0.07747213996926142
8487,0.0656757536033032
8488,0.17682283602943608
8489,0.1780468168436009
8490,0.14528083546463588
8491,0.19763619350249237
8492,0.2298506240487084
8493,0.10534769702656414
8494,0.056386366475909215
8495,0.07450877174782349
8496,0.06004581820813241
8497,0.265120818107957
8498,1.0
8499,0.0
8500,0.03449101640443197
8501,0.33448034192812415
8502,0.020510257463379335
8503,0.059635450250011844
8504,0.21687094936239992
8505,0.005958246868214836
8506,0.041477513809999776
8507,0.05699923599731053
8508,0.01618338649071881
8509,0.04891227962571028
8510,0.2300660251172338
8511,0.0006603284604723202
8512,0.04962634166558286
8513,0.18195184398500047
8514,0.12477769668523056
8515,0.19123852109036396
8516,0.3192284079728353
8517,0.24464268757743354
8518,0.0
8519,0.2520835053604208
8520,0.1740999656562386
8521,0.21513033103445636
8522,0.7802599742503048
8523,0.32213910502312043
8524,0.4404118191127145
8525,0.0
8526,0.02791964102464642
8527,0.1335845557519421
8528,0.0
8529,0.0033115093513629984
8530,0.040989431552018105
8531,0.006919431954723169
8532,0.0
8533,0.0
8534,0.0008899605983017612
8535,0.04536332312742431
8536,0.0
8537,0.0
8538,0.04143190893141254
8539,0.05763338550363653
8540,0.048816218278242035
8541,0.0855630360440835
8542,0.07442866114771665
8543,0.18762966069728462
8544,0.17992711588831248
8545,0.032826609515714575
8546,0.09418377264352858
8547,0.19084098985820674
8548,0.01937188919756163
8549,0.051066036645796765
8550,1.0
8551,0.9490155925073849
8552,0.5287763830764137
8553,0.0
8554,0.025399480651265093
8555,0.009225063462279566
8556,0.07491942669943497
8557,0.3565246710768508
8558,0.04349819450532987
8559,0.016432789858588072
8560,0.0357245711101151
8561,0.006867543523414645
8562,0.05157158196939719
8563,0.07489768926329449
8564,0.035292803473542356
8565,0.0
8566,0.1843021209625417
8567,0.0014805510714843966
8568,0.016179751543698138
8569,0.11232666084810118
8570,0.08793882640039133
8571,0.07990145069348481
8572,0.049986620954081226
8573,0.1595884498926276
8574,0.17872676519989622
8575,0.013543228295641472
8576,0.035541971856390145
8577,0.14597574345414946
8578,0.19142212748466794
8579,0.9714732999440227
8580,0.9276373196644273
8581,0.6796347897361193
8582,0.01080789206307404
8583,0.0
8584,0.03785207103938194
8585,0.162045860145847
8586,0.05782074840274549
8587,0.21347441078437907
8588,0.030826207663717155
8589,0.0855273721568196
8590,0.0
8591,0.05848472878841841
8592,0.08501471121335691
8593,0.10422101176185697
8594,0.10901870395998468
8595,0.33859167485428177
8596,0.25138748637028024
8597,0.18043601624371114
8598,0.189438902175217
8599,0.07628661902943253
8600,0.051767257685693444
8601,0.1431479529318014
8602,0.03821888119863651
8603,0.05460531459056815
8604,0.15907415582871115
8605,0.1510235361073688
8606,0.07514896612375417
8607,0.15062447156776104
8608,0.06795963568490267
8609,0.9335176524519018
8610,0.9976017090303629
8611,1.0
8612,0.03254531865468245
8613,0.039959158501559205
8614,0.16525778591685963
8615,0.18408371883485566
8616,0.021241016151897087
8617,0.009142592409475046
8618,0.030149239620401704
8619,0.09795072643386199
8620,0.026238981489914652
8621,0.31528817907102175
8622,0.5670760758842206
8623,0.06708509552680318
8624,0.1246961035835028
8625,0.07482598197920803
8626,0.15154498948845196
8627,0.04318297060313558
8628,0.1777905975754069
8629,0.16837445804232412
8630,0.0
8631,0.12240826070651527
8632,0.059052736347652804
8633,0.1660514868171006
8634,0.018022365182242428
8635,0.048663493970808436
8636,0.3709910591658039
8637,0.2936288173346968
8638,0.20099505434337264
8639,0.05088233110648032
8640,0.0417010219117232
8641,0.09630154048638724
8642,0.11349286943338595
8643,0.2142783746455514
8644,0.021485497767582587
8645,0.02008687054669367
8646,0.037281515014813894
8647,0.03091739156713156
8648,0.018160478563556137
8649,0.03759022393163032
8650,0.027678361151484584
8651,0.19350839860945152
8652,0.47320616759473855
8653,0.220205489147437
8654,0.2407096437647267
8655,0.14463682677758746
8656,0.22309672827071117
8657,0.18639533524523746
8658,0.4593212560916152
8659,0.06449728993021674
8660,0.04624324424268652
8661,0.046896650940831716
8662,0.09361214108940896
8663,0.22971632493929162
8664,0.07606493188995624
8665,0.3513636725325109
8666,0.23291555804284722
8667,0.18929668007409706
8668,1.0
8669,0.09589851608104656
8670,0.009857276131670567
8671,0.162042540115557
8672,0.18414004620964078
8673,0.018540469064247816
8674,0.0717806051464709
8675,0.2341633119042898
8676,0.06474928266732388
8677,0.037920510198106334
8678,0.014768805942822838
8679,0.05237949826446268
8680,0.07516850568749861
8681,0.17528898069578525
8682,0.23325237489006354
8683,0.4063128792631884
8684,0.3149036405820746
8685,0.1652177566020123
8686,0.16303799942690586
8687,0.2145682190554283
8688,0.0
8689,0.025769715297789084
8690,0.1375424519875894
8691,0.044414487537127345
8692,0.04715087326946756
8693,0.2988687120958339
8694,0.24514487448176914
8695,0.08159865385225598
8696,0.4973579717852957
8697,0.20988828442082902
8698,0.0
8699,0.05910274723393932
8700,0.052173339278086
8701,0.03434793424523023
8702,0.08094501306742796
8703,0.010767990981324778
8704,0.02079047597765287
8705,0.07652762300268037
8706,0.08566007760575828
8707,0.10707599773415234
8708,0.10036819241868641
8709,0.19490279530164575
8710,0.8576439212498254
8711,0.3324522620327101
8712,0.23814319207546517
8713,0.4066811474332316
8714,0.10490123923445045
8715,0.07148276159911181
8716,0.08505863768903114
8717,0.09450941977354997
8718,0.1415443953245223
8719,0.19243072155937066
8720,0.06434341545015529
8721,0.016029699350592376
8722,0.09451854520552724
8723,0.18125030784916019
8724,0.019600682207383032
8725,0.0
8726,0.07259307772093172
8727,0.0645903248113886
8728,0.0
8729,0.032265510206217526
8730,0.02449386412089898
8731,0.00554943291070144
8732,0.052008769148416095
8733,0.058245948616879754
8734,0.06787077505023657
8735,0.11372895913425168
8736,0.1824956477336208
8737,0.18002559449018307
8738,0.13965194658183266
8739,0.5167801319342151
8740,0.4326180602992638
8741,0.1939581378668008
8742,0.11411939357497933
8743,0.0
8744,0.04643321923241652
8745,0.013474883672692377
8746,0.011666071888222487
8747,0.14838962172419712
8748,0.0
8749,0.0
8750,0.010365218144583604
8751,0.5335320380423424
8752,0.032129718732437036
8753,0.0
8754,0.04415597959360412
8755,0.03772010789955986
8756,0.039808050199871096
8757,0.013566829436763806
8758,0.10229568909435179
8759,0.03236846552798992
8760,0.02758685065493014
8761,0.018621057399024407
8762,0.013103913501303683
8763,0.015945110232827638
8764,0.0478039946996355
8765,0.072542526884104
8766,0.35729638463491736
8767,0.22806284147971842
8768,0.04931275325354667
8769,0.7237878131754557
8770,0.3306105918441398
8771,0.33013505156723216
8772,0.1354596326075823
8773,0.02003348597730668
8774,0.024387355113716754
8775,0.01329964929430971
8776,0.06492591260330212
8777,0.011662878304978034
8778,0.0
8779,0.010161083062770481
8780,0.08499843321326973
8781,0.34078916926043823
8782,0.04242773078387053
8783,0.2250062876314555
8784,0.012085762078277152
8785,0.0515611243763247
8786,0.08796261234912739
8787,0.16128091208630865
8788,0.16523677652309843
8789,0.0347529608066021
8790,0.06635990837345798
8791,0.0448426912890258
8792,0.11213304847576654
8793,0.5953191274633394
8794,0.2215573884638677
8795,0.28104855328383227
8796,0.17848344107900835
8797,0.22132878529224476
8798,0.21348687037143632
8799,0.015140023120531395
8800,0.03808382001443461
8801,0.0
8802,0.0
8803,0.023032661194480213
8804,0.011475497816004555
8805,0.13744078416893624
8806,0.08988836003248522
8807,0.29214804660961274
8808,0.23578995053658167
8809,0.00596359941771862
8810,0.055049160047755806
8811,0.1907523235319624
8812,0.01932864655113971
8813,0.0
8814,0.0
8815,0.005889512380164686
8816,0.11210062922553363
8817,0.055146225700805324
8818,0.03761047201640969
8819,0.05862187236335149
8820,0.20630185309201227
8821,0.0791643274378696
8822,0.06818693905323951
8823,0.025822945840043684
8824,0.08562787888765015
8825,0.044752456828400906
8826,0.016100974043043673
8827,0.07628402664421385
8828,0.14527645194022287
8829,0.015423668548665302
8830,0.01345824062514525
8831,0.22091090888820294
8832,0.0
8833,0.006097714752801939
8834,0.07344689737718343
8835,0.0
8836,0.044031322364109865
8837,0.06502753046895791
8838,0.13714378063092517
8839,0.013362989578508198
8840,0.022486250923557664
8841,0.0026253864756505497
8842,0.030523474099107977
8843,0.21172519650795563
8844,0.3350796442880759
8845,0.3340294426099376
8846,0.050284730858234095
8847,0.0
8848,0.0
8849,0.011536446654459232
8850,0.0
8851,0.07132521155003321
8852,0.0
8853,0.04068710686124673
8854,0.1647234575842093
8855,0.0
8856,0.1828887850995061
8857,0.008323078466239652
8858,0.01974828002434526
8859,0.01406654365986119
8860,0.0
8861,0.0
8862,0.05856799835107377
8863,0.11375534048354982
8864,0.23010728074666903
8865,0.004832809325152296
8866,0.0063756492698768055
8867,0.01633128607994672
8868,0.0775982552114161
8869,0.0953289714914288
8870,0.19296026773734506
8871,0.03197753099878854
8872,0.0
8873,0.17495655692854578
8874,0.05810993333382351
8875,0.0036205572677522496
8876,0.06302764906531072
8877,0.11166030475274484
8878,0.09697384212812979
8879,0.00176470840595468
8880,0.015438653843921719
8881,0.0
8882,0.2336776327353465
8883,0.022443207900110618
8884,0.01503731086642978
8885,0.0867392796450866
8886,0.07326422410277288
8887,0.017877238714063125
8888,0.0026591252924863342
8889,0.015583795360988518
8890,0.0936733222781401
8891,0.23518714939431987
8892,0.018277655230570775
8893,0.0
8894,0.01631177421211845
8895,0.015339937607755426
8896,0.039091524036547455
8897,0.05922254385886228
8898,0.18758876603763625
8899,0.044348633833012414
8900,0.2493223305715207
8901,0.14906407971343777
8902,0.0
8903,0.0650121453841444
8904,0.02559964531850153
8905,0.02426333321454795
8906,0.17168613543021738
8907,0.0
8908,0.1305669002873935
8909,0.0
8910,0.06388779066828512
8911,0.05126610160382625
8912,0.0031805281983851756
8913,0.0028693054620741263
8914,0.22771537535832811
8915,0.33204277596337356
8916,0.031721974543959704
8917,0.039970416322365095
8918,0.04648922380375821
8919,0.0015470551238085089
8920,0.003568332284747868
8921,0.07839472771806386
8922,0.10235662385964955
8923,0.08885727420542013
8924,0.9411318837515593
8925,0.00435488315592783
8926,0.07224151744586825
8927,0.007090751363291607
8928,0.13526835241997104
8929,0.11520907378400848
8930,0.011697291236184392
8931,0.01332251096616774
8932,0.1428831760524667
8933,0.5240962173417304
8934,0.0804759331571749
8935,0.18008622602219598
8936,0.0
8937,0.010902498871011483
8938,0.005143976369174647
8939,0.01005080213615748
8940,0.014217673145469753
8941,0.11372673593286238
8942,0.05811615293392012
8943,0.020712235591123188
8944,0.0
8945,0.06591269777811747
8946,0.0180649502244559
8947,0.0
8948,0.0
8949,0.038159066392840654
8950,0.005424863219678181
8951,0.10847558698957903
8952,0.0
8953,0.042175686197887724
8954,0.004349982957914773
8955,0.0296130509781253
8956,0.07596310655217671
8957,0.1318167289017248
8958,0.014667620246415113
8959,0.06502510930220978
8960,0.04808291801351474
8961,0.540996695032278
8962,0.039810081079942036
8963,0.08583109829193734
8964,0.015811815244213125
8965,0.03546729478985935
8966,0.07384748189848425
8967,0.06830193271898206
8968,0.03889106860335309
8969,0.46171324569728267
8970,0.037622491258699556
8971,0.0
8972,0.0
8973,0.0
8974,0.042872140877094754
8975,0.13546873213087948
8976,0.0
8977,0.06528461133968458
8978,0.06343113045935739
8979,0.06428355341797434
8980,0.0
8981,0.03351645577356141
8982,0.2362702850993209
8983,0.03777156590810659
8984,0.05325961265919652
8985,0.004759637473718108
8986,0.015859017183278954
8987,0.0
8988,0.07245933682826523
8989,0.010223674310783316
8990,0.06128336736189356
8991,0.0
8992,0.1874860166598707
8993,0.08950210767993327
8994,0.0
8995,0.020831672126089034
8996,0.03622565082342311
8997,0.0
8998,0.07312703071741553
8999,0.11470057922272958
9000,0.09591273865673142
9001,0.11521586480019241
9002,0.03093982954261675
9003,0.0075467045816849255
9004,0.07079836935002769
9005,0.002409879061769384
9006,0.07566698125445694
9007,0.19074595360542687
9008,0.10316423688809387
9009,0.0
9010,0.0
9011,0.04439314299379392
9012,0.007494495748578795
9013,0.02433673345284525
9014,0.00213255276090962
9015,0.01231996421745341
9016,0.004473156539321276
9017,0.00117140863394835
9018,0.0029080445019161456
9019,0.0
9020,0.0
9021,0.0
9022,0.02275389652347122
9023,0.026672923144702636
9024,0.14684971906367825
9025,0.0
9026,0.16374566455950426
9027,0.21121996567999954
9028,0.0321234560617223
9029,0.011624415991249077
9030,0.02822574699276903
9031,0.022209447730338183
9032,0.01766332826436063
9033,0.027893564075585135
9034,0.014749422039684108
9035,0.07245353452284861
9036,0.0
9037,0.0
9038,0.035443814587461125
9039,0.018510726055627133
9040,0.0
9041,0.031072672830643196
9042,0.02307853515816484
9043,0.026216442759860317
9044,0.0
9045,0.13673927295760674
9046,0.012001354492041982
9047,0.04945802585400536
9048,0.0
9049,0.0
9050,0.03697784869977686
9051,0.0
9052,0.08799725566266232
9053,0.0
9054,0.026916887502865423
9055,0.11255359239564003
9056,0.05768317442219481
9057,0.07262097940964102
9058,0.010808645876705896
9059,0.2212837986409974
9060,0.02350787065849518
9061,0.0023685789541286538
9062,0.07107607874328098
9063,0.00876351316109369
9064,0.053436489219103725
9065,0.0
9066,0.09037232858180162
9067,0.03243182730079832
9068,0.0035526446686895345
9069,0.0
9070,0.038683847527531
9071,0.04496659886101544
9072,0.0
9073,0.0032106250160807846
9074,0.020073359827118394
9075,0.006221160896080338
9076,0.00580205580778426
9077,0.02907148841555039
9078,0.0
9079,0.011584345461017597
9080,0.011857365361325522
9081,0.0786475408020808
9082,0.030850038392144976
9083,0.0
9084,0.2132885111282673
9085,0.028000121429991906
9086,0.0
9087,0.024841752047537677
9088,0.004371934423733179
9089,0.01745728453960894
9090,0.03945575833953508
9091,0.040037100086274875
9092,0.028086436411598123
9093,0.010051074694072947
9094,0.007340472012937041
9095,0.011470373196386382
9096,0.019441334062893965
9097,0.10333261138790302
9098,0.14786450823082242
9099,0.0
9100,0.06461472809698635
9101,0.008595959192568982
9102,0.013127325423397153
9103,0.0042359153192961805
9104,0.016329260511258267
9105,0.0660422909149134
9106,0.0
9107,0.0
9108,0.051585184962210005
9109,0.06300143725714055
9110,0.0
9111,0.07816370272801443
9112,0.021910640783110284
9113,0.07499713211943188
9114,0.07320298137284967
9115,0.31408784686666036
9116,0.13135110336343514
9117,0.0
9118,0.24838591272174812
9119,0.0685744914133355
9120,0.22977401159969502
9121,0.10388731384665317
9122,0.24381562036021956
9123,0.0
9124,0.0
9125,0.0006757697821859883
9126,0.0
9127,0.023712622718515992
9128,0.006982302767302275
9129,0.002689690110851977
9130,0.21894217797450094
9131,0.0
9132,0.8078610266642795
9133,0.15721578134838876
9134,0.021449254505495046
9135,0.0
9136,0.21116154033212323
9137,0.03484867774847709
9138,0.0
9139,0.03054986733030491
9140,0.0
9141,0.028930613962386175
9142,0.03972046537704126
9143,0.17710397747104978
9144,0.09736012358285964
9145,0.36389636952772725
9146,0.44985760697255595
9147,0.010693522968792286
9148,0.12964766862990035
9149,0.16741613442315292
9150,0.23643859796236283
9151,0.05034536161910933
9152,0.07298181890848575
9153,0.0664963764709811
9154,0.0359757929482928
9155,0.0
9156,0.40624735088473984
9157,0.11892493039872158
9158,0.21562563517934913
9159,0.3829587628738705
9160,0.1634652477630601
9161,0.024999173188019832
9162,0.5555594193048101
9163,0.0
9164,0.07290098032759525
9165,0.3544623669674666
9166,0.014990641641997442
9167,0.07515286408067727
9168,0.08341478725600288
9169,0.030110145680045233
9170,0.0
9171,0.0
9172,0.06096587721762918
9173,0.10035703122760992
9174,0.056489688626144695
9175,0.0
9176,0.16614069397131018
9177,0.5011790300438553
9178,0.07341844440492705
9179,0.007259114244047884
9180,0.022418475942116607
9181,0.014410541383134478
9182,0.019073150888163838
9183,0.031094902731318465
9184,0.052432529243216786
9185,0.0
9186,0.11034547009310927
9187,0.11165089394069683
9188,0.08446004478153812
9189,0.015086340151606719
9190,0.19251006316587335
9191,0.09794309949528483
9192,0.01622417156502005
9193,0.0
9194,0.0
9195,0.0
9196,0.010143152637385428
9197,0.0
9198,0.0
9199,0.3880124387593041
9200,0.04229565332751577
9201,0.07401624815679689
9202,0.32308250780252423
9203,0.36738212883831367
9204,0.07593511282941923
9205,0.052742391575665216
9206,0.01142782730004847
9207,0.02404604906896593
9208,0.00583943224206974
9209,0.045236804449231685
9210,0.0
9211,0.05352535228579142
9212,0.04538018364192604
9213,0.10504700276949559
9214,0.24481001871856575
9215,0.4670159998674903
9216,0.0
9217,0.039658595448703975
9218,0.051430485475917956
9219,0.0
9220,0.0
9221,0.014691580831371552
9222,0.0180499007799423
9223,0.0409872541875117
9224,0.18943686748570945
9225,0.037617829093581905
9226,0.05634291727373309
9227,0.013703309954226575
9228,0.05765539985989995
9229,0.1432993938259522
9230,0.557234722260116
9231,0.004799098969618861
9232,0.08656605437393794
9233,0.02396736199564478
9234,0.028847045231252838
9235,0.04296856148206988
9236,0.06577914061331698
9237,0.0
9238,0.02960145187464478
9239,0.08564649644266288
9240,0.16193304453422006
9241,0.07786643402006137
9242,0.042140179135564795
9243,0.08333702670270578
9244,0.0004341714117158979
9245,0.02134261489103351
9246,0.03409511172917202
9247,0.04997967291067314
9248,0.07276873458430758
9249,0.026472808391452343
9250,0.04758464803982801
9251,0.006938399811504374
9252,0.027265926017368082
9253,0.006763480410866907
9254,0.03379024905992063
9255,0.010370076699942332
9256,0.030824583946955697
9257,0.04400071844657166
9258,0.0
9259,0.0
9260,0.009328327750953963
9261,0.11825721506455368
9262,0.13843176828920972
9263,0.1636084027877737
9264,0.0743632446327282
9265,0.053876661283706155
9266,0.03411105336692956
9267,0.11282664569179282
9268,0.09650805842046321
9269,0.0002670620390477687
9270,0.005921080978517417
9271,0.05842075794121849
9272,0.21802366774876558
9273,0.02707313381380393
9274,0.011289633208956025
9275,0.02614289283552442
9276,0.07621989901328098
9277,0.07805844912366164
9278,0.1880377262354729
9279,0.08528850375653406
9280,0.18140887415085064
9281,0.05749061945507497
9282,0.013972241177462414
9283,0.015474543135990929
9284,0.04193994076448988
9285,0.03131363032135304
9286,0.08703395512987044
9287,0.05932307542549115
9288,0.37879658655637155
9289,0.12492841772675832
9290,0.009201189191282317
9291,0.0
9292,0.06188827029372609
9293,0.014076622265973124
9294,0.043683145643063116
9295,0.02795797891900671
9296,0.00314292014754249
9297,0.08112477024503799
9298,0.009006390911039412
9299,0.0052211695886970715
9300,0.024808390472311516
9301,0.06723369524946045
9302,0.0548665832614841
9303,0.05626862271905603
9304,0.04369931803761638
9305,0.14458482845387816
9306,0.09098460410656921
9307,0.30063503734784414
9308,0.04906529119908188
9309,0.018242084786621152
9310,0.09976523916201577
9311,0.01308800100068308
9312,0.0384993121013141
9313,0.04449315459407122
9314,0.0693787616228624
9315,0.0651297317354714
9316,0.10113296167921584
9317,0.030467495516860364
9318,0.14575885763741414
9319,0.05836907055928478
9320,0.04122176584763089
9321,0.03335432907739059
9322,0.007655306513614306
9323,0.019385742081807565
9324,0.17034654845583275
9325,0.037398060553324196
9326,0.0500067075121472
9327,0.0
9328,0.015999438944176173
9329,0.06696722872244397
9330,0.06080011946029985
9331,0.07950841675573868
9332,0.07318808564559522
9333,0.07500797081824472
9334,0.16407568614242418
9335,0.08329326665256319
9336,0.11192885651303876
9337,0.011349490667271154
9338,0.13103670061868725
9339,0.024576299179096765
9340,0.06323236593625917
9341,0.04346032259403557
9342,0.050071054361350495
9343,0.026085885553062484
9344,0.002642263060846302
9345,0.10726114800909993
9346,0.03703040942677943
9347,0.07774787880557579
9348,0.10567170620559155
9349,0.02211459026863768
9350,0.081434902687075
9351,0.023640303940039714
9352,0.0201115796111611
9353,0.016948831886398664
9354,0.04017801771700178
9355,0.021510566880757025
9356,0.037785801101444895
9357,0.06803302829859191
9358,0.06201924463847672
9359,0.13542514297773728
9360,0.26826345867789747
9361,0.08400655241467392
9362,0.16396232361753818
9363,0.06451942962086135
9364,0.13260120089576316
9365,0.0816102962279177
9366,0.07855533421317815
9367,0.05358956950751828
9368,0.0028992435051108456
9369,0.006589444236196829
9370,0.19761470247552984
9371,0.0948728472486418
9372,0.08468967468729154
9373,0.04989484361108352
9374,0.0951397839482998
9375,0.0
9376,0.009139977953155411
9377,0.016608795576296215
9378,0.03763027066682005
9379,0.1745819082024065
9380,0.05836620316329783
9381,0.04720232876489281
9382,0.06537804444072473
9383,0.5058207977893617
9384,0.06190704764479223
9385,0.0313840178003545
9386,0.08327275952266625
9387,0.051186373843982794
9388,0.24221169277111354
9389,0.2868122363849647
9390,0.07312570551989923
9391,0.017110874693947873
9392,0.03004347246300037
9393,0.06936368268340418
9394,0.16627777706554905
9395,0.044878273536713226
9396,0.2038775058397437
9397,0.07114271534117855
9398,0.0719659937307131
9399,0.0061858953148912635
9400,0.029462448590168642
9401,0.037469749256502316
9402,0.06405094678814621
9403,0.018521917100517264
9404,0.1070596932049099
9405,0.09491542034397929
9406,0.08489723498849285
9407,0.10378029991807718
9408,0.030795159119043375
9409,0.14730455506681026
9410,0.18843279075740882
9411,0.19802871364322505
9412,0.06473284213001897
9413,0.0
9414,0.0402605174612883
9415,0.016420038796325725
9416,0.00845387919524787
9417,0.06111751852966422
9418,0.3901557065799121
9419,0.015508798893982451
9420,0.05147256235754486
9421,0.2639675269751769
9422,0.22979548020227697
9423,0.0
9424,0.01893405283134821
9425,0.0
9426,0.0
9427,0.0293690671543555
9428,0.06549413560529088
9429,0.14496561199940747
9430,0.17785573986234915
9431,0.06591015275869708
9432,0.06470238894185391
9433,0.16940646392041248
9434,0.18442437647182824
9435,0.13492072272341046
9436,0.18748033986684928
9437,0.24881529106741904
9438,0.1411674532422893
9439,0.02662568244982112
9440,0.026579583656999653
9441,0.08077210791719557
9442,0.03003083891931713
9443,0.24751223324647098
9444,1.0
9445,0.0
9446,0.023186161954551806
9447,0.3237634569550874
9448,0.05274235944368499
9449,0.051405413093266177
9450,0.2547413509547374
9451,0.01678093262889915
9452,0.019683111072051104
9453,0.08000956069590805
9454,0.007765867669904619
9455,0.04673538178830376
9456,0.0
9457,0.22248096959838165
9458,0.022211920228373226
9459,0.0901388084914172
9460,0.18912186698500558
9461,0.15488045376191203
9462,0.21442638735313016
9463,0.3341536041841147
9464,0.2662023112222936
9465,0.028696566575415076
9466,0.16529535152329616
9467,0.15223707687967497
9468,0.036468039890323864
9469,0.8051249943955163
9470,0.34780109825815975
9471,0.2954430033994882
9472,0.015422102416949458
9473,0.13606274950289918
9474,0.0
9475,0.025146445930095813
9476,0.02054584785751237
9477,0.025966051947188516
9478,0.010881903363948862
9479,0.0055903978597906506
9480,0.058646882016738504
9481,0.0009111535902543372
9482,0.0020412243520124876
9483,0.0
9484,0.06904781042783749
9485,0.07185104834162918
9486,0.06925732312241464
9487,0.11109895843295549
9488,0.08382507986468755
9489,0.17196365231638044
9490,0.18867818125494118
9491,0.044895464425536595
9492,0.14969758273324263
9493,0.1890203063290018
9494,0.0
9495,0.03606006858880505
9496,1.0
9497,0.9597456388204334
9498,0.47035134199916856
9499,0.0
9500,0.0
9501,0.0
9502,0.031325074841574464
9503,0.29244982350524945
9504,0.06316046941350537
9505,0.022274521316331636
9506,0.056346410696111536
9507,0.016390415120350325
9508,0.023213273958590214
9509,0.08796199095404945
9510,0.0300669001220081
9511,0.0
9512,0.20571593727366808
9513,0.0
9514,0.014323153425280948
9515,0.10326730215032152
9516,0.11492388649566454
9517,0.07881665684839181
9518,0.06302384355117639
9519,0.09744952152884363
9520,0.17259212370319313
9521,0.2087681645329845
9522,0.14202276697425406
9523,0.10359028551496004
9524,1.0
9525,0.7770694861108066
9526,0.6380899095809397
9527,0.0
9528,0.07123822931479108
9529,0.03312984056066772
9530,0.015563439302282576
9531,0.17727131833390988
9532,0.13109090794681993
9533,0.1896398691776652
9534,0.024824839280124116
9535,0.09581984017863839
9536,0.010399311707560015
9537,0.09391092260010671
9538,0.05855921252659181
9539,0.11544648578837446
9540,0.10280118316701894
9541,0.31932474830449237
9542,0.22234753663703674
9543,0.1615210800248114
9544,0.16418194567480784
9545,0.08517820099155496
9546,0.06258028775534268
9547,0.0961904735547257
9548,0.049160651615897596
9549,0.0510583928172698
9550,0.04646907229722139
9551,0.1648108917981706
9552,0.18964030571954998
9553,0.10770758994623854
9554,0.08268556953275638
9555,0.033003619319771214
9556,0.9311141553077077
9557,0.9863717191268055
9558,0.999709233411741
9559,0.07550887071215309
9560,0.05482595997162834
9561,0.06032229199330763
9562,0.020368073357638548
9563,0.19904147624862423
9564,0.0
9565,0.0021059901744990574
9566,0.013928237400579035
9567,0.021454959161139778
9568,0.02780978175922912
9569,0.08378552804874372
9570,0.024781030491941945
9571,0.2207332422254534
9572,0.6234010966884735
9573,0.11877542919141468
9574,0.11830493613430293
9575,0.06003079027340996
9576,0.15088637196867666
9577,0.08636702160753568
9578,0.1839719364294471
9579,0.11931645560689526
9580,0.0
9581,0.13436020195416237
9582,0.10141139966093875
9583,0.13533313761317803
9584,0.07267359271938661
9585,0.01296011134263655
9586,0.34331347795466644
9587,0.34747548181878896
9588,0.18611624235862811
9589,0.06127302233420985
9590,0.06086603967067183
9591,0.11343340549444353
9592,0.0830787474644865
9593,0.19559663128348498
9594,0.021253087847690418
9595,0.06936903846349235
9596,0.04386935125091088
9597,0.04429100662706473
9598,0.04011879376635496
9599,0.05711648088147624
9600,0.03577416116973067
9601,0.18619249244950206
9602,0.48086106506056403
9603,0.21060989296680419
9604,0.1985072174852378
9605,0.12001107752138011
9606,0.19876947273452417
9607,0.18746726551980464
9608,0.4593967889861007
9609,0.051880020363775516
9610,0.0103242418208841
9611,0.04754791178152429
9612,0.05636912003800545
9613,0.07408439226073203
9614,0.19142253870980183
9615,0.068744325822332
9616,0.36226252671229026
9617,0.200994826017658
9618,0.1810924841380594
9619,1.0
9620,0.1368548130244578
9621,0.18475856544890037
9622,0.17486137774347257
9623,0.014302618761743593
9624,0.04911320865229363
9625,0.3774534908302814
9626,0.07725804399416536
9627,0.04883513414356051
9628,0.015146782346418596
9629,0.049858600628302385
9630,0.07585524839058237
9631,0.210784183998655
9632,0.2653813816695124
9633,0.3706583539514944
9634,0.3431511864444393
9635,0.18212611015570668
9636,0.1931153928461362
9637,0.22048298068481295
9638,0.0
9639,0.02388526257849919
9640,0.18709737779671443
9641,0.06965970347710398
9642,0.03100465967645189
9643,0.2740126845380178
9644,0.22684827388759038
9645,0.08546949475022049
9646,0.5913812759740468
9647,0.3180183697978716
9648,0.0
9649,0.07121399501900538
9650,0.07747496961137752
9651,0.06820043204199275
9652,0.061250160165998116
9653,0.0
9654,0.01387485334881121
9655,0.027105648440738057
9656,0.054593780357453145
9657,0.11361286815238744
9658,0.06643841422340628
9659,0.11947253852590017
9660,0.2950713685808526
9661,0.9630927498786912
9662,0.33451802848399353
9663,0.20209149102835086
9664,0.48117293365198593
9665,0.11732590116493062
9666,0.0023750849412751524
9667,0.06629743226145582
9668,0.045332760699060635
9669,0.054329011821514984
9670,0.19096047783274778
9671,0.07147757332766537
9672,0.007663899229676819
9673,0.08576771897830147
9674,0.18911059973993286
9675,0.017766333467136037
9676,0.0
9677,0.027623745152971255
9678,0.09170810290365658
9679,0.04201622691532584
9680,0.00214661884580603
9681,0.036375775268710844
9682,0.020976511006676468
9683,0.0009188691470693612
9684,0.0411342736679845
9685,0.05766589847651889
9686,0.06914245738146908
9687,0.1115295534519734
9688,0.2034728294426217
9689,0.20290091887045114
9690,0.18084369152253602
9691,0.47905325593401
9692,0.5989848622638738
9693,0.23996828968339093
9694,0.16548922516452338
9695,0.037427105938657015
9696,0.011144824918932978
9697,0.05682875306864639
9698,0.09536894336545565
9699,0.018626696783619688
9700,0.0
9701,0.724427060802475
9702,0.016420830636858563
9703,0.0
9704,0.0
9705,0.044031548624439476
9706,0.02287692658489086
9707,0.08084951292554372
9708,0.016407719908030746
9709,0.0698113731183627
9710,0.0052327994708573165
9711,0.018781095314860653
9712,0.03092503873816803
9713,0.050066997680227356
9714,0.10509279630858609
9715,0.38135537622706006
9716,0.19491350388439782
9717,0.12021903656840965
9718,0.8407653874917896
9719,0.34011315814905685
9720,0.3455610133359024
9721,0.35074291472008584
9722,0.03099459585676423
9723,0.026027951588675744
9724,0.054637194760262436
9725,0.023277552882155685
9726,0.0
9727,0.0246669193299608
9728,0.050019601704307005
9729,0.3129491407363253
9730,0.05043159243762909
9731,0.20384300507644534
9732,0.0
9733,0.0855187921182239
9734,0.06908592360163014
9735,0.15540040651924686
9736,0.16764402144094476
9737,0.040368919962176154
9738,0.027940710713495083
9739,0.06061892690323943
9740,0.11252931437848665
9741,0.6450979260228961
9742,0.19612472948953463
9743,0.3042772565539711
9744,0.1922732312411944
9745,0.2655961575273884
9746,0.17161372615399847
9747,0.02605134875537828
9748,0.026691563188087433
9749,0.0021951057937285782
9750,0.0
9751,0.011331724609602675
9752,0.039187832504417874
9753,0.006832088202900764
9754,0.11929017951850761
9755,0.09545672511898615
9756,0.21979445872304232
9757,0.24360204456180654
9758,0.0
9759,0.09126623353906127
9760,0.0
9761,0.17110687686360218
9762,0.0162466373750606
9763,0.0
9764,0.0
9765,0.11945494635869662
9766,0.12411890855343967
9767,0.02097694357539716
9768,0.0
9769,0.07331808795890546
9770,0.23611004739547717
9771,0.09647002979374983
9772,0.060254018656502796
9773,0.14198186283933104
9774,0.06011778285298372
9775,0.0
9776,0.10864007152573503
9777,0.11476934005041041
9778,0.02357291509660587
9779,0.0
9780,0.18657099845070804
9781,0.0
9782,0.0
9783,0.0
9784,0.09579027458527062
9785,0.05906057191313246
9786,0.03494481376202117
9787,0.17214493627226685
9788,0.01202476201740806
9789,0.047483761249904666
9790,0.0
9791,0.05225832555992856
9792,0.23609992122952966
9793,0.33412327794658725
9794,0.3622464227013643
9795,0.0593242096651282
9796,0.0
9797,0.031661503171887366
9798,0.04466504551807861
9799,0.0
9800,0.06714909068078648
9801,0.0
9802,0.04072655224479371
9803,0.1959774745597002
9804,0.0
9805,0.12204334319372219
9806,0.0
9807,0.024112396350885877
9808,0.017765737885134192
9809,0.011269224023221686
9810,0.0
9811,0.08500236439043261
9812,0.07141482634811733
9813,0.24925386166897784
9814,0.01189938916989865
9815,0.016777611638330685
9816,0.003824082018257041
9817,0.08014283972976789
9818,0.13840696917108175
9819,0.21467241414853394
9820,0.07214443612852846
9821,0.0
9822,0.17188512473414372
9823,0.04476772762331198
9824,0.09631801994628185
9825,0.13895148615249409
9826,0.09977940205694343
9827,0.02028075065939736
9828,0.015035502396625424
9829,0.0034784338618994624
9830,0.24545276159090482
9831,0.0
9832,0.019958885556719777
9833,0.13334525636498448
9834,0.054489975509220766
9835,0.0398684190993129
9836,0.037837880386716656
9837,0.03765547772163392
9838,0.0890073069753531
9839,0.2257478209560127
9840,0.04432381945896037
9841,0.0023749656112130395
9842,0.02800003405033436
9843,0.0318717066193969
9844,0.05766443916769428
9845,0.18005424352468785
9846,0.07254463218936033
9847,0.23874181957963914
9848,0.1140061513064922
9849,0.018001339370961548
9850,0.025861833791291585
9851,0.046079876889809857
9852,0.0409131080739218
9853,0.22449927714133702
9854,0.0
9855,0.10383677114739684
9856,0.019209752917327433
9857,0.08709130069870097
9858,0.049133614494146535
9859,0.0
9860,0.008787971260852291
9861,0.29807333313984485
9862,0.450505321142695
9863,0.07261092071069969
9864,0.06606475509976713
9865,0.0
9866,0.08623475793896047
9867,0.03688223900877175
9868,0.015834257313130488
9869,0.13547478012366967
9870,0.07983794275173875
9871,0.07069312792105524
9872,0.9977846857184371
9873,0.0
9874,0.05519963751225204
9875,0.07060660226407955
9876,0.07496494669385319
9877,0.0
9878,0.039883005530735725
9879,0.15466657034946832
9880,0.3489474375178205
9881,0.0825220499385802
9882,0.17849653968429116
9883,0.02540394360107099
9884,0.028546183545675514
9885,0.006915625645524582
9886,0.035122307408557145
9887,0.11920436235279608
9888,0.027927292198821157
9889,0.020526252798063842
9890,0.06773246603743562
9891,0.01837111589736651
9892,0.0
9893,0.07356991282418268
9894,0.017000757892006137
9895,0.12297858052864082
9896,0.020854319593034798
9897,0.04430336915224548
9898,0.0
9899,0.0012220008080548312
9900,0.0958104573837369
9901,0.1827325891926372
9902,0.07529696785971633
9903,0.4955555297063268
9904,0.07994473664727936
9905,0.11219830771849977
9906,0.018082180669565164
9907,0.057917929285653084
9908,0.11216922269619381
9909,0.027299564490237627
9910,0.5530115449129964
9911,0.06622788270811039
9912,0.0
9913,0.0
9914,0.061429305859230156
9915,0.18406146082814218
9916,0.02582914853899718
9917,0.0
9918,0.09999650539367352
9919,0.0758913106584308
9920,0.01327047482698006
9921,0.026207661325031505
9922,0.3130110283390939
9923,0.006060369818276636
9924,0.010766456802485955
9925,0.0
9926,0.021527948864189565
9927,0.05559274692569475
9928,0.047775557915369984
9929,0.00036073054967279016
9930,0.21358138962694156
9931,0.11146166760726059
9932,0.00276529278302827
9933,0.0068934445877232246
9934,0.0
9935,0.07765890334004068
9936,0.19034288042469977
9937,0.10639059831834252
9938,0.10429603676393495
9939,0.050003734872270424
9940,0.0
9941,0.007909883424919356
9942,0.06095913501709766
9943,0.1907338645888135
9944,0.12089863952739245
9945,0.009945683119325135
9946,0.05847580683032019
9947,0.000517978970775476
9948,0.0037148591405327474
9949,0.016842825584065677
9950,0.0
9951,0.0010203915207205537
9952,0.0
9953,0.004541413108741435
9954,0.03161351239893531
9955,0.024332524659770618
9956,0.058982059270504476
9957,0.04377860127682723
9958,0.14700228791624312
9959,0.0
9960,0.0
9961,0.1580244068491449
9962,0.20862001249691453
9963,0.0
9964,0.0
9965,0.02086204791431434
9966,0.03445957975966159
9967,0.02038935969561506
9968,0.010126674533967565
9969,0.019705665457380273
9970,0.022234483128182565
9971,0.022221361057735915
9972,0.111001510750889
9973,0.0
9974,0.0
9975,0.012394011334193232
9976,0.013428011523822963
9977,0.0
9978,0.030333661522974238
9979,0.0036699692039904473
9980,0.0
9981,0.13332077958528865
9982,0.0261290102474962
9983,0.07317517726191529
9984,3.339048438925816e-06
9985,0.0
9986,0.05351759857065798
9987,0.036957017072299446
9988,0.0032714803200874173
9989,0.16489182243689104
9990,0.08641883251254034
9991,0.1130348646242734
9992,0.05433785371434927
9993,0.0
9994,0.20966868987360027
9995,0.017518040983718296
9996,0.012344585176469606
9997,0.0
9998,0.11076145718382045
9999,0.06427817250545778
10000,0.007372629779083818
10001,0.09480668618277352
10002,0.0012527528150829991
10003,0.012916131142632244
10004,0.0
10005,0.0012712856421780798
10006,0.0761167919889414
10007,0.005240139873936146
10008,0.0
10009,0.01886588393103503
10010,0.06830729723691574
10011,0.0
10012,0.013724991650749486
10013,0.0073247224134046825
10014,0.0835202470208328
10015,0.04010810035176801
10016,0.14512341277478435
10017,0.018762259389787858
10018,0.019473061992585455
10019,0.0010914681961011012
10020,0.02043860690655474
10021,0.021087118727760704
10022,0.07597339231738297
10023,0.008192169182426013
10024,0.02471536038728221
10025,0.02713962647816399
10026,0.006263720945290288
10027,0.009865844804673165
10028,0.026752358691155834
10029,0.11410004493281119
10030,0.21496106990352074
10031,0.08617296718385294
10032,0.01966665021077435
10033,0.025650439266232755
10034,0.0
10035,0.04432914726377093
10036,0.0
10037,0.004362139955940002
10038,0.05466546871734293
10039,0.0
10040,0.038881847683536294
10041,0.13317646915472067
10042,0.02793739640288381
10043,0.0028728771216414194
10044,0.0
10045,0.11734534113001041
10046,0.022856100815362285
10047,0.1007683904374095
10048,0.319774943046392
10049,0.1743911556642867
10050,0.0
10051,0.0
10052,0.0
10053,0.011212663248002727
10054,0.3103566042061193
10055,0.031696119143830026
10056,0.20545307628172196
10057,0.08374321656947237
10058,0.19221129304602771
10059,0.0
10060,0.0
10061,0.01739982232398889
10062,0.02961965381686566
10063,0.0006139268787367755
10064,0.2190689514022037
10065,0.0
10066,0.6398583552769872
10067,0.27126362635622325
10068,0.004731938910966926
10069,0.0
10070,0.011966023238231234
10071,0.05218296857888857
10072,0.0
10073,0.04447080737832523
10074,0.09224459968597346
10075,0.006296205873674473
10076,0.0
10077,0.09983914684048877
10078,0.18108076371879425
10079,0.5479744652314906
10080,0.554258139532524
10081,0.21623410174017058
10082,0.13414891749662594
10083,0.31069546174190626
10084,0.0
10085,0.0310623703281806
10086,0.010064914480241861
10087,0.04439968351287963
10088,0.0
10089,0.18439298536469917
10090,0.4075355263503431
10091,0.13038400568243094
10092,0.20542848658238153
10093,0.5441530072998756
10094,0.12137282527470897
10095,0.001075943889115555
10096,0.3945815962368458
10097,0.032635911467447765
10098,0.37570945971632014
10099,0.03528724939466893
10100,0.07504372571546632
10101,0.03814854786327592
10102,0.05982411242954628
10103,0.0
10104,0.04639569357235089
10105,0.06390156432801164
10106,0.04392733540989791
10107,0.0
10108,0.03482391617683535
10109,0.2824318734842728
10110,0.07478368798511789
10111,0.0428230213517613
10112,0.041935792959944984
10113,0.02000161013153677
10114,0.025427702389961546
10115,0.041551626621394826
10116,0.013976540142007757
10117,0.0
10118,0.1269065719020211
10119,0.011104884733071222
10120,0.05711947110120303
10121,0.14468514125682685
10122,0.09595690120065149
10123,0.24635548338854993
10124,0.0
10125,0.04197473372340994
10126,0.016260709935860245
10127,0.011577567288044504
10128,0.0
10129,0.0
10130,0.0
10131,0.48379567451368277
10132,0.07119382571080707
10133,0.034866970409806415
10134,0.3522299540675983
10135,0.3559395786351694
10136,0.061569810691131474
10137,0.030263546237371996
10138,0.015055552512422611
10139,0.0
10140,0.026544297580408528
10141,0.0
10142,0.043136242331277386
10143,0.0
10144,0.010030786535852843
10145,0.0
10146,0.10379944846862975
10147,0.1042278620200108
10148,0.18209637413115345
10149,0.43980764018957924
10150,0.0
10151,0.0045090615802056404
10152,0.045474470471906656
10153,0.02056111150924046
10154,0.01990643039368549
10155,0.010450550061304964
10156,0.03254042255166394
10157,0.05044630041697796
10158,0.2113926399921479
10159,0.028170861251877236
10160,0.05505261057717287
10161,0.008358563184089202
10162,0.05865459476234232
10163,0.13201278050496204
10164,0.47152373183462376
10165,0.021456683488754902
10166,0.02793226960897568
10167,0.03092323115152484
10168,0.025875384655169236
10169,0.03422225818262828
10170,0.07089429473004946
10171,0.009420666719015971
10172,0.033786457070395175
10173,0.016706233087176062
10174,0.1421639209902249
10175,0.18238495655143716
10176,0.11116504430845837
10177,0.0833240409806752
10178,0.09573150738987474
10179,0.025321188570221698
10180,0.028299562954605596
10181,0.01606484140166473
10182,0.024837034909393884
10183,0.06118712950941894
10184,0.05711500837574892
10185,0.05279061757760889
10186,0.01250514567683165
10187,0.031021864505800984
10188,0.024985176781764096
10189,0.05795728880514507
10190,0.021643420786898127
10191,0.06489442317943012
10192,0.030646120996281088
10193,0.0
10194,0.0
10195,0.0
10196,0.11164822921979985
10197,0.18974499616309967
10198,0.07280615124138645
10199,0.03680309689401444
10200,0.02863016441538253
10201,0.03753686561856879
10202,0.09720330380316854
10203,0.021041217227635113
10204,0.0
10205,0.04243480372716207
10206,0.23524962258216567
10207,0.01870491889890529
10208,0.003107011431432487
10209,0.017352252354334654
10210,0.06513151128363855
10211,0.05182777486099499
10212,0.18063609662507923
10213,0.04566375839190603
10214,0.18207775568066742
10215,0.05466462709141971
10216,0.04432786925999836
10217,0.034308622864903486
10218,0.06707253532843287
10219,0.07763720927043827
10220,0.08714149113209167
10221,0.06185633872771834
10222,0.46616084693500504
10223,0.11392273212834528
10224,0.031586387638518926
10225,0.0812187507205956
10226,0.014295217416622433
10227,0.06459128761441715
10228,0.01019481890869546
10229,0.08452494963909216
10230,0.026240596228959585
10231,0.0019272246467483597
10232,0.01538495443156583
10233,0.017180540062893768
10234,0.11378102681073139
10235,0.04183279626816013
10236,0.04439864154666352
10237,0.06085958651644656
10238,0.10383810538406614
10239,0.18623064464586037
10240,0.27734112738653754
10241,0.09139375405201686
10242,0.017883733286127492
10243,0.12425278553138885
10244,0.04621675443826353
10245,0.0628870291536898
10246,0.0
10247,0.0
10248,0.07284808650922829
10249,0.04831054261002051
10250,0.1555266979619238
10251,0.1057679220890994
10252,0.15453567720519523
10253,0.05142714534290831
10254,0.06043824007945904
10255,0.01331537251070188
10256,0.014566600463648837
10257,0.017741176039497115
10258,0.1181969748670978
10259,0.0
10260,0.0
10261,0.030813405824078006
10262,0.0
10263,0.005234425256641594
10264,0.04983384013229912
10265,0.05335158960265395
10266,0.08818072235848515
10267,0.14923113086963097
10268,0.06941955748656205
10269,0.18647750749928166
10270,0.10368299462398035
10271,0.16141215026711686
10272,0.011512424265751725
10273,0.09761774894881062
10274,0.04277808409180207
10275,0.06838768758374532
10276,0.0
10277,0.02011666186178415
10278,0.04123498215943736
10279,0.012969497960470698
10280,0.013816508375994374
10281,0.07345109903849978
10282,0.06387912120801227
10283,0.01777778093527786
10284,0.04944146954902927
10285,0.07679894239791202
10286,0.025886905138452584
10287,0.04931526582085601
10288,0.0
10289,0.011409063657837379
10290,0.021215484467229005
10291,0.050817495755228946
10292,0.018397309706284677
10293,0.04409618943388042
10294,0.08773748228249784
10295,0.05082916179552785
10296,0.14278320567160532
10297,0.25151677961411045
10298,0.07367310747302133
10299,0.07623325253103645
10300,0.07770599098922142
10301,0.14136085720054692
10302,0.10729774225919028
10303,0.12068203292079346
10304,0.06467496860360357
10305,0.0
10306,0.2436127715203228
10307,0.06644370367558562
10308,0.05877772851857599
10309,0.05359050293638994
10310,0.08480415440214106
10311,0.0
10312,0.04351810503750701
10313,0.0
10314,0.00693596684489261
10315,0.05456611907277641
10316,0.22207651891367203
10317,0.0591891092517105
10318,0.029767028240361686
10319,0.08672479105741156
10320,0.47575116770708603
10321,0.08098594182687459
10322,0.012742675185104963
10323,0.11105120944105362
10324,0.07407801766261876
10325,0.23619412951221255
10326,0.27485828449833316
10327,0.10337356363731152
10328,0.0063562142003720295
10329,0.04505787570219914
10330,0.11140278193029403
10331,0.2172887169944919
10332,0.04610359540899394
10333,0.14110834896456081
10334,0.06934947914949793
10335,0.04906091889366641
10336,0.010213856577011961
10337,0.0
10338,0.039117681152598664
10339,0.044269446019929694
10340,0.07323272729218383
10341,0.010826874780632802
10342,0.1111884444883743
10343,0.16474230105675627
10344,0.12121456637952285
10345,0.12277943918370222
10346,0.0460666219004417
10347,0.1273061728124719
10348,0.19046615815018345
10349,0.2950609480568036
10350,0.08047269338772
10351,0.0
10352,0.060235862112220165
10353,0.002203706844685356
10354,0.0
10355,0.060134247139885896
10356,0.3444096596012102
10357,0.03874178911705309
10358,0.020748376391634873
10359,0.3116492771932092
10360,0.18459370812933107
10361,0.0
10362,0.006675374320986347
10363,0.05487567430238289
10364,0.07422087086845572
10365,0.16605388644150648
10366,0.19336073541847895
10367,0.07905264784083513
10368,0.04480706039561858
10369,0.1893540208720222
10370,0.1555163907836981
10371,0.16257720476845666
10372,0.19809845008049323
10373,0.3039249803488993
10374,0.14326450589964534
10375,0.0
10376,0.015550155745777342
10377,0.05909133270789296
10378,0.10429500187510207
10379,0.0565463727520657
10380,0.23314512271617338
10381,1.0
10382,0.0
10383,0.03327752692299924
10384,0.32739015261492016
10385,0.05469891135280651
10386,0.038612062341976054
10387,0.2276191602155287
10388,0.018895319263110527
10389,0.028285907500484566
10390,0.058726175098387935
10391,0.08102868833969032
10392,0.011308917349374508
10393,0.043487465097943774
10394,0.30746669101812
10395,0.03191175892658019
10396,0.09825209598108373
10397,0.20298817395754098
10398,0.13492618513975663
10399,0.24617532072502632
10400,0.3193362912926589
10401,0.30073523396002627
10402,0.006639883235663005
10403,0.26707752230376686
10404,0.02785864946291844
10405,0.18250666272847466
10406,0.8079368786043009
10407,0.3075789038033403
10408,0.33297742962090243
10409,0.0022657097665874214
10410,0.14304132390783061
10411,0.0
10412,0.057337126678975565
10413,0.01685391000598303
10414,0.0048733755013000415
10415,0.01012490133135766
10416,0.05024983625021665
10417,0.0
10418,0.0025479464570048963
10419,0.026614374867756897
10420,0.05262621613516124
10421,0.07210943090907097
10422,0.061740912052364094
10423,0.10863261237260108
10424,0.0920989999295396
10425,0.21535833069747318
10426,0.16219653519978483
10427,0.04466293138499111
10428,0.10226066221475921
10429,0.19056293448254735
10430,0.02493053197518176
10431,0.021815066768086203
10432,1.0
10433,0.8916093066251058
10434,0.46058947898044117
10435,0.0
10436,0.008328869630683829
10437,0.0013989679933721854
10438,0.003032138395638794
10439,0.2936075946198084
10440,0.02067753112132316
10441,0.05973348081695009
10442,0.006382530984850205
10443,0.07481955753912176
10444,0.08645695163591147
10445,0.03906606273069731
10446,0.0020530736719558433
10447,0.2943837553412169
10448,0.0016883985994578523
10449,0.014386087279893966
10450,0.10577499879897119
10451,0.0955109350417998
10452,0.09438082408066686
10453,0.043365799785724815
10454,0.08366926900039755
10455,0.06192302706538361
10456,0.0
10457,0.006302451386418308
10458,0.19960184699591624
10459,0.1009184421836396
10460,0.11156924452918515
10461,0.9769969041950058
10462,0.8868272736248067
10463,0.6320312365480226
10464,0.0
10465,0.03209772382157733
10466,0.0035594557569423387
10467,0.18855240580718363
10468,0.06594071783198917
10469,0.1873070240032074
10470,0.027581149016324007
10471,0.06820908003909522
10472,0.028119929392720542
10473,0.07045949080556671
10474,0.11122536711405952
10475,0.13875030125964416
10476,0.13185953681708848
10477,0.36910575312635446
10478,0.33936464466469973
10479,0.1982372123768439
10480,0.1717234174792159
10481,0.11229709676566699
10482,0.11982941343739607
10483,0.08080254766292062
10484,0.03990994807006264
10485,0.06418833530841943
10486,0.13982315589966968
10487,0.17946893586463444
10488,0.17867912596105118
10489,0.13179915368045805
10490,0.047368941431416185
10491,1.0
10492,0.9845765741925069
10493,0.9911750787389298
10494,0.11189951847530473
10495,0.0442304669438761
10496,0.04400566800842236
10497,0.18895641735717106
10498,0.04035895426079441
10499,0.01939241899649934
10500,0.037598315577306876
10501,0.04861209580455763
10502,0.09560786234107345
10503,0.04723690355391394
10504,0.2304754925750438
10505,0.9180939929640688
10506,0.11225460182722563
10507,0.1445589169801709
10508,0.0954459096432097
10509,0.22097169795054214
10510,0.05465527662527299
10511,0.16331500096994328
10512,0.11829968634190108
10513,0.052113102232157614
10514,0.09585297749053255
10515,0.0988338562366974
10516,0.06574909733720746
10517,0.04407445302842355
10518,0.010138439711661363
10519,0.3272972409901304
10520,0.3029928654035838
10521,0.1947351883087142
10522,0.045523420139661645
10523,0.02839369763647829
10524,0.07546195353921091
10525,0.06439672248525811
10526,0.27172914401162357
10527,0.04597998253517517
10528,0.03398676732447496
10529,0.03091601239336112
10530,0.04528745784761616
10531,0.03367908122893923
10532,0.06297455786822816
10533,0.22512987355583425
10534,0.5617348667767728
10535,0.3082374359732173
10536,0.3216452980363205
10537,0.10165796706021751
10538,0.28518417040219096
10539,0.2145558451373639
10540,0.44579395199240285
10541,0.06767440442450405
10542,0.031453775961849145
10543,0.0564332816844268
10544,0.03294877585920716
10545,0.13956099693690624
10546,0.2235243401990006
10547,0.12125593232907486
10548,0.3381722890813291
10549,0.2151429182852933
10550,0.199622254083918
10551,1.0
10552,0.06815160026562193
10553,0.1880411077170688
10554,0.17947158797230528
10555,0.025596239630577822
10556,0.3276429739373679
10557,0.0727873759752167
10558,0.0601017140170789
10559,0.04253669696356534
10560,0.05326893087792897
10561,0.17958350526340955
10562,0.3272273686773549
10563,0.3162803948604425
10564,0.46796598962670966
10565,0.3375319221075925
10566,0.18572393314507363
10567,0.19099189848757867
10568,0.1987132699742221
10569,0.0023510608946908026
10570,0.14561111350285794
10571,0.0795823842605294
10572,0.009091268870630942
10573,0.22175871570193004
10574,0.22971371788148723
10575,0.06745712144791005
10576,0.5925047893894285
10577,0.23522679339356592
10578,0.0
10579,0.08895364808575713
10580,0.08129069200806767
10581,0.06637868773606198
10582,0.025520391657141303
10583,0.016815381793569045
10584,0.055379889176221546
10585,0.08516100439067646
10586,0.08458839595819555
10587,0.18506388910209418
10588,0.3852936095416974
10589,0.9564062797794333
10590,0.4026718204591198
10591,0.2137595946817192
10592,0.571665213433653
10593,0.1187755673991338
10594,0.009200195149414314
10595,0.06437064603025229
10596,0.08483900100251573
10597,0.08564286695901047
10598,0.1891892104283006
10599,0.05472092312066874
10600,0.0508883467916495
10601,0.07983901052974479
10602,0.10853411270431045
10603,0.04621225035102674
10604,0.028134323046115788
10605,0.06037416453301898
10606,0.04154453799747318
10607,0.008749294757020392
10608,0.06428974692810564
10609,0.032434458950225516
10610,0.004629275414728527
10611,0.0354578048138912
10612,0.06734811701415053
10613,0.07099828319140576
10614,0.10520852198653928
10615,0.25580210544650817
10616,0.22784897261113948
10617,0.16534781195750314
10618,0.7267900926158295
10619,0.605681964571141
10620,0.25989919925902516
10621,0.1465881986353031
10622,0.0
10623,0.0
10624,0.052289011699378635
10625,0.05776362471219325
10626,0.0
10627,0.0
10628,0.04000393371606913
10629,0.7178466763717137
10630,0.043235873440581
10631,0.0
10632,0.06315810222393607
10633,0.025346463267605326
10634,0.05006131742006205
10635,0.043559422636535984
10636,0.08634058031541346
10637,0.005260410686065747
10638,0.04475441103714266
10639,0.0
10640,0.024851278493967437
10641,0.04254371976237333
10642,0.06835322893200477
10643,0.12660962162860465
10644,0.3837631810316228
10645,0.18797884320746297
10646,0.1486556106559528
10647,0.9499853876088867
10648,0.356192338671467
10649,0.3676965551585026
10650,0.3976246358230843
10651,0.07227757838623562
10652,0.05578180854999174
10653,0.05095049212436307
10654,0.017526882964519607
10655,0.00915009242915874
10656,0.02582816983817682
10657,0.0958726026813721
10658,0.32316502307122436
10659,0.08437270745230117
10660,0.20630318915242396
10661,0.0
10662,0.09817586131238741
10663,0.07139032817992079
10664,0.10680949294769666
10665,0.11926098308438154
10666,0.05701592983724146
10667,0.008761934730904433
10668,0.05966233276385237
10669,0.09428966782423807
10670,0.7675622765408752
10671,0.1993979756065808
10672,0.3328560099170828
10673,0.20455540820625326
10674,0.21594375567271246
10675,0.18417012482353837
10676,0.06359382477979678
10677,0.0247642424275469
10678,0.0
10679,0.06562875126633581
10680,0.010438358510130768
10681,0.10675005864930037
10682,0.05961417229655843
10683,0.1253886677966785
10684,0.20255020079428604
10685,0.0
10686,0.059718304590600034
10687,0.0
10688,0.18634299209946042
10689,0.0460458135634363
10690,0.067118562982732
10691,0.14801660027728647
10692,0.01838726703372709
10693,0.06749317191629277
10694,0.20588522593505929
10695,0.10034945559983525
10696,0.11485834912396924
10697,0.004860195387392564
10698,0.14421836315968778
10699,0.06146038868819158
10700,0.01396640400267537
10701,0.12510405088546453
10702,0.06754832111775676
10703,0.037650206825711435
10704,0.0
10705,0.15806710523428635
10706,0.0
10707,0.0
10708,0.01644438115513403
10709,0.13533694692283113
10710,0.0
10711,0.05740697128161599
10712,0.058476640903613736
10713,0.12388505618562219
10714,0.018412881629456153
10715,0.045000396901970025
10716,0.0009035700283874785
10717,0.044407694035029414
10718,0.1685943288717276
10719,0.3482061007411025
10720,0.3523909838642977
10721,0.04436567909955127
10722,0.0
10723,0.0
10724,0.04528667926944403
10725,0.0
10726,0.051080717647806514
10727,0.0
10728,0.07345878243841239
10729,0.1967374765067462
10730,0.0
10731,0.0
10732,0.0
10733,0.003330479627562341
10734,0.0
10735,0.0
10736,0.0889584391439564
10737,0.07968049532305796
10738,0.2717306570190596
10739,0.017881250680200026
10740,0.011710837553757476
10741,0.0
10742,0.09833573950202652
10743,0.1551001660296357
10744,0.28903231969828563
10745,0.05009520399388988
10746,0.0
10747,0.09720659595681273
10748,0.02141079657418141
10749,0.008844977058512222
10750,0.045780088381904414
10751,0.10045458150108647
10752,0.08818369208353306
10753,0.006393373267439163
10754,0.0
10755,0.0
10756,0.006320124375297479
10757,0.23850203088605998
10758,0.01516177247413032
10759,0.01414942684641496
10760,0.08515429720024133
10761,0.05377188922707591
10762,0.047498404039921706
10763,0.046061879794161445
10764,0.040911087799819015
10765,0.09536662390986804
10766,0.33693968294704213
10767,0.018608787961230163
10768,0.0
10769,0.01415212574255939
10770,0.06861532781013181
10771,0.026423355335427452
10772,0.05374200348343183
10773,0.1915548024905166
10774,0.058134685776720665
10775,0.2341179113141996
10776,0.11295512151774591
10777,0.04414219953305023
10778,0.0
10779,0.050497572163209506
10780,0.009931445605497248
10781,0.31443276737800047
10782,0.07788975274955345
10783,0.03798742378152662
10784,0.06393346143074866
10785,0.062145756643150876
10786,0.0003561137270899863
10787,0.005893180796159763
10788,0.3218933798698039
10789,0.49728031412748863
10790,0.16955848555295525
10791,0.0640353706137513
10792,0.051782949076108434
10793,0.0632078695368154
10794,0.039584515495420504
10795,0.08595692309504938
10796,0.11931554435406463
10797,0.06311536465863142
10798,0.9827403848022024
10799,0.0
10800,0.0631477288600622
10801,0.0337952693759648
10802,0.09367036756122414
10803,0.0007459360374664992
10804,0.022510853220244383
10805,0.17763569991785338
10806,0.36015847002601187
10807,0.07189714515964393
10808,0.17731825695378878
10809,0.0
10810,0.020874739396834437
10811,0.014959837223034648
10812,0.08562478420841282
10813,0.03977243376905231
10814,0.026509382018746346
10815,0.0438455124319191
10816,0.012909056356013113
10817,0.1012169994200494
10818,0.020786631067888
10819,0.09535898022580938
10820,0.04773134509374496
10821,0.039515055407167696
10822,0.0
10823,0.03252584295535251
10824,0.08450342384837745
10825,0.05116790291152651
10826,0.0
10827,0.0
10828,0.049110589920988254
10829,0.5452207512174698
10830,0.11241025062579361
10831,0.048521065716935624
10832,0.05076306831503771
10833,0.04865953205991198
10834,0.08343510444914529
10835,0.09349233649863731
10836,0.023920909039001893
10837,0.024066076677591638
10838,0.45768122212447865
10839,0.04258991012691084
10840,0.0
10841,0.03654529249759772
10842,0.08524195296641811
10843,0.14496204884640437
10844,0.06514434293522857
10845,0.03857843168945627
10846,0.019316500068984405
10847,0.20073223710286484
10848,0.01180322228681272
10849,0.042764937424103
10850,0.03786981283700189
10851,0.05425564216035753
10852,0.03438416969322527
10853,0.0
10854,0.18556822701926395
10855,0.07956681545770679
10856,0.0
10857,0.0
10858,0.04999091422662145
10859,0.135754990823924
10860,0.11202300636769116
10861,0.054598591285593134
10862,0.02037405445460741
10863,0.002335874177939413
10864,0.021866387679808644
10865,0.050332099806544496
10866,0.18116215869098234
10867,0.08956715940592515
10868,0.0
10869,9.822259494641109e-05
10870,0.0
10871,0.005381747610127935
10872,0.01425555431148619
10873,0.0
10874,0.0
10875,0.00706516895901494
10876,0.0
10877,0.011632899940949364
10878,0.0
10879,0.00456194447618698
10880,0.02505284850815877
10881,0.0029139925491855406
10882,0.027024178974369272
10883,0.16236931397444795
10884,0.007137401752134296
10885,0.0
10886,0.13608493234878843
10887,0.19298423632776027
10888,0.024430474511063168
10889,0.013891845416451595
10890,0.022659809396757744
10891,0.008418913340468678
10892,0.018233734835484513
10893,0.026614443835383746
10894,0.01943761144848248
10895,0.0
10896,0.013650220590799773
10897,0.059079349833387536
10898,0.0
10899,0.0
10900,0.0
10901,0.051091859773581126
10902,0.02832773744069895
10903,0.0
10904,0.05607892958285285
10905,0.006094875161762131
10906,0.14423630127397527
10907,0.05495780089513828
10908,0.06772548268789623
10909,0.0
10910,0.0
10911,0.020929153296046093
10912,0.0
10913,0.05388295611922397
10914,0.0168497937539434
10915,0.0
10916,0.0
10917,0.0028632313438801205
10918,0.0
10919,0.1790141986476298
10920,0.06493649127398331
10921,0.08389643874673323
10922,0.02746157270466638
10923,0.0
10924,0.0
10925,0.01239420909251252
10926,0.14483923653547354
10927,0.006027221582951842
10928,0.016595389610721902
10929,0.07085899793777851
10930,0.0038386547050554233
10931,0.0511277882380379
10932,0.00596498882546155
10933,0.07283722829480756
10934,0.024313267253110237
10935,0.0
10936,0.02801555055049713
10937,0.023023957695169215
10938,0.0
10939,0.001185515541584396
10940,0.0
10941,0.02042310380103803
10942,0.018316749897829315
10943,0.04324596209374202
10944,0.016441470158865833
10945,0.029896930331490424
10946,0.06251554455918455
10947,0.044971864816926575
10948,0.17693892633850825
10949,0.05641786460920364
10950,0.023156973724104614
10951,0.005271485842646573
10952,0.006329948625561197
10953,0.011704156349727081
10954,0.05957766968978865
10955,0.004224713757182857
10956,0.0141194351825529
10957,0.0
10958,0.032142323664052626
10959,0.0
10960,0.003221239826804133
10961,0.04452787104922854
10962,0.1283422269259607
10963,0.22794399983593022
10964,0.057787952803774016
10965,0.0
10966,0.05713966281213311
10967,0.08876590915912941
10968,0.0
10969,0.0
10970,0.02046182998250291
10971,0.1404702999696638
10972,0.0
10973,0.017869308524571335
10974,0.057067471200880716
10975,0.052269844510437535
10976,0.0
10977,0.024249774871516933
10978,0.07897013627767042
10979,0.07474903157032975
10980,0.0831331936983754
10981,0.186805801078704
10982,0.16529921066251443
10983,0.0
10984,0.004180277071830805
10985,0.0
10986,0.350351353085806
10987,0.02035941576658082
10988,0.2410915448346682
10989,0.18968724193919154
10990,0.15408082750475224
10991,0.0
10992,0.0
10993,0.0
10994,0.051370778247345615
10995,0.13288538283350446
10996,0.0
10997,0.611613718095592
10998,0.056539172382602865
10999,0.0
11000,0.030580305157076985
11001,0.07749191855011528
11002,0.0
11003,0.0
11004,0.07330098669299008
11005,0.08656213143793681
11006,0.0
11007,0.0
11008,0.019637467122618057
11009,0.15196170409461096
11010,0.22313971798287288
11011,0.5124286863298642
11012,0.3473123241676673
11013,0.051512255881817084
11014,0.13294879389216124
11015,0.0
11016,0.1781984913179962
11017,0.26006398540497294
11018,0.0
11019,0.047634539155837576
11020,0.06873797534219299
11021,0.05022333141217061
11022,0.1416102284814337
11023,0.39117040441595574
11024,0.04227648040355259
11025,0.1766885342347414
11026,0.525635602931257
11027,0.1851393846290596
11028,0.43367472816256725
11029,0.09419097437156304
11030,0.4970651741625741
11031,0.04170335875298328
11032,0.07168489237108974
11033,0.03579957039306811
11034,0.0618783445384247
11035,0.04042365050012618
11036,0.08002334786660198
11037,0.07113140969608035
11038,0.008062461602215784
11039,0.037250423105476924
11040,0.2712778792892476
11041,0.07418657024162756
11042,0.03206654890165256
11043,0.08031362795279974
11044,0.07415811012952529
11045,0.02017678066158159
11046,0.015539585712713385
11047,0.0
11048,0.0
11049,0.10338039201024991
11050,0.027216646336929058
11051,0.11304983618370694
11052,0.18872308867129559
11053,0.25044581122000187
11054,0.0
11055,0.09492742217428192
11056,0.0
11057,0.0
11058,0.05035674726775064
11059,0.0
11060,0.5580757769696888
11061,0.08304581828250558
11062,0.07941977853152773
11063,0.4119822369173778
11064,0.3356153424353372
11065,0.06776177893844378
11066,3.573003817021111e-05
11067,0.0
11068,0.0
11069,0.0
11070,0.04508246426618471
11071,0.0
11072,0.08567186978698009
11073,0.10506288448391068
11074,0.09686805219263596
11075,0.32336102180534343
11076,0.5451150004663038
11077,0.0
11078,0.0
11079,0.044622465075723775
11080,0.0
11081,0.0024660081306210205
11082,0.020122513773992396
11083,0.007741648375660617
11084,0.05121206987726929
11085,0.1970256000124456
11086,0.0
11087,0.042986579547601655
11088,0.0
11089,0.0
11090,0.10861354128964676
11091,0.021078815261529348
11092,0.1615937266424086
11093,0.3402179705994073
11094,0.012844273080243863
11095,0.058174495773274666
11096,0.01691347385879364
11097,0.038148309063312506
11098,0.017995608099032227
11099,0.07916484417259088
11100,0.04440185789863966
11101,0.0
11102,0.028051683964410233
11103,0.0018421440765969046
11104,0.13264093470828311
11105,0.13696906888803562
11106,0.089124825433463
11107,0.024586193770506054
11108,0.06466979901086921
11109,0.028409417735935583
11110,0.0443841803528388
11111,0.07361350082185796
11112,0.07629288593453781
11113,0.09569931603296077
11114,0.0492664391940004
11115,0.12766160388230594
11116,0.024309692153729554
11117,0.029473706253462007
11118,0.025468209510563975
11119,0.029924202660572295
11120,0.06458678021261603
11121,0.04706893247267057
11122,0.0
11123,0.08263773037600311
11124,0.18746871551449346
11125,0.19061233199715735
11126,0.03957982489005817
11127,0.00962048216811333
11128,0.040761829173001446
11129,0.055180788196196054
11130,0.03125187800028675
11131,0.0
11132,0.06833198281608788
11133,0.044730035623906546
11134,0.23706050817836072
11135,0.02304810942520022
11136,0.010739656353045685
11137,0.046127534071035994
11138,0.052800498533909196
11139,0.07086272566717555
11140,0.1874911682505045
11141,0.0630732715035873
11142,0.17703694020975833
11143,0.055235871372938034
11144,0.03598988111630655
11145,0.03145429041000542
11146,0.06177135060963391
11147,0.10302799084454943
11148,0.0
11149,0.06957574750631382
11150,0.051789767438692944
11151,0.4597614163306521
11152,0.09645467130903086
11153,0.006451126851063915
11154,0.0
11155,0.1008317741194266
11156,0.007968331311630985
11157,0.02148066162366031
11158,0.0445093383333114
11159,0.011559870045683339
11160,0.05963970863346857
11161,0.04036450170515746
11162,0.021528688318514375
11163,0.0340776566271994
11164,0.15561669740931422
11165,0.07133976972596141
11166,0.05818709134440749
11167,0.07313825616124849
11168,0.08821157871968292
11169,0.05775970571078858
11170,0.26686210434511065
11171,0.08932513895825023
11172,0.015386201997398607
11173,0.12061090526500728
11174,0.02936685518565899
11175,0.06696404940929389
11176,0.0
11177,0.0
11178,0.09547338481719453
11179,0.01468526065762186
11180,0.1662354911033548
11181,0.060076863623197245
11182,0.14441217249793184
11183,0.03384393758632521
11184,0.046274694391911536
11185,0.01212183081041313
11186,0.006648190486202448
11187,0.1606049298664746
11188,0.0
11189,0.04599854198206265
11190,0.045869310494808684
11191,0.014354406323772499
11192,0.03431573341190472
11193,0.06311008761184256
11194,0.055095671791213455
11195,0.10107247090007948
11196,0.13614199654026607
11197,0.09513699683869431
11198,0.19031322108674026
11199,0.13412059425423456
11200,0.14312808848373612
11201,0.007585043995127367
11202,0.11466652341736061
11203,0.04951261040499332
11204,0.07287974569332059
11205,0.0
11206,0.03540792307451029
11207,0.14931255033141652
11208,0.020578900676213686
11209,0.02156462412626224
11210,0.042349223398257425
11211,0.0032865448098394227
11212,0.07544996486257294
11213,0.10302290145731975
11214,0.00027612569469693496
11215,0.034499332640925896
11216,0.0004049191096931291
11217,0.018696609648640606
11218,0.08760950784733151
11219,0.04943331130791593
11220,0.03178016690182801
11221,0.0931077981544239
11222,0.05983603330958416
11223,0.17173839367406132
11224,0.32012533674397087
11225,0.060599212587545886
11226,0.08296982092122379
11227,0.06535199237120247
11228,0.1133777614771737
11229,0.08339388002214228
11230,0.10160830553605794
11231,0.07533147043798083
11232,0.0
11233,0.0
11234,0.0029631300759331647
11235,0.22523925480490595
11236,0.08134102605958003
11237,0.044139649378516305
11238,0.0572629369538837
11239,0.12162428605581138
11240,0.010536711080782192
11241,0.04733331205587143
11242,0.020319871601721103
11243,0.07769488552040398
11244,0.3353786749344207
11245,0.05960705310378997
11246,0.03983444646455628
11247,0.11164118759140111
11248,0.6308417431507415
11249,0.07271207260933714
11250,0.014953613526285887
11251,0.18112722104498732
11252,0.09365323070388225
11253,0.19308100056436922
11254,0.28564483094995413
11255,0.104470099055594
11256,0.0
11257,0.049484899932443656
11258,0.0
11259,0.07302833886356663
11260,0.16362664994931658
11261,0.023818767480654982
11262,0.183390524431139
11263,0.08399907077391953
11264,0.011004699334756729
11265,0.0
11266,0.0
11267,0.0
11268,0.04841156751541696
11269,0.046046240579471834
11270,0.07496219555079198
11271,0.012510726838820799
11272,0.14491065317177618
11273,0.14486987920460032
11274,0.12882553797280555
11275,0.13597260665542943
11276,0.06699672904815654
11277,0.12242100513329138
11278,0.21146358910387056
11279,0.21815927819458011
11280,0.049028025338251006
11281,0.0
11282,0.0901178159159343
11283,0.025622177430034164
11284,0.04227781791458425
11285,0.35849482777899017
11286,0.04619034652466442
11287,0.03850531264348025
11288,0.22628096789237237
11289,0.1912140507596203
11290,0.004858029463857097
11291,0.0602494536751663
11292,0.06610681566984476
11293,0.13832067767916154
11294,0.21056766099901109
11295,0.0
11296,0.08338462243819153
11297,0.03061439812376908
11298,0.13573236158836358
11299,0.1221461769694122
11300,0.14966442186019763
11301,0.186447177672842
11302,0.2934270963514932
11303,0.12111080020738835
11304,0.03772573409660112
11305,0.08118404682555928
11306,0.045268567914315626
11307,0.2846626198310222
11308,1.0
11309,0.0
11310,0.046290886455010935
11311,0.20902586761766367
11312,0.018772477832030447
11313,0.06757021613126137
11314,0.2306909734848578
11315,0.01542249892251766
11316,0.06893904600572698
11317,0.10327962315706359
11318,0.004936684559398622
11319,0.03769125596804593
11320,0.0
11321,0.32579497424457615
11322,0.026330222058399154
11323,0.0739480587611992
11324,0.19353601521413163
11325,0.1119218486799472
11326,0.2037000011935574
11327,0.26790097936427065
11328,0.2869648241202842
11329,0.03616961350567119
11330,0.20980218030990935
11331,0.05266500485150712
11332,0.08063080976484407
11333,0.9494124804084659
11334,0.3562899675177532
11335,0.3564379836217484
11336,0.028187852663907356
11337,0.12446024471695571
11338,0.06116717886881814
11339,0.0
11340,0.0
11341,0.0
11342,0.01950393750769819
11343,0.07424822407973168
11344,0.0
11345,0.00913549756238046
11346,0.01958627423754957
11347,0.021775582342124324
11348,0.06893591882875821
11349,0.11527287132325977
11350,0.07432097735807254
11351,0.10154460849411101
11352,0.20840790291573996
11353,0.13968025952983365
11354,0.03422880933376603
11355,0.1251994929687264
11356,0.1985339612925165
11357,0.036880192637519134
11358,0.04008140576580053
11359,0.9474510584239099
11360,0.7909858327754714
11361,0.625596075138011
11362,0.0
11363,0.023791451282396955
11364,0.023364906235006987
11365,0.31781582909092376
11366,0.06452624853471904
11367,0.043348125180729134
11368,0.11560766841651093
11369,0.09534549271348057
11370,0.09123374391225576
11371,0.0
11372,0.29645479543783365
11373,0.0
11374,0.02421325222636625
11375,0.14915297095434715
11376,0.10749481966081205
11377,0.09667502627422962
11378,0.047203850634481
11379,0.07365956012363031
11380,0.04931179098744162
11381,0.0
11382,0.14715485830161787
11383,0.09869887489226502
11384,0.0698544764285013
11385,1.0
11386,0.7728951906367306
11387,0.724815835802114
11388,0.006618406975967643
11389,0.04001691775043943
11390,0.0006815649579181872
11391,0.18301850525321084
11392,0.09246768613521604
11393,0.18642143858167307
11394,0.021908148626160237
11395,0.05238657525254982
11396,0.030624567435224456
11397,0.0629235294451506
11398,0.11095115033655946
11399,0.15069313476365892
11400,0.09532783556720272
11401,0.353581689445124
11402,0.30894368419770774
11403,0.19370825470063258
11404,0.14713718050095934
11405,0.10213579543557717
11406,0.07086161352233566
11407,0.10504785954289274
11408,0.05219359958860711
11409,0.04070108747521522
11410,0.00982285626341806
11411,0.1218067953167548
11412,0.1410535928885686
11413,0.11359088521090342
11414,0.0887023060490797
11415,0.013878970757141597
11416,0.9355980997760196
11417,0.9879578049032823
11418,0.9948374901137278
11419,0.07594562466156368
11420,0.0428133184863142
11421,0.049513217724279225
11422,0.1860642974534833
11423,0.011842047512128338
11424,0.009284691494328203
11425,0.04037940361741971
11426,0.049191708785542715
11427,0.0756255265086928
11428,0.043138447603600805
11429,0.25120082918928044
11430,0.8070617208533624
11431,0.10371882601822983
11432,0.10469714788611274
11433,0.09975802656519417
11434,0.18686328164970206
11435,0.08150476219407082
11436,0.1870832330005678
11437,0.09620316894786832
11438,0.02997018587613755
11439,0.08606155915327587
11440,0.1360372606388033
11441,0.04426220846658177
11442,0.04303944335082803
11443,0.03751835893276233
11444,0.30364981104936095
11445,0.3165706642226572
11446,0.13573179352706735
11447,0.05627711999287804
11448,0.0033311813346322164
11449,0.06506957101393179
11450,0.10061415479540187
11451,0.23318079714266954
11452,0.00613900777732914
11453,0.06055903402250967
11454,0.04796594900023806
11455,0.04709587091049963
11456,0.022402747820292612
11457,0.05811843656635761
11458,0.060672311200032795
11459,0.1753667302115157
11460,0.612857554298633
11461,0.24004775083322302
11462,0.23287959715078635
11463,0.13250456169259253
11464,0.24047384221273616
11465,0.16610920646169886
11466,0.565735121176511
11467,0.050765818508346626
11468,0.018427617715553256
11469,0.001223251715559848
11470,0.0709682024639813
11471,0.1250535850978668
11472,0.1573246660782585
11473,0.06822062148954514
11474,0.33013916107161145
11475,0.2426969835586011
11476,0.20356270266678733
11477,1.0
11478,0.022118971564111353
11479,0.0
11480,0.1626772425124506
11481,0.15503399698015682
11482,0.017041187674515318
11483,0.0
11484,0.2455633458982188
11485,0.06922623788350647
11486,0.02222889691055616
11487,0.05231253355870963
11488,0.07455033205008997
11489,0.13240740261237324
11490,0.24245917174485154
11491,0.35417624128938235
11492,0.4646379177117864
11493,0.32209250428435987
11494,0.1671756004313683
11495,0.1908711066136424
11496,0.20588297912375672
11497,0.0036303554468084696
11498,0.07341263933327684
11499,0.10071386569977366
11500,0.08201605096964283
11501,0.2890015286316533
11502,0.21739619325743662
11503,0.05468218600771064
11504,0.4248124062975804
11505,0.30708651522759783
11506,0.0
11507,0.0746561752205131
11508,0.08042625638588116
11509,0.08735379487330563
11510,0.06077219599678545
11511,0.038664705284291376
11512,0.014818881485471945
11513,0.047306400484443144
11514,0.1316010074811397
11515,0.06663726813740088
11516,0.1801573996749906
11517,0.3230554645530432
11518,0.797193852182292
11519,0.3432372686703063
11520,0.21101533689525445
11521,0.4674398283658067
11522,0.10076529680018606
11523,0.08019693703417571
11524,0.08458553893517562
11525,0.1088275257388579
11526,0.16601789382036636
11527,0.03408851104400442
11528,0.01122445493424266
11529,0.11551049238006073
11530,0.1482733523663961
11531,0.039478232307152326
11532,0.0
11533,0.014295996324965197
11534,0.02723615267715322
11535,0.015809312252779227
11536,0.05670753417505505
11537,0.0
11538,0.012591076658629997
11539,0.05210074592710732
11540,0.04836607306117744
11541,0.08225127288507648
11542,0.21513341682277962
11543,0.19080034993310382
11544,0.14132437561784322
11545,0.6750352813373843
11546,0.5541136127164409
11547,0.28921807972347213
11548,0.12121130629635031
11549,0.023969607057720846
11550,0.062073865311869
11551,0.14601400627002192
11552,0.009215341614375825
11553,0.0
11554,0.008694132031040339
11555,0.7577992546916552
11556,0.020841055212825876
11557,0.0
11558,0.06697679343538537
11559,0.05928289112631882
11560,0.08523605280391024
11561,0.023954303567057345
11562,0.048583277007101355
11563,0.006032282888739031
11564,0.030286178962478677
11565,0.03499397436618564
11566,0.09624186181929155
11567,0.11888507472246174
11568,0.4134530814608554
11569,0.2095022022057004
11570,0.13654620911975912
11571,0.8830804581970281
11572,0.31540979625730814
11573,0.3348552473696263
11574,0.2494113371750977
11575,0.02797253959454987
11576,0.04344038591819014
11577,0.04246322055224539
11578,0.030230927303246162
11579,0.024210094859660015
11580,0.030192710839774334
11581,0.04763142771475698
11582,0.427459654210716
11583,0.16584367233688205
11584,0.31921336266193684
11585,0.007455170723395296
11586,0.0795172521144998
11587,0.08308408585957447
11588,0.16143608903004114
11589,0.07119007441378368
11590,0.034611536463456466
11591,0.015561179110901404
11592,0.0
11593,0.030529426737908722
11594,0.09452992493620045
11595,0.8481093671303549
11596,0.18850286407873937
11597,0.3440916762143798
11598,0.19703699405215644
11599,0.220730014317294
11600,0.17050834347311067
11601,0.05660189927182471
11602,0.04582087654466154
11603,0.0
11604,0.0037883039628169826
11605,0.061666442294129625
11606,0.03215658546998378
11607,0.0950420121440979
11608,0.0651665992304684
11609,0.1067080768225671
11610,0.18570155345177647
11611,0.0
11612,0.04390083722435697
11613,0.18617592428478516
11614,0.006831085584462615
11615,0.0
11616,0.10644604732423145
11617,0.1767363551063288
11618,0.02494584581848849
11619,0.1747307284738218
11620,0.19272926883363814
11621,0.06460317351194537
11622,0.06699685259881145
11623,0.14562225722103142
11624,0.07578407194785411
11625,0.016194252319402216
11626,0.1516031927766443
11627,0.11221788403147277
11628,0.0
11629,0.0
11630,0.19029753416549802
11631,0.0
11632,0.03211576078854304
11633,0.0818836554106961
11634,0.06090622885054175
11635,0.15988218014065403
11636,0.04819398224581913
11637,0.04937115663605201
11638,0.05116104992244557
11639,0.15148796267014844
11640,0.36969715567835465
11641,0.38303848836906423
11642,0.09731980600682368
11643,0.0
11644,0.013215932248986617
11645,0.0
11646,0.013594299808648217
11647,0.02579744179447557
11648,0.06626743013192245
11649,0.1851112375968542
11650,0.03065817183113839
11651,0.042732146664196065
11652,0.014180219536490455
11653,0.0
11654,0.0
11655,0.0
11656,0.10002537352998446
11657,0.09372857420181697
11658,0.2882272462694631
11659,0.01711572076088386
11660,0.01775334234869728
11661,0.03306451795962307
11662,0.06412785656329739
11663,0.13240871492926726
11664,0.2609703959034607
11665,0.09147233986562858
11666,0.02183300628975569
11667,0.06816679547300111
11668,0.0012443498263301522
11669,0.04431779820632518
11670,0.05792541766401043
11671,0.14001825479346128
11672,0.0497465533317158
11673,0.012686974318216665
11674,0.0
11675,0.0031862883868306793
11676,0.0
11677,0.2175803702756758
11678,0.01767430995839402
11679,0.024663698641815574
11680,0.10057666717533516
11681,0.08415480434370934
11682,0.030433156629077758
11683,0.02175030001193264
11684,0.03155103177822351
11685,0.0788751250035878
11686,0.3384967763481485
11687,0.026211274472000442
11688,0.0
11689,0.0
11690,0.004846840909881276
11691,0.05699043829776001
11692,0.039602469969444866
11693,0.058416442395517604
11694,0.17594178000526672
11695,0.042947012913392535
11696,0.20602694083353046
11697,0.06508872045608018
11698,0.04411706171504387
11699,0.006743685762041254
11700,0.048193344608965454
11701,0.034890216568907596
11702,0.007543070375526214
11703,0.22631571416331403
11704,0.02987060203122227
11705,0.021091879155565235
11706,0.08400655132382573
11707,0.07274911544391886
11708,0.0
11709,0.0
11710,0.34574323735605283
11711,0.5417474204092133
11712,0.105411369698165
11713,0.03457609449474099
11714,0.06075307991323583
11715,0.0617539541422749
11716,0.01647102700815311
11717,0.08931599476134759
11718,0.09828958034811087
11719,0.04830936511554697
11720,0.8198377305465399
11721,0.05129316526539435
11722,0.04603950949792541
11723,0.06734996178402991
11724,0.003221342269226798
11725,0.06404492575688904
11726,0.15157468094740661
11727,0.34305863499409217
11728,0.06455805654189056
11729,0.11878989498960835
11730,0.0
11731,0.0015330711472774578
11732,0.04046003133414491
11733,0.09193353415602298
11734,0.044498564521888107
11735,0.04259103946142831
11736,0.0
11737,0.06649392680661634
11738,0.04203233713984932
11739,0.0
11740,0.044431567426127916
11741,0.05171319369583112
11742,0.06786171593419878
11743,0.038453038293659175
11744,0.005307302737730827
11745,0.04095099700877604
11746,0.06882948501503187
11747,0.1205279829977625
11748,0.02090531200733605
11749,0.061103363702153496
11750,0.5769906159185348
11751,0.18454704710812736
11752,0.08548929350529719
11753,0.0
11754,0.012647868079118734
11755,0.0007721354073722044
11756,0.057690683137299366
11757,0.0746888943424844
11758,0.006260045122114789
11759,0.005770897599471899
11760,0.3299710240157509
11761,0.01987707060935445
11762,0.050776031534260385
11763,0.18228072844797355
11764,0.0
11765,0.06957904749116121
11766,0.056392674260972504
11767,0.033222576576704105
11768,0.020574537109178597
11769,0.20199937785419617
11770,0.04323194799560887
11771,0.05443178052308531
11772,0.0
11773,0.016984864342894812
11774,0.032142284375517
11775,0.055194909327175315
11776,0.013401654371350227
11777,0.014118795088259507
11778,0.1364258625320072
11779,0.08848307082800086
11780,0.0
11781,0.0
11782,0.01444555421518979
11783,0.14979693279882958
11784,0.06307270054786547
11785,0.05452845323843455
11786,0.01214687153969023
11787,0.003403157664381957
11788,0.06009120391158048
11789,0.019009245934699832
11790,0.13692038463756342
11791,0.1782403874466764
11792,0.0
11793,0.006798226745018651
11794,0.06165255154986868
11795,0.023103408773007827
11796,0.00470087574555333
11797,0.024304004706004606
11798,0.012487455257636036
11799,0.0
11800,0.0
11801,0.016096031351513402
11802,0.0
11803,0.004553541471292931
11804,0.0
11805,0.010177618251288162
11806,0.061762150046316154
11807,0.14777223826918615
11808,0.0
11809,0.09477929225009848
11810,0.012157859068598747
11811,0.22300702650820506
11812,0.0
11813,0.018456760213348907
11814,0.04497589030339606
11815,0.006732321614317706
11816,0.0063061615696686215
11817,0.03345766530931813
11818,0.0009617377552492631
11819,0.0
11820,0.006867860351347135
11821,0.026929303763441645
11822,0.0025670870093367944
11823,0.0
11824,0.05409614463571773
11825,0.007387724449323204
11826,0.05889475065249987
11827,0.0
11828,0.0292297859662111
11829,0.0
11830,0.013414253081353113
11831,0.0
11832,0.1563949677601165
11833,0.04552767637461102
11834,0.0652194703156691
11835,0.006961762270011313
11836,0.0
11837,0.0
11838,0.026035431440646635
11839,0.0
11840,0.018293114775246762
11841,0.0
11842,0.0
11843,0.1873136963175324
11844,0.034591123563422414
11845,0.10032337533986022
11846,0.06416232852599796
11847,0.0037838176175403306
11848,0.1186636646078783
11849,0.027847055882908586
11850,0.009125090796477173
11851,0.0
11852,0.08628049539545309
11853,0.008699578983445437
11854,0.05866322594041839
11855,0.10568180348683902
11856,0.016451704790107435
11857,0.012838452088689762
11858,0.050319256497144096
11859,0.0259057081041339
11860,0.0
11861,0.0009328998425845311
11862,0.0
11863,0.01786885627038014
11864,0.0020421830088256346
11865,0.010522154487851714
11866,0.026450725223899265
11867,0.06171171472521369
11868,0.04357452928807505
11869,0.0
11870,0.1644886856178891
11871,0.03204923777020329
11872,0.0117299572668686
11873,0.012263333437127785
11874,0.0
11875,0.0158331007737497
11876,0.07456955883496418
11877,0.02299832417847392
11878,0.027871326438615045
11879,0.016749605923840664
11880,0.01627621298084088
11881,0.0
11882,0.029445014114606937
11883,0.1047735808895749
11884,0.1910810057616464
11885,0.0
11886,0.056620706604005706
11887,0.0
11888,0.0
11889,0.03961294467482654
11890,0.019929804067086578
11891,0.0
11892,0.01620088139820775
11893,0.04487136580737093
11894,0.0
11895,0.001665787740561902
11896,0.11209042908464965
11897,0.0734649866644198
11898,0.030789575922016806
11899,0.0
11900,0.0
11901,0.08676093745759214
11902,0.0461042122452594
11903,0.032472848151664485
11904,0.1734063801071792
11905,0.12589119673346008
11906,0.0
11907,0.0
11908,0.37365820570804975
11909,0.044420533052265995
11910,0.22798701922242662
11911,0.08645293588748343
11912,0.18424783781326823
11913,0.0
11914,0.0
11915,0.05181688074165231
11916,0.13758655625361782
11917,0.01971016527154209
11918,0.7069274828696925
11919,0.1775994967525397
11920,0.11174956796016094
11921,0.17442583322293392
11922,0.0
11923,0.008923477995185678
11924,0.05516219366948765
11925,0.04063389482384794
11926,0.0
11927,0.0
11928,0.05204750992825368
11929,0.14417531978447512
11930,0.11208996302824525
11931,0.4498545502346561
11932,0.35160491115947157
11933,0.03765018070222174
11934,0.0956956729566384
11935,0.0
11936,0.029274253654104337
11937,0.23409429842163254
11938,0.0
11939,0.013869185014206168
11940,0.04101033932175952
11941,0.06152892831277828
11942,0.04560143614062656
11943,0.0973942596838848
11944,0.2916895054682483
11945,0.0504624312877536
11946,0.20161783044474796
11947,0.44840941089021086
11948,0.18526540622079882
11949,0.0
11950,0.5021546320007451
11951,0.04610459339283102
11952,0.5070535178455543
11953,0.03547342889526756
11954,0.04771599469600532
11955,0.09136380063058742
11956,0.03771333511062592
11957,0.04092356449085092
11958,0.14747586477913946
11959,0.09981434921636519
11960,0.004917979601663824
11961,0.001943785861409033
11962,0.2913392207106395
11963,0.07621789049163133
11964,0.03083651241984905
11965,0.06936052074097054
11966,0.12203240277337862
11967,0.0012996339868223108
11968,0.0034341090040538418
11969,0.0
11970,0.0
11971,0.10099018445619717
11972,0.16002723747416198
11973,0.09800629834577916
11974,0.0
11975,0.21683585843634645
11976,0.0192584564198432
11977,0.04394071268140207
11978,0.01209276917169327
11979,0.0
11980,0.012734803875174163
11981,0.3694309548157946
11982,0.14865199041535374
11983,0.07886469060009389
11984,0.38609394465675034
11985,0.35287391831467163
11986,0.0
11987,0.05799180754780281
11988,0.03869564066613529
11989,0.0
11990,0.0
11991,0.017616632749449856
11992,0.0
11993,0.0
11994,0.04638093921767723
11995,0.0
11996,0.0
11997,0.10373162764265262
11998,0.07336088190617113
11999,0.09593377643143565
12000,0.2504335663162217
12001,0.5004220159417601
12002,0.006043604922402638
12003,0.0
12004,0.06517682760122954
12005,0.0
12006,0.019922097715340606
12007,0.0
12008,0.01625798628166445
12009,0.04355327313513499
12010,0.2044780187986077
12011,0.006892998666005451
12012,0.059918025982596046
12013,0.0
12014,0.0
12015,0.005447528866351255
12016,0.16367327957532
12017,0.34315094589076633
12018,0.0
12019,0.026474173114385584
12020,0.044625753633956676
12021,0.0
12022,0.027057376183744347
12023,0.008085199217428077
12024,0.06676708534435909
12025,0.0
12026,0.026460669724114247
12027,0.0
12028,0.13372798931856675
12029,0.12067875708221902
12030,0.11849059873456205
12031,0.06948524989279897
12032,0.07121693382730646
12033,0.023910716318962664
12034,0.046230722706858796
12035,0.06464575733027017
12036,0.0533212470548221
12037,0.11231432640279959
12038,0.07583420271758222
12039,0.1679695918460554
12040,0.006869347557260168
12041,0.030603098662736476
12042,0.030042052444521503
12043,0.042210336121432206
12044,0.04414911008738826
12045,0.07994943215770982
12046,0.0
12047,0.005404548216186404
12048,0.11249787295371584
12049,0.2127987224266288
12050,0.19906518778542287
12051,0.05364996352235227
12052,0.054834011462088536
12053,0.02522594502322494
12054,0.1269318605284226
12055,0.036873580604802045
12056,0.0
12057,0.04026588282262989
12058,0.0072615311133201405
12059,0.023742710107608447
12060,0.16571192304725257
12061,0.024643032224940957
12062,0.023473563802737827
12063,0.04833184204284234
12064,0.06478558659435862
12065,0.08487975994451465
12066,0.17941356195669078
12067,0.17322968571885725
12068,0.18456504594811285
12069,0.030957851012854396
12070,0.04052111060470339
12071,0.033082770175138096
12072,0.06414477852390123
12073,0.06128119949904438
12074,0.06132963299086522
12075,0.029757926964976734
12076,0.4248478102323849
12077,0.13609779431788718
12078,0.016776132846164606
12079,0.09674702247991251
12080,0.06565772727543198
12081,0.050685339309260447
12082,0.027375087595975865
12083,0.002694571128457433
12084,0.10645063721398845
12085,0.021331532695753188
12086,0.026262294687685876
12087,0.024757984717260713
12088,0.11952403167530372
12089,0.06142979160302076
12090,0.0678257870305218
12091,0.06230256208927738
12092,0.059662923804948365
12093,0.18104191298789776
12094,0.3429053653854577
12095,0.06723567158442416
12096,0.023209127126922652
12097,0.07551885036544077
12098,0.02632037353697299
12099,0.0748305124616237
12100,0.016066223910464937
12101,0.0
12102,0.04146402917223632
12103,0.026225819847514847
12104,0.10272744811292042
12105,0.02856540011100892
12106,0.10564239499495362
12107,0.018776832280829544
12108,0.07135248204833955
12109,0.024956360129146673
12110,0.15007625771501132
12111,0.0
12112,0.03769859170034069
12113,0.0416444375364493
12114,0.03217903318215905
12115,0.0
12116,0.008059014846362489
12117,0.03184250998555333
12118,0.044140928710211164
12119,0.04108259592296425
12120,0.06758776028281127
12121,0.1494656172316037
12122,0.09676623515900962
12123,0.19067825143809866
12124,0.18176930020252555
12125,0.13513442344986293
12126,0.03140487217927389
12127,0.14657543588769506
12128,0.02538681085917476
12129,0.07292283639147164
12130,0.026157614991754966
12131,0.14362826021730757
12132,0.04362720506965564
12133,0.02414672171675964
12134,0.06564906935556404
12135,0.01543296931883428
12136,0.027598417040807618
12137,0.06613113223440498
12138,0.07970184090250762
12139,0.049434100925097126
12140,0.022628895173670168
12141,0.08445926616094102
12142,0.04345425281292747
12143,0.06899026428813668
12144,0.06415506601122359
12145,0.0826641585080603
12146,0.13859238242969935
12147,0.3004144660211661
12148,0.09423989682461285
12149,0.08165772456519078
12150,0.05025705296075584
12151,0.07395874800435308
12152,0.06990665936687188
12153,0.1050044349213808
12154,0.08385955744050572
12155,0.026370315866437764
12156,0.30502736467478353
12157,0.05022804205300278
12158,0.07847177752978002
12159,0.01709676809067534
12160,0.13490733715246497
12161,0.0271122377140162
12162,0.0027411733669994924
12163,0.009781663057856783
12164,0.05338453318359783
12165,0.35502467268664667
12166,0.04912021558900497
12167,0.05015596439106641
12168,0.10520218512471839
12169,0.604881504033803
12170,0.0664601336846166
12171,0.0
12172,0.16861109980971373
12173,0.0550187729629079
12174,0.23968085712456014
12175,0.2733702675205733
12176,0.076055942294711
12177,0.0
12178,0.05474593810498563
12179,0.07868783924146795
12180,0.1519862956744045
12181,0.014575167714781923
12182,0.16807310753428906
12183,0.094985136083002
12184,0.041219530778219576
12185,0.003676733766048266
12186,0.012803920884372034
12187,0.047552692960838
12188,0.06691914653825105
12189,0.08279566094699961
12190,0.0
12191,0.11372903689429469
12192,0.0947530120626743
12193,0.13929211884614248
12194,0.09509616245435998
12195,0.03246653796857567
12196,0.11229002453075482
12197,0.22531554535353712
12198,0.20731264447730682
12199,0.02573113396001055
12200,0.061199916746560716
12201,0.04338735788954277
12202,0.06004452923180037
12203,0.5305908294232954
12204,0.045057068972303486
12205,0.011554601411903597
12206,0.2278923878904237
12207,0.20235245743436114
12208,0.0
12209,0.07127035492136605
12210,0.04792399470184023
12211,0.19827933509687048
12212,0.19447785144752874
12213,0.06428111667463639
12214,0.05177530406508478
12215,0.06646272508815246
12216,0.059240060167305306
12217,0.181242234555211
12218,0.1637890060839381
12219,0.2210911974054961
12220,0.10190088264102576
12221,0.03471600698378562
12222,0.056599819457611625
12223,0.03851859685130133
12224,0.309140916617139
12225,0.9849613447147502
12226,0.0
12227,0.044431105290711495
12228,0.24680909660769484
12229,0.005100140017574834
12230,0.034172984219991834
12231,0.2386230492648737
12232,0.012206124430338238
12233,0.10091419761958058
12234,0.09706769664304651
12235,0.020117162184940675
12236,0.0826904423226693
12237,0.0
12238,0.3540561351723464
12239,0.019130464516349827
12240,0.09429903388844478
12241,0.18925659389000893
12242,0.1144168118039617
12243,0.20147979308272768
12244,0.2385717696098762
12245,0.3601796973834099
12246,0.029675379457294003
12247,0.19411761246569134
12248,0.1119091112042936
12249,0.17682837402624008
12250,0.7167970468832388
12251,0.44539379998419226
12252,0.34939739582200363
12253,0.030154757843002165
12254,0.1800143623333521
12255,0.002729505458442387
12256,0.0378064001059124
12257,0.0
12258,0.05376071950619668
12259,0.006310340464234339
12260,0.0
12261,0.0007553511293750613
12262,0.04312619881366033
12263,0.064901520870042
12264,0.10967305840309119
12265,0.1351571905556913
12266,0.09410160660783348
12267,0.1937244931930536
12268,0.06975814047747889
12269,0.015279583247265954
12270,0.08658955281864299
12271,0.20450317632409906
12272,0.03590025545881603
12273,1.0
12274,0.7661212397079631
12275,0.4965200328439947
12276,0.02825379863265177
12277,0.021594186911973096
12278,0.040941139749741465
12279,0.3531737427201619
12280,0.09565933998479366
12281,0.061749758622937245
12282,0.003698846146179875
12283,0.09290348738100089
12284,0.07661309986562506
12285,0.04956854571445509
12286,0.0006296978108813327
12287,0.23424453771188317
12288,0.0
12289,0.03090230444947703
12290,0.11345091836214147
12291,0.117547969405563
12292,0.07105205555747167
12293,0.05150908274927935
12294,0.19227927374612605
12295,0.05462109500767633
12296,0.0
12297,0.18850451639028926
12298,0.120627850560964
12299,0.09649080292876029
12300,1.0
12301,0.8019191054395098
12302,0.7062255679516113
12303,0.08478898586172905
12304,0.0
12305,0.007019225816818618
12306,0.1714808647307734
12307,0.1496124118896509
12308,0.22980487606505906
12309,0.03696847224074599
12310,0.04633622501262449
12311,0.022169720125232908
12312,0.054999636673321785
12313,0.0656600664477067
12314,0.15473313471957417
12315,0.1264441806524666
12316,0.3510252830299187
12317,0.2764844293392789
12318,0.1966008240906114
12319,0.0815154867491159
12320,0.11140260069523195
12321,0.0667231469355564
12322,0.10609400872238411
12323,0.0422907734873134
12324,0.0488690929682549
12325,0.00995521758386462
12326,0.15100967598029463
12327,0.1674621999640434
12328,0.03392700807368997
12329,0.10561205234182702
12330,0.033404696095000797
12331,0.9374667365206104
12332,0.9923717912185925
12333,1.0
12334,0.061709187528897806
12335,0.007200836528083632
12336,0.19750731685264786
12337,0.0
12338,0.1918023040830157
12339,0.03038490637744586
12340,0.008218242108209522
12341,0.0124334895978892
12342,0.03152953099316311
12343,0.10415225153824667
12344,0.039641099328895625
12345,0.23700722790386405
12346,0.7510651889772776
12347,0.08304742175002382
12348,0.09835512406736993
12349,0.07621697031424139
12350,0.1706954827677382
12351,0.056699542902545925
12352,0.19958316078346341
12353,0.12788891518742465
12354,0.007241155793447533
12355,0.10606268351647527
12356,0.10009504631896259
12357,0.04390151753837901
12358,0.013851488321929931
12359,0.020818042224804517
12360,0.2779827137259774
12361,0.25183074150405377
12362,0.16810786034380654
12363,0.06778130218773343
12364,0.0667717166641137
12365,0.10036558488558724
12366,0.2150615726711073
12367,0.024138842276281828
12368,0.05926293808432419
12369,0.030677392532601225
12370,0.01417020111764225
12371,0.06559463943128212
12372,0.044812358918460596
12373,0.2034552385470653
12374,0.5368257686144895
12375,0.2672567505186402
12376,0.22038355755986666
12377,0.12249368185758136
12378,0.20027463401853252
12379,0.19240006477938906
12380,0.5378201226134572
12381,0.03438574123608223
12382,0.016838977474009195
12383,0.004125972312952108
12384,0.022338342297506985
12385,0.07496973392328869
12386,0.16817797954369157
12387,0.1756521853816312
12388,0.3208263878854811
12389,0.24236576395641926
12390,0.23180036073672014
12391,1.0
12392,0.06694305820993579
12393,0.01703530642727352
12394,0.06803069855672732
12395,0.19215876631242088
12396,0.05032443312178086
12397,0.1976163346656532
12398,0.06406232760677895
12399,0.006016375254327434
12400,0.04484758914103324
12401,0.03791806089855569
12402,0.18835869467888283
12403,0.19323244691028216
12404,0.3007296418678382
12405,0.43140809975091915
12406,0.2505605004828907
12407,0.1784089358875128
12408,0.15112481133648992
12409,0.21906604628796023
12410,0.0
12411,0.16263800553417834
12412,0.06767202627328851
12413,0.08440991462119998
12414,0.27415322089964866
12415,0.27244941744958295
12416,0.05687392605322459
12417,0.4892816237567125
12418,0.22720595108878722
12419,0.09866334705484012
12420,0.037412438803932684
12421,0.10359647147547828
12422,0.03423838871535154
12423,0.0
12424,0.0279184426691426
12425,0.004866653748720675
12426,0.08268767145654767
12427,0.10854407515659978
12428,0.07226145885547863
12429,0.16377851971850407
12430,0.3032383714368359
12431,0.8328489119781761
12432,0.3440071025024488
12433,0.19195265390750135
12434,0.47576520089494456
12435,0.0973437555530494
12436,0.11922083375076492
12437,0.061786047309874706
12438,0.13386590124419892
12439,0.1954166161646622
12440,0.060530339706181664
12441,0.04205511474172486
12442,0.07096012568628901
12443,0.15648000886929808
12444,0.0
12445,0.020395063642289223
12446,0.08874724998341164
12447,0.030758653304218446
12448,0.04395315858793241
12449,0.011553551004962463
12450,0.032387713393807645
12451,0.005879063332103486
12452,0.0
12453,0.01865198358595443
12454,0.029589522247958244
12455,0.06913602073516176
12456,0.09718084616776991
12457,0.18854072457811596
12458,0.19616158278856138
12459,0.16095247196387408
12460,0.6059641191792464
12461,0.5991854735771758
12462,0.24208898327912143
12463,0.11202427969848583
12464,0.03482517431185254
12465,0.0
12466,0.060552979082561485
12467,0.09946194244490299
12468,0.013176647661064
12469,0.006496917379643652
12470,0.948826497380899
12471,0.04462868241459963
12472,0.039725128863829534
12473,0.036826781585225773
12474,0.11974274857537773
12475,0.033675993802907256
12476,0.07058725662333701
12477,0.0024716431651884896
12478,0.03252126355848436
12479,0.0
12480,0.009856439603548437
12481,0.03323308265108083
12482,0.10603763508197024
12483,0.1120130000764254
12484,0.4369091113943458
12485,0.2256079784740084
12486,0.13344005695164074
12487,0.9772186219069747
12488,0.3199283380025059
12489,0.3194988615627925
12490,0.23889043390781822
12491,0.0
12492,0.025502029482337686
12493,0.0240377426894723
12494,0.04413098249618841
12495,0.04859347057781893
12496,0.05476204589624161
12497,0.04145396885956131
12498,0.09485174295639273
12499,0.38954045708866153
12500,0.16835544432455105
12501,0.24014663417581392
12502,0.016016644029152725
12503,0.08531255241832852
12504,0.13317878898529284
12505,0.14111271049466254
12506,0.16539824947459744
12507,0.02087018327562038
12508,0.019633384212529213
12509,0.0
12510,0.03967637235017795
12511,0.13986058177540917
12512,0.7451548041171224
12513,0.2229982304168616
12514,0.35999583916460204
12515,0.19126056687228918
12516,0.2326135129185776
12517,0.19333197932403523
12518,0.07461445152521486
12519,0.02140645307483787
12520,0.0
12521,0.0
12522,0.039586444189180225
12523,0.02549150337522336
12524,0.1271903866239191
12525,0.10137961488715451
12526,0.1347963130585933
12527,0.19667883448705137
12528,0.011010594387220728
12529,0.028766565340798172
12530,0.1779613224733845
12531,0.018762538437395972
12532,0.0
12533,0.0208209021651604
12534,0.013085922747157122
12535,0.09863767556719777
12536,0.10756221561326734
12537,0.033697238712793516
12538,0.08228375180798356
12539,0.18798758392700812
12540,0.0920729613573078
12541,0.105458745676913
12542,0.014934436374863252
12543,0.11207692110418947
12544,0.09804730110435804
12545,0.01690550702979755
12546,0.14480931219923093
12547,0.11831929195891691
12548,0.022442962341100398
12549,0.0
12550,0.0
12551,0.18068828682810323
12552,0.0
12553,0.07012420702824962
12554,0.05225604734443406
12555,0.08031495157699979
12556,0.1641607990631543
12557,0.017427624529591932
12558,0.05220442110303042
12559,0.0
12560,0.04564176660487233
12561,0.18634669579147636
12562,0.32567834157183395
12563,0.4789108964155812
12564,0.049643780251436245
12565,0.030486060451318447
12566,0.00024451352419507967
12567,0.03285251001047488
12568,0.06526754284224592
12569,0.13628680631137222
12570,0.0
12571,0.020515003429036918
12572,0.007936427481798129
12573,0.006562894023372435
12574,0.0
12575,0.07536362778117796
12576,0.09203792474991548
12577,0.2139976453995081
12578,0.0034541796282522683
12579,0.019411794763933718
12580,0.03129840038852521
12581,0.045277039541113534
12582,0.1633179021997031
12583,0.22381699617778036
12584,0.06833753825161748
12585,0.005931825181519353
12586,0.1228075524748479
12587,0.02971809113854207
12588,0.0
12589,0.0580509373837185
12590,0.13917000495351495
12591,0.05270580497680054
12592,0.0
12593,0.0
12594,0.003054703564275353
12595,0.0
12596,0.1933550740971946
12597,0.024579545065291298
12598,0.013677338176251051
12599,0.11244774505160497
12600,0.08336708905465141
12601,0.043959092925804556
12602,0.021109270808821707
12603,0.03084739376574882
12604,0.042988567898196064
12605,0.3159422640323987
12606,0.04331778072333922
12607,0.0
12608,0.00762315118333942
12609,0.04010287435343591
12610,0.043946815057555225
12611,0.0888630647396038
12612,0.10282358657987853
12613,0.053297035013438576
12614,0.19808543280985533
12615,0.07348211535869206
12616,0.07122217548207425
12617,0.0
12618,0.04208351308855616
12619,0.02426959747339966
12620,0.00810942570198741
12621,0.2171136555658951
12622,0.0
12623,0.060126141220875694
12624,0.04377478092013167
12625,0.0724597878841957
12626,0.07545576321213317
12627,0.0
12628,0.0
12629,0.3267731152619582
12630,0.7091227814861012
12631,0.13571342139526843
12632,0.04650294825803729
12633,0.0594843689928693
12634,0.060948720024505874
12635,0.025564291297525212
12636,0.029844630756106622
12637,0.07571670112295109
12638,0.11576710150851498
12639,0.837598378120543
12640,0.011281663613251917
12641,0.06547794811199992
12642,0.041096064501854254
12643,0.08471926343413766
12644,0.028443139569259517
12645,0.018225049761698028
12646,0.07207749559037027
12647,0.33388101469274467
12648,0.07469358038400357
12649,0.11445686097854803
12650,0.0
12651,0.02623091060741764
12652,0.0
12653,0.0226846171151085
12654,0.09375317709675243
12655,0.02234433347644183
12656,0.0019200471974211847
12657,0.024511120995681816
12658,0.0
12659,0.08503858833622979
12660,0.041347545265057475
12661,0.0
12662,0.03994778476595299
12663,0.02962778737859291
12664,0.06933668756018743
12665,0.04946118546654725
12666,0.021745562593703676
12667,0.00844049055823749
12668,0.0722584751748448
12669,0.094355075082058
12670,0.01687017088851582
12671,0.041250005922752915
12672,0.582300135141432
12673,0.11231565439393383
12674,0.11201534537093792
12675,0.04220047670445223
12676,0.07588544986059352
12677,0.04492309689765134
12678,0.05378253626540442
12679,0.015597425301803575
12680,0.03948628131378417
12681,0.35759494548772836
12682,0.024891316203527712
12683,0.0
12684,0.0016331066902250412
12685,0.0
12686,0.0011885480894471949
12687,0.08735741817559509
12688,0.0
12689,0.09539966483074425
12690,0.04788644865474061
12691,0.04411843710315968
12692,0.046254775833600076
12693,0.18426110126066306
12694,0.01048773210276076
12695,0.009205342357980862
12696,0.0
12697,0.05000332539697974
12698,0.04306032647495397
12699,0.13698054442504531
12700,0.08366332802153137
12701,0.0
12702,0.0
12703,0.01620916412910053
12704,0.075348775903015
12705,0.1798072961390646
12706,0.07938988267470876
12707,0.06519377194999285
12708,0.07499086903714433
12709,0.03211567721295228
12710,0.07641849512152507
12711,0.0
12712,0.0
12713,0.17421907083862273
12714,0.13659977910013352
12715,0.0038713899782832177
12716,0.0
12717,0.008039920048539654
12718,0.02263765310165044
12719,0.0
12720,0.015171234803849593
12721,0.015676892349388155
12722,0.013384678537090114
12723,0.010363849764886114
12724,0.0023675037468665183
12725,0.025821589086746956
12726,0.012220912174139878
12727,0.0
12728,0.0
12729,0.0
12730,0.07432441076002394
12731,0.11906258061035746
12732,0.0
12733,0.00801942261122525
12734,0.006988645968850307
12735,0.1391875657541418
12736,0.23322557230872182
12737,0.004366050798795464
12738,0.020212679119086047
12739,0.016253892308325028
12740,0.038722114349999594
12741,0.0
12742,0.0024683973310573623
12743,0.03053189485998258
12744,0.0
12745,0.0
12746,0.004812613063111961
12747,0.0
12748,0.0
12749,0.0
12750,0.0
12751,0.031996043670206246
12752,0.013731531703542205
12753,0.0013727431892163384
12754,0.03993787175780049
12755,0.0
12756,0.007464944414499207
12757,0.0
12758,0.1376335153112739
12759,0.01712952009414134
12760,0.052062178047332916
12761,0.005638317817393533
12762,0.0
12763,0.0
12764,0.046336156280732975
12765,0.0
12766,0.03127340982371463
12767,0.0170262990207599
12768,0.032210062933047734
12769,0.0
12770,0.22069090023216412
12771,0.030094644832754695
12772,0.09845168334670894
12773,0.00020711123615746864
12774,0.09996633270085208
12775,0.025194833083555468
12776,0.00287311339905928
12777,0.0
12778,0.08629673612837413
12779,0.020727831939090714
12780,0.11121045719972042
12781,0.0
12782,0.14965982647788875
12783,0.011908052330432784
12784,0.02040724237461051
12785,0.0
12786,0.0056288471614384175
12787,0.01617690218555422
12788,0.006846714806490693
12789,0.004390092418451597
12790,0.0017438574491872463
12791,0.01562162270402521
12792,0.004326729171101744
12793,0.01760547115690403
12794,0.07191648512902359
12795,0.08115542796695527
12796,0.14225244928792846
12797,0.04454611572950311
12798,0.021129663162164927
12799,0.0
12800,0.0
12801,0.0262798512171274
12802,0.07578708654268942
12803,0.0263012174400846
12804,0.016250129847153138
12805,0.015002679333323228
12806,0.0048097240798261965
12807,0.054494717135951665
12808,0.019664542679152186
12809,0.015159249433364766
12810,0.0815977770626884
12811,0.1459700986109709
12812,0.0
12813,0.04395737542845719
12814,0.011699434337732215
12815,0.0395286652375644
12816,0.08063850345818548
12817,0.031227886778210028
12818,0.015424301334055274
12819,0.08356940580459517
12820,0.0020549314504564793
12821,0.029906816397358295
12822,0.0
12823,0.10652683133650198
12824,0.0
12825,0.03149709224316592
12826,0.0847789127673018
12827,0.04040448655971724
12828,0.08240574127054838
12829,0.10238011531203742
12830,0.1483400047941141
12831,0.13459979367829145
12832,0.08262605127605854
12833,0.016245392886158262
12834,0.31393109710876055
12835,0.07407740670883609
12836,0.3384276630239118
12837,0.11267100547568219
12838,0.14369097823381294
12839,0.04524119114683517
12840,0.07567222790813695
12841,0.1337753321679437
12842,0.038554447251741716
12843,0.8264551725029293
12844,0.1131422704205228
12845,0.10018799205947959
12846,0.17419192426974878
12847,0.08890736457362049
12848,0.01035757610288063
12849,0.09434710059354717
12850,0.021742297394271387
12851,0.010567597894458994
12852,0.0
12853,0.05991837088502938
12854,0.08688109217562649
12855,0.16446343467151092
12856,0.4813381625974099
12857,0.330194005845068
12858,0.0
12859,0.0
12860,0.1911770286721573
12861,0.1461588860565963
12862,0.04536773453496919
12863,0.09433457054783095
12864,0.02125019564275432
12865,0.04848580137805853
12866,0.10082688049514837
12867,0.28432542343766437
12868,0.05866629951886531
12869,0.18658310150553542
12870,0.5261261706784172
12871,0.16487515134521719
12872,0.4703601537275477
12873,0.011574651163761152
12874,0.06034551206964732
12875,0.35594905503078905
12876,0.0716848253635158
12877,0.04126760726851016
12878,0.0735821531826611
12879,0.01024501378590485
12880,0.0
12881,0.04788974312129246
12882,0.06716643057603552
12883,0.03816831703244869
12884,0.026100308811773103
12885,0.022415849213846848
12886,0.08236742574941659
12887,0.23765825063042692
12888,0.08127706090154438
12889,0.033518957809553135
12890,0.06978140770665638
12891,0.09435088494289319
12892,0.08653147056709169
12893,0.01000877417198952
12894,0.0
12895,0.060224239085178335
12896,0.01525168125608415
12897,0.1003847551409028
12898,0.179190759946177
12899,0.012396900464870094
12900,0.2641108918998337
12901,0.011621735599062748
12902,0.03598239071368216
12903,0.0
12904,0.012814365888804882
12905,0.0
12906,0.5433451085574692
12907,0.14741653770247606
12908,0.04835212546892272
12909,0.45812527279769955
12910,0.43770057522569716
12911,0.02287098129989083
12912,0.0
12913,0.0
12914,0.04322907249723531
12915,0.006338000048581629
12916,0.0
12917,0.02610609135292428
12918,0.0
12919,0.0
12920,0.1001905563347748
12921,0.03958994693475683
12922,0.19621465197275145
12923,0.28911957527473253
12924,0.3527482922457055
12925,0.0022625785912170878
12926,0.06888327935640731
12927,0.025131022242316656
12928,0.0009032785469523313
12929,0.001979032685586058
12930,0.044227626049742015
12931,0.18823501247996463
12932,0.019771280323471238
12933,0.007860877084755165
12934,0.0
12935,0.010838099208696075
12936,0.0
12937,0.098953342874427
12938,0.4604937746610072
12939,0.01974519952850001
12940,0.06471028062431246
12941,0.010384348308069485
12942,0.0112388973786297
12943,0.03761334104239188
12944,0.069089776251656
12945,0.010017481212095858
12946,0.027162044673984233
12947,0.050757890563739284
12948,0.11185896634608229
12949,0.1593246965608208
12950,0.10642196817071578
12951,0.08963184954568408
12952,0.057920814888499796
12953,0.012005026712379886
12954,0.04689042949212879
12955,0.04905427677538744
12956,0.05737188571694738
12957,0.09432411054629328
12958,0.09968532799536346
12959,0.06309409140192229
12960,0.001769100599519
12961,0.043176726992271666
12962,0.023005386997367785
12963,0.01795436743477576
12964,0.024522486540488993
12965,0.029395652134586444
12966,0.056306264594439624
12967,0.0004362130731716984
12968,0.13225788373345676
12969,0.19483897779816248
12970,0.1976359436200535
12971,0.03958641700080454
12972,0.011268905226931396
12973,0.035345414274555044
12974,0.07896963334932419
12975,0.049378337610007206
12976,0.0
12977,0.07932930342095282
12978,0.007299269287883875
12979,0.147112188463227
12980,0.022352223096793786
12981,0.03410041489321264
12982,0.04582046437702785
12983,0.0
12984,0.04441222796507434
12985,0.07557006636589969
12986,0.18084903908793515
12987,0.062125289411035386
12988,0.18178146444029533
12989,0.0814825632862315
12990,0.04853090755354613
12991,0.011905649992239824
12992,0.06091194716964032
12993,0.06459577208360764
12994,0.004840447325402253
12995,0.10004264495098719
12996,0.039895134933747786
12997,0.38971588226588805
12998,0.1550601730259456
12999,0.12198584793301333
13000,0.05380162426802093
13001,0.02632591667832146
13002,0.02298523871628429
13003,0.0
13004,0.17940160365173957
13005,0.07048442040883098
13006,0.015149851908017325
13007,0.02215159644514316
13008,0.11354591410055637
13009,0.03702242162809059
13010,0.0405152937086112
13011,0.06102662369516168
13012,0.09649556693104881
13013,0.18885191245806718
13014,0.3463746705451146
13015,0.06402000190419443
13016,0.01500543696185869
13017,0.09574835164018694
13018,0.018259012171087795
13019,0.04690720500502675
13020,0.01012216314231629
13021,0.0
13022,0.07142295013169211
13023,0.024468669663842868
13024,0.11182908099029343
13025,0.0
13026,0.12006139090114858
13027,0.017565059152610633
13028,0.052053895983726096
13029,0.012956206574367277
13030,0.015884560966159776
13031,0.0
13032,0.11437094732291749
13033,0.01928106783214712
13034,0.09725949405609549
13035,0.042976308811998355
13036,0.034192194024932204
13037,0.0
13038,0.007411623952582939
13039,0.04029989796855296
13040,0.028241039715107046
13041,0.06014638388355683
13042,0.07414578196512288
13043,0.13359844667563373
13044,0.10349588621445661
13045,0.19221967813904
13046,0.17536483895315347
13047,0.11293883698231015
13048,0.043565399722243416
13049,0.0893267670333249
13050,0.06964337839462507
13051,0.013334065709509464
13052,0.025869730415051757
13053,0.1563196292893849
13054,0.06489087348343327
13055,0.015395735478707456
13056,0.04042111855480743
13057,0.028908127733355157
13058,0.016015841190219284
13059,0.022581498103448464
13060,0.07081464145022331
13061,0.057835520178680926
13062,0.01134628703081194
13063,0.022212063284391473
13064,0.04877905525452484
13065,0.016000682656296342
13066,0.0433806234176914
13067,0.08381233881376925
13068,0.09621907850693455
13069,0.19131388828800905
13070,0.3515139028762993
13071,0.10274382736148692
13072,0.07475515337709157
13073,0.06038516366984259
13074,0.09369821947872925
13075,0.0851369781478183
13076,0.10015057375971306
13077,0.03632000037655356
13078,0.009933202773990268
13079,0.0007147537462798182
13080,0.25476854789143943
13081,0.03743306996738902
13082,0.06465961735455371
13083,0.030996792158743715
13084,0.0757641298844138
13085,0.0011989341444636548
13086,0.0
13087,0.018415805067930446
13088,0.030129412527144298
13089,0.038547603503278904
13090,0.2536714627231665
13091,0.03565410571297307
13092,0.043919529246571214
13093,0.11887522983656904
13094,0.5681721051256587
13095,0.05257182210230054
13096,0.01601828677833472
13097,0.07690885947509023
13098,0.040603050431292545
13099,0.1970770594579362
13100,0.23162364704460928
13101,0.0658001254163261
13102,0.0
13103,0.01099171966920708
13104,0.08097786479658767
13105,0.06981874270521155
13106,0.0
13107,0.14498409344984226
13108,0.05960657608352329
13109,0.051030833745193786
13110,0.014397110119460748
13111,0.044701383227546916
13112,0.026389532121686245
13113,0.07251921921043396
13114,0.017454501253221646
13115,0.08188725757289855
13116,0.10419487427117136
13117,0.15084325252007655
13118,0.08707707953714751
13119,0.0380164989153533
13120,0.08802656012866232
13121,0.13797181096276423
13122,0.19781403800804925
13123,0.056516061870188476
13124,0.0
13125,0.09486408750891759
13126,0.01688306526433453
13127,0.060018363654813035
13128,0.589614244369898
13129,0.030380692101433723
13130,0.032998313504567924
13131,0.30754867246520795
13132,0.16409495020674567
13133,0.0
13134,0.055035201428715624
13135,0.07783669537033827
13136,0.20309381200487342
13137,0.24357837723353215
13138,0.06553645838870967
13139,0.06672985991065156
13140,0.09722193318289521
13141,0.08831837777419053
13142,0.1425711955453207
13143,0.16509768419295018
13144,0.31111919590239495
13145,0.12627608313809116
13146,0.025015132225430708
13147,0.04765491733616678
13148,0.004037528604853909
13149,0.025455863376160865
13150,0.19340556641909756
13151,0.8573615204602143
13152,0.0
13153,0.0215533736933644
13154,0.23484599010231436
13155,0.0
13156,0.023166037856026455
13157,0.22007092031219389
13158,0.026306633909068358
13159,0.048391757834381696
13160,0.0700156485360657
13161,0.017390189281234144
13162,0.11170461164627322
13163,0.005172853498764068
13164,0.3498793868839979
13165,0.026434958837875683
13166,0.07121043224879386
13167,0.20425310996043455
13168,0.08487990502972335
13169,0.19870342579562175
13170,0.2685248961426104
13171,0.31897122098690295
13172,0.19897600605904653
13173,0.10829273294785775
13174,0.13883463992462144
13175,0.6276166712567224
13176,0.33374395264242696
13177,0.4150963878294504
13178,0.033279688231709126
13179,0.0731662209121498
13180,0.054486631690348224
13181,0.024802643811899037
13182,0.08016244542770751
13183,0.0
13184,0.0
13185,0.0026559673781299258
13186,0.04882669391849127
13187,0.07337568580707582
13188,0.07988374035172643
13189,0.07066528718138536
13190,0.07121502382424057
13191,0.188703202527986
13192,0.144360355306876
13193,0.06390002740176849
13194,0.11373464733016984
13195,0.2286460344940001
13196,0.030166562079650072
13197,1.0
13198,0.6876795808986697
13199,0.5498497823322561
13200,0.0
13201,0.017906646325289027
13202,0.008529580470454613
13203,0.04187597770540721
13204,0.30743122798328476
13205,0.1223495555960192
13206,0.0444307369893041
13207,0.0
13208,0.09012976156301157
13209,0.08344316220936054
13210,0.042110226250024606
13211,0.0028200093019675717
13212,0.1816764304079037
13213,0.0
13214,0.0014757795581333863
13215,0.11922690905449797
13216,0.11127025475046097
13217,0.04487183752292394
13218,0.06207951748960867
13219,0.18740350598833036
13220,0.14537716833652686
13221,0.0
13222,0.1746240000005798
13223,0.1385953727930482
13224,0.06422809669863856
13225,1.0
13226,0.8963029165578265
13227,0.6374992879112729
13228,0.002174042327196603
13229,0.03579142250758265
13230,0.024777914803429113
13231,0.017238647061291922
13232,0.2448991445177821
13233,0.12249089872543632
13234,0.19298110351206485
13235,0.017969664593640997
13236,0.052456779037245146
13237,0.009989577159578666
13238,0.1046456469906227
13239,0.04775942916146839
13240,0.12787061526669313
13241,0.2475517988478699
13242,0.3303915012131176
13243,0.2449261087731949
13244,0.19163087764991163
13245,0.12192978848623283
13246,0.08444701631529769
13247,0.07379056548985145
13248,0.0974808898366885
13249,0.03637397135939543
13250,0.040296751218366886
13251,0.0062076962693706625
13252,0.14220826102962558
13253,0.14574952509870406
13254,0.07600348049715126
13255,0.12109928690773143
13256,0.04488340669084235
13257,0.9328859534532192
13258,0.9875518672101246
13259,1.0
13260,0.17272088764878996
13261,0.03046821627781949
13262,0.060093255736741
13263,0.18476820066800506
13264,0.02616312024465347
13265,0.040896424417489655
13266,0.011711975143448317
13267,0.031570703793483555
13268,0.0869078735840441
13269,0.020644177442139457
13270,0.2952929010983312
13271,0.8114219088683566
13272,0.07007436916309558
13273,0.11226776521155553
13274,0.054681416299526886
13275,0.16741074353055097
13276,0.05508284990403498
13277,0.18716526384830595
13278,0.12497929149178313
13279,0.022877214692730612
13280,0.11174711652942275
13281,0.09728894579865179
13282,0.0799310320975686
13283,0.04565734951983944
13284,0.0
13285,0.3167697902499609
13286,0.3138081273127592
13287,0.20251044433185322
13288,0.03787012780302458
13289,0.06293131421260134
13290,0.11242239480091847
13291,0.19404523693943723
13292,0.011573412477939846
13293,0.02999438490883024
13294,0.029295187846211376
13295,0.04845030332551427
13296,0.0258789208390139
13297,0.05803507581319987
13298,0.03149861781313647
13299,0.19021911636084649
13300,0.4693333978070949
13301,0.2178864408189148
13302,0.20435844535918493
13303,0.10324317622028534
13304,0.1725596608860756
13305,0.13823807428233412
13306,0.5105398540015207
13307,0.03860706276008024
13308,0.012515081081395745
13309,0.04086048800509427
13310,0.039227812731869365
13311,0.14990213600845012
13312,0.1524369283027916
13313,0.06667379319872746
13314,0.269784685742306
13315,0.24611440585848166
13316,0.18757436263489838
13317,1.0
13318,0.076003890714431
13319,0.0
13320,0.1894012004226187
13321,0.2123872158487746
13322,0.006283038454311134
13323,0.010526436377237929
13324,0.1362781929174407
13325,0.0628654850555193
13326,0.01834659951394419
13327,0.0597758563499342
13328,0.06585055250843785
13329,0.09860714214242709
13330,0.20110663168217557
13331,0.2457318945086553
13332,0.33932955555730154
13333,0.26109042709040176
13334,0.15169131497078026
13335,0.19021629474515822
13336,0.21558922559553684
13337,0.010611141862724703
13338,0.027990735682097336
13339,0.18290682254249188
13340,0.05425393620573635
13341,0.08240238681154888
13342,0.33806620802897297
13343,0.24595667773238197
13344,0.03376446167003767
13345,0.4660525108849284
13346,0.18421585362329176
13347,0.08437052047943633
13348,0.11384825415217754
13349,0.09637211623822449
13350,0.03346353480980117
13351,0.010093561521227291
13352,0.012310169293995574
13353,0.030047405111714737
13354,0.0
13355,0.0657544352154039
13356,0.10105494526313473
13357,0.03953444135282608
13358,0.16258203472545407
13359,0.2375082214141861
13360,0.7660694318580371
13361,0.3618645702736933
13362,0.1961317807028408
13363,0.43029387330443125
13364,0.08001596539502542
13365,0.09453009721936481
13366,0.09612939003272201
13367,0.11432544149577555
13368,0.16552299562993614
13369,0.04268428630045214
13370,0.004037385690769237
13371,0.06134842964233788
13372,0.11504515204757199
13373,0.0
13374,0.01618827574507636
13375,0.11831066209419036
13376,0.0
13377,0.05434110491127949
13378,0.0
13379,0.018955682278314283
13380,0.0058387772784265525
13381,0.007593756699717214
13382,0.008873560976056252
13383,0.04436311723890585
13384,0.0654688768451392
13385,0.09989447019796097
13386,0.1848560353938342
13387,0.19419557282777614
13388,0.17020442996070753
13389,0.5461545554525101
13390,0.5033649998864476
13391,0.21565110128693715
13392,0.1496033013221592
13393,0.05364903675087511
13394,0.0
13395,0.06170390655278791
13396,0.14776410435953713
13397,0.016788559481445198
13398,0.0
13399,0.9645556120351375
13400,0.010250122729111242
13401,0.011388556453212958
13402,0.05984470347209285
13403,0.02884477707275111
13404,0.17391928161044298
13405,0.0
13406,0.06467619364137897
13407,0.05408253476594768
13408,0.0
13409,0.0
13410,0.06422510190992396
13411,0.09469732796978228
13412,0.10322145703207562
13413,0.35780572154444923
13414,0.22670123833932496
13415,0.09942237260713536
13416,0.9693486289827817
13417,0.31255365796457685
13418,0.32778072181139145
13419,0.19943526858318747
13420,0.043527400504728544
13421,0.017717397448925986
13422,0.008482936790803452
13423,0.06173744726410835
13424,0.059462750200459144
13425,0.02466869077632458
13426,0.05964241749005113
13427,0.3839317158504925
13428,0.07910070206066072
13429,0.2247093289358291
13430,0.0061218666053898165
13431,0.0418291941986652
13432,0.11496977424201607
13433,0.15549638936395704
13434,0.14527620547673276
13435,0.03594668591982419
13436,0.013991599526502498
13437,0.0
13438,0.05656800913774824
13439,0.13533034380646897
13440,0.8526469905208182
13441,0.18001968853111724
13442,0.40156023419342474
13443,0.22316325152849054
13444,0.22074713470704196
13445,0.19229680004684005
13446,0.04486700785147133
13447,0.04257244551159758
13448,0.0
13449,0.08037473184352249
13450,0.02097460775927491
13451,0.14522017926195568
13452,0.09999672100924643
13453,0.11772793424133836
13454,0.2125577309154079
13455,0.03101284249006076
13456,0.06774430469597209
13457,0.0
13458,0.17963049081017465
13459,0.03657111263525481
13460,0.016243758188579763
13461,0.1358502732347406
13462,0.17528969619078275
13463,0.018117891633156392
13464,0.0
13465,0.1178876102309533
13466,0.17126351642161777
13467,0.054211613922170984
13468,0.11758786979419295
13469,0.07503834462855635
13470,0.13888940001396732
13471,0.10007417263302582
13472,0.036160202478462404
13473,0.18207119859466556
13474,0.11152634147661089
13475,0.004481214384324092
13476,0.0
13477,0.1482965395248047
13478,0.0
13479,0.005244681773086413
13480,0.09897374016794239
13481,0.03918696823868665
13482,0.04784451133519043
13483,0.09949998121506555
13484,0.03149465022021126
13485,0.0274019794884605
13486,0.0
13487,0.04938767137941806
13488,0.14782962749435577
13489,0.32080736983223523
13490,0.4014784746023215
13491,0.0521062520739074
13492,0.0
13493,0.028633711485194717
13494,0.0
13495,0.030041794418826488
13496,0.08517648187992416
13497,0.14531953434907738
13498,0.0
13499,0.018098452101138276
13500,0.023804894443388534
13501,0.022958254926796734
13502,0.0008745184509089443
13503,0.00370425576558181
13504,0.043749995248532014
13505,0.08515312003163363
13506,0.23675694201030342
13507,0.0
13508,0.013388038881845763
13509,0.021447833426371812
13510,0.053429935644081016
13511,0.1415590776295646
13512,0.2141501895099236
13513,0.05436359241385273
13514,0.0
13515,0.07704954620242331
13516,0.048203937994899505
13517,0.05812074186503433
13518,0.16501492261533784
13519,0.02850287299344769
13520,0.0
13521,0.0
13522,0.0
13523,0.1726968189899238
13524,0.0
13525,0.001680552775146685
13526,0.01165575153761882
13527,0.13358867434902932
13528,0.046436038697540226
13529,0.044952037372371315
13530,0.01034938229147481
13531,0.029910464983030988
13532,0.06449206827825169
13533,0.329975634614384
13534,0.013534935049089012
13535,0.006251669181439177
13536,0.010602829890111897
13537,0.07610853470193521
13538,0.02319888629106821
13539,0.11856848681232315
13540,0.08380553700235718
13541,0.2506307649990134
13542,0.08812479782083976
13543,0.006626898041281542
13544,0.0
13545,0.02326018075098891
13546,0.029105884568420896
13547,0.03527195785207004
13548,0.18692855603791386
13549,0.13442560868978282
13550,0.018303951272135376
13551,0.046230514128400395
13552,0.05691716274784424
13553,0.0
13554,0.0
13555,0.3429459000074592
13556,0.7516177776202118
13557,0.10521259343088457
13558,0.06042843563458823
13559,0.00014015708800698413
13560,0.06821424003602286
13561,0.0644442915377571
13562,0.015147356624120594
13563,0.17276326398020098
13564,0.027410497173221218
13565,0.11360166672496104
13566,0.9897803111322064
13567,0.016355508478939466
13568,0.04769652632728149
13569,0.008564487592472043
13570,0.0727535726860642
13571,0.03798557246988771
13572,0.016967475941119296
13573,0.04345249976965521
13574,0.09407099906312891
13575,0.36518969279177405
13576,0.06271805064353624
13577,0.1907874104863707
13578,0.0
13579,0.05335167998145019
13580,0.06653801185785564
13581,0.0143251506653527
13582,0.09409383130580472
13583,0.014564111561183297
13584,0.004669905200461801
13585,0.07607769359420893
13586,0.014904516484306012
13587,0.0
13588,0.0041911247161311015
13589,0.01862971875438244
13590,0.0
13591,0.1497082135937487
13592,0.027393019522525437
13593,0.018600902219143386
13594,0.034472669655785396
13595,0.03301186959423061
13596,0.13595138130342085
13597,0.03144600694422545
13598,0.06307752254735106
13599,0.590805536967149
13600,0.20734454906094418
13601,0.0584388585730889
13602,0.026001571520983244
13603,0.08098929498392725
13604,0.041672825187247665
13605,0.2818359362268859
13606,0.023907572953902882
13607,0.0
13608,0.0
13609,0.0
13610,0.009781054419344508
13611,0.0913473861004653
13612,0.015647229532638557
13613,0.14183749603451587
13614,0.060593601985259656
13615,0.03839184404611399
13616,0.03442456854331373
13617,0.2057459904175914
13618,0.019495186910689324
13619,0.01252565830083539
13620,0.01876044151361715
13621,0.019777775376726675
13622,0.06529959089726176
13623,0.0657255516052461
13624,0.1001558645828095
13625,0.07624247804725563
13626,0.01032050093380255
13627,0.0
13628,0.006123497875214158
13629,0.044171076003983456
13630,0.11233335592224247
13631,0.05173380573263384
13632,0.04493893529728465
13633,0.05429584595194135
13634,0.02291803457097406
13635,0.07514913688660858
13636,0.0
13637,0.018379681699889957
13638,0.17834943978546214
13639,0.10006873962201687
13640,0.0671510252166355
13641,0.007737774367520384
13642,0.003441583082101386
13643,0.034758006664562205
13644,0.017878269698368608
13645,0.01382371449779659
13646,0.0
13647,0.002240986491791262
13648,0.00984422670207432
13649,0.0
13650,0.005916971828357522
13651,0.05476173292371712
13652,0.12494878606846456
13653,0.0
13654,0.07326488846501931
13655,0.009098608754912717
13656,0.24055502099739806
13657,0.0
13658,0.02216802043848818
13659,0.032750849284000634
13660,0.0007894800428767708
13661,0.025714610749491773
13662,0.006510283295676752
13663,0.0
13664,0.0
13665,0.005578514121284699
13666,0.0
13667,0.0
13668,0.01732299192531857
13669,0.0
13670,0.0
13671,0.05214111847942091
13672,0.007619316753439295
13673,0.011021431526900263
13674,0.0
13675,0.14265420062218087
13676,0.012766864101682172
13677,0.042282582011850194
13678,0.020129156143283665
13679,0.0
13680,0.009143280721575588
13681,0.0
13682,0.024416456010023947
13683,0.0007581913061968663
13684,0.06436316827644534
13685,0.0
13686,0.1681457231201272
13687,0.021023278810730465
13688,0.059824439506538665
13689,0.06497720869100641
13690,0.0
13691,0.09318914583051921
13692,0.03626778776712319
13693,0.0
13694,0.07363019739682754
13695,0.0076932201987633024
13696,0.09601087995442388
13697,0.10408081550329959
13698,0.03566922839232426
13699,0.0033116509487131486
13700,0.004522241815242627
13701,0.036162488132608084
13702,0.01864625235745892
13703,0.0
13704,0.012609030332638282
13705,0.0
13706,0.043415536306318794
13707,0.0
13708,0.05089147553539198
13709,0.1007947389240237
13710,0.08316711529015659
13711,0.18279074617944396
13712,0.0
13713,0.03952387140919398
13714,0.017986068966196964
13715,0.04175413769303126
13716,0.0
13717,0.039058534790863214
13718,0.06782266186699525
13719,0.0
13720,0.023288113106887515
13721,0.01077654384968702
13722,0.016797910193707036
13723,0.02427069977805123
13724,0.0
13725,0.0
13726,0.04908088999285351
13727,0.11486876233746793
13728,0.09650767961404845
13729,0.0
13730,0.017897830272804633
13731,0.0
13732,0.0042143910600518876
13733,0.08299191831710823
13734,0.07383288118379007
13735,0.04729859881065242
13736,0.10000783352945838
13737,0.016396348663210315
13738,0.0
13739,0.05109519403736762
13740,0.012168740128898917
13741,0.08460920775445514
13742,0.02548284111111001
13743,0.00540904360682526
13744,0.0
13745,0.0
13746,0.11354070530636963
13747,0.06313174187700248
13748,0.07943738953813355
13749,0.06472417290617859
13750,0.1923149673823232
13751,0.1418523300450767
13752,0.02819928647661127
13753,0.012372415966794123
13754,0.274138241677846
13755,0.05654617130798005
13756,0.28368993417730043
13757,0.08289574783638555
13758,0.06543832499579826
13759,0.0
13760,0.022463268388777793
13761,0.16394503840744223
13762,0.0
13763,0.8298617895607124
13764,0.2179971619221512
13765,0.08383273016224807
13766,0.2057231775573637
13767,0.025145303361757597
13768,0.01020129766322822
13769,0.021948173139263078
13770,0.1261301002933011
13771,0.007720700089997112
13772,0.0
13773,0.014534892918419655
13774,0.029037360388165213
13775,0.17711861217778518
13776,0.14631638426092564
13777,0.6038900777239108
13778,0.5992554292827246
13779,0.057734339974390265
13780,0.13247490582525284
13781,0.2074857291723471
13782,0.03770067491813202
13783,0.04438051998543353
13784,0.015361443849261292
13785,0.0977790570286016
13786,0.17011239451330212
13787,0.3192560953851693
13788,0.060350060577464414
13789,0.3589627984417312
13790,0.4540414853130512
13791,0.0
13792,0.35096104599279176
13793,0.053816287646689914
13794,0.3582097348221638
13795,0.05429904766108213
13796,0.08872612649048553
13797,0.026968955114438104
13798,0.02031251539209624
13799,0.0
13800,0.11320039963048319
13801,0.13946483873487625
13802,0.008467167167407886
13803,0.04431609202726275
13804,0.031671549033671226
13805,0.20150618767628517
13806,0.08705024373783292
13807,0.02941259333579185
13808,0.07175794037445378
13809,0.09401636882771221
13810,0.08515835339873588
13811,0.038658107619828075
13812,0.014525155144658929
13813,0.0007569601927264899
13814,0.16391010697874137
13815,0.0
13816,0.03027570356889485
13817,0.24741573588198507
13818,0.2866076968446758
13819,0.0
13820,0.09540796918067096
13821,0.026421106642189995
13822,0.37709756463819044
13823,0.023419219744465546
13824,0.11162920239153805
13825,0.3849605409059252
13826,0.3411941347462959
13827,0.056678204138629264
13828,0.034583099894588125
13829,0.0
13830,0.010345490536931887
13831,0.0
13832,0.05084621546704887
13833,0.0
13834,0.0
13835,0.13749040126812753
13836,0.058076068642671716
13837,0.06795569240836964
13838,0.275689553604071
13839,0.3521502933784701
13840,0.013070817605249823
13841,0.0
13842,0.07345661153272393
13843,0.018447008581258525
13844,0.007548313054189295
13845,0.015231053294555328
13846,0.022403402884956444
13847,0.06427855888347307
13848,0.2663057111806822
13849,0.0
13850,0.02780432538210902
13851,0.10782300077603313
13852,0.15055959213846784
13853,0.4470675892907074
13854,0.0
13855,0.04155933507335272
13856,0.05051508162306287
13857,0.02980826857552517
13858,0.0040377094670337645
13859,0.05430376948809813
13860,0.00820666645088365
13861,0.0
13862,0.02461326482692054
13863,0.1541029212932737
13864,0.16113766580873531
13865,0.10204277084978514
13866,0.09440781643612976
13867,0.0684480236056789
13868,0.0
13869,0.005953163080771574
13870,0.043528105877417365
13871,0.0494736931442971
13872,0.04692686128703575
13873,0.09564569160840464
13874,0.058519234819188734
13875,0.059914101309130864
13876,0.010504270490718736
13877,0.03160406570485414
13878,0.029997489157677908
13879,0.013442868528528435
13880,0.02165854036863527
13881,0.02647360646524926
13882,0.04410047908499816
13883,0.0
13884,0.020774373845041976
13885,0.09517829604617753
13886,0.18807370665838405
13887,0.2073112504020666
13888,0.044926033386521055
13889,0.05778907307935837
13890,0.015624159813665543
13891,0.08719612796244841
13892,0.03495075761646138
13893,0.0027851769888594825
13894,0.1315517870897201
13895,0.02635510471329911
13896,0.14267332526980395
13897,0.024028284613197864
13898,0.05039771360210796
13899,0.030556898873217848
13900,0.0
13901,0.052271650955756296
13902,0.09396158511664604
13903,0.19066394569016043
13904,0.04822430389843132
13905,0.16924437540205212
13906,0.05529070724240329
13907,0.025483919911557695
13908,0.020848006586750005
13909,0.0706834812510049
13910,0.05180368619372264
13911,0.0
13912,0.09848139327925587
13913,0.007728140085813865
13914,0.4108666611905309
13915,0.13530181261633786
13916,0.11357526991712324
13917,0.06906931269585474
13918,0.03569686872386723
13919,0.03437385362307861
13920,0.01965446014393638
13921,0.0003262619829152289
13922,0.0874383860950488
13923,0.016267152527414497
13924,0.011112941063834616
13925,0.0
13926,0.03427500428112382
13927,0.05426180012009663
13928,0.04702119127934408
13929,0.05104495020928043
13930,0.0997269157371362
13931,0.18444381286627423
13932,0.2708747460474888
13933,0.04150849718460034
13934,0.009372957307710624
13935,0.08439178876094353
13936,0.00800352838507117
13937,0.04983063723400482
13938,0.0
13939,0.012342260602746244
13940,0.0854003753973485
13941,0.06476677844780122
13942,0.10060436226409517
13943,0.01339985183423854
13944,0.0891757420758056
13945,0.01610647279919186
13946,0.04444947390535322
13947,0.0152461265694577
13948,0.01827233926511218
13949,0.0
13950,0.16396323949933297
13951,0.06440590717019186
13952,0.051964661031824205
13953,0.001416308229501262
13954,0.027946564327938198
13955,0.026140992830486497
13956,0.036771832862374135
13957,0.035742160974171544
13958,0.047694383242092915
13959,0.11988142408734671
13960,0.1144512927680884
13961,0.19222216987515478
13962,0.060007844133406985
13963,0.16351387405285991
13964,0.015586391668188112
13965,0.07599410574222704
13966,0.07783517932106221
13967,0.002122115353010447
13968,0.03304895974216572
13969,0.11148294358541894
13970,0.03111407425104761
13971,0.03067554481241195
13972,0.03778239308153716
13973,0.035327978824475165
13974,0.051588533814551855
13975,0.0544382533010989
13976,0.04173841711994056
13977,0.057947489901070806
13978,0.011306595418910673
13979,0.028084510379787504
13980,0.046402064580799714
13981,0.06831734690530611
13982,0.027381796009564755
13983,0.033196916011193865
13984,0.07081467544203411
13985,0.052859801889986666
13986,0.15018943592691808
13987,0.3142428824407569
13988,0.08536871930929521
13989,0.08808818899566677
13990,0.054387360376967064
13991,0.06747238933204991
13992,0.11235523208446667
13993,0.10200174128411499
13994,0.04719013715403151
13995,0.0
13996,0.0
13997,0.25036506113765516
13998,0.02705396788123892
13999,0.0632930628909231
14000,0.03163074860475226
14001,0.09614353042900717
14002,0.0
14003,0.011607809866560697
14004,0.024036785085468998
14005,0.24650552430986836
14006,0.06752265357960434
14007,0.03439394657499063
14008,0.1116244500893421
14009,0.6062776600391385
14010,0.0576652530033781
14011,0.007014769821313617
14012,0.07210124289911272
14013,0.06885701855485647
14014,0.21670088045355657
14015,0.23736820533150885
14016,0.0852015854673643
14017,0.03540207211112818
14018,0.0963925934494549
14019,0.10953440009880601
14020,0.012150414587973413
14021,0.16202203013483676
14022,0.06719875016443354
14023,0.042160868316913375
14024,0.016702654252122504
14025,0.014076434997131923
14026,0.02587627238897665
14027,0.06022537707024091
14028,0.0015556940857601293
14029,0.08881541988138686
14030,0.0955009855531787
14031,0.1262027383882414
14032,0.09011832282718454
14033,0.05251648057565127
14034,0.12122953364724956
14035,0.19143485850311381
14036,0.1950309991201747
14037,0.04522829590778088
14038,0.0
14039,0.06055893686972953
14040,0.02189632103803219
14041,0.0
14042,0.10455257193693654
14043,0.5388088411955707
14044,0.031287041231136556
14045,0.03546121803617209
14046,0.27552125670115585
14047,0.17898781373784256
14048,0.0
14049,0.0
14050,0.04020466577395888
14051,0.04200446934748324
14052,0.19507170448653594
14053,0.25443471489680053
14054,0.06653872685936334
14055,0.06838133347926861
14056,0.08635953838198902
14057,0.13654023603662102
14058,0.1330401855831516
14059,0.18154853590795544
14060,0.2347124876106782
14061,0.1541466306920876
14062,0.054120977501920804
14063,0.061438171540855575
14064,0.0520704386934192
14065,0.19112884434038518
14066,0.9665896772545242
14067,0.0
14068,0.02827787053712075
14069,0.31395593891458695
14070,0.018554550130930842
14071,0.016013286853122484
14072,0.23054889967028178
14073,0.05399626835676391
14074,0.09479923176350463
14075,0.031367616898379164
14076,0.09543970012242409
14077,0.36856550524379345
14078,0.046248287408248705
14079,0.06733236543016688
14080,0.20251918341315817
14081,0.1799592659798519
14082,0.22669521290240555
14083,0.22523886401589235
14084,0.33988298411278134
14085,0.009916511689627877
14086,0.24430128321318648
14087,0.1140250967354071
14088,0.06938492328806661
14089,0.7878183092445913
14090,0.3405055049990765
14091,0.3336140733415176
14092,0.030937806241334777
14093,0.1667618753323324
14094,0.04422058124349814
14095,0.04359984443437606
14096,0.01253853042257128
14097,0.08454203881787897
14098,0.0
14099,0.0
14100,0.009737747238600568
14101,0.055220946622783935
14102,0.07906084147094589
14103,0.040193361930650436
14104,0.05983237836211856
14105,0.06043475820137383
14106,0.21846606336673083
14107,0.15399713535487644
14108,0.019367785656534978
14109,0.08320398822642622
14110,0.21838743452778395
14111,0.0
14112,0.0073454817610513305
14113,1.0
14114,0.8060225899870814
14115,0.5926976279667326
14116,0.0
14117,0.01944096636525605
14118,0.020970574462040967
14119,0.06507941979441204
14120,0.27622986855416914
14121,0.06980011204361933
14122,0.030757407673540495
14123,0.0
14124,0.0628382074134664
14125,0.0982592770720286
14126,0.04890880751174413
14127,0.0006023611729808941
14128,0.22410433778694153
14129,0.0
14130,0.0015047738345462865
14131,0.09818000165578111
14132,0.11420642701170321
14133,0.05482746147434829
14134,0.054791266703979026
14135,0.1728910592719319
14136,0.15277355866344458
14137,0.0
14138,0.11778470645496848
14139,0.11166224359107609
14140,0.08558079283132848
14141,0.9557324363013502
14142,0.7982394934577808
14143,0.5905240106428982
14144,0.0
14145,0.04038695645547953
14146,0.031108494503789726
14147,0.0035393936797716297
14148,0.3102061307644927
14149,0.06882191436747727
14150,0.20399115280616187
14151,0.023385948817535824
14152,0.06147833032888887
14153,0.0017772597383212975
14154,0.10191388171894426
14155,0.07615661382613637
14156,0.08253998149219281
14157,0.32675825898668653
14158,0.3372833188660423
14159,0.3233185604419663
14160,0.19816078560083197
14161,0.14452910068632796
14162,0.0863105652017582
14163,0.070916477019108
14164,0.09256331530803463
14165,0.04450205745349416
14166,0.05630051883730965
14167,0.007180932702913403
14168,0.10665222658416758
14169,0.1129719279048816
14170,0.08413171871318055
14171,0.08671506245370587
14172,0.023827304956898405
14173,0.9341936224945402
14174,0.9924856381286368
14175,0.9937292173315425
14176,0.16454301595295723
14177,0.02580350089845868
14178,0.04285527751868273
14179,0.19096305067542463
14180,0.00276674538828511
14181,0.0516238508069511
14182,0.026565002107328376
14183,0.03191191447621366
14184,0.1016186155030192
14185,0.026382366284104203
14186,0.3121413297944735
14187,0.8030600908389229
14188,0.07158162963773441
14189,0.09224219607923118
14190,0.06890556082879716
14191,0.15825411943572235
14192,0.03087497511535401
14193,0.18128223756053238
14194,0.13894616676582897
14195,0.050121734255551165
14196,0.08645684519091217
14197,0.14561930886718852
14198,0.051547756380846445
14199,0.03772356547843317
14200,0.0027265679583734713
14201,0.268723547862339
14202,0.2579864024854842
14203,0.14773241810607018
14204,0.020217395060956007
14205,0.08786639388973835
14206,0.08880332912926042
14207,0.18842136706258045
14208,0.00818514604504846
14209,0.054642939180103635
14210,0.025402522980000477
14211,0.027691782772918346
14212,0.03216307552647984
14213,0.0246644186460699
14214,0.06676583598823349
14215,0.1610190535058889
14216,0.4303950288506031
14217,0.19742526495695503
14218,0.21395928294743702
14219,0.1197197287939164
14220,0.22483402649242576
14221,0.1819198537168757
14222,0.4424708250079787
14223,0.052366224286338525
14224,0.02818575257270766
14225,0.06615478684378916
14226,0.05071470243726116
14227,0.18874627619533252
14228,0.19100133635388764
14229,0.05062924888403208
14230,0.32654686948967593
14231,0.2819727176627202
14232,0.18060827402789023
14233,1.0
14234,0.04863199728499562
14235,0.029801056478646202
14236,0.17403093662349658
14237,0.20189833009263133
14238,0.018358566656138976
14239,0.03167866970382786
14240,0.20144442136576846
14241,0.0
14242,0.07998336313844748
14243,0.045166818059581615
14244,0.02673253386414845
14245,0.0581186304212845
14246,0.12636053236239964
14247,0.22863025543866305
14248,0.24273469562214742
14249,0.3310232886984751
14250,0.2900198162224379
14251,0.14743549042975068
14252,0.189487881480407
14253,0.2003232162341595
14254,0.027409499600173196
14255,0.14977147315835848
14256,0.07515890159774567
14257,0.03952501587615756
14258,0.3151780558652785
14259,0.2561331452683749
14260,0.10267638392899249
14261,0.5505118214240199
14262,0.18695931343607156
14263,0.0
14264,0.08910631432721733
14265,0.1384462373273374
14266,0.05846935615760418
14267,0.0
14268,0.021701179312026805
14269,0.008548676085417053
14270,0.02438650027029248
14271,0.1046382093563646
14272,0.06095229083307523
14273,0.07870853630270681
14274,0.13625745589630345
14275,0.2760215864756336
14276,0.7939972436743988
14277,0.42940934721397983
14278,0.2075828122407282
14279,0.4340294740504037
14280,0.11179001154267117
14281,0.016936891385916246
14282,0.06665521418300857
14283,0.08927876195038278
14284,0.09567102828224697
14285,0.16746705647222054
14286,0.07542069933732908
14287,0.020869812282016193
14288,0.07278808332309353
14289,0.16481060640984235
14290,0.020796748375052583
14291,0.054874580929389925
14292,0.008570498009673407
14293,0.020753103758306843
14294,0.0
14295,0.005879581562358773
14296,0.014031996849300517
14297,0.056874295191744494
14298,0.05857701839124557
14299,0.07105390005831114
14300,0.20227000132162246
14301,0.16800571510085385
14302,0.1466889386574686
14303,0.6136727774809752
14304,0.3933850240298228
14305,0.21265188942152863
14306,0.12589318824334536
14307,0.016043930589385524
14308,0.04432260475058124
14309,0.06543472647561653
14310,0.03041526175287153
14311,0.0
14312,0.9802287566537367
14313,0.018422401075817003
14314,0.01781418179705758
14315,0.04989827650858817
14316,0.03936747105084224
14317,0.09474092919252843
14318,0.004756815714639297
14319,0.06200301854831638
14320,0.04018434028289795
14321,0.07755599374643007
14322,0.0012484771938837988
14323,0.00338110077023989
14324,0.06148497410900704
14325,0.06419187491256059
14326,0.09850795090254161
14327,0.36068977481590186
14328,0.2909156205169779
14329,0.11942172548002403
14330,0.9887240669764678
14331,0.3188421635867014
14332,0.34864444771522135
14333,0.19240533950382957
14334,0.05982730851927934
14335,0.01060464730916574
14336,0.0
14337,0.07161543305090357
14338,0.07120794963638494
14339,0.08304951372168824
14340,0.3876266998391767
14341,0.1118943767119864
14342,0.2615441184683264
14343,0.0
14344,0.0468324087974024
14345,0.08220326244396846
14346,0.10724032004558073
14347,0.18971931051883872
14348,0.036852885657488246
14349,0.022153334102117988
14350,0.0
14351,0.03354498483829402
14352,0.16412931111539594
14353,0.8408504223899732
14354,0.23857794318410336
14355,0.4000302687530756
14356,0.23295344087284692
14357,0.272850134594273
14358,0.15733926200776926
14359,0.06406493531396079
14360,0.0708126653739709
14361,0.0
14362,0.016138822653849264
14363,0.036146697808082676
14364,0.14837934092904007
14365,0.1187998944488979
14366,0.07933799527493003
14367,0.21551392806776878
14368,0.025371208296376582
14369,0.053624812131087635
14370,0.016994784653767234
14371,0.1837378168047004
14372,0.03286151260585368
14373,0.012720339994322856
14374,0.0034169535782794624
14375,0.12193622558563998
14376,0.17451008661577455
14377,0.036266556278607566
14378,0.14655254911790053
14379,0.1905521403259363
14380,0.04906225350086741
14381,0.09867416213706254
14382,0.03989075521705421
14383,0.11816206435212144
14384,0.081629240325703
14385,0.049431098320178
14386,0.1351719481639133
14387,0.13507350247645586
14388,0.03227754427600987
14389,0.0017387952944161766
14390,0.042415736246458655
14391,0.026427692745020718
14392,0.12135147840985239
14393,0.021324805517079312
14394,0.14587321173822154
14395,0.03934973840553261
14396,0.0474706070343766
14397,0.0009554357303671152
14398,0.04938900877519174
14399,0.16531618768350492
14400,0.34377406261764387
14401,0.409289215936282
14402,0.055924745839559295
14403,0.02328083009261703
14404,0.023862706835877094
14405,0.04327035378337535
14406,0.06257734176193037
14407,0.14315083413686913
14408,0.0
14409,0.020905097054956724
14410,0.0
14411,0.00092784402152548
14412,0.0
14413,0.0
14414,0.06659973504521903
14415,0.11164944450264852
14416,0.27377059805533477
14417,0.0017011018013541293
14418,0.0023947552595989137
14419,0.041253291832621185
14420,0.07480127843330509
14421,0.10043071387796246
14422,0.24511208453660516
14423,0.08813864342938656
14424,0.004413314643685187
14425,0.06100422309902153
14426,0.06608990108149876
14427,0.05169369552671985
14428,0.09990450284257563
14429,0.01003219019657762
14430,0.026589537366183663
14431,0.18949876000242294
14432,0.0
14433,0.0008591701014007206
14434,0.1347814645817582
14435,0.06510802594553657
14436,0.014780789182865793
14437,0.01931556141498488
14438,0.025304469807799962
14439,0.06592514950206725
14440,0.25376688001765035
14441,0.02386084482069278
14442,0.00021181654239394536
14443,0.050327548202024605
14444,0.019849040520238333
14445,0.22808954939590464
14446,0.0290964809934376
14447,0.22422014450581004
14448,0.1336908335107852
14449,0.039860175397350116
14450,0.0
14451,0.07567176597553474
14452,0.016449578506888194
14453,0.012885066999592557
14454,0.1859798392437488
14455,0.0
14456,0.132005358595625
14457,0.06425492155619594
14458,0.05012826491648702
14459,0.002326842920804849
14460,0.003439362279263087
14461,0.34813339965571677
14462,0.6558546858328078
14463,0.07700245408100825
14464,0.057937128148318875
14465,0.024045500260585776
14466,0.07557981804887455
14467,0.06955783569294437
14468,0.03347845598719753
14469,0.08557978923149881
14470,0.09279422524287967
14471,0.06325217319859883
14472,0.9594570780997085
14473,0.0
14474,0.12571643600176502
14475,0.09934029394164304
14476,0.030562184038147325
14477,0.13342738329623502
14478,0.38347374796456085
14479,0.0724374116540143
14480,0.135614367706402
14481,0.0
14482,0.02586287443647141
14483,0.029948108081736657
14484,0.007606918040453757
14485,0.061849493763259634
14486,0.023726749652933803
14487,0.02819485214914939
14488,0.0
14489,0.09144602551021844
14490,0.03993690661189382
14491,0.03061655964391391
14492,0.0
14493,0.012511653596387355
14494,0.1037975886505687
14495,0.024518026849346532
14496,0.0
14497,0.0723196529451147
14498,0.03904882882478933
14499,0.08250652814183067
14500,0.0018467915316279808
14501,0.029514661929192075
14502,0.07135999939907693
14503,0.6946756721896324
14504,0.08066919959936199
14505,0.13459944856197173
14506,0.039504314541594
14507,0.02573610204066862
14508,0.08434013631045642
14509,0.06793832777782453
14510,0.0
14511,0.02356169763221876
14512,0.19020397840760078
14513,0.03363696355315024
14514,0.0
14515,0.04632037877081878
14516,0.1140371485161456
14517,0.02685242012136454
14518,0.0
14519,0.09853077289207411
14520,0.06898174962733483
14521,0.0
14522,0.03751772652754188
14523,0.20685835166776964
14524,0.0016120739440824306
14525,0.0
14526,0.00038409072172419854
14527,0.05947407255503978
14528,0.04698611159564922
14529,0.05993629087300194
14530,0.06554619156683585
14531,0.03053836396222289
14532,0.02100785024762613
14533,0.013556401148948044
14534,0.17082931626078668
14535,0.013392554007840306
14536,0.065017756684913
14537,0.07460302263588466
14538,0.02190242515507385
14539,0.0551779116676209
14540,0.0731265412133173
14541,0.19817831716633952
14542,0.11228891443952277
14543,0.06577314917856479
14544,0.0
14545,0.012276857106094052
14546,0.03056114626131287
14547,0.0
14548,0.0
14549,0.010216946660302182
14550,0.01898880188637711
14551,0.00011511878094923377
14552,0.0025090570527046
14553,0.0028018598229050426
14554,0.05156082572405728
14555,0.1218459309361233
14556,0.0
14557,0.1280021021655822
14558,0.009255819984982568
14559,0.22449975179264137
14560,0.0
14561,0.0
14562,0.035283495486959575
14563,0.0
14564,0.012974612632479204
14565,0.00981863198912005
14566,0.006166383064883772
14567,0.0
14568,0.002320237948283094
14569,0.0
14570,0.0
14571,0.0
14572,0.03220945536107216
14573,0.0
14574,0.05782032703006155
14575,0.02070710832308616
14576,0.021075465522376782
14577,0.007072948653385305
14578,0.0
14579,0.132765648903027
14580,0.019355679231973233
14581,0.03159600458468375
14582,0.0
14583,0.023555543830677796
14584,0.004416396125441095
14585,0.0
14586,0.1431784415951705
14587,0.0
14588,0.16548006198193313
14589,0.020970721533598368
14590,0.05446161592093051
14591,0.07482980217352193
14592,0.12507167523380805
14593,0.04335169228449363
14594,0.0
14595,0.05094618860939128
14596,0.008487795499011708
14597,0.10051912997614332
14598,0.0
14599,0.09634772014164292
14600,0.012026586208277477
14601,0.0
14602,0.0027314856718372417
14603,0.0034108822540386834
14604,0.023048782717294745
14605,0.0
14606,0.010306325980983345
14607,0.005230482466135312
14608,0.033212325443375476
14609,0.005601757453751309
14610,0.018963701730925053
14611,0.04914372201062807
14612,0.07896559130873386
14613,0.03605347812648807
14614,0.10370691655622387
14615,0.0
14616,0.02066114458476421
14617,0.0648657070602541
14618,0.06321218978293283
14619,0.0025659978471542825
14620,0.019230114997137917
14621,0.0441585451141307
14622,0.024466048130732755
14623,0.027858423853624685
14624,0.023849835240939286
14625,0.018869538176429897
14626,0.036103221723037225
14627,0.003751966023097098
14628,0.009035096731759867
14629,0.102607059266103
14630,0.2296428510634303
14631,0.044882095662901626
14632,0.0
14633,0.018600812367466246
14634,0.10655309636216787
14635,0.07086856693780473
14636,0.007987535644333797
14637,0.0
14638,0.022548518222411027
14639,0.051749171604944126
14640,0.02491931046047433
14641,0.0618962539558664
14642,0.050870908150149344
14643,0.007992948668954005
14644,0.0008916692367054775
14645,0.0
14646,0.007364011466892798
14647,0.1076643679141986
14648,0.018039174005638915
14649,0.19719191259492294
14650,0.18040929595043448
14651,0.0
14652,0.04913616544868296
14653,0.34611393401499857
14654,0.11973196583133085
14655,0.29946112104587846
14656,0.3213781959490542
14657,0.18257121820168606
14658,0.02835019464866345
14659,0.0
14660,0.0
14661,0.10213748797291447
14662,0.22878338495236003
14663,0.7460596184214269
14664,0.175559933414166
14665,0.008229955488964956
14666,0.14325928422164363
14667,0.03279092313432626
14668,0.0
14669,0.04604619791302086
14670,0.0
14671,0.10082452328862165
14672,0.028274344915456148
14673,0.0
14674,0.11013679316416562
14675,0.06760735934894904
14676,0.2330649543456602
14677,0.5536295517284595
14678,0.5109852831779725
14679,0.1423660624911625
14680,0.18974582169829932
14681,0.19443634383640176
14682,0.0
14683,0.0440886615783312
14684,0.024611524820623974
14685,0.08309406857821808
14686,0.056811111309417135
14687,0.351036459102978
14688,0.1768687894254627
14689,0.2762515612485748
14690,0.480146455000453
14691,0.18417218775762595
14692,0.016283616122819398
14693,0.4702101240497778
14694,0.0712270151305437
14695,0.37718822301309035
14696,0.04475691882924489
14697,0.05120756303045859
14698,0.04665065394452275
14699,0.0
14700,0.1629148273158459
14701,0.12457861643408037
14702,0.10622057877055265
14703,0.028236347918457305
14704,0.2670885141725251
14705,0.08155823810069264
14706,0.0
14707,0.04764060496076638
14708,0.01577309747756493
14709,0.09223602254095153
14710,0.12248751606723192
14711,0.03518043896812937
14712,0.06255632515631769
14713,0.055016436743163484
14714,0.1470540476589288
14715,0.030309456128163936
14716,0.24967401815421728
14717,0.20436820238342404
14718,0.0
14719,0.05812292457965013
14720,0.018317538446875777
14721,0.0
14722,0.46259896948106244
14723,0.16409790370007205
14724,0.16134707262487596
14725,0.3769335816798619
14726,0.34701550015525023
14727,0.11252438536119937
14728,0.06497730583926915
14729,0.023009050369395895
14730,0.0
14731,0.043828508657773636
14732,0.0
14733,0.0
14734,0.10045477579288895
14735,0.005386975614268269
14736,0.10464942193921707
14737,0.23618971292399185
14738,0.3486503726441456
14739,0.12732434839344195
14740,0.05476289646797539
14741,0.02516810087777733
14742,0.06388995274797188
14743,0.03791659513945505
14744,0.05086637842348328
14745,0.19029562297918434
14746,0.015126329550254924
14747,0.04738696270083746
14748,0.10423392087854877
14749,0.0652304202277122
14750,0.16942936666486927
14751,0.3738540582438092
14752,0.0
14753,0.06463768520344801
14754,0.0
14755,0.009401539194939672
14756,0.03009581050749463
14757,0.05312942869653477
14758,0.03000087768858763
14759,0.0
14760,0.03950799828014285
14761,0.1043500680917205
14762,0.20984081566273305
14763,0.07740359937684584
14764,0.09473477772442856
14765,0.056409978950564814
14766,0.0160312977724544
14767,0.05235650849335074
14768,0.02819635780486371
14769,0.02683493529567957
14770,0.04277386887145051
14771,0.07420950919161459
14772,0.05407086994313602
14773,0.06784893728248842
14774,0.0
14775,0.02251055638020823
14776,0.02739478743025835
14777,0.01144289953156528
14778,0.005700153961131507
14779,0.03440183841273469
14780,0.04533151660013684
14781,0.0
14782,0.037787206628041387
14783,0.08899709374120998
14784,0.2353799002652273
14785,0.19925764429279794
14786,0.05465657992192562
14787,0.04409151748242592
14788,0.0416000904148568
14789,0.11123048263908877
14790,0.08658105175882368
14791,0.0
14792,0.05300740516372745
14793,0.01619720940113449
14794,0.04323199308785352
14795,0.15508967228128695
14796,0.035078035151299196
14797,0.06323196912743968
14798,0.042606772444989734
14799,0.008312502686172854
14800,0.044267040466185806
14801,0.05401899145470499
14802,0.1729209109294552
14803,0.09642597016655416
14804,0.062282571504831165
14805,0.059003803267716246
14806,0.04513168235171593
14807,0.01091939184965638
14808,0.10305413697006247
14809,0.06722603294292198
14810,0.0
14811,0.0
14812,0.07651226927767282
14813,0.04752311337520824
14814,0.40011664762924
14815,0.13399297748475672
14816,0.030837152647628544
14817,0.14410191379345683
14818,0.045271459589269696
14819,0.049381823255182575
14820,0.0
14821,0.09589903266979934
14822,0.0
14823,0.016884994409150346
14824,0.015615174015572511
14825,0.07946412040687763
14826,0.06422414303677759
14827,0.03509033558789619
14828,0.08965832972252644
14829,0.08410479033694279
14830,0.1674235985964527
14831,0.3405329158203017
14832,0.06491287136919723
14833,0.01575562514260486
14834,0.05790923087362356
14835,0.024433537648152252
14836,0.057984229568733545
14837,0.0
14838,0.023805858712716715
14839,0.11145634428228539
14840,0.06457540661484663
14841,0.08637215024244273
14842,0.002510735730078722
14843,0.1117067670961621
14844,0.043334405953888974
14845,0.03110231636038929
14846,0.014707627120354571
14847,0.11921540414740636
14848,0.015479076907561978
14849,0.048133565792016705
14850,0.023774523577061737
14851,0.0003374919509608284
14852,0.009847595216196783
14853,0.030969995246098423
14854,0.04685702375681226
14855,0.07135845325471021
14856,0.07571044470452346
14857,0.18652761491357941
14858,0.09627681450617157
14859,0.188488728453178
14860,0.11870077087524909
14861,0.1362391139103622
14862,0.01656840626678559
14863,0.08500425633457169
14864,0.012053910155063218
14865,0.0952470222265415
14866,0.05101742204881354
14867,0.10021821792297766
14868,0.05456917510190467
14869,0.0
14870,0.026481333434970465
14871,0.004081592703509923
14872,0.0
14873,0.06252321323289453
14874,0.04915061613972587
14875,0.061698873347585705
14876,0.001381683144713912
14877,0.015538861169388813
14878,0.08005687614248982
14879,0.027055392437116906
14880,0.0580937364909059
14881,0.08717981830138269
14882,0.06438811672744035
14883,0.1903901640051859
14884,0.3296420351003489
14885,0.05104496992905396
14886,0.10583630467018262
14887,0.08447772088213534
14888,0.06919016709103235
14889,0.11233402850638981
14890,0.07677375284900659
14891,0.06505873758749628
14892,0.03567315802585936
14893,0.2904058077403482
14894,0.043648653080564766
14895,0.09868385574409787
14896,0.030952160869555656
14897,0.004444980711810992
14898,0.002026307052121382
14899,0.013936369228211978
14900,0.02059064348642592
14901,0.25209855736831793
14902,0.044151670203092
14903,0.06784846517714987
14904,0.14884166051961686
14905,0.63902132481101
14906,0.03762977759944501
14907,0.018123701793207974
14908,0.048124102802362664
14909,0.06593259105337843
14910,0.20244151097736937
14911,0.23905537702660706
14912,0.09382394785612093
14913,0.03072548573629269
14914,0.11393060537460573
14915,0.18278121134543088
14916,0.037599357744885625
14917,0.08132289670807485
14918,0.09572819627401613
14919,0.07194084586842203
14920,0.0
14921,0.02642248759498941
14922,0.019699816846308213
14923,0.05784089359612225
14924,0.014831957058034613
14925,0.11354983413971594
14926,0.1179334815561322
14927,0.14710756742225298
14928,0.052374662981456224
14929,0.09579826892118445
14930,0.14231317929405143
14931,0.1874110332386108
14932,0.19340727149313386
14933,0.060449936864347506
14934,0.05817316680961256
14935,0.01415960637304256
14936,0.0
14937,0.06245562043290537
14938,0.5472323256441552
14939,0.08252663016449663
14940,0.05658435496028764
14941,0.31843455336744647
14942,0.192323297296274
14943,0.0
14944,0.0
14945,0.0
14946,0.061663348033849714
14947,0.04035953008795189
14948,0.20859690095652625
14949,0.21963742764031408
14950,0.03525678146452552
14951,0.06502279015151483
14952,0.06493647726518785
14953,0.14176401039678446
14954,0.13664088798299212
14955,0.2223421576802472
14956,0.22149016164571836
14957,0.1360422434611844
14958,0.07220118023564301
14959,0.0706056700367519
14960,0.06153561394120676
14961,0.27494371004472634
14962,0.9426761577345337
14963,0.0
14964,0.0
14965,0.31800234412037887
14966,0.0
14967,0.060967140573234484
14968,0.23458638370578971
14969,0.015587879412897989
14970,0.026552490432391693
14971,0.028511274633906597
14972,0.08407792599813481
14973,0.036051394636256937
14974,0.08244961252632686
14975,0.33429486591780194
14976,0.008192511982287565
14977,0.06452493946786951
14978,0.21143742056483475
14979,0.12492035722734297
14980,0.19656133834255204
14981,0.24530118784010022
14982,0.3220031283467466
14983,0.00457517422412193
14984,0.1797061785765007
14985,0.12125210383411619
14986,0.1209355311360996
14987,0.8017574208051684
14988,0.2425664659045689
14989,0.34146987267561796
14990,0.05077629784793756
14991,0.11966798186062234
14992,0.0777413862938722
14993,0.0027091063634493355
14994,0.007709501008468527
14995,0.07567643419758467
14996,0.0
14997,0.0
14998,0.03086914215258424
14999,0.07198377001521425
15000,0.08321510939359848
15001,0.054529592203912236
15002,0.05456145060746522
15003,0.08484160059337273
15004,0.18183603770738174
15005,0.13625716594187903
15006,0.015973244976515807
15007,0.054051027067016554
15008,0.21198149268065966
15009,0.0
15010,0.0
15011,1.0
15012,0.7663193223772744
15013,0.6357912412865245
15014,0.017314377888591918
15015,0.01884129002873542
15016,0.10588821387747083
15017,0.22102032689791817
15018,0.08447915246996403
15019,0.05969363263421471
15020,0.0
15021,0.012553138391207643
15022,0.05104921256507581
15023,0.0843976832549675
15024,0.08743602091819702
15025,0.0
15026,0.255255601862724
15027,0.0
15028,0.021167846897852255
15029,0.11475317839423531
15030,0.11504512834913277
15031,0.07447045482759036
15032,0.03203950005667903
15033,0.18582110512100442
15034,0.06692761247120883
15035,0.031145157605166705
15036,0.05315879833470733
15037,0.1492119216841076
15038,0.11794133027980594
15039,1.0
15040,0.7662522895100333
15041,0.6968204165669981
15042,0.009195401352152827
15043,0.021163698622323056
15044,0.01768768796466031
15045,0.0
15046,0.26734090002303346
15047,0.06966014995187293
15048,0.20613636884205358
15049,0.03304757486578924
15050,0.09847999514781441
15051,0.003208154489896548
15052,0.10198607888516452
15053,0.11457803657931295
15054,0.10538671279208983
15055,0.2878511470843058
15056,0.3549390862528878
15057,0.3508045733249889
15058,0.19353229160290894
15059,0.16204951569395692
15060,0.07170020651418595
15061,0.048384854047586356
15062,0.10562959579850238
15063,0.025722365201570438
15064,0.0425802111720887
15065,0.006134024397434525
15066,0.12842594506587487
15067,0.08397952271331963
15068,0.06143437722778001
15069,0.11206631953335491
15070,0.010128937547260434
15071,1.0
15072,0.9869533829932597
15073,0.9971869209995358
15074,0.13540316161163757
15075,0.05208491003781133
15076,0.008182064065244667
15077,0.2150395355694559
15078,0.039347153551970014
15079,0.012302992790361117
15080,0.00927611610835075
15081,0.01740503540782713
15082,0.0852099664287887
15083,0.05333514057274992
15084,0.22519132370368602
15085,0.9696655812177299
15086,0.10050837930053978
15087,0.12051136419082219
15088,0.07535699486088028
15089,0.19010414700129866
15090,0.0648805613449186
15091,0.199041134870416
15092,0.178194623737692
15093,0.011179881372928253
15094,0.1434766477626955
15095,0.08517358764252829
15096,0.07319697148603894
15097,0.05593636478659886
15098,0.0
15099,0.24456258040095719
15100,0.21941207077036576
15101,0.1821908243385842
15102,0.06468006326582389
15103,0.0
15104,0.11803160769607585
15105,0.10182727242815676
15106,0.1865905265414061
15107,0.014278904880201731
15108,0.025380986554896144
15109,0.05983775728049808
15110,0.040509661429047925
15111,0.05228690897331293
15112,0.0521256714597936
15113,0.028272660110739846
15114,0.21312407758099308
15115,0.5169896684672777
15116,0.21777211076052144
15117,0.21362784963932682
15118,0.10185173954357292
15119,0.18714214312784402
15120,0.17109273806884437
15121,0.5246261665568944
15122,0.047323969729426145
15123,0.02778597828910591
15124,0.0492677879817638
15125,0.18450566649512287
15126,0.188190992132109
15127,0.13619612560362448
15128,0.3326812373675302
15129,0.2638261667644247
15130,0.1893831286362519
15131,1.0
15132,0.12129626953121894
15133,0.004366528657377498
15134,0.17863261452027163
15135,0.1923455928842894
15136,0.04108794585735102
15137,0.2986707985034511
15138,0.07598258014522086
15139,0.044259854716294934
15140,0.017212616941014853
15141,0.03530195316404895
15142,0.08398692041278892
15143,0.20246307448142598
15144,0.21575609511415222
15145,0.2826988384041108
15146,0.20150244243867046
15147,0.15544995224004376
15148,0.18784237692611438
15149,0.24626177170538482
15150,0.015482472205144095
15151,0.11743214198194744
15152,0.06157345086841352
15153,0.006743015414645333
15154,0.30978470877778136
15155,0.2643474973527911
15156,0.07547693516177709
15157,0.5954628117671579
15158,0.22751963888216556
15159,0.0
15160,0.028675968070022085
15161,0.13543739537380906
15162,0.09991272838578767
15163,0.015340742962814168
15164,0.026314027187777908
15165,0.017696756607966286
15166,0.025584144749171863
15167,0.09449259562455996
15168,0.09523962505134805
15169,0.08345598373168732
15170,0.1268032403560995
15171,0.26757821287942124
15172,0.7945432917326463
15173,0.32916614367812297
15174,0.2540648273821821
15175,0.3789563397946175
15176,0.10165430748029908
15177,0.01947425565113534
15178,0.03467519309951951
15179,0.1343867975481864
15180,0.13122733307648815
15181,0.16538492690004689
15182,0.07595024661365497
15183,0.028964491027637398
15184,0.014163055558447208
15185,0.1893804941010648
15186,0.015838360400305826
15187,0.13582188991810645
15188,0.019499889152312908
15189,0.0
15190,0.04595519960955555
15191,0.01083376853693594
15192,0.011278355629340705
15193,0.011708026320751993
15194,0.037567171984153075
15195,0.05376998791244557
15196,0.09166529335231229
15197,0.08377820041515438
15198,0.19005548151504148
15199,0.18483619336637672
15200,0.1442310845804942
15201,0.5642617597856148
15202,0.4635703234603496
15203,0.23875906194067947
15204,0.16193724054726963
15205,0.03788524596793996
15206,0.0
15207,0.02148121937052899
15208,0.08114526072386301
15209,0.0
15210,0.0
15211,1.0
15212,0.006602022730706245
15213,0.007827010279740998
15214,0.021281467951483658
15215,0.06784787218826274
15216,0.04314001158548542
15217,0.010831405579886037
15218,0.04491024177875624
15219,0.03314091801624556
15220,0.06857168177373353
15221,0.009968278671468227
15222,0.017423207127162707
15223,0.05444945306385773
15224,0.09365283114995583
15225,0.12178996926477366
15226,0.36200343226236775
15227,0.3025511096957782
15228,0.07894188241498977
15229,0.9782847634779372
15230,0.31628887256647226
15231,0.3461999098454838
15232,0.2019134535397842
15233,0.0398585933244863
15234,0.033558416730600386
15235,0.0052473460010768235
15236,0.0226810475656355
15237,0.021053116422194058
15238,0.0
15239,0.07311805736145384
15240,0.3432133758900794
15241,0.10402774616999816
15242,0.24162143144526657
15243,0.03565904751521457
15244,0.04822768439766386
15245,0.07424390740791643
15246,0.10011351220387311
15247,0.22126928399884752
15248,0.051910383545018764
15249,0.02432198955767636
15250,0.06302432561434874
15251,0.16212063900591847
15252,0.9652887794568109
15253,0.20645702896067375
15254,0.38295728236716864
15255,0.2150917898649053
15256,0.21837658919692732
15257,0.19417932846548525
15258,0.07895317596812136
15259,0.050584875359315815
15260,0.0
15261,0.03211179324311141
15262,0.13490133967765222
15263,0.16299453128732025
15264,0.06722229142474687
15265,0.1721632151048413
15266,0.058213140505509214
15267,0.004932467404870202
15268,0.2421713624570473
15269,0.012888821599275868
15270,0.010934294758155482
15271,0.009825372856058685
15272,0.15013964861053633
15273,0.17847615388811994
15274,0.039988029203153
15275,0.0
15276,0.16555674973242854
15277,0.1900395157165288
15278,0.07597503050731004
15279,0.10017667816188958
15280,0.044380106501071756
15281,0.10093031606755924
15282,0.08826526599766397
15283,0.007923990454531845
15284,0.11877468124069358
15285,0.07622756546681324
15286,0.04021635217552968
15287,0.0
15288,0.01431379606075127
15289,0.0
15290,0.08401365124825279
15291,0.022641448831369763
15292,0.19146538850816663
15293,0.041592314117858735
15294,0.018133029813773526
15295,0.04324888906107167
15296,0.13766410805516238
15297,0.33709086441022745
15298,0.5161253039355004
15299,0.08900695463841159
15300,0.0
15301,0.043201443315665986
15302,0.027940444641153396
15303,0.0676744007254594
15304,0.03778186210063283
15305,0.07262306029590891
15306,0.05328144202201584
15307,0.0
15308,0.0
15309,0.0
15310,0.029089133251224485
15311,0.0
15312,0.0
15313,0.0965570286020666
15314,0.07581762656225213
15315,0.3016353346780197
15316,0.0
15317,0.00616051229943274
15318,0.04715012782722828
15319,0.0998652733718866
15320,0.0954105176905977
15321,0.2854460210840957
15322,0.07606225532591165
15323,0.0
15324,0.003910186494499458
15325,0.14272495153761747
15326,0.024631291882475436
15327,0.08454045919944188
15328,0.0988313445905446
15329,0.05469148270740971
15330,0.0
15331,0.0
15332,0.017839089865008113
15333,0.0
15334,0.3307053669098501
15335,0.0
15336,0.018343008080839076
15337,0.10765256856550878
15338,0.06612760090089614
15339,0.03039146007469901
15340,0.02720949735094462
15341,0.04772227169962353
15342,0.06587152866032117
15343,0.3303902401884722
15344,0.009107798355588071
15345,0.0
15346,0.04447040254614605
15347,0.04458420536306406
15348,0.08887045850332172
15349,0.19053312919468904
15350,0.035663516627797286
15351,0.167236906832906
15352,0.1547444416440414
15353,0.01987098168632056
15354,0.0347254078268659
15355,0.016031862828913935
15356,0.007231695560714943
15357,0.1644799671040687
15358,0.0
15359,0.0
15360,0.11279463545500133
15361,0.00421842096022963
15362,0.0654878012988263
15363,0.05365975265078395
15364,0.004878416190230239
15365,0.362549015184201
15366,0.5071891346820154
15367,0.06709580989233249
15368,0.06421088279829947
15369,0.004415255088944925
15370,0.05993938499656026
15371,0.05799953868799055
15372,0.03634752812073435
15373,0.1787256733841529
15374,0.0944156763539636
15375,0.07972875927759267
15376,0.9641800920962303
15377,0.014301579932067059
15378,0.02229203943372571
15379,0.023379946122164753
15380,0.05173093790277008
15381,0.08414624011638418
15382,0.004401671281747286
15383,0.05186299939838663
15384,0.15375531888784327
15385,0.3566369306422668
15386,0.05726998048220546
15387,0.2009071870798956
15388,0.024333520529747982
15389,0.019496178984066803
15390,0.06460558699457662
15391,0.03858721475654859
15392,0.030394949504708283
15393,0.0
15394,0.06044568104699204
15395,0.03612285125360394
15396,0.03144858878022158
15397,0.02037017245929465
15398,0.041003574809164944
15399,0.10206304673543766
15400,0.05510599438921539
15401,0.00844963228099587
15402,0.049265301249847696
15403,0.07927750739355299
15404,0.060058514032809644
15405,0.03790949953843299
15406,0.027391630220417396
15407,0.051995815399743336
15408,0.7417449386340718
15409,0.06456872195393322
15410,0.15602799750016713
15411,0.08328698825799709
15412,0.022900444797358314
15413,0.07096562309775466
15414,0.06039009825002912
15415,0.0028199279865335045
15416,0.030955250221668187
15417,0.1906877873481937
15418,0.05832587558511949
15419,0.0
15420,0.0
15421,0.03365779975541393
15422,0.10696100778294813
15423,0.0
15424,0.08628116693131029
15425,0.02011936077942378
15426,0.008276469301347934
15427,0.028505405650409554
15428,0.23400118693118613
15429,0.0
15430,0.01642419989872384
15431,0.0025782735966516073
15432,0.025359833539081236
15433,0.03972497846938297
15434,0.037581710281823597
15435,0.08834588848683401
15436,0.09149521227689042
15437,0.020876696150924374
15438,0.0061200248381868185
15439,0.03781991624348223
15440,0.08242662900541342
15441,0.11407362078954446
15442,0.04985327321342773
15443,0.09916094459916444
15444,0.022423096183095955
15445,0.026563311977273865
15446,0.04971625321194964
15447,0.1905280890689457
15448,0.10320513206198866
15449,0.004664586181422507
15450,0.00765203724601546
15451,0.0442048643731125
15452,0.01123809331597955
15453,0.03762551897279018
15454,0.02405044555156494
15455,0.018549703453631883
15456,0.013636675124734444
15457,0.009103460133292229
15458,0.02843696410358961
15459,0.0009368006129388635
15460,0.002479528152579748
15461,0.02219885604200812
15462,0.030831680337873885
15463,0.043128483437791465
15464,0.09891232337658257
15465,0.0
15466,0.12036713524957471
15467,0.005653971140171601
15468,0.2063214536111981
15469,0.0
15470,0.0369248241255835
15471,0.017278554413976417
15472,0.011655063704517014
15473,0.0001581459936148173
15474,0.023282234895875387
15475,0.03070206591590647
15476,0.0
15477,0.0
15478,0.03662961636288789
15479,0.01739647728399602
15480,0.03622769044924208
15481,0.020375055264039713
15482,0.0
15483,0.0
15484,0.0
15485,0.10800439374600318
15486,0.007055824054584797
15487,0.049301372167682836
15488,0.0
15489,0.0
15490,0.019417351090695253
15491,0.0059323691191338875
15492,0.1115822931418523
15493,0.008785398792966538
15494,0.003061216998200229
15495,0.20168352281129615
15496,0.04857191293755206
15497,0.0712436453488198
15498,0.06687730270439478
15499,0.060877121630430686
15500,0.019960408965286412
15501,0.0
15502,0.08675743935499261
15503,0.017227940282162013
15504,0.1127045711148279
15505,0.0
15506,0.0733150246781412
15507,0.009297160135006588
15508,0.0
15509,0.014510683730224813
15510,0.004944660189017629
15511,0.0
15512,0.0017416486820248723
15513,0.009974410715129686
15514,0.010018776106548584
15515,0.041676287511678095
15516,0.0
15517,0.008884821047619725
15518,0.0615072261735395
15519,0.04961787317667484
15520,0.0026329791226848993
15521,0.1054466797847536
15522,0.024828449191329822
15523,0.030576481919257374
15524,0.002549062801625963
15525,0.028200090199242037
15526,0.031093206099678687
15527,0.01969856370907971
15528,0.03133541676108235
15529,0.023608870654650147
15530,0.021494377747320697
15531,0.0
15532,0.05186539226294578
15533,0.11432355210603605
15534,0.19821892368507726
15535,0.023194202839100266
15536,0.011628676675917193
15537,0.0
15538,0.021706621139704844
15539,0.057283587158054095
15540,0.03771918143676827
15541,0.05205084920563603
15542,0.0
15543,0.14651420758294603
15544,0.030970692731407307
15545,0.0
15546,0.13182506501233499
15547,0.0
15548,0.178654231998462
15549,0.027070002941876156
15550,0.22257779647688644
15551,0.19171851663239345
15552,0.05420716304227279
15553,0.35683496144498417
15554,0.07401227749583186
15555,0.34862021206177035
15556,0.20243116794929514
15557,0.16693973305832158
15558,0.04470243362392822
15559,0.0
15560,0.10376541901907438
15561,0.0
15562,0.2486967787306374
15563,0.07996056885664518
15564,0.026460509348696006
15565,0.6271182932290874
15566,0.17816028888565105
15567,0.04323412314640872
15568,0.18593852282256554
15569,0.0036168326457075672
15570,0.07560153215191202
15571,0.0
15572,0.0767246034065163
15573,0.06692181889962273
15574,0.0
15575,0.022874951215636315
15576,0.1651017563245655
15577,0.4439189707472498
15578,0.4303677367098392
15579,0.05600725213627479
15580,0.14250232930121098
15581,0.16311396725477337
15582,0.0
15583,0.031181297513097995
15584,0.020145554825716686
15585,0.06741328091527413
15586,0.010055242692677758
15587,0.2672400972084282
15588,0.2067371718215998
15589,0.31966805661513076
15590,0.40836401648663284
15591,0.1315614068582763
15592,0.0
15593,0.39491953609052766
15594,0.04372902813293648
15595,0.03858950765743989
15596,0.3726344131703801
15597,0.019337258631224118
15598,0.11825178026958606
15599,0.010846258422118789
15600,0.05857077162770392
15601,0.061617862580687445
15602,0.1690456932054578
15603,0.023678463413383005
15604,0.008122544849452218
15605,0.021482562508058734
15606,0.1968391008095412
15607,0.0686177592749573
15608,0.04134164462935797
15609,0.0442351151637012
15610,0.05942657622136752
15611,0.09235444067523603
15612,0.06489590090704733
15613,0.03320730122049493
15614,0.0
15615,0.0001167649693612107
15616,0.07470200719005284
15617,0.03225958173145926
15618,0.10118402033713832
15619,0.1660356176520956
15620,0.016451149852568705
15621,0.1896080054915531
15622,0.0
15623,0.0
15624,0.09549105016155926
15625,0.018062486529447988
15626,0.002599104051731982
15627,0.31955749061931765
15628,0.11250233127416773
15629,0.08961732673327585
15630,0.2724090720274361
15631,0.24350719735053475
15632,0.06937235639758751
15633,0.06875133305317843
15634,0.0004776894057706678
15635,0.04273357369857921
15636,0.0
15637,0.005965608832284237
15638,0.0
15639,0.016937661205895328
15640,0.06493194200291999
15641,0.03222375185131637
15642,0.10159848040304166
15643,0.1984483618254943
15644,0.32157610416842375
15645,0.0
15646,0.0
15647,0.0
15648,0.023788622442610617
15649,0.011709909666453956
15650,0.017198720094164427
15651,0.03069106274779852
15652,0.2392057485048945
15653,0.017658985575998237
15654,0.09607580454652692
15655,0.0
15656,0.0957375686506934
15657,0.1780583447552195
15658,0.4678586290830933
15659,0.025263696789122988
15660,0.05106063080684964
15661,0.0
15662,0.0
15663,0.03753696291730946
15664,0.04974203117077857
15665,0.003534307703321316
15666,0.025881843648161065
15667,0.01086101260747407
15668,0.08877710412204673
15669,0.14199163009640958
15670,0.09573943483115215
15671,0.0628382989983631
15672,0.07309058597508213
15673,0.053982896664700825
15674,0.020135136340291432
15675,0.024543688010569633
15676,0.08026598241589816
15677,0.08511537632742637
15678,0.04398062191754934
15679,0.09825019145211707
15680,0.023021502630010505
15681,0.06901927045715935
15682,0.028498846758139674
15683,0.0022925080378174696
15684,0.016281072171565582
15685,0.020626667755800108
15686,0.027758347764858422
15687,0.0014033601631608162
15688,0.07588229860933403
15689,0.31113837882190526
15690,0.2168092251559485
15691,0.07135076060277143
15692,0.049208814116253725
15693,0.01122028079341487
15694,0.13183488316605257
15695,0.06696655073413263
15696,0.004833173746072424
15697,0.022747065602186933
15698,0.024954584299744686
15699,0.01756011824292215
15700,0.22733752079697728
15701,0.040944059418297894
15702,0.0424075205906315
15703,0.04177133614488076
15704,0.0431200502842798
15705,0.07962188838222581
15706,0.18677034783822838
15707,0.06125136485194905
15708,0.13809010441499495
15709,0.06520408577731442
15710,0.051300443258008976
15711,0.010630749134647349
15712,0.07228250349234992
15713,0.05810828783823069
15714,0.0
15715,0.17055026109213461
15716,0.08312652326287351
15717,0.45239948307306665
15718,0.11970466606334501
15719,0.1697509459046592
15720,0.05443467038130003
15721,0.018807913896188737
15722,0.02734052390092955
15723,0.10802925340658204
15724,0.0
15725,0.011225862128816136
15726,0.03509383979459242
15727,0.0828340264670139
15728,0.05779288198716547
15729,0.05804528911654396
15730,0.061336756030372946
15731,0.08372551103665915
15732,0.17815844626089675
15733,0.33868933128461737
15734,0.07311269552327312
15735,0.022051828096501
15736,0.07541635939761566
15737,0.025876430081159328
15738,0.0489329383619807
15739,0.030618022570652464
15740,0.1047149070997439
15741,0.03795442345049131
15742,0.09676563554311082
15743,0.0
15744,0.09930016953164246
15745,0.009820931271091654
15746,0.0940032578206259
15747,0.05079570000331325
15748,0.037572629964757874
15749,0.18139835755469963
15750,0.0015269700900116638
15751,0.04711622784300539
15752,0.04419809245409869
15753,0.050279662790479344
15754,0.0
15755,0.008459159646289897
15756,0.021045724185300894
15757,0.050206032260784746
15758,0.07138763001185096
15759,0.14503890947631382
15760,0.13551702422624748
15761,0.21200158710749245
15762,0.11394161115919679
15763,0.1648668885386399
15764,0.020394005090666613
15765,0.09838720930956522
15766,0.01007156870920811
15767,0.06558210071413209
15768,0.0
15769,0.14367117078087738
15770,0.05193134421062391
15771,0.03141013990554045
15772,0.02722723789315264
15773,0.01346447638853412
15774,0.01582004594981949
15775,0.06405173405619889
15776,0.04407862650690761
15777,0.04261092662049572
15778,0.04151092185333306
15779,0.08689897695832832
15780,0.03586298942682438
15781,0.03459041149461228
15782,0.08707851605583389
15783,0.08394661829301309
15784,0.16631490475874003
15785,0.3497267889904226
15786,0.11919890795481478
15787,0.08778366325218419
15788,0.041174536701955054
15789,0.10198886449351778
15790,0.08956800289735187
15791,0.10440141684317045
15792,0.04279131864135223
15793,0.0
15794,0.031480388115580606
15795,0.2712040031446373
15796,0.05219904152830664
15797,0.09570889752055292
15798,0.027720966233504958
15799,0.06450314074775944
15800,0.004747272880049634
15801,0.0
15802,0.004629159411817262
15803,0.051756461392907925
15804,0.2464292967532918
15805,0.04755183715927462
15806,0.03606073829854517
15807,0.14666780745850852
15808,0.6927295935915423
15809,0.06011800473262874
15810,0.018701540309348844
15811,0.19611774553414518
15812,0.04187885473031134
15813,0.2047671537502986
15814,0.3046164157022037
15815,0.08463202829195363
15816,0.024290482901131116
15817,0.011118014526928191
15818,0.09527087754214504
15819,0.15570248966694009
15820,0.05193402179718307
15821,0.12063932223909851
15822,0.1188964967815936
15823,0.05477280212625127
15824,0.0
15825,0.0
15826,0.01849405638966221
15827,0.01311659185021493
15828,0.06324955958402488
15829,0.04936060643208129
15830,0.015440694493313823
15831,0.0926925227548139
15832,0.1067449571897976
15833,0.12181581834345875
15834,0.04154973073394461
15835,0.07889704286659915
15836,0.14707660302433603
15837,0.2224139728372846
15838,0.18803363394096986
15839,0.06618539245960103
15840,0.06647316344365273
15841,0.046440853379136615
15842,0.03365293046565574
15843,0.5388605534549786
15844,0.05001935460470093
15845,0.017395676041535777
15846,0.22108191254217716
15847,0.16157758752082654
15848,0.0
15849,0.06030677374088037
15850,0.2201029150855228
15851,0.19465139725161282
15852,0.0
15853,0.06484083161825781
15854,0.06169156630862604
15855,0.11007882537211977
15856,0.14697871988498007
15857,0.16442358464102963
15858,0.17062952235894682
15859,0.2677596803267414
15860,0.13636252161373108
15861,0.061041551656222055
15862,0.09446252169871666
15863,0.057996148927762864
15864,0.2959355928328565
15865,0.96650109502053
15866,0.0
15867,0.0012651706959076919
15868,0.3363889660684446
15869,0.030435037468410014
15870,0.2431008795964521
15871,0.0
15872,0.008389163057410658
15873,0.04321998246422853
15874,0.0951131327623409
15875,0.012902783884664558
15876,0.056118320668731535
15877,0.0
15878,0.345909244342983
15879,0.030605179956757485
15880,0.11159460111367564
15881,0.21802306706541547
15882,0.10446953129675023
15883,0.20468670395162658
15884,0.22022636991125458
15885,0.3171250853854161
15886,0.018424927754030134
15887,0.18084341180916202
15888,0.047258592539136605
15889,0.0813534489222038
15890,0.7198242810067116
15891,0.2734743760138984
15892,0.34047060216712094
15893,0.007680215935309363
15894,0.06276140572203752
15895,0.09442334616268941
15896,0.004881647412172588
15897,0.004853876162502013
15898,0.049137011191362476
15899,0.0
15900,0.011598540251466756
15901,0.07642310306788133
15902,0.0943014090702929
15903,0.0762667777406962
15904,0.05742000824484514
15905,0.09539502794565273
15906,0.1724898535976653
15907,0.11269803597845088
15908,0.004535271930953401
15909,0.09534216955879543
15910,0.22497496066278908
15911,0.0
15912,0.01986966606067094
15913,1.0
15914,0.7419898115414374
15915,0.8002558263738313
15916,0.013240213755640386
15917,0.010796861608544909
15918,0.08219891752566005
15919,0.315452193032785
15920,0.09724707222412454
15921,0.07588231151360922
15922,0.06747921917573242
15923,0.0655555048254381
15924,0.07476203004413487
15925,0.009012733794262009
15926,0.29048977983730856
15927,0.003859878019842407
15928,0.03943926665505986
15929,0.10355111398516106
15930,0.06136722634031088
15931,0.0522126702160764
15932,0.043574351602314265
15933,0.21187878284596048
15934,0.1624952780158675
15935,0.03958548591669115
15936,0.09603499474880282
15937,0.09730160870626822
15938,0.08162209830183387
15939,1.0
15940,0.8969881549889295
15941,0.697521070080923
15942,0.024655037566103686
15943,0.055029879849460214
15944,0.0
15945,0.24771582998296765
15946,0.05822423548788227
15947,0.22958508923904225
15948,0.05461798321078628
15949,0.0821807294010914
15950,0.0013793291537786444
15951,0.11213700251324393
15952,0.19158256982740432
15953,0.1344666603140171
15954,0.22857450626347853
15955,0.34178251704548135
15956,0.370879815599252
15957,0.19356600955165518
15958,0.16423542683127124
15959,0.0645513571633949
15960,0.05434221822909089
15961,0.09571805497983074
15962,0.032854978731137754
15963,0.036952434690081824
15964,0.004648441651570936
15965,0.18347770750983033
15966,0.13300016436279163
15967,0.11805861706621179
15968,0.09607203210838502
15969,0.022224456253199847
15970,0.9555209880106247
15971,0.9959751478925519
15972,1.0
15973,0.11425099207188097
15974,0.05465638035062642
15975,0.06565460813853767
15976,0.18726276429966954
15977,0.0118041489917683
15978,0.01830545502520011
15979,0.027183145957649115
15980,0.03743564114206891
15981,0.09980613577780491
15982,0.023161785969243513
15983,0.2070120320510669
15984,1.0
15985,0.1185711619394127
15986,0.0850288399241924
15987,0.07392324324126952
15988,0.13484864503345165
15989,0.06141286319880229
15990,0.20063915311671304
15991,0.17707676077319512
15992,0.061676531404762966
15993,0.1412302244662696
15994,0.07400273505846683
15995,0.07559762484260198
15996,0.05477012557944558
15997,0.24431616380987073
15998,0.25569898625145016
15999,0.18537038427469363
16000,0.11779475160205083
16001,0.0
16002,0.08396427043863651
16003,0.006277831012585883
16004,0.18534992547264656
16005,0.028847331892208963
16006,0.02620082143962663
16007,0.03908023008769245
16008,0.015618487232943873
16009,0.026969238359373923
16010,0.03591398076833051
16011,0.0669511969406777
16012,0.19058644707858804
16013,0.446445883480391
16014,0.1978093819218175
16015,0.20390504396886175
16016,0.10048531728521742
16017,0.19569426903361514
16018,0.17232867339652178
16019,0.5061190143215045
16020,0.05357637776860806
16021,0.019647441479682226
16022,0.04179320143019818
16023,0.06872892622718252
16024,0.1466784606332023
16025,0.24047124710972012
16026,0.06593101699319263
16027,0.301985272753644
16028,0.23715537423477842
16029,0.17758346865782088
16030,1.0
16031,0.11328169342093995
16032,0.0008486126315993159
16033,0.17223184354958115
16034,0.19765715592219463
16035,0.04129848398697812
16036,0.19474855052104023
16037,0.10224073097324028
16038,0.03278980947405308
16039,0.023934474276286526
16040,0.024174068166400803
16041,0.12036263184181056
16042,0.2782178324645177
16043,0.24500517771306748
16044,0.31935688456374245
16045,0.23827469215388938
16046,0.15165243407022794
16047,0.12101866566808273
16048,0.2203469584140057
16049,0.13168304999424874
16050,0.11235509703717557
16051,0.050829180822644385
16052,0.22633753174305038
16053,0.2657712574835989
16054,0.052222954587341046
16055,0.0
16056,0.4922339292064682
16057,0.33724250259829813
16058,0.07277538742885768
16059,0.1205305875956385
16060,0.043514615135105836
16061,0.05786244175414264
16062,0.0
16063,0.0
16064,0.0074015159850360016
16065,0.04195929032245573
16066,0.07107353414444655
16067,0.11215812920941418
16068,0.07428081696831583
16069,0.1625525924780158
16070,0.2865600151770954
16071,0.8211932771024817
16072,0.3182864884054348
16073,0.2223103646360354
16074,0.41596718012412526
16075,0.09219236969108974
16076,0.02454718252114018
16077,0.08048798934328777
16078,0.0443153955300972
16079,0.14479878062182883
16080,0.1867221583593717
16081,0.06720919406273794
16082,0.005259583437381251
16083,0.05917829454580427
16084,0.12768966115289845
16085,0.0057459266991092195
16086,0.007716027250420378
16087,0.09501380415762412
16088,0.0
16089,0.03129891509166312
16090,0.0
16091,0.0
16092,0.048931532659585
16093,0.05157366627942655
16094,0.05836510749815608
16095,0.052002912133235026
16096,0.20667109207810386
16097,0.17095483351461918
16098,0.17511311241792218
16099,0.5635823309043152
16100,0.44146877167001775
16101,0.3147106697748895
16102,0.12156855143483428
16103,0.061824753527094524
16104,0.07126644834201458
16105,0.04082668558311998
16106,0.11224766624267252
16107,1.0
16108,0.03356290996555558
16109,0.036268919267325436
16110,0.07368484817734935
16111,0.03903004400992938
16112,0.0676399203483549
16113,0.012603068316875504
16114,0.0601444455154669
16115,0.012544988147123261
16116,0.06661114500594571
16117,0.00921728309647619
16118,0.015925411853888023
16119,0.036017711119649805
16120,0.07512350255742346
16121,0.09606240924534921
16122,0.41257065005775667
16123,0.3009634510582298
16124,0.06729207774574285
16125,1.0
16126,0.35506974187063867
16127,0.3340590176933485
16128,0.19366583389464462
16129,0.015671025303708494
16130,0.021924885351593145
16131,0.009934362116039121
16132,0.0
16133,0.024238498540312944
16134,0.08483362442297855
16135,0.3737576287505831
16136,0.05447489864644306
16137,0.2267420999027833
16138,0.017822664701389736
16139,0.05977172422015344
16140,0.0959109716568784
16141,0.13459489463248175
16142,0.18971479232103647
16143,0.07786320209323899
16144,0.019440186391603626
16145,0.061538782511499475
16146,0.16292871024543795
16147,0.847697978724075
16148,0.20772708219328959
16149,0.3825139344257339
16150,0.17870546266324785
16151,0.23250463105649935
16152,0.18771693041347445
16153,0.09202816439167769
16154,0.04217945536126908
16155,0.0
16156,0.018321819960911645
16157,0.0
16158,0.05375329238904883
16159,0.004948945100645547
16160,0.13973883075810611
16161,0.14952295126968454
16162,0.042677392769812084
16163,0.2334187511293334
16164,0.06705290449669268
16165,0.0
16166,0.2345641672181757
16167,0.0
16168,0.024416598476092746
16169,0.006659290394186682
16170,0.1501738706284649
16171,0.1902446567510912
16172,0.03075178940857875
16173,0.0
16174,0.162657006929646
16175,0.19206729362071767
16176,0.0692788497723992
16177,0.09443212879045712
16178,0.02491857723414383
16179,0.10034361717714835
16180,0.08434890133084937
16181,0.023223589307812858
16182,0.09644526758783865
16183,0.09649874117688485
16184,0.040061466736043105
16185,0.04454184233241858
16186,0.0
16187,0.008480201756008394
16188,0.0
16189,0.0
16190,0.10867972958005946
16191,0.04842347907080937
16192,0.020874445344342064
16193,0.21518631641360972
16194,0.028362379951021383
16195,0.03737143084544352
16196,0.0
16197,0.023046761626469868
16198,0.15644921891581368
16199,0.316984409576246
16200,0.4693199889874611
16201,0.11229313930098178
16202,0.03134177126602859
16203,0.02430893087247265
16204,0.027246617999360942
16205,0.08538573020359871
16206,0.09810780279531356
16207,0.0
16208,0.0
16209,0.009094106158085254
16210,0.016335079064578394
16211,0.00929316888645015
16212,0.0
16213,0.0
16214,0.07487603454218018
16215,0.1264558468912745
16216,0.2739741216816257
16217,0.0
16218,0.0
16219,0.031040747241803508
16220,0.10470039527909396
16221,0.09055841674663437
16222,0.32397863332566534
16223,0.15466715080772106
16224,0.018200660483581665
16225,0.054784779747858524
16226,0.01311369145049128
16227,0.002158617833812555
16228,0.07606421666078801
16229,0.10052987008930635
16230,0.05039227847710975
16231,0.026051821196657533
16232,0.0
16233,0.24462252760706896
16234,0.0032146702078526394
16235,0.016341539393227866
16236,0.11859725631953949
16237,0.05225576812222057
16238,0.05169831174402598
16239,0.018143005406529057
16240,0.02162948352133803
16241,0.03253956545794885
16242,0.28728988577208353
16243,0.009809785028937763
16244,0.0113861989057426
16245,0.024463075554059792
16246,0.04163378170484326
16247,0.08472377930855476
16248,0.14683489292300692
16249,0.052137086494336786
16250,0.21507895549403136
16251,0.10629325708480585
16252,0.03582967041849687
16253,0.0
16254,0.02782781302680523
16255,0.05421830283883252
16256,0.030834114443391566
16257,0.19074235250387772
16258,0.11995424404175094
16259,0.025340097945687878
16260,0.06408967518913537
16261,0.046037841361254606
16262,0.004350743690590627
16263,0.3337687928958157
16264,0.46593158860011474
16265,0.08477295102029897
16266,0.04388702865267168
16267,0.0
16268,0.05842910842706752
16269,0.050538778460698
16270,0.13861356060010266
16271,0.08416745733044285
16272,0.04991436698228386
16273,0.9469394531104183
16274,0.0
16275,0.03481271064919358
16276,0.013185757238961577
16277,0.07210316352647063
16278,0.05479384106818015
16279,0.03000249462655803
16280,0.1502759818950473
16281,0.3572936022299372
16282,0.04106737788294321
16283,0.13642210604951802
16284,0.028015128878660346
16285,0.04778297502033603
16286,0.07754852711313083
16287,0.06956086748796299
16288,0.01750589818987063
16289,0.0
16290,0.06905182669399092
16291,0.029919598708130084
16292,0.0035462126284923246
16293,0.0
16294,0.03892221840841333
16295,0.0
16296,0.010123888086007986
16297,0.09471036492281824
16298,0.02871239264882372
16299,0.04407301966817738
16300,0.012817906548700126
16301,0.00884267103889677
16302,0.04570750704274876
16303,0.11372649681876304
16304,0.0005532027218085665
16305,0.7512382022493943
16306,0.05792084398620113
16307,0.13433317555248028
16308,0.02363512353789288
16309,0.019522461063315434
16310,0.055015858621816065
16311,0.01489559158665985
16312,0.23563239459445617
16313,0.03169017664692907
16314,0.0
16315,0.0
16316,0.03039708238129199
16317,0.10041630496438708
16318,0.0016247413744572964
16319,0.11246128480396335
16320,0.0
16321,0.021105376628894796
16322,0.19964962565278657
16323,0.015153977061218855
16324,0.03321612997411897
16325,0.0
16326,0.0047332630492451745
16327,0.01729604138576273
16328,0.010949991749959132
16329,0.00038650585145390227
16330,0.039846391560721534
16331,0.11380219432346314
16332,0.07293388312726458
16333,0.0
16334,0.0
16335,0.02787792955883873
16336,0.18198927488444772
16337,0.06474174459127412
16338,0.07114982192547666
16339,0.06708840015065891
16340,0.01720094315736408
16341,0.04655078988515355
16342,0.015741812310076164
16343,0.195219248927248
16344,0.17738650782712245
16345,0.0028205052447868592
16346,0.006317660631788083
16347,0.007601028578978089
16348,0.01991549302530088
16349,0.01880003463024919
16350,0.01158195494476694
16351,0.026480483326146144
16352,0.004634414488046726
16353,0.0063824927933379795
16354,0.023290368935034302
16355,0.0
16356,0.0020658629914323337
16357,0.02795429142120171
16358,0.0743566001718861
16359,0.14220614481384583
16360,0.0
16361,0.1432553311864826
16362,0.0
16363,0.21817666484005988
16364,0.0
16365,0.011468217807321499
16366,0.012190184919551107
16367,0.021759870547767516
16368,0.023274067119323952
16369,0.0031738335987859362
16370,0.025411994120274287
16371,0.013190804843647529
16372,0.0
16373,0.0
16374,0.021829778601482847
16375,0.023311982061487185
16376,0.03620225564013858
16377,0.04477227388975925
16378,0.002456039659461829
16379,0.0
16380,0.01754404056257734
16381,0.0
16382,0.11468633738842118
16383,0.01983266238966428
16384,0.0305360851633883
16385,0.0
16386,0.0
16387,0.08069530823943757
16388,0.0
16389,0.20436103167554293
16390,0.08446327310769544
16391,0.035192042490201254
16392,0.046490813263267684
16393,0.0
16394,0.064103796767588
16395,0.030505385719156123
16396,0.0
16397,0.06068355378894452
16398,0.018116197439895045
16399,0.06960792094706605
16400,0.0
16401,0.12763475405705857
16402,0.0
16403,0.0
16404,0.03018497837616459
16405,0.005414174657969254
16406,0.0
16407,0.0036964571501163046
16408,0.003538412979581703
16409,0.0
16410,0.013970171014685215
16411,0.01618065316272035
16412,0.04787287939022239
16413,0.049091290457791724
16414,0.0
16415,0.16281616901749257
16416,0.02308392968444483
16417,0.028339525677891816
16418,0.01648273683047462
16419,0.0
16420,0.061041053147799576
16421,0.028205575375472546
16422,0.036869581141386956
16423,0.04945897644483935
16424,0.051579388606261455
16425,0.0193966817486248
16426,0.0248846788356319
16427,0.10355110747607445
16428,0.22901974643136988
16429,0.08279459403727299
16430,0.016348503828266903
16431,0.0
16432,0.02786486187467849
16433,0.0
16434,0.050899406832761646
16435,0.0
16436,0.03204700442173626
16437,0.02061167292136837
16438,0.036274199914717295
16439,0.013419233779297905
16440,0.0
16441,0.09472800587723627
16442,0.021688943766456425
16443,0.08921644145142928
16444,0.05427491396240022
16445,0.18630023502639936
16446,0.0622366027889291
16447,0.0
16448,0.02064282150643211
16449,0.2146582701562389
16450,0.09466201030185337
16451,0.3288674625349088
16452,0.23892095291540882
16453,0.07392079517322273
16454,0.014601611802498976
16455,0.0
16456,0.07461698382828695
16457,0.0
16458,0.27784335038595076
16459,0.008307719696697502
16460,0.1851930761846126
16461,0.0
16462,0.7009474215526902
16463,0.18891381419759418
16464,0.11275719644851599
16465,0.11069839863034024
16466,0.0708004770644688
16467,0.0
16468,0.05058892548953589
16469,0.1428694454695171
16470,0.17190925942706223
16471,0.3721586706317676
16472,0.36549505655706843
16473,0.0
16474,0.10588150282171037
16475,0.10271200514643138
16476,0.0
16477,0.03220498126730492
16478,0.05673704713140067
16479,0.08169484269243538
16480,0.0
16481,0.038627866850045905
16482,0.3776102100184179
16483,0.17098525374491566
16484,0.16413653469841719
16485,0.5430647404859436
16486,0.10246038256276095
16487,0.038653549942842494
16488,0.3574127407438372
16489,0.03198475282379586
16490,0.4048042012328235
16491,0.0686181161906489
16492,0.07158416805385723
16493,0.02399894637243031
16494,0.052682518553105344
16495,0.11075478626584409
16496,0.10473795150249923
16497,0.0
16498,0.0
16499,0.0
16500,0.06400329676638151
16501,0.24645603900086832
16502,0.06309237351360844
16503,0.02652307827805686
16504,0.08645994352622881
16505,0.052103110780256714
16506,0.1260718694847662
16507,0.07978153217625608
16508,0.14044902477233936
16509,0.03078418167668457
16510,0.2017389739423174
16511,0.19332530475642287
16512,0.0
16513,0.056732050313211574
16514,0.045484285356867916
16515,0.0292288333164588
16516,0.3559639395060368
16517,0.2155073606809466
16518,0.07673454123783445
16519,0.24484185077248213
16520,0.34972584760676706
16521,0.09252382329830436
16522,0.03770602318087512
16523,0.0
16524,0.03162004396379502
16525,0.001277451687821744
16526,0.06355921721584323
16527,0.0
16528,0.0
16529,0.0
16530,0.09194171435219683
16531,0.08335990168555714
16532,0.248115013996606
16533,0.35697181339285666
16534,0.0
16535,0.0
16536,0.0613603560238415
16537,0.00818901161396416
16538,0.016824545180458835
16539,0.19160698491257894
16540,0.07455421048598639
16541,0.04092643031594616
16542,0.0
16543,0.0692881971620797
16544,0.016473002361533554
16545,0.16837351152070623
16546,0.4530515794808827
16547,0.07089452603100352
16548,0.0
16549,0.04308470206579967
16550,0.01345861421048454
16551,0.017283879164588758
16552,0.020258830931588503
16553,0.1130997418961827
16554,0.13548254285858236
16555,0.1060302388584868
16556,0.07706704243138396
16557,0.08402017939824667
16558,0.01421590081537988
16559,0.03668165717425342
16560,0.033418188690589594
16561,0.030363385680746008
16562,0.06452657064047675
16563,0.030225994153854265
16564,0.028987290589382573
16565,0.006367458042538914
16566,0.05459663011070061
16567,0.025867606335078838
16568,0.0
16569,0.03770810774107837
16570,0.03113030268678371
16571,0.04006088460083274
16572,0.0038317587136223762
16573,0.018155891652026912
16574,0.02432361815994026
16575,0.23585906589485112
16576,0.18498920226158833
16577,0.04399538586513524
16578,0.024760964562483362
16579,0.007558654997645227
16580,0.14497599894780755
16581,0.023541382204961804
16582,0.012590585789221946
16583,0.057856292667540596
16584,0.039467285373393356
16585,0.17213873566119697
16586,0.041512606557462944
16587,0.03835396571086341
16588,0.017197454921998572
16589,0.049161596254704405
16590,0.031593004315495506
16591,0.18235271257889465
16592,0.1511178837461152
16593,0.17433928973543178
16594,0.08485663242529136
16595,0.049867472698001514
16596,0.03878149739105573
16597,0.05365424562143693
16598,0.047253174179621917
16599,0.08857776836286273
16600,0.0318612572643133
16601,0.42994134240326753
16602,0.09556317842914161
16603,0.04332286534856787
16604,0.09988743119706565
16605,0.05854983346926327
16606,0.07960839737574196
16607,0.021185466569654327
16608,0.0
16609,0.0
16610,0.12341147232655002
16611,0.03225599468435429
16612,0.003004754620274629
16613,0.017409968263444424
16614,0.11241152167387333
16615,0.03467654919453696
16616,0.04627834092077348
16617,0.051761682711237524
16618,0.11284668515455178
16619,0.17888556843422787
16620,0.3264892779456006
16621,0.05132749776457907
16622,0.040394198094172946
16623,0.08816386079273943
16624,0.028473504437917293
16625,0.0755855724992634
16626,0.0
16627,0.0
16628,0.10009051717280223
16629,0.08276431019000151
16630,0.10661590603614969
16631,0.04092878408860817
16632,0.12066217213946073
16633,0.001102213791860085
16634,0.05461341800521146
16635,0.06777275848282423
16636,0.1567589482255254
16637,0.0024896373187062145
16638,0.029270047290327204
16639,0.06492866983176687
16640,0.07544662791952457
16641,0.0012122129385938878
16642,0.012840999875359421
16643,0.010813075770718336
16644,0.08424181261703315
16645,0.06128972205390297
16646,0.14397943652536824
16647,0.12670208687253093
16648,0.20273449645793112
16649,0.12043619898965106
16650,0.21720099047301364
16651,0.022800134343863396
16652,0.08716348375359027
16653,0.06303290785070335
16654,0.0
16655,0.036068047682166975
16656,0.09612843671325329
16657,0.029388866085731522
16658,0.0
16659,0.06468213373166433
16660,0.03875834375621871
16661,0.06782070364211927
16662,0.11510284979785376
16663,0.007915474560261322
16664,0.08135010536836342
16665,0.014903943668830253
16666,0.01488112693805454
16667,0.09627699585533558
16668,0.032123322101766376
16669,0.04190170933140871
16670,0.13534696424184467
16671,0.06090607655043035
16672,0.143491123443431
16673,0.35408504668856483
16674,0.08106087619521533
16675,0.12149333939201176
16676,0.04796083142190556
16677,0.11858409311863977
16678,0.0826286958095337
16679,0.09157125743391364
16680,0.046805317774362795
16681,0.022380514518633026
16682,0.30748356507464847
16683,0.09463762382876874
16684,0.09510446933861669
16685,0.06521386238730909
16686,0.09994307420332565
16687,0.0037181748195650984
16688,0.018092934997475704
16689,0.014398457595793553
16690,0.022673364272055782
16691,0.038744229393389396
16692,0.2695954996524718
16693,0.02635475303166396
16694,0.04894638782313093
16695,0.11838262087667448
16696,0.5551529054573868
16697,0.05169533884044589
16698,0.005178240958806761
16699,0.18807789543934672
16700,0.06115648884562232
16701,0.25892364284537234
16702,0.2524174190456452
16703,0.09302840693111156
16704,0.0
16705,0.030685471113249714
16706,0.0019398040621018949
16707,0.08279467246979444
16708,0.17050357329777766
16709,0.024404060409022085
16710,0.18636109427848369
16711,0.06495055513579631
16712,0.05813901155784839
16713,0.0
16714,0.016261655283099412
16715,0.02522303263921252
16716,0.059504941553805445
16717,0.06346646620434435
16718,0.0060522806265505295
16719,0.11182846349869036
16720,0.10313294370564324
16721,0.1887200332035437
16722,0.08625325653346144
16723,0.05304080012070718
16724,0.1643526583807304
16725,0.1918842813010414
16726,0.16328669972437596
16727,0.06470315813308368
16728,0.09137440251019972
16729,0.011753317018708192
16730,0.06523346731577549
16731,0.5314516220141868
16732,0.05165694397931965
16733,0.04973238696415229
16734,0.25818851827762745
16735,0.16309217776597354
16736,0.0
16737,0.0
16738,0.0
16739,0.05194160620697078
16740,0.04042454092477616
16741,0.20438089516408006
16742,0.19353263021306916
16743,0.0
16744,0.06112659025418663
16745,0.05013341066559309
16746,0.17826114350140912
16747,0.14216112760218025
16748,0.14452259416971358
16749,0.20101551564588013
16750,0.2383586078846997
16751,0.13458513675876796
16752,0.07701830944690494
16753,0.13287919210170032
16754,0.037615950474422274
16755,0.2505282635981247
16756,0.9335501933820832
16757,0.0
16758,0.026679725948782016
16759,0.3482580661368332
16760,0.059281390105155325
16761,0.1890485922456856
16762,0.04831664757904813
16763,0.0732510715909157
16764,0.000195577770058128
16765,0.04360382282708375
16766,0.0
16767,0.336147233314898
16768,0.014327817233434648
16769,0.06571675626546689
16770,0.22131287719901557
16771,0.1217617329406845
16772,0.24620532180148916
16773,0.32001993872677664
16774,0.22667932733695043
16775,0.014572871266145232
16776,0.1782072027656488
16777,0.09459784245999647
16778,0.04692607836439417
16779,0.9179992194788775
16780,0.2706578634936835
16781,0.338169768565651
16782,0.04794044851941053
16783,0.18422295305174058
16784,0.0689014569964823
16785,0.04044246240328254
16786,0.0
16787,0.06734866213878661
16788,0.0004051638986316471
16789,0.0
16790,0.03094745212962687
16791,0.02542354083084949
16792,0.07455238731792069
16793,0.0800999045308363
16794,0.11784885039324233
16795,0.11828644565151598
16796,0.1712415188780502
16797,0.11432943098035565
16798,0.13178033686652826
16799,0.19735503867872095
16800,0.0
16801,0.03321282743707741
16802,1.0
16803,0.8730742205500175
16804,0.6292145809303229
16805,0.0
16806,0.0
16807,0.11978238997790229
16808,0.3525366856051352
16809,0.0754986770684188
16810,0.014866473627003173
16811,0.04905666452582179
16812,0.0
16813,0.07276672389247593
16814,0.061672662502812045
16815,0.057117519561949714
16816,0.008703098781687417
16817,0.3138065894059681
16818,0.0
16819,0.03421869793305919
16820,0.1268934870210572
16821,0.05471667190141123
16822,0.08760104156871186
16823,0.07119753615436797
16824,0.1873512144921615
16825,0.14904654410989193
16826,0.028036075796845156
16827,0.1041669632594631
16828,0.1449577429786289
16829,0.17959265510651412
16830,1.0
16831,0.8960592048166116
16832,0.7199306057016605
16833,0.013768176822941552
16834,0.0
16835,0.0
16836,0.32937796253559426
16837,0.08811922086092881
16838,0.2741710244612411
16839,0.031916856029035295
16840,0.08299809438707022
16841,0.013047436894228421
16842,0.15650990849689952
16843,0.13862724431251267
16844,0.1400272929668046
16845,0.23439271564103437
16846,0.32576363613601667
16847,0.4094272361985677
16848,0.1934499319791797
16849,0.1449484369291243
16850,0.1007527228076531
16851,0.07305340901284121
16852,0.06732262633405856
16853,0.021288894225833178
16854,0.02999298424708853
16855,0.0
16856,0.14541290037396126
16857,0.09563862766666406
16858,0.11146275858749677
16859,0.14158483648377615
16860,0.023621052151110284
16861,0.9521051939516026
16862,0.990812562055574
16863,0.9999941827085986
16864,0.1504794028874451
16865,0.04893527011961061
16866,0.17060564052176402
16867,0.1993714923689972
16868,0.00768947501759314
16869,0.024621608565062125
16870,0.018279212813615553
16871,0.03428413538981478
16872,0.09567386187684689
16873,0.03426903468073676
16874,0.3116006247077388
16875,1.0
16876,0.09569694946372623
16877,0.1004452077116667
16878,0.0685741583242667
16879,0.18016458795849902
16880,0.05532009963902959
16881,0.17430541045186812
16882,0.17756521512020101
16883,0.05437408765947206
16884,0.11821340668667946
16885,0.10387010683723609
16886,0.08365336918125284
16887,0.05399173241126843
16888,0.006765170565823203
16889,0.26206260750112215
16890,0.2962918354131569
16891,0.1949528854429068
16892,0.13160935057868817
16893,0.01175469726024992
16894,0.06122255114828837
16895,0.04930620533175487
16896,0.18330005645538897
16897,0.0
16898,0.027389633894210726
16899,0.06557546901804567
16900,0.017174400608224998
16901,0.013602239853380977
16902,0.022454145189173436
16903,0.07560520811674973
16904,0.18471107218352
16905,0.4807860320249891
16906,0.19199923724183673
16907,0.17968354852464188
16908,0.09480190896244338
16909,0.14488663632432625
16910,0.19105682988723985
16911,0.5457254706604018
16912,0.018193784293985885
16913,0.03279227105582949
16914,0.027479947471508236
16915,0.08514641038475342
16916,0.21777368563767036
16917,0.13472085731504677
16918,0.35390873058028033
16919,0.21875775504693373
16920,0.19020557502033064
16921,1.0
16922,0.13966282457330959
16923,0.0008537571972870441
16924,0.13566724241235656
16925,0.19065411268293456
16926,0.014767970772319115
16927,0.04518227012808134
16928,0.14544052683637448
16929,0.10040076316408496
16930,0.03848801836817882
16931,0.04344651473719078
16932,0.0410602844186856
16933,0.1216795282980907
16934,0.22469025086430722
16935,0.2650902770260161
16936,0.24853925447272543
16937,0.23846745889437818
16938,0.13367561973975797
16939,0.11178828161170133
16940,0.1944134372518404
16941,0.012425109985268173
16942,0.15448570700242384
16943,0.035493820793815585
16944,0.07456810342903114
16945,0.25409109244794204
16946,0.23764936376867388
16947,0.08656179025284148
16948,0.0
16949,0.49012402125436094
16950,0.31590970042651667
16951,0.06483590415749078
16952,0.11357441368290715
16953,0.05821680547582156
16954,0.0706700306820715
16955,0.003543668215809171
16956,0.022666441014269508
16957,0.06287008796947766
16958,0.09888201632291288
16959,0.09625531206714434
16960,0.15606904453839132
16961,0.2844517891125813
16962,0.7817228492740079
16963,0.2919808750426231
16964,0.17338140951801556
16965,0.36287510552795266
16966,0.061176909641676505
16967,0.0883420964682119
16968,0.10162742871227083
16969,0.17339162291700233
16970,0.1564799260500771
16971,0.05116387719413981
16972,0.0
16973,0.07614387119909549
16974,0.10391703291417535
16975,0.00764953284604579
16976,0.02483187303716544
16977,0.07368859599679192
16978,0.01577639536346808
16979,0.04074605065038226
16980,0.0
16981,0.005236778401251492
16982,0.04597726389296096
16983,0.059502539551542055
16984,0.06642402101629767
16985,0.03740251860315638
16986,0.1904769614812284
16987,0.18707125725765308
16988,0.1411954770554966
16989,0.6091702655343098
16990,0.47361393698247156
16991,0.28877126886441246
16992,0.11821860361123585
16993,0.07382314118802505
16994,0.04841184312293986
16995,0.048402760642926944
16996,0.060846215766656914
16997,0.0
16998,0.0
16999,0.04374728860178529
17000,1.0
17001,0.034572265543818675
17002,0.0
17003,0.04362600301439363
17004,0.06444085694036927
17005,0.0851473216063274
17006,0.019347081898293057
17007,0.07124801019065499
17008,0.0
17009,0.0242478244761982
17010,2.7933609451269723e-05
17011,0.018323904404822216
17012,0.035950564662588946
17013,0.09830398092326857
17014,0.0825019121518508
17015,0.4103957535745731
17016,0.24716152391560775
17017,0.17970366450257158
17018,1.0
17019,0.3192151097159191
17020,0.333487703616113
17021,0.1885998456028066
17022,0.0
17023,0.04042460848921111
17024,0.014980882876996528
17025,0.04853841272055874
17026,0.024914477802097098
17027,0.06070017938858341
17028,0.08718997752803653
17029,0.34617408478487155
17030,0.06354220601895172
17031,0.20334052065154423
17032,0.011906081437760285
17033,0.049587896779191405
17034,0.11158681521278987
17035,0.09548827097852876
17036,0.14655820253722207
17037,0.038316752822742606
17038,0.031980324668993254
17039,0.019658095004770663
17040,0.036431217899214184
17041,0.14998482689126166
17042,0.981434181744217
17043,0.23974490987679362
17044,0.44963433749139925
17045,0.19886254608885173
17046,0.20440222036984154
17047,0.18447066597778336
17048,0.11872285982632766
17049,0.007224155567386503
17050,0.0
17051,0.01188388639014778
17052,0.037669850647804475
17053,0.12563549312674813
17054,0.14431227607300248
17055,0.03466996440502883
17056,0.20702229943522837
17057,0.06475634341482989
17058,0.0
17059,0.27514592775874275
17060,0.04409949002913124
17061,0.011399826238816729
17062,0.15502014563603156
17063,0.1787127131916983
17064,0.02914876906681976
17065,0.0
17066,0.14752843078202352
17067,0.16369896550961202
17068,0.08558690885297675
17069,0.12392420301739687
17070,0.0150108558204053
17071,0.09927250971462934
17072,0.08346353044662964
17073,0.04259243445194253
17074,0.057594532848441
17075,0.14370411078147258
17076,0.04153045094263974
17077,0.0
17078,0.028353153290126363
17079,0.0
17080,0.1205267709368336
17081,0.013890708506163663
17082,0.11153789073401499
17083,0.044100798004075244
17084,0.029223707491742447
17085,0.0028596503387009176
17086,0.05925537880763019
17087,0.16698536500150155
17088,0.3313857549878382
17089,0.45541285656550673
17090,0.11886818297244493
17091,0.020402152992706007
17092,0.02964231673412268
17093,0.005822495133177374
17094,0.11783604950723334
17095,0.17176335711219692
17096,0.023085933595743197
17097,0.0
17098,4.060090800716774e-06
17099,0.03763277329744462
17100,0.000913725720990551
17101,0.007215331502184829
17102,0.08329262688126454
17103,0.08447157387586425
17104,0.30343902232717007
17105,0.010861365933558015
17106,0.010854934773475355
17107,0.029325997308823487
17108,0.06418924141496521
17109,0.08829055818719189
17110,0.3153024567349906
17111,0.1358085277287408
17112,0.018578719458322963
17113,0.14575453797845142
17114,0.025950814086639865
17115,0.04240129215698189
17116,0.13714780775391178
17117,0.019788380076385753
17118,0.0521344858083777
17119,0.2306097343142979
17120,0.0
17121,0.0
17122,0.0027611422813052064
17123,0.11470950652049715
17124,0.05498000044147055
17125,0.04087312711068613
17126,0.015116241043178163
17127,0.054048234670891995
17128,0.026594857495837804
17129,0.2053606698418817
17130,0.019295648582409636
17131,0.039766908626538304
17132,0.056408299058718345
17133,0.018082184163959764
17134,0.07121873630302523
17135,0.18360519806043796
17136,0.05097067286903995
17137,0.2012548014860547
17138,0.12608271860105635
17139,0.04728333175030198
17140,0.013156412165146123
17141,0.029790747836710516
17142,0.05780574565856502
17143,0.009356887215978433
17144,0.2072083188491854
17145,0.11365592813119103
17146,0.012485579585529719
17147,0.06409180343846285
17148,0.022611726764344864
17149,0.011856713774487132
17150,0.3108387641928604
17151,0.504692049818824
17152,0.055341925700846104
17153,0.02627164876239916
17154,0.0
17155,0.05221209339566105
17156,0.1133419976344023
17157,0.052121379705641
17158,0.08161651501511413
17159,0.08477160746031387
17160,0.8476014963869438
17161,0.0
17162,0.021485826447792747
17163,0.05107013881123505
17164,0.050901492293736486
17165,0.0
17166,0.04927349383372676
17167,0.11200250101120635
17168,0.3813762864902296
17169,0.06502538470719597
17170,0.14766274050447192
17171,0.011743884891582625
17172,0.011516106624681471
17173,0.047262430280553464
17174,0.0847900727412667
17175,0.03085717006202178
17176,0.016343469738570635
17177,0.0
17178,0.06037642475403059
17179,0.04515309722032809
17180,0.0008239999562812802
17181,0.05809292501480362
17182,0.0
17183,0.01800856360998318
17184,0.09512640157194908
17185,0.011348994743453411
17186,0.05705260324845027
17187,0.010227429567694745
17188,0.015122255064727117
17189,0.05176527738340847
17190,0.08884124937479176
17191,0.0
17192,0.015925203479850943
17193,0.8399156998740119
17194,0.024788633041302646
17195,0.07854943700234997
17196,0.029767178890305345
17197,0.0432991123113557
17198,0.07782858150669276
17199,0.06139115607821108
17200,0.0181510254315676
17201,0.023976435880649266
17202,0.2564670617361621
17203,0.05776548664237845
17204,0.0
17205,0.0
17206,0.0
17207,0.0
17208,0.0
17209,0.014254473630213342
17210,0.1179517165275815
17211,0.0
17212,0.0
17213,0.1458441488052638
17214,0.00761049849093938
17215,0.0
17216,0.01393562867610751
17217,0.22103365104001493
17218,0.0
17219,0.0
17220,0.006895321587203721
17221,0.042949483115929284
17222,0.0
17223,0.029855639222719808
17224,0.12076618212003759
17225,0.06893192409796617
17226,0.0
17227,0.030300805848695565
17228,0.04638345442322947
17229,0.09411220203536987
17230,0.11167088500175895
17231,0.049590015401035685
17232,0.02052688305637258
17233,0.026089442457000716
17234,0.012132488711570086
17235,0.0009118662417105881
17236,0.026959957174718482
17237,0.19247485037004278
17238,0.13550619188622762
17239,0.0
17240,0.0010509794955886654
17241,0.038513016189363515
17242,0.01032382585830053
17243,0.024733261538090273
17244,0.005384470017177601
17245,0.0
17246,0.02538970602727277
17247,0.024490309536288436
17248,0.042614006325056436
17249,0.0
17250,0.03225516792639851
17251,0.046096677404322016
17252,0.034879712006759114
17253,0.13128391551160318
17254,0.0
17255,0.11214196675657302
17256,0.0
17257,0.22951801812047615
17258,0.0
17259,0.02949113864501671
17260,0.0
17261,0.004654208132429624
17262,0.010426556459425444
17263,0.01695399675254803
17264,0.02288650380349522
17265,0.022416498416619045
17266,0.0
17267,0.0
17268,0.040383608648881915
17269,0.0
17270,0.0022196733039985856
17271,0.0583755729203343
17272,0.017165465301106315
17273,0.0029184976980587084
17274,0.0
17275,0.13537246731919528
17276,0.030079839447871973
17277,0.0414935421994181
17278,0.0
17279,0.0
17280,0.037909271617586685
17281,0.07148863059981422
17282,0.0
17283,0.0
17284,0.1955429799140001
17285,0.043833002918158684
17286,0.04690300174893293
17287,0.07450934107137512
17288,0.0
17289,0.09384389145740715
17290,0.0415364961571263
17291,0.0012071417595056024
17292,0.00287384611671191
17293,0.11789614790490228
17294,0.07344662977244647
17295,0.0
17296,0.11991448044821634
17297,0.013303533729685112
17298,0.004186054432392972
17299,0.06171137976836586
17300,0.023149961896389668
17301,0.02081133698985623
17302,0.006402828853213218
17303,0.0
17304,0.0012661229133492278
17305,0.04485166602262515
17306,0.02459928810815987
17307,0.06549920795338095
17308,0.06183120929763455
17309,0.0
17310,0.18501137667589374
17311,0.027380737346156012
17312,0.052150274279191125
17313,0.011995549449282028
17314,0.0
17315,0.009799184193482297
17316,0.05660489240107593
17317,0.03346640273136878
17318,0.023923550817856118
17319,0.017459930590420055
17320,0.036533906613996386
17321,0.048507710073972685
17322,0.022283324513261513
17323,0.0
17324,0.10192256624699671
17325,0.21139158639132893
17326,0.0578549070677219
17327,0.0
17328,0.0
17329,0.0
17330,0.0433099187032237
17331,0.033841966407358245
17332,0.04093088171599222
17333,0.015758094423985007
17334,0.06317729148807351
17335,0.0
17336,0.0
17337,0.2177034645612309
17338,0.08296684184119686
17339,0.04587822652527916
17340,0.1743914316270348
17341,0.1481906399648095
17342,0.0
17343,0.020942429032622605
17344,0.0
17345,0.22844782084411622
17346,0.0
17347,0.24098877173243682
17348,0.18461831402474216
17349,0.07859671466010326
17350,0.02794184359922664
17351,0.0
17352,0.0
17353,0.005922682074454999
17354,0.0
17355,0.18790977867956393
17356,0.0
17357,0.6321091458126354
17358,0.192233021691129
17359,0.0
17360,0.13826546818021399
17361,0.037479900599723566
17362,0.11264485384635459
17363,0.10637274532150685
17364,0.012682772388946485
17365,0.031675383886742535
17366,0.13428670748279875
17367,0.18149347213289296
17368,0.4065740230166173
17369,0.35093252085028825
17370,0.1944441652989836
17371,0.20092357611036746
17372,0.04439371785282538
17373,0.03787320814496482
17374,0.05832051329266152
17375,0.0
17376,0.013174540251318046
17377,0.01576476789605454
17378,0.3086560212233148
17379,0.14882802092446323
17380,0.10733990542408549
17381,0.3630648022251217
17382,0.05016859230662955
17383,0.005268366266586387
17384,0.3629426386359209
17385,0.06532966905570219
17386,0.3924693485284206
17387,0.09659834142503157
17388,0.10523421712125003
17389,0.014591218979560961
17390,0.0646944711157659
17391,0.0
17392,0.11453537413662185
17393,0.0850837844977055
17394,0.0
17395,0.01429585006754134
17396,0.0016843302395599567
17397,0.05839822488694877
17398,0.32965276141725874
17399,0.07172879176379796
17400,0.07481160138525376
17401,0.031822688732799996
17402,0.05468306792215691
17403,0.12194347928027748
17404,0.07181890868951335
17405,0.030891045306401032
17406,0.00955692905135918
17407,0.13381865913154103
17408,0.0
17409,0.014595598630957168
17410,0.20212109892100616
17411,0.14199600839322463
17412,0.0
17413,0.040887659440164696
17414,0.016446567863079336
17415,0.023563220741190154
17416,0.004417772598861953
17417,0.43369099735163785
17418,0.21926297978063292
17419,0.14026319461677048
17420,0.31515827585542616
17421,0.35619297913674847
17422,0.0
17423,0.1174227051528336
17424,0.031283261184645805
17425,0.00983178041137795
17426,0.015337507714398327
17427,0.012602254188093758
17428,0.0
17429,0.031238739368799433
17430,0.0
17431,0.0
17432,0.0978211784781212
17433,0.10416155986232638
17434,0.14630906196478008
17435,0.21940688493353755
17436,0.22664204809596697
17437,0.0
17438,0.0
17439,0.05062050086799172
17440,0.021063603920423415
17441,0.010338722602192728
17442,0.0
17443,0.017994791471933995
17444,0.20228999807359488
17445,0.0507523845077306
17446,0.0
17447,0.0930990865867079
17448,0.09411620535991368
17449,0.1758099345991121
17450,0.3358725458350504
17451,0.04612839201945837
17452,0.037500247351849265
17453,0.0
17454,0.04912416993355657
17455,0.07940525753563568
17456,0.0014282241237966683
17457,0.08355038251846843
17458,0.0069322142946862345
17459,0.20039998139937837
17460,0.16962226770800082
17461,0.09580300293694308
17462,0.08811721783908869
17463,0.06140800920755788
17464,0.00047950587102842015
17465,0.02069274277652167
17466,0.017808973213511572
17467,0.04324002784548082
17468,0.09581704466254687
17469,0.05196042060431625
17470,0.03731702351423912
17471,0.0005289911933786481
17472,0.04440948060151774
17473,0.03478084736647168
17474,0.02089311970257999
17475,0.00809933648044802
17476,0.0487036682222611
17477,0.027401523727288175
17478,0.02821074385746602
17479,0.018353834078465237
17480,0.05246452158087677
17481,0.24077953499521498
17482,0.1953306641502934
17483,0.053450883421736865
17484,0.022939732242415602
17485,0.0031017649477988714
17486,0.12159381552439619
17487,0.07097487971184477
17488,0.0
17489,0.05984178191715552
17490,0.0
17491,0.03322631303605809
17492,0.18350927471313513
17493,0.027817701196785852
17494,0.05012048388236748
17495,0.04886981866727462
17496,0.05240294852105526
17497,0.04503678018307664
17498,0.1786940653793574
17499,0.0508715602728232
17500,0.18073983566461735
17501,0.08253032954507966
17502,0.025807217831946297
17503,0.025980625215304372
17504,0.06386656822079458
17505,0.06498299178676807
17506,0.0
17507,0.09701694485754832
17508,0.053442311622446406
17509,0.45949065035765
17510,0.09680520064817659
17511,0.0655248914014321
17512,0.10051345780382986
17513,0.046285449614647714
17514,0.08406261650753973
17515,0.0
17516,0.13653259645120155
17517,0.006330492355182519
17518,0.01294563911530535
17519,0.07171439959537994
17520,0.05182279316527808
17521,0.03773253553681665
17522,0.04440080788563221
17523,0.12103525614230608
17524,0.18729158419372688
17525,0.2957105389646511
17526,0.07477949228489648
17527,0.01558340299819656
17528,0.10041030242235857
17529,0.029986826099482167
17530,0.0570964665690958
17531,0.05187580228860061
17532,0.03986713081071037
17533,0.12094099872612904
17534,0.0
17535,0.11900807732962966
17536,0.02473664106415619
17537,0.0710838590135474
17538,0.08268330890854293
17539,0.0
17540,0.1508918268047448
17541,0.0
17542,0.054488459902510764
17543,0.08308987762459691
17544,0.044270409644345296
17545,0.019679773010079962
17546,0.03141713284204002
17547,0.037612275972743525
17548,0.056841945377619184
17549,0.05259591146262647
17550,0.13601946807009743
17551,0.11930376615011613
17552,0.1900131461013143
17553,0.18363260429172362
17554,0.20318160453226203
17555,0.009721814881851079
17556,0.12144525396555897
17557,0.08493662751933212
17558,0.027164392489202882
17559,0.08604247155431258
17560,0.07077585509599191
17561,0.021007637686693482
17562,0.017773658271341343
17563,0.04783686881274405
17564,0.050322627088038224
17565,0.0
17566,0.11888112376700428
17567,0.0013752500117186009
17568,0.04011804054233913
17569,0.027266013604098728
17570,0.12430600993768774
17571,0.01657041708883604
17572,0.054766356406559365
17573,0.10411942157242567
17574,0.0529413207216109
17575,0.14973552576582647
17576,0.30054179055335556
17577,0.07158514535062338
17578,0.12356843292975411
17579,0.05091381922567168
17580,0.11836955139365517
17581,0.07082104285866242
17582,0.0998449996236758
17583,0.049350195714241936
17584,0.0
17585,0.009241638977753574
17586,0.3118257157933972
17587,0.06360824914766447
17588,0.13462690661334933
17589,0.09361573973639441
17590,0.07602328470423832
17591,0.04012844554992879
17592,0.020771986019908848
17593,0.03559137340776772
17594,0.030808409306527812
17595,0.29362903004736773
17596,0.047394204598401456
17597,0.09398981679407703
17598,0.12746421508602032
17599,0.6333309634315917
17600,0.08822306267616412
17601,0.007667397454856446
17602,0.21573836336948157
17603,0.08422351966465973
17604,0.23496756973850472
17605,0.25289940660454624
17606,0.06515063049579084
17607,0.06535578949450575
17608,0.0
17609,0.10085240623137463
17610,0.14271911172705287
17611,0.04874484008269729
17612,0.17876683565541707
17613,0.04962062315429447
17614,0.09930349708557638
17615,0.0
17616,0.026457246856271845
17617,0.024341981971760317
17618,0.05523104110834122
17619,0.06707388935685735
17620,0.014263713103813795
17621,0.10310807090468506
17622,0.07746414219965322
17623,0.1570550523567124
17624,0.05216315890566358
17625,0.03608494830731616
17626,0.13906013096190245
17627,0.19089861490961021
17628,0.15874639973573348
17629,0.06199688644191247
17630,0.08279578745153358
17631,0.021742036012948843
17632,0.01527791314960293
17633,0.05237378586384757
17634,0.45251102557391215
17635,0.056334771707863385
17636,0.3406448075087254
17637,0.1844090644769528
17638,0.0
17639,0.001273275177413859
17640,0.00742293164518225
17641,0.0825329696314531
17642,0.03489095759970437
17643,0.19426448704156923
17644,0.19268316390771476
17645,0.04595790156555087
17646,0.031246799992667443
17647,0.09374048112782021
17648,0.11361600518300194
17649,0.1500000742306531
17650,0.16500333159183367
17651,0.25171878935855807
17652,0.13349573500264164
17653,0.05239381777208277
17654,0.0305932254884079
17655,0.034477315225118356
17656,0.2566209219699183
17657,0.772489804002643
17658,0.05739780055886438
17659,0.3360865847671189
17660,0.05777268378123083
17661,0.22758230591382636
17662,0.002277992450664263
17663,0.045901773349923396
17664,0.06870859264645338
17665,0.013674065252473647
17666,0.0546722370297256
17667,0.0
17668,0.3545464217429996
17669,0.03783118223646434
17670,0.09276690509102438
17671,0.1972545443406248
17672,0.1052272156616279
17673,0.2095707018785576
17674,0.3330174462388268
17675,0.28516526352606053
17676,0.14210011364299344
17677,0.04173249349499286
17678,0.13314162183697217
17679,0.9061665078002842
17680,0.3291099513355319
17681,0.4201514442996677
17682,0.0011173207073046302
17683,0.07242530176378233
17684,0.06882186543349564
17685,0.01507204825630705
17686,0.0008921065396601931
17687,0.008138806523158565
17688,0.07266085511612413
17689,0.006329989835760654
17690,0.02660486859431503
17691,0.07147988968987934
17692,0.07710863958995633
17693,0.1336936567912463
17694,0.11830140655970275
17695,0.0960345720554149
17696,0.17957567545257402
17697,0.17479033736288765
17698,0.11359755433127575
17699,0.2089416170907058
17700,0.030462633358178108
17701,0.056567685501505566
17702,1.0
17703,0.8990192449610277
17704,0.722035011214343
17705,0.0
17706,0.018054895419916926
17707,0.0
17708,0.11381942722081798
17709,0.34844327078534826
17710,0.061598312287652314
17711,0.0
17712,0.05046671688415841
17713,0.0003526777991608232
17714,0.061116234604950685
17715,0.0937764661158806
17716,0.05676021234546808
17717,0.0
17718,0.30959712506514786
17719,0.0088611130086737
17720,0.028220932219374686
17721,0.1750894043052472
17722,0.11035829211791974
17723,0.07399973744627657
17724,0.02768047160186747
17725,0.1913021329338988
17726,0.1474172052149662
17727,0.01956460089943841
17728,0.1227140648604783
17729,0.13496667997527306
17730,0.10854981371997661
17731,1.0
17732,0.8770599739741415
17733,0.6832058798301692
17734,0.0
17735,0.017885959291516103
17736,0.0007588397963373695
17737,0.2569291159009323
17738,0.08472190790526321
17739,0.23870095165300795
17740,0.05880555059322853
17741,0.024465918353486975
17742,0.14500181646568625
17743,0.11347174611551618
17744,0.16515184989249534
17745,0.20533460893528876
17746,0.37755378998524264
17747,0.42951864003715234
17748,0.1814599369820114
17749,0.13758845298769262
17750,0.08530177488097812
17751,0.04942884248600203
17752,0.10233161603416302
17753,0.07273456405279424
17754,0.05377219801899969
17755,0.1575598728450862
17756,0.16451963748782925
17757,0.06791624044637005
17758,0.11896118399673249
17759,0.0
17760,0.8869483583889733
17761,0.9936758022637453
17762,1.0
17763,0.19065518707357093
17764,0.06730978717409787
17765,0.06049473296469179
17766,0.2023225465886825
17767,0.036204748284024015
17768,0.03600090688347321
17769,0.024853740044736956
17770,0.10017691828418415
17771,0.044880852678826466
17772,0.20717234884363936
17773,1.0
17774,0.08015252168071002
17775,0.07502352871977333
17776,0.10169272789942527
17777,0.1620072810818586
17778,0.060252413405710886
17779,0.1943663602023817
17780,0.10037918669618638
17781,0.048731457796791555
17782,0.11101195437400453
17783,0.08584568196075652
17784,0.13267125420617154
17785,0.017699718067553598
17786,0.011124124921974819
17787,0.26087498937158016
17788,0.317550952863894
17789,0.1722555113587603
17790,0.10055727957162913
17791,0.06654960906351351
17792,0.050238476938408896
17793,0.20558652249750736
17794,0.005404184522054979
17795,0.008032088886745347
17796,0.030802490418442637
17797,0.05048090934434972
17798,0.022889233082465422
17799,0.052300272993706404
17800,0.06036907457416173
17801,0.20895337248164075
17802,0.4398574646267346
17803,0.19827028549003242
17804,0.1926335238918987
17805,0.10455073529396504
17806,0.17309120684872234
17807,0.18334894565764018
17808,0.5109644546702232
17809,0.002657553356103915
17810,0.0
17811,0.0566929441999485
17812,0.010455841232832377
17813,0.08197217778076911
17814,0.1845996003853087
17815,0.13571618230515112
17816,0.4973402868833855
17817,0.3105978210526478
17818,0.19051948690906956
17819,1.0
17820,0.1050778235345651
17821,0.03533117440685048
17822,0.1549134819429537
17823,0.23729666009182096
17824,0.022637566229182848
17825,0.10290627104828783
17826,0.18586996437141418
17827,0.10040534521355886
17828,0.024408893266281095
17829,0.04342888916191593
17830,0.017447742695110395
17831,0.18881069562814254
17832,0.25182677847374074
17833,0.31138780221766144
17834,0.31736014193512135
17835,0.22882222071204114
17836,0.15049723270095788
17837,0.15155606637907065
17838,0.18952751048008762
17839,0.0
17840,0.13716901724996827
17841,0.09609434308982442
17842,0.0953449870548003
17843,0.36017041168716657
17844,0.28276011574737053
17845,0.10135645513132295
17846,0.0
17847,0.4868812844736695
17848,0.3406742910859907
17849,0.050122374671899166
17850,0.11966479249679848
17851,0.06614603342834055
17852,0.052996899365492
17853,0.0
17854,0.011886282576587618
17855,0.045117238684482315
17856,0.17030347096837165
17857,0.12420249121461503
17858,0.1428685143198629
17859,0.24188540764567493
17860,0.7357309117068933
17861,0.32579254274561065
17862,0.21693769094794527
17863,0.33894621854067714
17864,0.10545859164191457
17865,0.07824921315441048
17866,0.06103422564889153
17867,0.10896217289532041
17868,0.16713198147168476
17869,0.08471473221397066
17870,0.021283556025181435
17871,0.1422821390349036
17872,0.09751930963787325
17873,0.0
17874,0.01424458001181105
17875,0.07412849027893426
17876,0.04207155201304501
17877,0.0008976382048810757
17878,0.02374560057919244
17879,0.02186041128309115
17880,0.03853395341883442
17881,0.02615846788490745
17882,0.0742612950159495
17883,0.07582207007916827
17884,0.19914877691411204
17885,0.21671967795612768
17886,0.1412357610459917
17887,0.611804584747177
17888,0.5629181084533272
17889,0.2670095706592052
17890,0.11197998103847455
17891,0.06513499335615017
17892,0.026207646818937915
17893,0.0
17894,0.04462008221985246
17895,0.0036584493944882925
17896,0.0
17897,0.03626548617535869
17898,1.0
17899,0.029834460348757103
17900,0.0
17901,0.09783611765738996
17902,0.08486675613856356
17903,0.09235125857483378
17904,0.0061882650615310295
17905,0.06683641121233128
17906,0.0
17907,0.026483221206083554
17908,0.016658626255860454
17909,0.012464007444913359
17910,0.02806123877027862
17911,0.08908662818751027
17912,0.11903439377379302
17913,0.5567451467843889
17914,0.23529819217668965
17915,0.1748606965997056
17916,0.9908354881909209
17917,0.31863264759968984
17918,0.3197355827063333
17919,0.17864954617768583
17920,0.03200934471566178
17921,0.03159754641118073
17922,0.0
17923,0.054524247261824296
17924,0.04742908433347065
17925,0.03764430028774566
17926,0.1008409713154815
17927,0.34348918981857407
17928,0.019770457719563497
17929,0.22611766854543314
17930,0.028814537858956636
17931,0.07099114797339205
17932,0.08381008645526083
17933,0.09854585276105815
17934,0.08968740239065243
17935,0.020964238040528077
17936,0.010872296245749586
17937,0.046072218146141306
17938,0.1469608217668166
17939,0.9603779893571536
17940,0.2240338759252574
17941,0.514443441029704
17942,0.20882495938896853
17943,0.2006822834765197
17944,0.1948222269697421
17945,0.10588928068532823
17946,0.07081574999360117
17947,0.010607369107481134
17948,0.0
17949,0.00692574245308576
17950,0.01849426341880463
17951,0.0856698466698118
17952,0.08076196131329515
17953,0.05702983450626669
17954,0.1381992078028626
17955,0.0
17956,0.04573291263835394
17957,0.0
17958,0.2536378154643639
17959,0.0
17960,0.0
17961,0.00031682226589889857
17962,0.13601690554780493
17963,0.1802874586475419
17964,0.043404247261432646
17965,0.0
17966,0.17422890526197782
17967,0.08211900748819166
17968,0.08031459492780954
17969,0.0882377738695559
17970,0.04041083833807811
17971,0.12083656383806292
17972,0.060365921503242395
17973,0.04409918305041867
17974,0.090861618254471
17975,0.1218252239728838
17976,0.0
17977,0.003342887159738173
17978,0.06752504564730608
17979,0.08577242627132359
17980,0.04620079747474198
17981,0.10158872542329032
17982,0.04405687989586219
17983,0.0400060847141053
17984,0.022268739535280052
17985,0.05225096666168132
17986,0.18482221869326623
17987,0.33905732596562205
17988,0.5636659852100985
17989,0.12216155618826374
17990,0.0
17991,0.05081797564376153
17992,0.024202914445576967
17993,0.031602065426774247
17994,0.06147203479126323
17995,0.09797105073750349
17996,0.0
17997,0.006237984188348165
17998,0.0
17999,0.005095166756142841
18000,0.0
18001,0.0
18002,0.0694785622600893
18003,0.04631447447697707
18004,0.35126746972906203
18005,0.027345692664240546
18006,0.0
18007,0.0
18008,0.0662369722858256
18009,0.07614438628264136
18010,0.33577830279593984
18011,0.12714368666787157
18012,0.007787569939479
18013,0.14714252977542008
18014,0.07241128326852025
18015,0.08459499915845489
18016,0.13362092446324858
18017,0.021525419828176705
18018,0.2649828485854953
18019,0.0144912125735275
18020,0.10681654169750199
18021,0.053908846284943114
18022,0.058252823171292524
18023,0.007467135262443503
18024,0.04145723752580074
18025,0.05055495768104935
18026,0.19069407151542167
18027,0.016232108763950974
18028,0.005106408569918891
18029,0.03926203934044867
18030,0.051500345528658044
18031,0.11898628401655849
18032,0.1639056140014957
18033,0.058047626972312874
18034,0.19503384415107222
18035,0.11941957087902952
18036,0.052665737416444494
18037,0.006352439147234799
18038,0.035946324959471164
18039,0.030849612570301263
18040,0.02115299818592842
18041,0.21424913345031626
18042,0.11884578443345482
18043,0.023579267866054663
18044,0.10152618386406231
18045,0.044846256962048935
18046,0.010223244749607481
18047,0.0
18048,0.33825759082213114
18049,0.5014893552612438
18050,0.04062179387557123
18051,0.04403371062155666
18052,0.056640412919315944
18053,0.06622537317269736
18054,0.007152880894866974
18055,0.09555541766293772
18056,0.10329740755990843
18057,0.06462188934093006
18058,0.9040523076624193
18059,0.059627797031855286
18060,0.0021935194574197784
18061,0.02625821169742632
18062,0.07095127743335441
18063,0.0
18064,0.0645801273365555
18065,0.10459655363988929
18066,0.3248074001804907
18067,0.049916728939409634
18068,0.18367713092134252
18069,0.0021253477401116786
18070,0.044063028361940516
18071,0.03953965178746288
18072,0.06796109775170533
18073,0.03255070348898334
18074,0.04550978612697959
18075,0.0
18076,0.050604890948184086
18077,0.031011527200692317
18078,0.007956561779616416
18079,0.02644782845836615
18080,0.04696409300539707
18081,0.009259512800731602
18082,0.09514076603464952
18083,0.007377995710764957
18084,0.034780946459931086
18085,0.0
18086,0.03221528765074453
18087,0.08057145150379362
18088,0.13696657015856448
18089,0.05210222096944733
18090,0.0
18091,0.926517460033221
18092,0.04457434467347839
18093,0.18932991536105825
18094,0.06294760413000461
18095,0.04259615382260824
18096,0.05494548077786371
18097,0.04285717939718267
18098,0.0035915107729909096
18099,0.20688334601955785
18100,0.025430688389789038
18101,0.0
18102,0.0
18103,0.028145324848365436
18104,0.07152951946981252
18105,0.010389126539672605
18106,0.15071737369054858
18107,0.041749098410763776
18108,0.00263865833889152
18109,0.04426592902367322
18110,0.30879012677424783
18111,0.0
18112,0.0
18113,0.0
18114,0.02135516547227026
18115,0.0128484881018093
18116,0.04712615308305027
18117,0.016832913742294987
18118,0.12533270904338562
18119,0.0708704690034061
18120,0.016010041897551754
18121,0.04646957919467239
18122,0.15546559172802715
18123,0.08456587902703142
18124,0.05086094851301643
18125,0.09377805822651042
18126,0.07437815031096597
18127,0.053939660173504995
18128,0.039582196802915616
18129,0.1795513647592943
18130,0.1148076314575195
18131,0.0
18132,0.05077942607560753
18133,0.0
18134,0.009262298402831997
18135,0.014482836198353586
18136,0.003712764273798701
18137,0.022525308676668233
18138,0.0
18139,0.0
18140,0.0351769003006708
18141,0.02060066941081189
18142,0.15578794295108855
18143,0.0
18144,0.1724765191536944
18145,0.0006677317396039164
18146,0.25446224390748545
18147,0.01907303287285785
18148,0.01685484027022245
18149,0.0
18150,0.016219885609150417
18151,0.005640861347252316
18152,0.012968007646915221
18153,0.039772991694943485
18154,0.0
18155,0.08461039221543952
18156,0.0
18157,0.04493090431952187
18158,0.02615436045749595
18159,0.037733505453057946
18160,0.005213662473683493
18161,0.0
18162,0.0
18163,0.0
18164,0.1004437007276332
18165,0.020332332459009134
18166,0.02536385254367218
18167,0.0
18168,0.035261316537726975
18169,0.01068501329559399
18170,0.11763960081107623
18171,0.1969949606605527
18172,0.08264985127968012
18173,0.10712656336235032
18174,0.0565290791072454
18175,0.07313231814085112
18176,0.025400473622144308
18177,0.003938483871589149
18178,0.133820433600107
18179,0.08412703481401897
18180,0.0
18181,0.1455384222166453
18182,0.04207196428232455
18183,0.019421755201543947
18184,0.04429533938377531
18185,0.059677415069743736
18186,0.0
18187,0.023168912596466477
18188,0.0
18189,0.013015591898595195
18190,0.008229799626969242
18191,0.0049259251870672855
18192,0.03506054034918489
18193,0.012625124315769431
18194,0.0
18195,0.03960527034835145
18196,0.07716031605809888
18197,0.0
18198,0.0
18199,0.19165779573447575
18200,0.01563951973782987
18201,0.016359029214782706
18202,0.016542658457927264
18203,0.009152813058831527
18204,0.007457101450203704
18205,0.004658790010870258
18206,0.004825044155761532
18207,0.054692710093471084
18208,0.01584353822702799
18209,0.01022145498769375
18210,0.03415482676783411
18211,0.03499719857796513
18212,0.0
18213,0.0
18214,0.03135085648405435
18215,0.13294136158970063
18216,0.24673732191318914
18217,0.0
18218,0.02805227593475005
18219,0.0
18220,0.0
18221,0.0
18222,0.047554037898877
18223,0.16882539693123097
18224,0.0
18225,0.014169559452091647
18226,0.14894263873167857
18227,0.044188581817595614
18228,0.0
18229,0.25458835442436556
18230,0.06786144444145532
18231,0.10486654632707099
18232,0.06780464500444766
18233,0.18929677314491267
18234,0.17135416097227374
18235,0.0
18236,0.11531004021404963
18237,0.07655845578339052
18238,0.3430227367694871
18239,0.10963059745583582
18240,0.14953708999996365
18241,0.0
18242,0.019902371843989512
18243,0.1407600152576357
18244,0.015025522224450154
18245,0.1760973941439497
18246,0.0
18247,0.6973860995773637
18248,0.04001075429736753
18249,0.004475655132775566
18250,0.1194438453725043
18251,0.02956540663054286
18252,0.0017030430051042619
18253,0.09101762852168678
18254,0.0
18255,0.09036007600650632
18256,0.05417522817391887
18257,0.012587224168626614
18258,0.01606624178609303
18259,0.12089656959746553
18260,0.19695280698613124
18261,0.3381255384400162
18262,0.5126046966720709
18263,0.027835530279649027
18264,0.042534044589663166
18265,0.0
18266,0.10279846977492173
18267,0.06061212303057599
18268,0.08524499450931142
18269,0.11843837406717608
18270,0.2773264323106168
18271,0.10619779326020198
18272,0.19463339610582422
18273,0.3388577791479048
18274,0.054838625723904064
18275,0.0
18276,0.43095376374543126
18277,0.06161187315567622
18278,0.7037550564383586
18279,0.10065736621450178
18280,0.0756510466162117
18281,0.04715853255106903
18282,0.02614313251570525
18283,0.09468701269681969
18284,0.047623020436591286
18285,0.0
18286,0.03033171720298007
18287,0.0
18288,0.06605116203834241
18289,0.2604369188520949
18290,0.004717601255827877
18291,0.058343384055886724
18292,0.0
18293,0.06853309260882579
18294,0.06456458151574791
18295,0.0
18296,0.026690664490644955
18297,0.08673512922838261
18298,0.07627263323299223
18299,0.15292752089688763
18300,0.2143476036539632
18301,0.0012361355541262015
18302,0.06887548801035427
18303,0.0
18304,0.03056316709172973
18305,0.33673324210314176
18306,0.14529049462625604
18307,0.11016847483663306
18308,0.20276568770797526
18309,0.2858470623521931
18310,0.1376934098919108
18311,0.042998861520272914
18312,0.0
18313,0.036335041139432776
18314,0.025137616829847415
18315,0.0
18316,0.0
18317,0.0
18318,0.0
18319,0.12602031741642886
18320,0.09550905453612255
18321,0.08989387112241563
18322,0.24373785657542715
18323,0.32717637007274886
18324,0.0
18325,0.0
18326,0.05212406791270773
18327,0.0
18328,0.026276953173046923
18329,0.0009443150974848834
18330,0.25851657374555875
18331,0.04386101293555523
18332,0.0
18333,0.07712703738237045
18334,0.14128680358946258
18335,0.0405835755079656
18336,0.09152605396626841
18337,0.2670189651374147
18338,0.05116509790606908
18339,0.0761110030025858
18340,0.002565873009925432
18341,0.031786944468837286
18342,0.0656163422783007
18343,0.09920508145280243
18344,0.003803166737968371
18345,0.03443561297624484
18346,0.02640618897535048
18347,0.16412299119387386
18348,0.2157785955614311
18349,0.09961769569529291
18350,0.11920668911619935
18351,0.06555501209851476
18352,0.039116208579354425
18353,0.032600913866168035
18354,0.03612966149328258
18355,0.03868959064297829
18356,0.1382767360134895
18357,0.09104152148921751
18358,0.059053498581230296
18359,0.006258138618035878
18360,0.0406075111241765
18361,0.01889837383449012
18362,0.014104556060586236
18363,0.014113040480762938
18364,0.04445049070050429
18365,0.032990970367805995
18366,0.006022856736607215
18367,0.029376548723387314
18368,0.20807537827287528
18369,0.18703322371541323
18370,0.03586159807460487
18371,0.034872328911761265
18372,0.03980949186544458
18373,0.12488139797137612
18374,0.06538126277752367
18375,0.0092313305999901
18376,0.05332590453388687
18377,0.21006502182590298
18378,0.012232661107209426
18379,0.033032813188980686
18380,0.047289846070627035
18381,0.015072403217379455
18382,0.022870165641190102
18383,0.05403940346490639
18384,0.1785713076183466
18385,0.050353128808514745
18386,0.12142321506702866
18387,0.05418126020897791
18388,0.06885127333288119
18389,0.033160114782284006
18390,0.06698240311533989
18391,0.04562298990749105
18392,0.0
18393,0.10624235222191843
18394,0.05074920685003987
18395,0.5374867616385446
18396,0.12498674833928958
18397,0.038763469377107784
18398,0.10827460745668253
18399,0.08763221194435951
18400,0.05468288753688628
18401,0.026212578160899887
18402,0.2076242966948438
18403,0.0
18404,0.01138681310792029
18405,0.023057076904588327
18406,0.11189379912188241
18407,0.07537481624164653
18408,0.0
18409,0.058379168161479714
18410,0.12704528939883894
18411,0.17927930454088148
18412,0.33334181530656837
18413,0.055453279906245545
18414,0.01621717503022228
18415,0.12252787225910346
18416,0.0
18417,0.05403962273520488
18418,0.0
18419,0.0
18420,0.0
18421,0.12266610806578594
18422,0.04724495104632252
18423,0.10525629399301513
18424,0.0408821788136936
18425,0.14353104375258627
18426,0.03604932923381751
18427,0.04901104201093993
18428,0.03886763194260245
18429,0.18438317466011134
18430,0.07937053416060236
18431,0.08491681958277787
18432,0.011248544156111862
18433,0.040070591039914207
18434,0.030490674394998113
18435,0.045826283648745386
18436,0.03825525717633705
18437,0.15017362911829188
18438,0.12437027058227042
18439,0.17468934171444242
18440,0.11947034831635925
18441,0.12451455685176725
18442,0.010182802343980208
18443,0.07811822295401141
18444,0.007594044305265545
18445,0.08382571765690906
18446,0.0
18447,0.010521391435189605
18448,0.05062436593708417
18449,0.01995560716280681
18450,0.05107543998433351
18451,0.0
18452,0.009104199618252118
18453,0.0419568183808401
18454,0.05371682707572173
18455,0.0
18456,0.03800018893952274
18457,0.029629054737676627
18458,0.11128892969272464
18459,0.023911534320162648
18460,0.06054461308272629
18461,0.11129220375250116
18462,0.04145272067219605
18463,0.14372239646558996
18464,0.31179629016582006
18465,0.06657617840386278
18466,0.16158631779709481
18467,0.051636296257199524
18468,0.11222298455810947
18469,0.06396545877965833
18470,0.09520574379554679
18471,0.06071198924163271
18472,0.0
18473,0.0
18474,0.24986123404847008
18475,0.04076697290431879
18476,0.0660224843316955
18477,0.07586222473461839
18478,0.07410788134873351
18479,0.0
18480,0.04522469362738179
18481,0.023463738218109133
18482,0.001128827235287763
18483,0.32297378289219303
18484,0.0652815128784919
18485,0.06677899682779134
18486,0.10750324564955069
18487,0.6180549573223714
18488,0.07504321930351497
18489,0.026720153562828388
18490,0.19576231840314004
18491,0.08321428824305081
18492,0.24715195221065633
18493,0.2529295079546148
18494,0.07408271547263146
18495,0.008961452016381377
18496,0.015569690925284567
18497,0.0
18498,0.03504821043487273
18499,0.13322839589851082
18500,0.14783720232516806
18501,0.05048246402078611
18502,0.1982616228250688
18503,0.11194604459001456
18504,0.05011256962456084
18505,0.0
18506,0.00931950460818025
18507,0.0045855642740001935
18508,0.06008882927616147
18509,0.04438490872668343
18510,0.01322547803554792
18511,0.1258558250020312
18512,0.09916964936346892
18513,0.17811830338851622
18514,0.06809829579082452
18515,0.05694790273246641
18516,0.13607656085732658
18517,0.1852664321282347
18518,0.20507746712520467
18519,0.08315131334042362
18520,0.04853088081442069
18521,0.05091755097519495
18522,0.0
18523,0.0546782585733481
18524,0.34289042563744326
18525,0.04876198302902717
18526,0.012884921536681866
18527,0.35587832776072187
18528,0.19476401736837667
18529,0.010812655075377722
18530,0.004349097155545014
18531,0.013208800788757177
18532,0.04420475158672231
18533,0.03579417943265806
18534,0.19651019752101093
18535,0.1890807724105041
18536,0.04786362405987596
18537,0.03834885894264562
18538,0.14454149325678015
18539,0.13612354649549208
18540,0.16886240880422604
18541,0.18483727093334576
18542,0.24785627356692885
18543,0.11960894298110417
18544,0.02004721881993322
18545,0.06499254020852982
18546,0.10466208223201597
18547,0.044212795607053566
18548,0.31014579637267353
18549,0.9003697739886105
18550,0.0
18551,0.030295931624987563
18552,0.3273513748003588
18553,0.036737530972340504
18554,0.2927923669142775
18555,0.07498270485445112
18556,0.07383423723212489
18557,0.006129367115162183
18558,0.051456876259524845
18559,0.3315824156146928
18560,0.03614950184652856
18561,0.07087680542453825
18562,0.19800151951207023
18563,0.0956488659019755
18564,0.19807016518589055
18565,0.3312363442611083
18566,0.34182102910452955
18567,0.006747571081108292
18568,0.1818152079916575
18569,0.06758984521496006
18570,0.05210393880713778
18571,0.9171198103789558
18572,0.3057418847479333
18573,0.34837549383691985
18574,0.02328653628133278
18575,0.1551759324849872
18576,0.026362124806512968
18577,0.012505718294392423
18578,0.019491225888218576
18579,0.0
18580,0.009049798663393581
18581,0.062184895294735344
18582,0.006779151895221181
18583,0.0
18584,0.027423070309031395
18585,0.04198353365090415
18586,0.04862755727813404
18587,0.059883225448594056
18588,0.09530148990512981
18589,0.10230608138194552
18590,0.1902375011251976
18591,0.18769466191014153
18592,0.0
18593,0.11187319868804182
18594,0.21865261408104023
18595,0.052156435470477325
18596,1.0
18597,0.9025189577753685
18598,0.6960521182622069
18599,0.0
18600,0.11195980606118712
18601,0.3514005768538312
18602,0.07581034971337171
18603,0.0
18604,0.07528717431023188
18605,0.0
18606,0.05709808060130059
18607,0.10446709475863314
18608,0.0673233835386864
18609,0.0
18610,0.3314114137607045
18611,0.0026119271303726493
18612,0.00985443815873384
18613,0.09717202687278795
18614,0.09368735774546316
18615,0.06271752724452095
18616,0.07169049902363553
18617,0.21064314464090883
18618,0.15363731875205727
18619,0.021696682069435407
18620,0.11811047455701632
18621,0.08976437971854563
18622,0.1646629132276646
18623,1.0
18624,0.757434977113962
18625,0.6000201225755666
18626,0.0
18627,0.0628469647526778
18628,0.022933988634479745
18629,0.3483712323781664
18630,0.09303926723017009
18631,0.21664694542245225
18632,0.05103220578330298
18633,0.005733461353158486
18634,0.13717344734311018
18635,0.09883519571603938
18636,0.14627632938149251
18637,0.18969509368228102
18638,0.3913525727719313
18639,0.36130913017487587
18640,0.18194521721146628
18641,0.16822122731015252
18642,0.10683426230641895
18643,0.035252096710685306
18644,0.11530875008414997
18645,0.04877338510138504
18646,0.06044676557252581
18647,0.14355390130971882
18648,0.16556105187077974
18649,0.07049750324733871
18650,0.0842895935919252
18651,0.0
18652,0.7615202672909052
18653,0.9937760444601526
18654,0.997560993538712
18655,0.1459894735918629
18656,0.02840144857925014
18657,0.08407110170291145
18658,0.23809417659765075
18659,0.0
18660,0.040948787560982886
18661,0.03406404957614313
18662,0.006676414330776938
18663,0.08878806767284121
18664,0.053698432092915915
18665,0.22404714923097271
18666,1.0
18667,0.04535613575308712
18668,0.10321540716846353
18669,0.08416797226050048
18670,0.18399669512254088
18671,0.060963817265262614
18672,0.20347331778218983
18673,0.17888103338087724
18674,0.007568100077949569
18675,0.10858420145140374
18676,0.10425615952090661
18677,0.08763983264965731
18678,0.023004604003437974
18679,0.0
18680,0.2390485819107624
18681,0.2927817983829214
18682,0.23531101483632103
18683,0.09799601039800261
18684,0.0
18685,0.11137435537243356
18686,0.04968018677032136
18687,0.1898947806000701
18688,0.002727299390598767
18689,0.0
18690,0.03698706793240594
18691,0.04439909403104181
18692,0.017474736776322622
18693,0.07129625045888408
18694,0.034777290959529965
18695,0.24307566802278815
18696,0.5496011358643222
18697,0.19020905274633482
18698,0.1507007911406193
18699,0.11561373904960577
18700,0.16498365772612986
18701,0.14254529707372235
18702,0.6162524704264709
18703,0.02814042031385833
18704,0.014689998914687124
18705,0.054129887995682795
18706,0.021527453582613477
18707,0.08919920397457339
18708,0.2075198637673663
18709,0.13312961469943618
18710,0.4314270302931047
18711,0.24253737967965072
18712,0.18048273499107553
18713,1.0
18714,0.16521208844942412
18715,0.017405382654844467
18716,0.13436014386828346
18717,0.22981929427241035
18718,0.04549166201476843
18719,0.06395357843019238
18720,0.32634032566322946
18721,0.09959862673436888
18722,0.029408249414161078
18723,0.0448395152975633
18724,0.03048238094199419
18725,0.1890503253906127
18726,0.22789704974414782
18727,0.23190389783346735
18728,0.290534093808869
18729,0.2696617764776204
18730,0.12867648792027514
18731,0.13750037243577717
18732,0.20287044214699368
18733,0.12630505690152136
18734,0.056077739227450185
18735,0.05491123958913948
18736,0.34044001427017206
18737,0.2754029116380479
18738,0.07914488869932924
18739,0.0
18740,0.46298712560507066
18741,0.3490758922676844
18742,0.004873410770306683
18743,0.05802816787253951
18744,0.12298576896235745
18745,0.0897011707980082
18746,0.07028817424077241
18747,0.0
18748,0.012733417361478944
18749,0.013137324023341074
18750,0.027851718214998704
18751,0.058501525049515245
18752,0.10093526948962322
18753,0.12248196155754262
18754,0.15036106286669992
18755,0.22434827070750382
18756,0.784846011778469
18757,0.33713682602300776
18758,0.20147897187610464
18759,0.3849666414718007
18760,0.09514344230745544
18761,0.0
18762,0.08435156042998102
18763,0.02759366437016294
18764,0.15089971987991144
18765,0.17938625315037127
18766,0.05196264997854631
18767,0.037628684530481835
18768,0.14949974016444384
18769,0.12048905475718381
18770,0.0
18771,0.0
18772,0.0648011209929721
18773,0.08967594751428049
18774,0.0
18775,0.024349646577738453
18776,0.0507070100852495
18777,0.0
18778,0.020776755477404894
18779,0.020166769563465463
18780,0.044543220499762996
18781,0.0751485238778616
18782,0.05848346526423855
18783,0.2161717731804011
18784,0.18554987053251837
18785,0.13990677341766525
18786,0.6072917315486949
18787,0.5447189389159138
18788,0.2316026794574912
18789,0.12749275175412983
18790,0.08067844641425446
18791,0.027924795332973935
18792,0.038202170829576027
18793,0.058169100757992045
18794,0.0
18795,0.0
18796,0.024534813075229703
18797,1.0
18798,0.01928877283134437
18799,0.0
18800,0.018307695330328683
18801,0.049993615389131
18802,0.11540080510359788
18803,0.0
18804,0.05643168786332728
18805,0.03466254981162743
18806,0.028025322633248896
18807,0.03316668840088909
18808,0.027754775699015848
18809,0.08443401286635029
18810,0.093896906650226
18811,0.5584744455566873
18812,0.18988717637318436
18813,0.1901030069459587
18814,1.0
18815,0.30793423486450394
18816,0.3533538747180091
18817,0.18824857621344554
18818,0.0
18819,0.02288527990844541
18820,0.013121492092887757
18821,0.002157898220221094
18822,0.06776709489662003
18823,0.04702164098707062
18824,0.0
18825,0.026629336592857766
18826,0.09485207749229445
18827,0.3178417817756793
18828,0.07705585936529043
18829,0.30900225611098014
18830,0.012215718340043208
18831,0.07051370679676515
18832,0.10191411509306633
18833,0.07335847036151535
18834,0.1415893220350492
18835,0.054046502258097456
18836,0.012145634456377744
18837,0.03586648618198075
18838,0.13415165104211146
18839,0.9785407099240494
18840,0.19064069048564353
18841,0.4848219857908179
18842,0.19189807760360406
18843,0.245041362387474
18844,0.15697102357460707
18845,0.1265242152989385
18846,0.043936386747497884
18847,0.0
18848,0.01349222920004522
18849,0.011695909962647289
18850,0.06410327723865054
18851,0.11231514898754234
18852,0.03702918638021561
18853,0.18853078146874588
18854,0.0
18855,0.018130536167318294
18856,0.0
18857,0.21319638463525742
18858,0.024341121514713668
18859,0.0
18860,0.0
18861,0.1365557346141862
18862,0.17869197890464117
18863,0.03765662896010361
18864,0.0
18865,0.17638190077381452
18866,0.1901141202169004
18867,0.1154159211794366
18868,0.09400001895138231
18869,0.015127696837919443
18870,0.10819917670952005
18871,0.07332724351452444
18872,0.02490492468176259
18873,0.11988450874147345
18874,0.08777320835203231
18875,0.029957679619882393
18876,0.0
18877,0.07288147704164484
18878,0.11232770471426276
18879,0.041399903114312644
18880,0.11373222241656601
18881,0.028202302728050473
18882,0.05495474166306058
18883,0.010356099384502231
18884,0.048132992518377604
18885,0.2175443393756855
18886,0.32350609158022586
18887,0.5209312786033466
18888,0.09479631124398512
18889,0.008116662306068539
18890,0.03195315712158842
18891,0.017496501888432867
18892,0.05700465072792932
18893,0.10679776245490162
18894,0.00932795103449901
18895,0.0
18896,0.009053336645505523
18897,0.0
18898,0.0
18899,0.0
18900,0.08495694383178444
18901,0.06895973125711011
18902,0.3577668171063028
18903,0.009070016237532928
18904,0.008239452711023342
18905,0.0
18906,0.052244619442569355
18907,0.061699094022563364
18908,0.32837803261823495
18909,0.14254368444420942
18910,0.0
18911,0.0
18912,0.1665465399080784
18913,0.04829046412241167
18914,0.01306661205235738
18915,0.070912968657447
18916,0.1496910933713913
18917,0.02863926503479564
18918,0.016378460427972023
18919,0.23334604692616837
18920,0.02452448150648297
18921,0.024682679634676373
18922,0.10493055596839496
18923,0.05062009715597994
18924,0.0519605999600949
18925,0.017091495586809852
18926,0.05424249853252881
18927,0.18907693851874152
18928,0.01145434196796006
18929,0.029646588604883888
18930,0.03671536324462421
18931,0.027668619770960762
18932,0.04285611524982019
18933,0.2130075668109646
18934,0.029709912465351183
18935,0.1875150807699475
18936,0.05924625572117575
18937,0.011709799928631285
18938,0.03150858965627009
18939,0.02153060234568813
18940,0.07599174045733267
18941,0.04917827632724676
18942,0.19724680131674394
18943,0.2032117790223161
18944,0.031461264616577896
18945,0.054508898617681975
18946,0.03963076435755893
18947,0.002058209509316755
18948,0.32492220544971584
18949,0.5395833845427936
18950,0.08135129834928614
18951,0.055989275293523794
18952,0.0
18953,0.06835520598867273
18954,0.05143038069353441
18955,0.014568818512895512
18956,0.09520932635689221
18957,0.07618075149598773
18958,0.07062346212712275
18959,0.8130395023029034
18960,0.03243823721564219
18961,0.0
18962,0.02653999397182908
18963,0.033117676299770624
18964,0.0
18965,0.12977402389422568
18966,0.30807173076743216
18967,0.0403435543025574
18968,0.15721857437947576
18969,0.07219677368984133
18970,0.02106388517338356
18971,0.08795844060869303
18972,0.031084338126487816
18973,0.03195499723217055
18974,0.0
18975,0.06183748677822218
18976,0.02250189463129078
18977,0.0
18978,0.0
18979,0.049190091489357726
18980,0.002895653932085923
18981,0.11212822926239593
18982,0.016145983062938928
18983,0.01505076108076679
18984,0.04267705525131979
18985,0.08962447537402131
18986,0.018408510682793904
18987,0.010384063347540134
18988,0.9669290384916076
18989,0.043222370154615504
18990,0.11150158962794851
18991,0.0301751136173745
18992,0.03048261061244753
18993,0.053987675467351066
18994,0.03279221848649617
18995,0.019957601229714243
18996,0.014238205157745721
18997,0.3361946259666955
18998,0.018299711254515016
18999,0.0
19000,0.0
19001,0.0
19002,0.0
19003,0.00997404305876873
19004,0.021817028732022334
19005,0.09753478670824729
19006,0.025416779047346457
19007,0.0
19008,0.13524497571470062
19009,0.045269458949811596
19010,0.0
19011,0.02630482768518611
19012,0.1964722870691854
19013,5.859830629597795e-05
19014,0.0
19015,0.02091763214362545
19016,0.0011175271908126397
19017,0.05824522668324556
19018,0.0
19019,0.022666434858840432
19020,0.0
19021,0.16185877193502587
19022,0.04445523907250841
19023,0.0
19024,0.013046820978046273
19025,0.01266724143050243
19026,0.0
19027,0.04729593826968798
19028,0.1376001687015155
19029,0.04391807250827327
19030,0.013791259639805015
19031,0.03258045042333602
19032,0.058185563118260356
19033,0.051848406087988276
19034,0.011523940229653036
19035,0.18930186458577622
19036,0.0716490471208327
19037,0.0
19038,0.03675422348494091
19039,0.0
19040,0.014323704637270977
19041,0.0
19042,0.0
19043,0.023694189997868823
19044,0.0
19045,0.0
19046,0.0
19047,0.0
19048,0.024634153380728118
19049,0.0499013397651414
19050,0.06402087035644005
19051,0.13822771007551762
19052,0.0
19053,0.0
19054,0.1506711295491486
19055,0.015619956904172358
19056,0.19697183914256391
19057,0.0
19058,0.046311781339076104
19059,0.0
19060,0.0
19061,0.025461715892760136
19062,0.02066027674712082
19063,0.01576283692481649
19064,0.04000173453219414
19065,0.0264523731549047
19066,0.07793280968300373
19067,0.04506249694018821
19068,0.03521564498506372
19069,0.0022379470782722156
19070,0.0171564881355455
19071,0.007950485665742848
19072,0.01322079607514974
19073,0.0014357297758553313
19074,0.11964013878592461
19075,0.013250289780149641
19076,0.015123153256854116
19077,0.0
19078,0.0
19079,0.0
19080,0.09592262412417178
19081,0.04044582165563973
19082,0.0
19083,0.0
19084,0.21494078457725646
19085,0.06502484731476166
19086,0.057586893882768164
19087,0.08361727239379244
19088,0.0
19089,0.06607007867202061
19090,0.007619794883606429
19091,0.01623269683871664
19092,0.13776097054411449
19093,0.033445440092486046
19094,0.1154349647864318
19095,0.14989283901797684
19096,0.02864206747630682
19097,0.0006029350026021533
19098,0.07556370855092784
19099,0.007475968629788301
19100,0.0
19101,0.0
19102,0.005966205044145489
19103,0.00525851210700561
19104,0.04297934131573838
19105,0.010818940120734158
19106,0.0
19107,0.09338716768630276
19108,0.06700518760620888
19109,0.15021661218369903
19110,0.01401492216752356
19111,0.0
19112,0.0031228633479287826
19113,0.04158394962568402
19114,0.015568900972463927
19115,0.04462369068684491
19116,0.0
19117,0.07295137959999794
19118,0.0
19119,0.16928752625180643
19120,0.20584501984847722
19121,0.07269852724979192
19122,0.0
19123,0.0
19124,0.015548638012235608
19125,0.0
19126,0.0
19127,0.08129920660245155
19128,0.0
19129,0.010745617728454214
19130,0.0
19131,0.03995822177356086
19132,0.0
19133,0.0
19134,0.22783981088075222
19135,0.10533464113594652
19136,0.0
19137,0.16315462968889222
19138,0.1414441648418127
19139,0.2653022095391008
19140,0.06677798463377863
19141,0.23554706602194322
19142,0.1363762570993641
19143,0.05542424684583544
19144,0.0
19145,0.02845320159064648
19146,0.03847006150567338
19147,0.0
19148,0.12489302135306746
19149,0.034483421503244516
19150,0.5927111051459661
19151,0.14058276245191748
19152,0.0
19153,0.1298865772110876
19154,0.031858363333708714
19155,0.0941039791170968
19156,0.02530963706026867
19157,0.016452940844994674
19158,0.01709393880982577
19159,0.14559686384266912
19160,0.17765753713340127
19161,0.24072073947241712
19162,0.43311361115709496
19163,0.0
19164,0.14938057821695241
19165,0.14607500338738427
19166,0.010325651402881952
19167,0.04041749574638208
19168,0.08403776291009105
19169,0.06053894768514742
19170,0.12637221038615473
19171,0.030153621319918573
19172,0.3619049437076828
19173,0.07569575357618248
19174,0.11240202953393702
19175,0.40015130023036566
19176,0.0
19177,0.5532625638817215
19178,0.0
19179,0.062014467131275904
19180,0.44409302096285697
19181,0.06954798034900503
19182,0.05643426724333529
19183,0.041962005130535565
19184,0.04925385657778538
19185,0.12349066852468761
19186,0.04927201626712883
19187,0.019582177900718985
19188,0.0
19189,0.01962667477966017
19190,0.03968183991254228
19191,0.1906729268104375
19192,0.01762508193284532
19193,0.04626993455233889
19194,0.036102559001458166
19195,0.08525477911512945
19196,0.08607358246470491
19197,0.02108888182645349
19198,0.09352463325270036
19199,0.07167306385711074
19200,0.21307015091128262
19201,0.23660373380095817
19202,0.0
19203,0.05933450336439692
19204,0.0
19205,0.01822761531085058
19206,0.34929807988098005
19207,0.19076919084171526
19208,0.06654822395156446
19209,0.29367635642568596
19210,0.34245917562906714
19211,0.1640248865243292
19212,0.0362039944817988
19213,0.016192554995101915
19214,0.01349884214107189
19215,0.0056472680699902415
19216,0.0
19217,0.03038198773940389
19218,0.0
19219,0.03683212592268974
19220,0.1692810645799429
19221,0.11346520355385936
19222,0.18680270218214015
19223,0.30874731958256574
19224,0.006143103172385219
19225,0.0
19226,0.08527617439035916
19227,0.0
19228,0.031849273485341285
19229,0.028264893059341514
19230,0.022114301101887203
19231,0.32820335855101707
19232,0.01090650561774403
19233,0.02933599417438737
19234,0.007882437980913988
19235,0.07095031054716848
19236,0.0
19237,0.02117643913579474
19238,0.28893366597854875
19239,0.0745831326524808
19240,0.08319061795811301
19241,0.0
19242,0.012420452224710115
19243,0.06485058062980585
19244,0.07180125832187671
19245,0.015218670551201205
19246,0.16565972997491116
19247,0.17879729165793004
19248,0.13472614277758527
19249,0.10102466472644679
19250,0.09324448065510978
19251,0.021432114690368747
19252,0.06892211842647686
19253,0.024096763943893543
19254,0.03029764484079224
19255,0.12253587502723017
19256,0.06156716041440008
19257,0.05090200703731755
19258,0.0
19259,0.041238766204608764
19260,0.01752759240023105
19261,0.017833625695680432
19262,0.00868687071092614
19263,0.0336685417369559
19264,0.031022276193328324
19265,0.006781090309069598
19266,0.059955785472529916
19267,0.241202238686452
19268,0.21293458019640632
19269,0.050054495724911933
19270,0.03351163983111136
19271,0.0
19272,0.060509524240146294
19273,0.11102511729974587
19274,0.02435491958598764
19275,0.07967533358222002
19276,0.016277593912431956
19277,0.12368677035903665
19278,0.019331982567259265
19279,0.020218015985586226
19280,0.041855619002342526
19281,0.009779301205431587
19282,0.014525953019137105
19283,0.05222430044466366
19284,0.18861485909211384
19285,0.05559000191299154
19286,0.17407760315988646
19287,0.0654003502893775
19288,0.06768835780144485
19289,0.015536748597462235
19290,0.06076721495626757
19291,0.04326854566345209
19292,0.0
19293,0.11088533341588758
19294,0.04591082458285741
19295,0.4676495994169861
19296,0.13365070202368554
19297,0.009155117618478042
19298,0.12173148856042756
19299,0.02842310843217736
19300,0.01784788336843793
19301,0.017020213837366443
19302,0.15595497668065425
19303,0.0
19304,0.006905978226283852
19305,0.003594234749564913
19306,0.020801068528919036
19307,0.091421609466962
19308,0.04382865822366663
19309,0.02379829447348903
19310,0.037567829184973874
19311,0.10059439617801354
19312,0.17954808339399167
19313,0.24657445285878637
19314,0.055381080765702646
19315,0.02455512031257009
19316,0.08603949434348436
19317,0.020769896764933966
19318,0.054371944813333656
19319,0.0
19320,0.0
19321,0.0
19322,0.08588733542883469
19323,0.09210607864486167
19324,0.06568373558166281
19325,0.02242482871646541
19326,0.06097248385822515
19327,0.04502562959618095
19328,0.07146788834371533
19329,0.027878771700937097
19330,0.21611622318612128
19331,0.029555515290279902
19332,0.07162374647182428
19333,0.0
19334,0.0
19335,0.044287786119224216
19336,0.04802344773374067
19337,0.07112055972960281
19338,0.057294214624192145
19339,0.13568801420205945
19340,0.0848000926321621
19341,0.17900874446563184
19342,0.1277641645466329
19343,0.14727996661256948
19344,0.014282645767897067
19345,0.07166555033420921
19346,0.04336856850969297
19347,0.0
19348,0.06721333058638505
19349,0.028286198107678948
19350,0.039744319117835096
19351,0.013779506519842343
19352,0.07179442440894583
19353,0.07548194246950662
19354,0.040408606614084096
19355,0.07360513321852309
19356,0.0675566353280338
19357,0.024934478427186078
19358,0.11366034030807079
19359,0.012622474026426526
19360,0.03788345237438056
19361,0.1731009818806955
19362,0.04488403125559382
19363,0.0862627119958166
19364,0.31548868122820883
19365,0.09535028434686246
19366,0.18299036992681258
19367,0.053589702948404094
19368,0.11101526906626812
19369,0.0584000142195176
19370,0.12036127003476299
19371,0.08360159049204281
19372,0.0
19373,0.0010307436053631728
19374,0.3467027183182261
19375,0.05967929963655402
19376,0.08833510592540501
19377,0.023727720542704653
19378,0.02491095721305977
19379,0.0
19380,0.012029593796973725
19381,0.057884257586842756
19382,0.36087000677965425
19383,0.06509033848670542
19384,0.04736835448601651
19385,0.13218724578269933
19386,0.5457071889238297
19387,0.07536423151423112
19388,0.019734229029229534
19389,0.19349807484583464
19390,0.04110211778320517
19391,0.2666885362674382
19392,0.23672742550597012
19393,0.09596458270334478
19394,0.023173555815042015
19395,0.09420150598628496
19396,0.0
19397,0.10209538461532727
19398,0.12270631812381998
19399,0.05215339594437483
19400,0.19509939858115874
19401,0.059520387433699626
19402,0.03162833550534229
19403,0.0428140551582414
19404,0.017622897769335615
19405,0.05642274509331364
19406,0.06024081350875255
19407,0.026011633843745784
19408,0.1140008857157511
19409,0.08134177961576085
19410,0.13451277523183622
19411,0.10061488459213573
19412,0.025556310258416634
19413,0.10215561057686179
19414,0.16674113912731836
19415,0.23419655185550836
19416,0.08256990940066172
19417,0.0
19418,0.041863447002400085
19419,0.014640703404280956
19420,0.0017583139812542422
19421,0.02771903687444402
19422,0.4285959535773935
19423,0.016053221778391667
19424,0.02726942171727169
19425,0.33911025136882683
19426,0.03988037945976593
19427,0.02377467013839029
19428,0.0025633920608143373
19429,0.040028985714211505
19430,0.04458620750401542
19431,0.19794854509485524
19432,0.19282591475810035
19433,0.04786180454925134
19434,0.040541337703236
19435,0.18674789899391736
19436,0.13331406075574284
19437,0.145446133968191
19438,0.2017538395297714
19439,0.24179840196038238
19440,0.1350634466586876
19441,0.02148731723300194
19442,0.04594026073269316
19443,0.060486001156609945
19444,0.2164449548861485
19445,0.8864477096212735
19446,0.024790596389494043
19447,0.273816251226667
19448,0.05828790015613878
19449,0.18717080406142356
19450,0.0456785872114051
19451,0.08635423961774968
19452,0.006117972194654772
19453,0.024653484457561953
19454,0.006296731941234594
19455,0.33828886288825
19456,0.002948698381489341
19457,0.07947061607860195
19458,0.2125750677308332
19459,0.08997077575898486
19460,0.19318888350537697
19461,0.3140177374952188
19462,0.36132606177161003
19463,0.01539063381214437
19464,0.16204278878519154
19465,0.16658860573082138
19466,0.11151893011156741
19467,0.9259849975271205
19468,0.33306314165336576
19469,0.3332392067138375
19470,0.0
19471,0.1798051397520885
19472,0.029563852559297048
19473,0.004940322967281957
19474,0.011182582834184517
19475,0.07781223551505644
19476,0.0
19477,0.02565017575084246
19478,0.05473042561648969
19479,0.0809694297832174
19480,0.08448668125227378
19481,0.07962165806185188
19482,0.08837570076312984
19483,0.22184748768907073
19484,0.17537258684752444
19485,0.0
19486,0.09627044455978545
19487,0.22608251291262035
19488,0.0
19489,0.06665408480837733
19490,1.0
19491,0.922023689766955
19492,0.6093197513863415
19493,0.0
19494,0.0
19495,0.14455199327424523
19496,0.359169114335743
19497,0.09224699265531057
19498,0.0
19499,0.01491536498637922
19500,0.005908487493150664
19501,0.009222269911657338
19502,0.028589797529412805
19503,0.0850694495931621
19504,0.05449621376793678
19505,0.0
19506,0.3291540384121978
19507,0.013242625113220892
19508,0.013913335460260209
19509,0.08570477116579092
19510,0.04850801254353303
19511,0.04503797055215359
19512,0.06775141016067121
19513,0.20185185048489196
19514,0.188135484503779
19515,0.0
19516,0.06533298356023308
19517,0.10791748892434226
19518,0.06889803202303942
19519,1.0
19520,0.7674828677327262
19521,0.594053365238873
19522,0.06449697856328201
19523,0.01248282271002826
19524,0.0
19525,0.32957396209019957
19526,0.06484701285548627
19527,0.1848982511714952
19528,0.016871880814211194
19529,0.05680209453321555
19530,0.020820911888152147
19531,0.14515503187773443
19532,0.08522806411809503
19533,0.10739143638956955
19534,0.15194789405858564
19535,0.36246535386255113
19536,0.3827517764090755
19537,0.1732879825420696
19538,0.15593660584955527
19539,0.09136229796665458
19540,0.030970858843538052
19541,0.10566930376106193
19542,0.06474454713029956
19543,0.07308844410753962
19544,0.02248862280590003
19545,0.11945211226190273
19546,0.16536099977228752
19547,0.05507120521411096
19548,0.1264585959303511
19549,0.013341664622369017
19550,0.7553645411248712
19551,0.9973124673229742
19552,0.9955304885474655
19553,0.15802028532498716
19554,0.017215906157275973
19555,0.06709095165231459
19556,0.0
19557,0.31442548075451254
19558,0.012668689398438019
19559,0.030606895701780035
19560,0.016338547948062304
19561,0.013251364500360576
19562,0.0550205801092679
19563,0.04325608078241072
19564,0.22583434456794751
19565,1.0
19566,0.05698127456020926
19567,0.08793441387553286
19568,0.04463466328974145
19569,0.14517631432287884
19570,0.07755138715614537
19571,0.2259990697376736
19572,0.18589511557339986
19573,0.06154973006027427
19574,0.08007093323083406
19575,0.1353463144984591
19576,0.10014844253200648
19577,0.03600783587314617
19578,0.0
19579,0.20265958178375568
19580,0.3281066977762307
19581,0.2373200503988715
19582,0.10003099581463461
19583,0.0667716578155453
19584,0.056990156671806735
19585,0.25563368323131586
19586,0.040053424539037395
19587,0.0
19588,0.02700149745877284
19589,0.03892979049964327
19590,0.03220133926895464
19591,0.03310694943229731
19592,0.0375807243049846
19593,0.2121263516090551
19594,0.5268367436953433
19595,0.19683960672363046
19596,0.1510497273684513
19597,0.0818304833976141
19598,0.16941630839810526
19599,0.13648792972349844
19600,0.5244143720096285
19601,0.04411896318210255
19602,0.049144884863492805
19603,0.04325687280772816
19604,0.04503175644661316
19605,0.1005690826011261
19606,0.18643608522411032
19607,0.06262801638254135
19608,0.3473217592742789
19609,0.33299195008086646
19610,0.20075809491480398
19611,1.0
19612,0.23426839900575294
19613,0.0
19614,0.16127467221382355
19615,0.21540927589286435
19616,0.01838467071658724
19617,0.04863860310367006
19618,0.3543556599356775
19619,0.06438836938028793
19620,0.027340960244381613
19621,0.02446492715239443
19622,0.016760054037037595
19623,0.1795878072689089
19624,0.2041219512508071
19625,0.24413047159361626
19626,0.24337250343335248
19627,0.22041394527133218
19628,0.13177423306286173
19629,0.14179974812514604
19630,0.2296607945529073
19631,0.05665679550746864
19632,0.12029555583436968
19633,0.07780677174381566
19634,0.03169874887033123
19635,0.45837581582176296
19636,0.23762888791804548
19637,0.0356781890029193
19638,0.47785624850036595
19639,0.41480922019875605
19640,0.04343785445425052
19641,0.0814418978570839
19642,0.06679925213331457
19643,0.08326349034828845
19644,0.0
19645,0.012919854393326772
19646,0.05450505685693489
19647,0.051586663368645015
19648,0.04171498336148614
19649,0.0853981492755338
19650,0.12601680587641012
19651,0.22308202950571968
19652,0.726117888328306
19653,0.32280767534288646
19654,0.16902509552443326
19655,0.43923638425462064
19656,0.07352596998919789
19657,0.13148056861347468
19658,0.08489415933363847
19659,0.14287101519410997
19660,0.18498599090932402
19661,0.061805272725262955
19662,0.020281796455527634
19663,0.06341711579400322
19664,0.10007281311211853
19665,0.0243892313835139
19666,0.0
19667,0.015498056646372873
19668,0.07449433859260841
19669,0.0006271485029058445
19670,0.0
19671,0.03913007896601485
19672,0.01569002253935712
19673,0.013774010870990587
19674,0.02432568373310708
19675,0.030387924915704047
19676,0.0936256100683499
19677,0.06033511614018194
19678,0.22598984741765812
19679,0.1366706162246025
19680,0.1601036187508986
19681,0.5294516664028134
19682,0.4453781189163344
19683,0.20686750651518088
19684,0.09559034387607906
19685,0.06576998306719796
19686,0.026704874104345563
19687,0.06980809210212617
19688,0.056903432205478416
19689,0.012383812851049197
19690,0.0
19691,1.0
19692,0.0
19693,0.0
19694,0.0641269141580164
19695,0.060827364335059926
19696,0.1008363532395347
19697,0.00330537672641814
19698,0.018956252829182015
19699,0.035555601303054345
19700,0.0008464913086466168
19701,0.0213030503449207
19702,0.014810873574827315
19703,0.06703964033297057
19704,0.10332345573010178
19705,0.613474558320722
19706,0.20636069491467873
19707,0.17887768309747346
19708,1.0
19709,0.22440427877456923
19710,0.3509872748398228
19711,0.18672711131573366
19712,0.04568904948821699
19713,0.01728637612722665
19714,0.01973054171571246
19715,0.044507677757595336
19716,0.050466186924975044
19717,0.0037177592045422275
19718,0.09484582110978758
19719,0.3398916841288245
19720,0.07421631287955784
19721,0.22503674906426438
19722,0.0
19723,0.04525959553021354
19724,0.03801199808904546
19725,0.11275220130438716
19726,0.09639541120554797
19727,0.04953609163685504
19728,0.024731854996183647
19729,0.0
19730,0.024684232180425165
19731,0.13478626621144482
19732,1.0
19733,0.22683145851640968
19734,0.5533896023701975
19735,0.17367197550194063
19736,0.21842604845847235
19737,0.15116956696849584
19738,0.13632797672403607
19739,0.05152966060759987
19740,0.023918330515112173
19741,0.0
19742,0.05213739700359789
19743,0.012240330360921642
19744,0.0771309087440198
19745,0.08326423884505875
19746,0.04088655185968325
19747,0.19020212267691028
19748,0.006902230177977733
19749,0.04350930785648486
19750,0.19706394755349965
19751,0.012166147954658004
19752,0.0038854937369807202
19753,0.0016676950180424155
19754,0.11315848509395834
19755,0.17992934679324032
19756,0.03143235621008593
19757,0.0
19758,0.15988212731445087
19759,0.19138300461407645
19760,0.09376784860801636
19761,0.07593665436595753
19762,0.06880909386241894
19763,0.07760593342779902
19764,0.10055314399653638
19765,0.06561847416212693
19766,0.1194767792588857
19767,0.07166816081769271
19768,0.035435476165939145
19769,0.009883479253614193
19770,0.03672500546101692
19771,0.0
19772,0.11163440447526501
19773,0.028004417971637923
19774,0.10662119102871052
19775,0.048071529788169746
19776,0.05825610268508753
19777,0.0
19778,0.018231795913936425
19779,0.17309468836563496
19780,0.3168027152646663
19781,0.5302175728616704
19782,0.14440441652639022
19783,0.009405803308824791
19784,0.046194859913956686
19785,0.014312171452227452
19786,0.0
19787,0.0727013155502928
19788,0.10668831544601823
19789,0.00343877948125612
19790,0.0
19791,0.020155750956628856
19792,0.015684461465860583
19793,0.0
19794,0.0
19795,0.08414805534386173
19796,0.11196410049260354
19797,0.3661701498629351
19798,0.0006929835750372127
19799,0.0
19800,0.013453833094382448
19801,0.035577786081831236
19802,0.10476924524130884
19803,0.3314489978432008
19804,0.14523768161672845
19805,0.11863314393332137
19806,0.008212197901297645
19807,0.06411111680610633
19808,0.030094856292179818
19809,0.05053993020353987
19810,0.0030904652028844568
19811,0.0
19812,0.26860586603913855
19813,0.007972224948099961
19814,0.025982693414748122
19815,0.10410409971337424
19816,0.06889220764104348
19817,0.03526645141823479
19818,0.0026702784737939744
19819,0.022423166838433678
19820,0.03803814456153016
19821,0.20047874231091442
19822,0.023904161558675315
19823,0.006940822035025817
19824,0.04238261558010916
19825,0.043440946634503846
19826,0.03435852397417876
19827,0.22089642795151757
19828,0.0669234446617201
19829,0.19238508365375215
19830,0.08035367201460718
19831,0.03080446625555999
19832,0.049380463133957636
19833,0.01574703740619876
19834,0.0512866894891274
19835,0.28266400785324947
19836,0.21662482242625597
19837,0.0
19838,0.07184062995430264
19839,0.06197478588643812
19840,0.010649916994669467
19841,0.0
19842,0.3274758903675134
19843,0.7190471371827862
19844,0.06353263772998125
19845,0.029606916952208448
19846,0.08862833928280842
19847,0.045034743655770405
19848,0.026468193859370593
19849,0.08345321833285659
19850,0.10808359987184489
19851,0.0843647660939046
19852,0.9484740605653441
19853,0.0
19854,0.021357673616161303
19855,0.003513927348376143
19856,0.04439943612451071
19857,0.031084694417723373
19858,0.013392609079489783
19859,0.0234079763995974
19860,0.10492691767832583
19861,0.29336284406036056
19862,0.09484965504927886
19863,0.1475779403512005
19864,0.027265229621315223
19865,0.047415133566087626
19866,0.011290915047616465
19867,0.019866905512450826
19868,0.10753458764590386
19869,0.030315537261048256
19870,0.027342534793600753
19871,0.0
19872,0.054049803362480636
19873,0.02496934330140579
19874,0.0
19875,0.023208910097728627
19876,0.04617252415376129
19877,0.005637860322758879
19878,0.12352223132908009
19879,0.057944007594087917
19880,0.006579492364295858
19881,0.031151955024455367
19882,0.0707082029176667
19883,0.02404356171404632
19884,0.03215881721621564
19885,1.0
19886,0.07092302475642243
19887,0.1056156832078478
19888,0.08145936088178678
19889,0.03044881171102963
19890,0.02243214198641125
19891,0.034026503970418245
19892,0.03776472225843603
19893,0.006913527763782113
19894,0.3452769649327141
19895,0.004709459689070078
19896,0.0
19897,0.0
19898,0.0
19899,0.02536992625317759
19900,0.0846526070536284
19901,0.024917483819531766
19902,0.0
19903,0.13420248249132583
19904,0.04443788249389872
19905,0.01305321025166908
19906,0.0
19907,0.04429298483419958
19908,0.20201768422949348
19909,0.0
19910,0.0
19911,0.011628905790907605
19912,0.0
19913,0.0548406298395057
19914,0.020156313236558306
19915,0.12527356285814437
19916,0.06773523895792251
19917,0.0
19918,0.0
19919,0.03955447787196472
19920,0.18841804264043446
19921,0.05373457393277066
19922,0.10077838699332389
19923,0.04187620106351871
19924,0.05084731374985614
19925,0.05891620388066316
19926,0.02259845177852119
19927,0.021666189502846742
19928,0.15050750947706218
19929,0.1783492234941791
19930,0.009839645601445986
19931,0.01288312276293176
19932,0.012989317051562073
19933,0.02801556203642794
19934,0.006794932405443586
19935,0.0
19936,0.017647367403543234
19937,0.0
19938,0.013517869989845303
19939,0.002636999758164135
19940,0.030894742733204035
19941,0.0363755991910465
19942,0.044779812642136076
19943,0.11171398472472392
19944,0.11259465726538707
19945,0.2649461518174828
19946,0.037943875629465704
19947,0.013663588151710725
19948,0.02763070615737131
19949,0.018031436943633725
19950,0.0
19951,0.009873065029318064
19952,0.05782899320449007
19953,0.006713489277440612
19954,0.0
19955,0.0
19956,0.0
19957,0.03319403519265105
19958,0.009133194261358182
19959,0.025992330003083368
19960,0.01626653485181088
19961,0.060395030810843436
19962,0.0
19963,0.0
19964,0.005937348450335918
19965,0.10707895050829569
19966,0.009917078143730537
19967,0.02467407162124277
19968,0.0
19969,0.03916940847457687
19970,0.0
19971,0.010669497756867721
19972,0.13603851333569358
19973,0.0
19974,0.22067601228587008
19975,0.08124358186605188
19976,0.05942674977344747
19977,0.05660174747689338
19978,0.05641189404224302
19979,0.020877109921731366
19980,0.005652600190408497
19981,0.11076233454792034
19982,0.0
19983,0.09855544356748513
19984,0.1625200880093305
19985,0.020239040464556008
19986,0.043269262557663016
19987,0.030765114502965245
19988,0.03156588837170196
19989,0.0
19990,0.0
19991,0.0
19992,0.015578556816356746
19993,0.0
19994,0.0109290633669616
19995,0.030877492466230817
19996,0.011572408080182756
19997,0.05987681857234223
19998,0.06594592502830739
19999,0.19415653504019909
20000,0.006019521356463365
20001,0.0009531748871584279
20002,0.003170813517921538
20003,0.0
20004,0.04156276043446067
20005,0.029008167451379217
20006,0.01946635613251853
20007,0.03480446297793448
20008,0.040666748582667396
20009,0.0
20010,0.019759996511905926
20011,0.22105009104909606
20012,0.2458935320410386
20013,0.0
20014,0.11821808564880823
20015,0.0
20016,0.0
20017,0.002712152789568446
20018,0.0
20019,0.003315450737210959
20020,0.06492147290813818
20021,0.0016652017809422614
20022,0.11213348033119357
20023,0.0
20024,0.023179347686577857
20025,0.1848603645648961
20026,0.02796375016220322
20027,0.002309199541586129
20028,0.06043208101292388
20029,0.13877408006963293
20030,0.0
20031,0.2973891583782817
20032,0.3574380263776479
20033,0.08473691175636898
20034,0.0740368765531384
20035,0.0
20036,0.0
20037,0.046521425592394965
20038,0.0
20039,0.1182299089810038
20040,0.015226359330602537
20041,0.6942838204620434
20042,0.09406784159070307
20043,0.0
20044,0.15404773068477748
20045,0.03388146839502472
20046,0.0
20047,0.07446168515043128
20048,0.0246296624021848
20049,0.03879481174389141
20050,0.14813853870703536
20051,0.1487167453052804
20052,0.495343705632071
20053,0.3895086246696963
20054,0.0
20055,0.1497662526698769
20056,0.23713101838637635
20057,0.0
20058,0.08536634264624927
20059,0.04478294143139082
20060,0.07509963418517338
20061,0.016597839039699507
20062,0.2297382196467836
20063,0.14338998277761064
20064,0.13625604784603326
20065,0.33683972767723763
20066,0.5642556385969255
20067,0.07504999186798013
20068,0.3918743694856783
20069,0.025294839641034347
20070,0.08046534673512375
20071,0.03617573026163227
20072,0.05730555106694426
20073,0.1335945202931483
20074,0.07966582146708658
20075,0.0
20076,0.008476751887026682
20077,0.0020635763543575144
20078,0.34266760023459025
20079,0.060593581947702556
20080,0.06702114764144627
20081,0.0894663938884863
20082,0.07332262163612598
20083,0.08332191430067547
20084,0.037747732602154346
20085,0.13425893189974186
20086,0.0
20087,0.05545628304178075
20088,0.18654401921663782
20089,0.20891142540088514
20090,0.0
20091,0.037386480480602925
20092,0.0
20093,0.02553351973095379
20094,0.03569062833994471
20095,0.4429728239590614
20096,0.08397432799981337
20097,0.024591401995417223
20098,0.27339061211198545
20099,0.3353465502831308
20100,0.0
20101,0.1339636332971974
20102,0.09331052290667442
20103,0.02060710701155983
20104,0.031216230719697625
20105,0.018950700036027356
20106,0.03497572521564789
20107,0.0
20108,0.07939071624588058
20109,0.033161667739782325
20110,0.021116096147509145
20111,0.19786740585123408
20112,0.31704355963905445
20113,0.0
20114,0.08750875860806695
20115,0.0
20116,0.010855160272794427
20117,0.012590629956962881
20118,0.2595420888252409
20119,0.03726708996334087
20120,0.0007990658759773904
20121,0.023213532470597327
20122,0.059153929538515324
20123,0.3522025367557812
20124,0.08423701520561845
20125,0.09046390146784582
20126,0.0
20127,0.006718108731022624
20128,0.04250674211247044
20129,0.07549654705862546
20130,0.014914386388069745
20131,0.1322487743817617
20132,0.13291577411090866
20133,0.05524443408376513
20134,0.10229285584297264
20135,0.08128388760363324
20136,0.03969603720382612
20137,0.04337263933250452
20138,0.022929976241308193
20139,0.04611861030727797
20140,0.11965168329445337
20141,0.07778396664577938
20142,0.014316509776582362
20143,0.006318186034625617
20144,0.034466939399188226
20145,0.03338943527901669
20146,0.02442710068173439
20147,0.019483332011707922
20148,0.03205610998761162
20149,0.05228661346725998
20150,0.0
20151,0.03850789860480857
20152,0.2538724737765439
20153,0.22712293494093888
20154,0.056256010821559864
20155,0.045784503586698985
20156,0.0
20157,0.09403027680821113
20158,0.09487496993292184
20159,0.0214727993247609
20160,0.02823032429011264
20161,0.1862972015166142
20162,0.03753630156127891
20163,0.02077889186759083
20164,0.028452708007815804
20165,0.009168827488942637
20166,0.07997399370814667
20167,0.050946199844193206
20168,0.1732100254981877
20169,0.062313732715403136
20170,0.1399215855270767
20171,0.05610862613281326
20172,0.06314781318993037
20173,0.0006572309765378097
20174,0.07903765490504464
20175,0.0397683745454635
20176,0.005823381350205524
20177,0.1346307340088892
20178,0.02346693746209504
20179,0.472967478248593
20180,0.1358072533823828
20181,0.0
20182,0.12152379016127536
20183,0.015419553686480177
20184,0.026530878664096376
20185,0.016685009028951377
20186,0.0
20187,0.0
20188,0.11154262636107401
20189,0.011973733982179453
20190,0.007242997061226162
20191,0.06186795536468893
20192,0.017091664384078626
20193,0.0442551474264118
20194,0.059688202365224784
20195,0.12403950825383965
20196,0.18939760491356303
20197,0.24623942154822534
20198,0.03483144386910518
20199,0.022940504457339136
20200,0.11938942618054683
20201,0.022829328715669298
20202,0.041733515022486234
20203,0.013913568968904258
20204,0.0
20205,0.1241299469174357
20206,0.04618226772588974
20207,0.10381759167173708
20208,0.027748996950567095
20209,0.07451515437709531
20210,0.029898866742592234
20211,0.017794502633872878
20212,0.04470021373273503
20213,0.0
20214,0.009174585353977185
20215,0.18188361360098174
20216,0.0
20217,0.03765707466455399
20218,0.09793913550763009
20219,0.004340073468852181
20220,0.0
20221,0.04373470457620381
20222,0.04920471041325835
20223,0.08124409802256934
20224,0.027826071876128594
20225,0.14376605662011763
20226,0.09037870864526891
20227,0.14503130604533607
20228,0.12026458258828392
20229,0.18874112424996156
20230,0.017725980463569473
20231,0.0937065265327586
20232,0.043430079496027015
20233,0.012744420152605098
20234,0.05181661450941797
20235,0.058281197939721786
20236,0.03767105880512544
20237,0.013034741628227169
20238,0.09412496610593189
20239,0.08030182785670217
20240,0.022591734958964885
20241,0.03797317961870959
20242,0.05905656926055986
20243,0.024372957228962724
20244,0.09558459034595071
20245,0.0
20246,0.02790257039718079
20247,0.13639661126521005
20248,0.05733512671217855
20249,0.12281362281631596
20250,0.27735163479821295
20251,0.08897700704493612
20252,0.1733117362280725
20253,0.06945123899556754
20254,0.08487649770398886
20255,0.05244936914866492
20256,0.12367168668172071
20257,0.06637898192538402
20258,0.0
20259,0.3583817528454949
20260,0.0348446223610613
20261,0.11164987973235958
20262,0.03166217347682589
20263,0.07594050622413065
20264,0.0007880050754395599
20265,0.013085119859267011
20266,0.04627397429625944
20267,0.027392547084400493
20268,0.33835241238414865
20269,0.07764524582190592
20270,0.06046740340042282
20271,0.08761461679108168
20272,0.599897178516273
20273,0.06117521409727591
20274,0.0
20275,0.1695805007695336
20276,0.05505126691103846
20277,0.24835568940663605
20278,0.23339169863854303
20279,0.0543527915379831
20280,0.0
20281,0.0
20282,0.03763522113931605
20283,0.010831816629125678
20284,0.07854593653287402
20285,0.19578793039948622
20286,0.026448661207006896
20287,0.18981601034939827
20288,0.07538925986528026
20289,0.0
20290,0.06451776347053727
20291,0.04332136816860252
20292,0.04562770521980562
20293,0.044135361695878
20294,0.024274303700556013
20295,0.11907298139143611
20296,0.1332334931181073
20297,0.18985642399940342
20298,0.1064376209198223
20299,0.06157250285360378
20300,0.11983919583890285
20301,0.2022414523947429
20302,0.18803065864313873
20303,0.06929742107967024
20304,0.056198711976301614
20305,0.021642370292601434
20306,0.020838089633501946
20307,0.026671905293726466
20308,0.3949552876582379
20309,0.0010919812918302504
20310,0.050057552131121695
20311,0.3117207058826787
20312,0.17846841171656225
20313,0.00013396175308499263
20314,0.0
20315,0.016063567340344947
20316,0.036628317571729095
20317,0.044223657135665166
20318,0.1921975228280373
20319,0.18729685539296823
20320,0.05739685212700381
20321,0.03743926772087429
20322,0.17679712400193218
20323,0.09599631886908423
20324,0.12685698392121708
20325,0.17967149978644498
20326,0.2980217169089138
20327,0.10821841927898468
20328,0.03732987154421391
20329,0.0748312081715489
20330,0.08272881162938464
20331,0.24779809626210353
20332,0.8185307242191114
20333,0.0
20334,0.006427120018115947
20335,0.25731711959235676
20336,0.06428014350783308
20337,0.20958453416152847
20338,0.017228088530260526
20339,0.04037329463500259
20340,0.07381791544227921
20341,0.0
20342,0.03529469981485093
20343,0.4267223245393413
20344,0.0
20345,0.055135076779998196
20346,0.18339324618853634
20347,0.13535422279804546
20348,0.18580039619961658
20349,0.35344364073156764
20350,0.40548584049824643
20351,0.018864761186153815
20352,0.19331120136981642
20353,0.04992735937614928
20354,0.07582745433322385
20355,0.8139386028462156
20356,0.3650015218311275
20357,0.3338289852847195
20358,0.0
20359,0.009368242247551482
20360,0.17356188551778254
20361,0.04106701787534285
20362,0.01271417514523112
20363,0.023593371348649216
20364,0.06060880674666653
20365,0.0
20366,0.0
20367,0.0
20368,0.01881286492623361
20369,0.04883028959037018
20370,0.07725757647714364
20371,0.09472799897194031
20372,0.09184259447021037
20373,0.08489881445410823
20374,0.15837045521273022
20375,0.18260782277708273
20376,0.016665130272213797
20377,0.10438554341129289
20378,0.21092042269129474
20379,0.0
20380,0.04402710194169828
20381,1.0
20382,0.927292270180752
20383,0.7016931458288221
20384,0.005637675385819416
20385,0.09589865766114586
20386,0.3022514772048115
20387,0.06059744317318453
20388,0.0017425844263381594
20389,0.049740789949439666
20390,0.010758770971413359
20391,0.032466555707191064
20392,0.0640386313806934
20393,0.042818870766630476
20394,0.006437664884234034
20395,0.3284956896373584
20396,0.0
20397,0.015116337835117509
20398,0.13303358603676926
20399,0.043784125334820664
20400,0.04866407953812331
20401,0.04980113048385487
20402,0.2017484525211296
20403,0.17779904110831973
20404,0.02487707446460313
20405,0.13856830104952933
20406,0.11870168669320402
20407,0.08406081276476274
20408,1.0
20409,0.7105034075721505
20410,0.6922658648725974
20411,0.0036979197674970564
20412,0.06753355993795429
20413,0.030117022708150924
20414,0.3493823736080627
20415,0.0484575295748257
20416,0.2149232429215344
20417,0.03026255112907755
20418,0.09806261257035022
20419,0.02659221238181707
20420,0.1419459013398368
20421,0.0701789006865451
20422,0.1563044501264187
20423,0.13403806951720887
20424,0.3565906210791133
20425,0.3559497184853474
20426,0.17741557718293638
20427,0.1289295939351944
20428,0.05934774142653417
20429,0.04011270123830375
20430,0.1020062528404753
20431,0.041775579053366325
20432,0.07718496454548619
20433,0.12538849475827613
20434,0.14618059386832605
20435,0.058100773003611675
20436,0.06876057094461975
20437,0.0066368421102828605
20438,0.9306840579964935
20439,0.9928538067510873
20440,0.9970883884560593
20441,0.17142436397604732
20442,0.0012354106204594388
20443,0.18236245888491298
20444,0.0
20445,0.35538322193725297
20446,0.0
20447,0.011816676390242585
20448,0.011542856592065324
20449,0.0
20450,0.09778565001076389
20451,0.04690666627975114
20452,0.1950838299553279
20453,1.0
20454,0.07086325107078632
20455,0.08479786522841742
20456,0.08631483574763973
20457,0.17094976327299607
20458,0.06668257841478578
20459,0.18826742735963517
20460,0.1889304279928001
20461,0.014514364110365467
20462,0.09728257507454323
20463,0.07933712131932584
20464,0.06341208526083988
20465,0.0842852668879874
20466,0.01759269168399807
20467,0.21856036263661627
20468,0.2669924258119757
20469,0.20951151522601913
20470,0.08329102670358902
20471,0.0
20472,0.09692166754666665
20473,0.11314308717880162
20474,0.21920391231045083
20475,0.020690282001845965
20476,0.02951239808135246
20477,0.02334373341095631
20478,0.018460521083243725
20479,0.016821186179800492
20480,0.047397475500772994
20481,0.02981767856073533
20482,0.20163770165268294
20483,0.473331635407068
20484,0.22402662315763885
20485,0.20948218702852162
20486,0.09469063015729004
20487,0.19669203619584716
20488,0.15076217136625553
20489,0.6057830764723829
20490,0.038068500791857356
20491,0.061122664761741836
20492,0.038604738644161855
20493,0.10621402871226705
20494,0.08609262150996287
20495,0.2029114811362406
20496,0.3659306956922727
20497,0.31803822107311447
20498,0.1936800291245003
20499,1.0
20500,0.15858319563647252
20501,0.0
20502,0.16211907619862334
20503,0.17986551651869725
20504,0.0
20505,0.059698501814583194
20506,0.3821666556135476
20507,0.043643339407679026
20508,0.01890683076455933
20509,0.044263435090516376
20510,0.027800624758537746
20511,0.12059486094364094
20512,0.20430846383658685
20513,0.20438444864805494
20514,0.19461930453258572
20515,0.20298213399453524
20516,0.14755029083190724
20517,0.16514271250359064
20518,0.20682083386532968
20519,0.18541387638671655
20520,0.08393459596281712
20521,0.038772272297648014
20522,0.3467553956554141
20523,0.2468445224496609
20524,0.043171580537621934
20525,0.4443309450233213
20526,0.3011616620616397
20527,0.0
20528,0.07613591061869154
20529,0.12754599814128043
20530,0.08803547585960038
20531,0.04626284838541934
20532,0.0099153192879073
20533,0.027170943076138092
20534,0.08152897683434121
20535,0.0651279736304
20536,0.0733285049742309
20537,0.12046308063943337
20538,0.24504294520709338
20539,0.760383945099231
20540,0.29699419401811283
20541,0.1686466663296094
20542,0.37254246305344985
20543,0.06984925755514851
20544,0.07466288508170768
20545,0.08397387529758256
20546,0.13693100268216904
20547,0.19772804113999873
20548,0.04168620929531514
20549,0.013612824490135582
20550,0.09423736872017699
20551,0.12291794501894725
20552,0.013433459568558606
20553,0.0
20554,0.036686793387921336
20555,0.09557858329397982
20556,0.016615498861875952
20557,0.03626638940413286
20558,0.0
20559,0.02369593193092661
20560,0.031677170586104635
20561,0.06282934589428531
20562,0.07516923944544815
20563,0.20951601878466528
20564,0.1819287142961318
20565,0.14731698422662612
20566,0.6072985824688927
20567,0.4094081628348955
20568,0.25072394158462236
20569,0.12723640232351777
20570,0.03705856190794905
20571,0.0046743964898077915
20572,0.06910868412380695
20573,0.11591075165804252
20574,0.010791314380694453
20575,0.0
20576,0.0162510636407025
20577,1.0
20578,0.022093034172131584
20579,0.03305798829816205
20580,0.07757422600596772
20581,0.03560417073291861
20582,0.08084633109608508
20583,0.003422651216274895
20584,0.02567819746510673
20585,0.011239828369786911
20586,0.030742257619967267
20587,0.003933496535402053
20588,0.007710308656048155
20589,0.03608434458576898
20590,0.08356077363861295
20591,0.06257614966179358
20592,0.5236913688032254
20593,0.24520057388494076
20594,0.1846137566980282
20595,1.0
20596,0.3000825345475365
20597,0.3434112685217533
20598,0.2386926386075543
20599,0.05934653694369596
20600,0.0030679873130420644
20601,0.07481844847138053
20602,0.03899389427740091
20603,0.0
20604,0.0024779029297607087
20605,0.04180584679196655
20606,0.34226280160501543
20607,0.026581576622434044
20608,0.2273266835203692
20609,0.006362009520521571
20610,0.08662298654841649
20611,0.12661060181981731
20612,0.0803055020853329
20613,0.15082486734444442
20614,0.02537378260810605
20615,0.0
20616,0.01206981500120879
20617,0.16388303605557275
20618,1.0
20619,0.22374087762426578
20620,0.6567711370492137
20621,0.18554296680110546
20622,0.19732773181747848
20623,0.17959877390233886
20624,0.12469667516109458
20625,0.04088683530133685
20626,0.0
20627,0.031098039138841405
20628,0.04084557456741973
20629,0.09514468967862062
20630,0.0651455956833738
20631,0.08352838744508147
20632,0.1798653036699388
20633,0.0
20634,0.04480403997713331
20635,0.016292242768520083
20636,0.21550363897698305
20637,0.01061434102145476
20638,0.014381741631077012
20639,0.0
20640,0.14506569124438412
20641,0.20332292938138416
20642,0.02396620816080105
20643,0.0
20644,0.0408843872425408
20645,0.19026208672272335
20646,0.0457019202120348
20647,0.07919611810012556
20648,0.04599934997318168
20649,0.06855204795567046
20650,0.10779195094951648
20651,0.0406102499328232
20652,0.11478925225155626
20653,0.06916551139963018
20654,0.01790573201952661
20655,0.021330295229806884
20656,0.0
20657,0.12237664151157292
20658,0.0005492040550430699
20659,0.10014121037547632
20660,0.0
20661,0.020515891148367188
20662,0.1376019169374708
20663,0.023105575295723775
20664,0.03730908243990925
20665,0.0038936009187842268
20666,0.043365697233631255
20667,0.20371276650512013
20668,0.2717163007745935
20669,0.5611233210921845
20670,0.13206200091752518
20671,0.0014282985713490546
20672,0.03201169216492333
20673,0.012605191601779593
20674,0.0
20675,0.11802523501023894
20676,0.18277588393744076
20677,0.0
20678,0.0
20679,0.013158940339485455
20680,0.0
20681,0.0016153020708517837
20682,0.0
20683,0.06461155834733051
20684,0.0940441404312929
20685,0.3555188222260466
20686,0.00877798927410034
20687,0.005622685528075621
20688,0.0
20689,0.02936424542417461
20690,0.13604826169759254
20691,0.34145088682386693
20692,0.13706694675551645
20693,0.0
20694,0.1201203264857838
20695,0.011889400827553827
20696,0.013949790922171842
20697,0.06247853133729787
20698,0.05146301086463502
20699,0.027207881645122882
20700,0.0
20701,0.0
20702,0.19493482711290838
20703,0.0036712477518994814
20704,0.0
20705,0.004256088681243383
20706,0.07949792822446823
20707,0.06824907843556749
20708,0.030187403462522803
20709,0.015092252046854016
20710,0.01156791268013506
20711,0.06786678755618668
20712,0.24204546511952846
20713,0.01424387645277354
20714,0.0
20715,0.01634177882226437
20716,0.04880779424489212
20717,0.029549140319578622
20718,0.013024485780753279
20719,0.1981809847132532
20720,0.06087243841221264
20721,0.17908129666717582
20722,0.03614625887608425
20723,0.028072561926206795
20724,0.0
20725,0.04703482330480797
20726,0.07958035533824417
20727,0.04310462479776968
20728,0.24663166649687623
20729,0.0
20730,0.16654378879009635
20731,0.0274133596424644
20732,0.05346258528642547
20733,0.0724096081891386
20734,0.0
20735,0.32702507930619806
20736,0.8179547561966715
20737,0.12093551525273295
20738,0.035926167373001014
20739,0.0
20740,0.07419206836340103
20741,0.07796275031937665
20742,0.03794950748266806
20743,0.0581094807373785
20744,0.11124428035167906
20745,0.04752388418002812
20746,0.9252751083871346
20747,0.0
20748,0.035003135441100064
20749,0.08378021273148795
20750,0.09109430993686032
20751,0.0
20752,0.07564454289428123
20753,0.11886045593665429
20754,0.3210250030255458
20755,0.0710956803831265
20756,0.10470410117846204
20757,0.0
20758,0.04590289863964919
20759,0.010037029384878304
20760,0.013829474208700064
20761,0.0756131510023048
20762,0.04505794768782354
20763,0.00688759275007054
20764,0.044588751053104156
20765,0.013381137952171048
20766,0.010255036161743924
20767,0.03224873994948494
20768,0.001332040989102773
20769,0.0
20770,0.12298638670277962
20771,0.0
20772,0.06761556029538734
20773,0.0
20774,0.010557846033867828
20775,0.044311884082528
20776,0.025181722033029784
20777,0.0321184945260633
20778,0.04844666716008552
20779,1.0
20780,0.03762989065118968
20781,0.10529204137686826
20782,0.009471870096668202
20783,0.030251222040613222
20784,0.058004405755192036
20785,0.02110171276041039
20786,0.016668585623630407
20787,0.3306677484841021
20788,0.009919344564239355
20789,0.002069021072191943
20790,0.0
20791,0.02558664777542654
20792,0.06510769440627327
20793,0.02428454431444832
20794,0.0
20795,0.11413216681578772
20796,0.027910394044878477
20797,0.0
20798,0.01670754310470173
20799,0.2021968235334918
20800,0.0
20801,0.028122693061722402
20802,0.0
20803,0.0
20804,0.057569626720265936
20805,0.02416743647520753
20806,0.11519059787953193
20807,0.07173996717174672
20808,0.016265691634988776
20809,0.0
20810,0.0
20811,0.0326989724444901
20812,0.17696434570867026
20813,0.11820081226871987
20814,0.05934582199869109
20815,0.04838538147727903
20816,0.06295562151147323
20817,0.06343856264870235
20818,0.0
20819,0.028624487162833778
20820,0.1888338736173133
20821,0.15365391398124786
20822,0.0
20823,0.012596082163449969
20824,0.016744743012913874
20825,0.013922225768558324
20826,0.013169425949694764
20827,0.0030708128195399264
20828,0.0016970174686792966
20829,0.0
20830,0.0
20831,0.0019538125330661057
20832,0.015101444513341658
20833,0.04838272797753481
20834,0.05336082100842756
20835,0.05538112503107356
20836,0.0023850694872069207
20837,0.13514210165301838
20838,0.0
20839,0.2515088971792025
20840,0.0
20841,0.0
20842,0.01992137565669425
20843,0.0074274155648514405
20844,0.0020246264801657963
20845,0.02486683175265064
20846,0.007882529306979282
20847,0.024835088777190893
20848,0.03552079743762528
20849,0.02456177364891977
20850,0.009097046644872934
20851,0.057830386799448276
20852,0.0
20853,0.000919937341256175
20854,0.022275089958696214
20855,0.0
20856,0.14457330301262056
20857,0.0026374475719698636
20858,0.04484303536114103
20859,0.0
20860,0.03044552022638399
20861,0.005630170939367889
20862,0.11425619656796379
20863,0.0
20864,0.0
20865,0.2672325077097998
20866,0.031480684024630196
20867,0.054127294435815924
20868,0.0531339140383899
20869,0.017265562253737807
20870,0.0028704602451492104
20871,0.1238385306184454
20872,0.0
20873,0.08580434637427835
20874,0.22550277381310382
20875,0.010284206325185223
20876,0.0017937603025766097
20877,0.02329007669651507
20878,0.033945238090822755
20879,0.0228541126849126
20880,0.0
20881,0.0
20882,0.00567730907137901
20883,0.031283420275020714
20884,0.01950497004337109
20885,0.09505608909909008
20886,0.050290679562582825
20887,0.05651670506656963
20888,0.0
20889,0.19033958237230764
20890,0.004438202740925721
20891,0.0001855712633250037
20892,0.02537962690178643
20893,0.005075611487367656
20894,0.016559618587264
20895,0.04231590642504119
20896,0.04466850233455337
20897,0.01211852997120222
20898,0.04002091939116442
20899,0.03542799991935508
20900,0.013225972619732431
20901,0.18218597965876845
20902,0.2068272855700795
20903,0.0
20904,0.06671502039280526
20905,0.0
20906,0.050034211979211325
20907,0.0
20908,0.0
20909,0.0
20910,0.0
20911,0.0
20912,0.1712790369973398
20913,0.01245340635310958
20914,0.12498162433940385
20915,0.07333646846561155
20916,0.0
20917,0.0013160899582267938
20918,0.02937745692381726
20919,0.16566476801463476
20920,0.18803987716851756
20921,0.06461831910417491
20922,0.35311590982041346
20923,0.12635980620896678
20924,0.1830443748388944
20925,0.0
20926,0.0
20927,0.018001199575665077
20928,0.0
20929,0.024125205794354947
20930,0.000896646600033252
20931,0.11162471471977459
20932,0.0
20933,0.6445824816087878
20934,0.1120139999338443
20935,0.11708680448649361
20936,0.0
20937,0.0
20938,0.022411098668174156
20939,0.061484278171570886
20940,0.006115644200909054
20941,0.04534338969079424
20942,0.0513197631543968
20943,0.09662000471968925
20944,0.25724080527706866
20945,0.3184533168579179
20946,0.0
20947,0.042513454423435966
20948,0.08868576227771106
20949,0.20775287300908776
20950,0.0653907802695605
20951,0.05803206279726286
20952,0.03976050984509967
20953,0.005396443793718396
20954,0.3503879965355715
20955,0.13412209703821695
20956,0.06428748685494773
20957,0.33744878474907003
20958,0.0772143088056193
20959,0.6034983743688124
20960,0.04704239465829197
20961,0.47578885084183953
20962,0.0761227216723486
20963,0.058301050696170434
20964,0.008836322824605043
20965,0.1180607042183903
20966,0.08471331766381784
20967,0.14828522926092155
20968,0.0
20969,0.07424047611673323
20970,0.03961188834113938
20971,0.3308844758009826
20972,0.06276814511823511
20973,0.07163667621609872
20974,0.10361071876575355
20975,0.060621939196119586
20976,0.07182741168867546
20977,0.07105443595529348
20978,0.021576929774870947
20979,0.13032227163868446
20980,0.014213013453886529
20981,0.07205811754104158
20982,0.060190580098106544
20983,0.10340481392943802
20984,0.05337733408107258
20985,0.0
20986,0.0
20987,0.025041999078357285
20988,0.020482207072326133
20989,0.24796391181377092
20990,0.08664799661962554
20991,0.04002307519804479
20992,0.06442210841553016
20993,0.21376862766168006
20994,0.07868326101369795
20995,0.0836456617513146
20996,0.0
20997,0.04542997712080364
20998,0.0
20999,0.0
21000,0.06434213083574056
21001,0.00402930009837675
21002,0.06633182204423237
21003,0.1303103935198644
21004,0.0
21005,0.10888209486851651
21006,0.2012837784835866
21007,0.0
21008,0.10289324328882238
21009,0.009827502166828705
21010,0.0
21011,0.03766953413747466
21012,0.2335864722609179
21013,0.0011816260747303698
21014,0.02608996043590693
21015,0.06784948591172035
21016,0.007449535223750494
21017,0.018834342531311856
21018,0.08230325362077434
21019,0.36594825779941614
21020,0.06505767712416383
21021,0.0280236658091629
21022,0.02506312802543319
21023,0.005518789855782465
21024,0.0511803682250945
21025,0.1377026488259998
21026,0.011722982258692966
21027,0.011642703598371662
21028,0.16622109587089476
21029,0.14814623718740952
21030,0.09401896748998502
21031,0.12237288647143675
21032,0.0313153058717233
21033,0.0
21034,0.05353680625994995
21035,0.02803001218345076
21036,0.01735270176524845
21037,0.022180334211147998
21038,0.1121642851199645
21039,0.04552460188784251
21040,0.07054201847311048
21041,0.0
21042,0.019796201411125355
21043,0.016754770406405113
21044,0.007528217189317497
21045,0.0061256415081021014
21046,0.020811571227222245
21047,0.04164664636187659
21048,0.05463182186959933
21049,0.04637427847927222
21050,0.2408626679403368
21051,0.18296132944813198
21052,0.04819964681801018
21053,0.06896049429152515
21054,0.021089613405915385
21055,0.08615076954282046
21056,0.06952894445608254
21057,0.03057814019311736
21058,0.042660746084380835
21059,0.03304399309789695
21060,0.21012362658427447
21061,0.05343279924487297
21062,0.024256707610344066
21063,0.04024032588240525
21064,0.0
21065,0.029742196682258828
21066,0.05801754581888953
21067,0.18318906858782877
21068,0.16032642164294167
21069,0.16388643141767215
21070,0.03314779295162615
21071,0.03538405165831793
21072,0.02780992279707169
21073,0.07519597728411186
21074,0.0677182022891108
21075,0.013986708367535286
21076,0.09350684648627781
21077,0.05343174201541158
21078,0.35883361840661454
21079,0.12043604212351135
21080,0.0
21081,0.10093732507976372
21082,0.03928953848152593
21083,0.021397022223411662
21084,0.0009445252094218929
21085,0.015246735320642336
21086,0.0
21087,0.0
21088,0.07352762984075296
21089,0.0
21090,0.012028881050046085
21091,0.06472493409915336
21092,0.03659508396459977
21093,0.06974228347453136
21094,0.04808336768276812
21095,0.08421518763186799
21096,0.06811302083244537
21097,0.23818017916653972
21098,0.05207933225586857
21099,0.0074646709836384715
21100,0.1000467706127656
21101,0.009774832743313694
21102,0.03403876415003401
21103,0.01871951333899763
21104,0.0
21105,0.09995391036406553
21106,0.08967355582900383
21107,0.10240083077333954
21108,0.02348277588677732
21109,0.04660920221570046
21110,0.02340588491864354
21111,0.007894938125169755
21112,0.0011480631523145316
21113,0.0
21114,0.0
21115,0.17990334994124427
21116,0.008331656182816425
21117,0.0373674379634415
21118,0.09260611545927891
21119,0.006616382427335483
21120,0.04370603424045676
21121,0.03559303431981047
21122,0.06144320720545835
21123,0.044404420669402665
21124,0.10472647289962653
21125,0.08487279689195702
21126,0.18561188233433698
21127,0.17489543623423193
21128,0.18324685321011663
21129,0.012413737433312361
21130,0.09470709957857776
21131,0.057621562677786634
21132,0.00874046969802206
21133,0.04427158819613815
21134,0.07645887209723463
21135,0.01683291626929097
21136,0.05465981254037761
21137,0.010051374136894067
21138,0.05455580802532333
21139,0.050700615054935935
21140,0.009021237142342355
21141,0.05432487022477439
21142,0.03416338557598929
21143,0.0
21144,0.13306715935023228
21145,0.020848754980100113
21146,0.033976533263614224
21147,0.16523660495858244
21148,0.05861408773774694
21149,0.09728570322426008
21150,0.3522212457037064
21151,0.049239521406957365
21152,0.10782076911910614
21153,0.07308867314628731
21154,0.06519482914587547
21155,0.06582453373268096
21156,0.09996803125231257
21157,0.0690356378377052
21158,0.0003707302329169828
21159,0.2777074716671761
21160,0.023923106332457148
21161,0.11213350669594534
21162,0.00879881656765889
21163,0.08391645183711263
21164,0.0
21165,0.01610763224510352
21166,0.007826795378911467
21167,0.03801548632237612
21168,0.028209212193323965
21169,0.36359469226997493
21170,0.06590381268221414
21171,0.03751223854656617
21172,0.10502403577686327
21173,0.5990916485981796
21174,0.06146610473688088
21175,0.006829799938108113
21176,0.20326540498370899
21177,0.04872074450452109
21178,0.25902647139976376
21179,0.28419473847655524
21180,0.03556628453698096
21181,0.028583410297463165
21182,0.05443356402147953
21183,0.15448375176213056
21184,0.2038929540007727
21185,0.020970005234630114
21186,0.17761904967911732
21187,0.07601871369985912
21188,0.05130435593090781
21189,0.020566226808521274
21190,0.0
21191,0.03790039960671402
21192,0.054469410485689006
21193,0.011449439436000674
21194,0.09682280249408272
21195,0.089045456749567
21196,0.1820371163150429
21197,0.20234690255604038
21198,0.06060438065911321
21199,0.1309480989324087
21200,0.1855780221328991
21201,0.22170815770835375
21202,0.06015219926658975
21203,0.0
21204,0.04298383237339586
21205,0.009957118216557379
21206,0.008739351246349579
21207,0.02798483720975624
21208,0.45686098243025486
21209,0.02299259383535724
21210,0.07398950199762622
21211,0.17306133675495644
21212,0.07985689480361678
21213,0.0
21214,0.026166997116950638
21215,0.0252923995807522
21216,0.06255260417782645
21217,0.19210880834228575
21218,0.2286780154954596
21219,0.0
21220,0.044176434473756125
21221,0.042580219821778294
21222,0.17091333291562352
21223,0.10424231301933083
21224,0.1414951265580536
21225,0.1585935070301803
21226,0.22901108673238196
21227,0.1012704474336776
21228,0.003232828421276636
21229,0.03872301283563437
21230,0.059947381896619696
21231,0.2413351609312628
21232,0.7969235251690159
21233,0.0
21234,0.0
21235,0.22330605439043677
21236,0.0
21237,0.07248834655928718
21238,0.16581970903895368
21239,0.030786769608646094
21240,0.07301947207975172
21241,0.002560788870906929
21242,0.044785694086121514
21243,0.0
21244,0.3537653476136114
21245,0.0
21246,0.06885266959968797
21247,0.19354948146850878
21248,0.14233917079694117
21249,0.18828142679086274
21250,0.3399265443105934
21251,0.3631593462672399
21252,0.0
21253,0.1206112735712719
21254,0.17101553696572575
21255,0.05299934795025265
21256,0.9078839293801392
21257,0.39704437250882246
21258,0.34363160809162424
21259,0.0
21260,0.03574786608304277
21261,0.18953885690195238
21262,0.021742796643472687
21263,0.03618738480268433
21264,0.030339752740048163
21265,0.05629231348473378
21266,0.013376685688672705
21267,0.0
21268,0.018931421228851376
21269,0.06549612130303938
21270,0.040728375620281324
21271,0.09469016489440929
21272,0.10528006241578715
21273,0.05243060630072688
21274,0.17019771389936594
21275,0.17184939683202038
21276,0.004178612197931935
21277,0.11191834648467411
21278,0.2171496091494866
21279,0.0
21280,0.09151249298695674
21281,1.0
21282,0.9464891177568115
21283,0.792802114277089
21284,0.0
21285,0.0
21286,0.22096891359136708
21287,0.36175492821059074
21288,0.13447743022167746
21289,0.0017361795115560298
21290,0.11918943139313261
21291,0.0
21292,0.043235907698964536
21293,0.06429224277799375
21294,0.04149644615771546
21295,0.012854701668339623
21296,0.336697162261969
21297,0.0
21298,0.014375564852230249
21299,0.182676862642764
21300,0.08476724654399012
21301,0.051019384876629804
21302,0.056962056773999376
21303,0.22705846691150366
21304,0.16789921128178015
21305,0.021218373683691817
21306,0.11200023211745984
21307,0.11137453979665336
21308,0.06755530004140899
21309,1.0
21310,0.7733782073728901
21311,0.6898687090154746
21312,0.0
21313,0.07163709926235244
21314,0.025111198429033005
21315,0.3455765738082794
21316,0.019239220597360277
21317,0.19957798467675528
21318,0.0304352005451126
21319,0.07256745517919895
21320,0.020311792520700707
21321,0.11963688922798363
21322,0.10395379867922343
21323,0.1351060676286778
21324,0.13447076446022915
21325,0.3559120015848467
21326,0.402966928800956
21327,0.18022254823875233
21328,0.1382652778823961
21329,0.07906784660349166
21330,0.03462864722611695
21331,0.08065488147030396
21332,0.06741108194794629
21333,0.012673331624236537
21334,0.17820517225537977
21335,0.09318156069926939
21336,0.042935407912294665
21337,0.11892458176896721
21338,0.026327682598758652
21339,0.7622122342219178
21340,0.9861431318351648
21341,1.0
21342,0.1847622641846762
21343,0.04951380549812502
21344,0.050349095137578896
21345,0.3260329997547457
21346,0.015030103039741899
21347,0.0007489867377368305
21348,0.05949158752912864
21349,0.04293914963178323
21350,0.23240707996585577
21351,1.0
21352,0.06874590636796969
21353,0.07944723798198265
21354,0.07053317414040086
21355,0.16270615757473678
21356,0.05953612391004531
21357,0.21399412027781878
21358,0.17913859552527
21359,0.04023528871317198
21360,0.08320741080541867
21361,0.09283782422271956
21362,0.09587464624450054
21363,0.055052646093804884
21364,0.0
21365,0.2587003954904153
21366,0.2635117045764335
21367,0.23729511229219316
21368,0.10374553929820314
21369,0.0592429639230833
21370,0.06025799357646341
21371,0.18882380888816525
21372,0.03442747136062612
21373,0.02652255392751514
21374,0.026661315679570585
21375,0.025587687370176106
21376,0.054637744093236976
21377,0.04417706690779482
21378,0.2527976413274851
21379,0.46222779314411255
21380,0.2037035995664799
21381,0.21301355516731185
21382,0.09868360161313089
21383,0.14889932351021537
21384,0.13501130126607902
21385,0.6705393132307337
21386,0.03783105285013456
21387,0.04188708010070506
21388,0.013406668042656987
21389,0.1134478767256567
21390,0.18562206756247784
21391,0.21931572331630078
21392,0.3522199577905732
21393,0.2289138220697462
21394,0.18085969370766225
21395,1.0
21396,0.2131378148756554
21397,0.010238138186899136
21398,0.14506912402316335
21399,0.07673835105784936
21400,0.0
21401,0.05142310668367615
21402,0.5265162851010484
21403,0.04061778297854226
21404,0.02544617393329157
21405,0.028653301329810674
21406,0.028573283526044036
21407,0.0949068937385099
21408,0.2313788056816162
21409,0.2312386332604149
21410,0.24888893736525844
21411,0.19813485086013316
21412,0.18641712241654004
21413,0.11379803300391782
21414,0.14277024624986823
21415,0.0
21416,0.18524780270030672
21417,0.04731071925699701
21418,0.06136943310984223
21419,0.3533482908664016
21420,0.20551251991842587
21421,0.010390072097087602
21422,0.4438416060485777
21423,0.2735585512054836
21424,0.0
21425,0.040694342929993674
21426,0.1053949856582169
21427,0.07520119062374339
21428,0.0
21429,0.011726903583113317
21430,0.014266582818679242
21431,0.041528132647522996
21432,0.04115501554965925
21433,0.08129071708915235
21434,0.12198499681744472
21435,0.2209619017584803
21436,0.7051202204987401
21437,0.3000329850541692
21438,0.2053939927483501
21439,0.3614157197215149
21440,0.12071007169533263
21441,0.0028961652535771805
21442,0.07948270238483139
21443,0.040500807486761166
21444,0.13209566386565472
21445,0.19225767412970265
21446,0.057363836420693176
21447,0.00769045503392936
21448,0.079516968816445
21449,0.13288503550808847
21450,0.0
21451,0.06920453713816595
21452,0.12128795627346375
21453,0.0
21454,0.0
21455,0.028333235494625016
21456,0.0022265158220757296
21457,0.0012576285770541243
21458,0.025878523674698714
21459,0.02295696475582069
21460,0.06722204376720578
21461,0.04915399400366464
21462,0.16064090850614066
21463,0.17337055316936092
21464,0.16258159028295954
21465,0.5536700693347848
21466,0.4705830265111133
21467,0.21900812161365435
21468,0.1339598126319248
21469,0.0
21470,0.03208335865267162
21471,0.030084991600961473
21472,0.1324022080262662
21473,0.007905791540303474
21474,0.0
21475,0.009913716685719621
21476,1.0
21477,0.05010823297980078
21478,0.0
21479,0.08979764285280221
21480,0.06321302461405358
21481,0.04061823619647416
21482,0.07293445626813945
21483,0.0145098889437563
21484,0.0006400959261726865
21485,0.017159203333810415
21486,0.0
21487,0.019574264734661548
21488,0.0521640469307555
21489,0.1058116833428579
21490,0.5549906339419122
21491,0.22618503219163563
21492,0.17308951302143927
21493,1.0
21494,0.2389086525447974
21495,0.33242857103561396
21496,0.18905587298722412
21497,0.09903298103367089
21498,0.024388396387113907
21499,0.026562999654488956
21500,0.04862997881622916
21501,0.016380625353065968
21502,0.0892248128570767
21503,0.341219527854865
21504,0.0
21505,0.20639511565475263
21506,0.010179556146871223
21507,0.06503668344239792
21508,0.1112598236017935
21509,0.1265842921785641
21510,0.15005807525958884
21511,0.004348781860850217
21512,0.0
21513,0.01031828919447383
21514,0.035536405623533364
21515,0.1290482168535993
21516,1.0
21517,0.21230087100328557
21518,0.7225659518495007
21519,0.19036091501868854
21520,0.20232296354233484
21521,0.20698033933470414
21522,0.10044639761621596
21523,0.0
21524,0.0
21525,0.02716997377748879
21526,0.04548206137608014
21527,0.16969918852341878
21528,0.1030308845689973
21529,0.039223486720155035
21530,0.18671099012683406
21531,0.0
21532,0.04729756316754822
21533,0.0
21534,0.22463211705267977
21535,0.00633276599926832
21536,0.00268826852001982
21537,0.0
21538,0.08882814452175894
21539,0.17358976578393415
21540,0.016254725843252087
21541,0.0
21542,0.043363064193330976
21543,0.1636242206318455
21544,0.07291697782110713
21545,0.08101062156851932
21546,0.022665184633750387
21547,0.16200218409046546
21548,0.12596939176697905
21549,0.017589451219135376
21550,0.08381824660125248
21551,0.10218445741259807
21552,0.0
21553,0.02824002705016001
21554,0.0671830535752779
21555,0.0
21556,0.01612416122462406
21557,0.06291288979347105
21558,0.013156475206907978
21559,0.11379605945565147
21560,0.030200263009281587
21561,0.0408877921459735
21562,0.004913952455143171
21563,0.03141636704513181
21564,0.19142063959287337
21565,0.2514366863732474
21566,0.6160594736378686
21567,0.1450899627912423
21568,0.021002980241981304
21569,0.034835117731512606
21570,0.0977492850620013
21571,0.0
21572,0.0
21573,0.0
21574,0.02437657812391688
21575,0.07771273862208739
21576,0.05089269422815745
21577,0.3721859842615705
21578,0.0
21579,0.0
21580,0.0
21581,0.0500492793160495
21582,0.11778973508513232
21583,0.33068493603332194
21584,0.13499157175081625
21585,0.004728711342367282
21586,0.14771793612552425
21587,0.04039879278058421
21588,0.02069380069968707
21589,0.07590224000199867
21590,0.05490649353377236
21591,0.038400395444439524
21592,0.0
21593,0.0
21594,0.0
21595,0.2390020091767785
21596,0.008300871716036043
21597,0.01076898236717156
21598,0.10772086716851383
21599,0.06646090082833303
21600,0.03830425928733321
21601,0.01607933470484675
21602,0.007304685821034588
21603,0.05745411489695915
21604,0.20458484579326955
21605,0.034410328763581494
21606,0.004688992579224515
21607,0.03616026386926081
21608,0.014541635503223528
21609,0.01863704264556907
21610,0.19864859860287787
21611,0.07286243298776313
21612,0.1435960568259295
21613,0.11194111072475875
21614,0.035227890726477806
21615,0.04936780895130096
21616,0.06964668355040377
21617,0.0
21618,0.2021503084035495
21619,0.0
21620,0.1342563721294905
21621,0.016841988378560834
21622,0.06179292315097819
21623,0.0798216153924384
21624,0.0
21625,0.002502604218788232
21626,0.33172027293179474
21627,0.8138434805733249
21628,0.06437258980442717
21629,0.05611147297120138
21630,0.0
21631,0.08820120206801162
21632,0.06422072766420821
21633,0.008878628954138528
21634,0.0762622976756748
21635,0.10634823606951561
21636,0.04910519212197672
21637,0.9831215604657053
21638,0.08310095582709077
21639,0.0
21640,0.057303269816914915
21641,0.05474316399415467
21642,0.025995498893777808
21643,0.07944238282349896
21644,0.10599660099757603
21645,0.3820412285887478
21646,0.05452754049721005
21647,0.13317724230862957
21648,0.028128834691429135
21649,0.0025825324952635665
21650,0.07970652753466508
21651,0.031149345893540428
21652,0.005763746320151072
21653,0.0458833265197636
21654,0.0319209923763739
21655,0.02554901533059058
21656,0.045499128614496606
21657,0.010847883583457158
21658,0.11135716071701766
21659,0.0
21660,0.06501275023144362
21661,0.0
21662,0.0012927431182307354
21663,0.1179505418426729
21664,0.056613441256303146
21665,0.02451044782457881
21666,0.045133140972375044
21667,0.04886133212007683
21668,1.0
21669,0.0335762830192675
21670,0.17372884761618104
21671,0.04257056572700732
21672,0.044984032877550525
21673,0.03426453322302616
21674,0.07145235990369252
21675,0.0
21676,0.020902981680532534
21677,0.2545072772413478
21678,0.0
21679,0.0
21680,0.0
21681,0.0037664193403507446
21682,0.021166402296294556
21683,0.050137648095359755
21684,0.008151986528616897
21685,0.0
21686,0.12476482903022326
21687,0.009079473597851027
21688,0.0
21689,0.0
21690,0.23734274704547992
21691,0.025986251119121465
21692,0.0
21693,0.05199875162493163
21694,0.01550273203826911
21695,0.15781416693137948
21696,0.04315077972710532
21697,0.024546805001985684
21698,0.0
21699,0.0
21700,0.042293880775388266
21701,0.16984156838294173
21702,0.06433907828313883
21703,0.08455017941422012
21704,0.07037323083894054
21705,0.016349377175152127
21706,0.05000578659790578
21707,0.003143126991482034
21708,0.02495405907792024
21709,0.17199723452698565
21710,0.1819031457721529
21711,0.0034428756826817217
21712,0.0076126980734469865
21713,0.0
21714,0.02301443568992648
21715,0.0
21716,0.017311610753516945
21717,0.023887945901226032
21718,0.0
21719,0.006031867502935922
21720,0.021612385876834825
21721,0.05401126645434042
21722,0.03431564861203472
21723,0.09101676418225686
21724,0.0
21725,0.0
21726,0.08992927283396304
21727,0.2031210424169696
21728,0.0
21729,0.0
21730,0.09503541998174166
21731,0.0
21732,0.03525350308135638
21733,0.021700647669743528
21734,0.007609171139320324
21735,0.028592379791518435
21736,0.0
21737,0.0
21738,0.0
21739,0.0038829241172491378
21740,0.0
21741,0.0
21742,0.029759742061140466
21743,0.03994055924422754
21744,0.0
21745,0.0
21746,0.014962541992219495
21747,0.0
21748,0.09839999345878413
21749,0.025867373746346
21750,0.06309713975204674
21751,0.0
21752,0.024480972631955863
21753,0.0
21754,0.1451545245591989
21755,0.0
21756,0.0
21757,0.0
21758,0.30495036763439476
21759,0.059808848619963315
21760,0.06111786149680021
21761,0.06084433979904491
21762,0.05431361645271608
21763,0.021276802133738688
21764,0.07697569977357306
21765,0.009101750179948045
21766,0.09448925692141713
21767,0.016579973705685785
21768,0.17148928388900703
21769,0.0
21770,0.022478603722055065
21771,0.0386545699112684
21772,0.06118196138240505
21773,0.0004700537687505
21774,0.0
21775,0.002596850607472491
21776,0.0
21777,0.05985243749917069
21778,0.010595052965167502
21779,0.0
21780,0.09568052557606095
21781,0.08790212674909595
21782,0.0
21783,0.16952319421225295
21784,0.010605758259036226
21785,0.03348313375078677
21786,0.0
21787,0.008793001073035532
21788,0.00831419262887755
21789,0.05657366282787718
21790,0.014584480393759914
21791,0.019379118610027824
21792,0.030519187881905874
21793,0.028275339655817036
21794,0.0
21795,0.018554094148549822
21796,0.22585538407500066
21797,0.22402575601946126
21798,0.10046443535191672
21799,0.0
21800,0.0
21801,0.04305502514700325
21802,0.07155643216017188
21803,0.07917777790744539
21804,0.01245125787710251
21805,0.0
21806,0.13321136670271308
21807,0.0
21808,0.03913897296225485
21809,0.0
21810,0.004142656947507095
21811,0.16592077936895458
21812,0.0
21813,0.18455411661990595
21814,0.1730807389986292
21815,0.16670439072413498
21816,0.0213196453650135
21817,0.026258653439307087
21818,0.2566143052313184
21819,0.11030248854259983
21820,0.35444925245152537
21821,0.10417870960251868
21822,0.2123756179334546
21823,0.0
21824,0.007301671897894225
21825,0.02128459062050405
21826,0.018440932752893324
21827,0.18184613680109468
21828,0.004708059610034091
21829,0.7065756095667689
21830,0.1342774411760853
21831,0.0980390012778841
21832,0.007553436334250591
21833,0.03806881766056625
21834,0.05486545176890839
21835,0.1236773666692235
21836,0.35229742095090666
21837,0.29005386894407215
21838,0.05041806756617439
21839,0.13514965570669518
21840,0.14854953444146946
21841,0.10079975123466017
21842,0.08461932935884035
21843,0.04410814462699322
21844,0.08272254545030071
21845,0.10139837448945994
21846,0.0
21847,0.3355529796522228
21848,0.13497299730095996
21849,0.20028687300209952
21850,0.3546824027322353
21851,0.16024582072110274
21852,0.5075806728581134
21853,0.08126419657211087
21854,0.3837203285563902
21855,0.05474893061297038
21856,0.041007638873967744
21857,0.02280858546571959
21858,0.07300182636950553
21859,0.18939030424446882
21860,0.07537440014842309
21861,0.024251934227422486
21862,0.1062218638865192
21863,0.08418331094670838
21864,0.34677904473716603
21865,0.04060976337069531
21866,0.07693961980699648
21867,0.08180774759747564
21868,0.0655391218345105
21869,0.005312927927523865
21870,0.08525851036924256
21871,0.08212179514356484
21872,0.0
21873,0.014356743177117859
21874,0.17800699613953758
21875,0.11150856777428678
21876,0.1787707977757542
21877,0.0
21878,0.020472626605725533
21879,0.043668759758351196
21880,0.017449101978075185
21881,0.3768866296988634
21882,0.02738595457419033
21883,0.0
21884,0.10638702056692033
21885,0.2595519318418901
21886,0.2502801031739224
21887,0.08000049346364842
21888,0.026938110123565496
21889,0.0
21890,0.016575783766211688
21891,0.0
21892,0.0
21893,0.06411651892663632
21894,0.08023953685578526
21895,0.020146159988954204
21896,0.07387631178179921
21897,0.18902981569112595
21898,0.24513152322740522
21899,0.0
21900,0.1493198639639078
21901,0.05275740899945353
21902,0.0
21903,0.02563973293432283
21904,0.014439419667162638
21905,0.03132703195844704
21906,0.21653386354927895
21907,0.0149997243649047
21908,0.04582436134413029
21909,0.009135047257696788
21910,0.1449752916422508
21911,0.015209326811819584
21912,0.11089058993964039
21913,0.4594245193931041
21914,0.07207280943552609
21915,0.08438247974641469
21916,0.009321912973157093
21917,0.024095665302484397
21918,0.04420057818212504
21919,0.06311834425014064
21920,0.023709124993960627
21921,0.15432881386161038
21922,0.1350821693849472
21923,0.06761386473754918
21924,0.11830165333054019
21925,0.06558725525107632
21926,0.10071111903651654
21927,0.03411827406204446
21928,0.037565905694143684
21929,0.02288052549570131
21930,0.1115168336529247
21931,0.08449623720413527
21932,0.07093028341327139
21933,0.020714618533851047
21934,0.03181024900220529
21935,0.0013803190199371657
21936,0.018185445900648203
21937,0.011246202530300477
21938,0.02463216723478932
21939,0.03464202153417847
21940,0.020975936101004032
21941,0.04001494503112384
21942,0.18168405662169473
21943,0.2111786436808291
21944,0.030086426762880886
21945,0.042294615346343545
21946,0.0021590719861445565
21947,0.09559309254202768
21948,0.03062426244271679
21949,0.02490638824550253
21950,0.04388725770089493
21951,0.01439840945315903
21952,0.2171939248335431
21953,0.04888002728886328
21954,0.02128356779169068
21955,0.03930369708291789
21956,0.0023536837418752362
21957,0.03636227092047401
21958,0.049940057546283105
21959,0.18313537520503267
21960,0.0720819831288062
21961,0.2019125197399994
21962,0.054868523524232986
21963,0.048448019953439926
21964,0.023817781908066545
21965,0.053160766437556475
21966,0.04387007787862917
21967,0.0
21968,0.11136816471184335
21969,0.06444357712603817
21970,0.35129094240631803
21971,0.10775188857262886
21972,0.004642454079057525
21973,0.10094331939887613
21974,0.054697097516551885
21975,0.03292471393334154
21976,0.0
21977,0.015486483881713014
21978,0.035200291619414376
21979,0.018432469313203574
21980,0.0012279460693814834
21981,0.0865727055923274
21982,0.05230459269211906
21983,0.047241086350302455
21984,0.04820966077076972
21985,0.12397307466642214
21986,0.1727640730111947
21987,0.3098662396742087
21988,0.062089135017657456
21989,0.02063707775878914
21990,0.09392030385832772
21991,0.01314145941262947
21992,0.08857383747010855
21993,0.0752139978863641
21994,0.11131334741462293
21995,0.06131362822317336
21996,0.050163322320725415
21997,0.01516110713628613
21998,0.04328640722342223
21999,0.013878630084417897
22000,0.15671144796203812
22001,0.06285176213022199
22002,0.0
22003,0.015384966829211645
22004,0.03050441741049322
22005,0.024977685717790788
22006,0.0863162698253965
22007,0.06871400934447586
22008,0.11456768781762895
22009,0.08480359623354615
22010,0.18108704412095755
22011,0.06340323678266978
22012,0.1937779488966035
22013,0.022702939049495847
22014,0.06483108883463526
22015,0.00970732496056012
22016,0.06490425757477289
22017,0.043621986535917506
22018,0.037880397986369
22019,0.04278468034486065
22020,0.025044094165160503
22021,0.025601063927542824
22022,0.0
22023,0.05521688369090551
22024,0.05318264263737189
22025,0.0120470239423398
22026,0.030829438918619397
22027,0.024043626889875682
22028,0.0
22029,0.13107722434599545
22030,0.030969393481105424
22031,0.1373114311473628
22032,0.06617191909206155
22033,0.10224766109498892
22034,0.3970035764029232
22035,0.08609064524306272
22036,0.1008932137929466
22037,0.064615328335477
22038,0.07588919863685775
22039,0.0551514209355331
22040,0.08513392513695596
22041,0.07422914771034247
22042,0.0
22043,0.2567892955734878
22044,0.07952410786909615
22045,0.11395282803607251
22046,0.05651991396777927
22047,0.051578805665164526
22048,0.0
22049,0.03481137866580458
22050,0.01006129445226183
22051,0.2871302008281725
22052,0.042050989260265646
22053,0.06712438096646225
22054,0.08423499121245309
22055,0.5993349609092712
22056,0.05179559103297265
22057,0.008747900070140098
22058,0.16989212381384172
22059,0.06871503371038333
22060,0.20567819556874886
22061,0.3166714077765598
22062,0.04964157739588093
22063,0.0
22064,0.007503461021916582
22065,0.06475600716803134
22066,0.027460590142804872
22067,0.13532608359937065
22068,0.20937908905152575
22069,0.006793038868277803
22070,0.17873458867350514
22071,0.018392780591975286
22072,0.07588312367256354
22073,0.009157290869698291
22074,0.01786087346918533
22075,0.030601211904712208
22076,0.0403949823142744
22077,0.0649421286593827
22078,0.012313383715093384
22079,0.09654194872438002
22080,0.13461360498907504
22081,0.20423529108128283
22082,0.12381543822915259
22083,0.045757295113434376
22084,0.13512473944156855
22085,0.2281269358297028
22086,0.19018580405171245
22087,0.05969997742747358
22088,0.009210180698921582
22089,0.03997883353329088
22090,0.0
22091,0.05022009988030392
22092,0.5000778597467694
22093,0.04159541120392963
22094,0.05498597584100166
22095,0.22789721912021849
22096,0.17667150700056175
22097,0.0
22098,0.052403068079865764
22099,0.06351484715946445
22100,0.21270877521337644
22101,0.209807256468909
22102,0.0
22103,0.06254837653248317
22104,0.042362412344977146
22105,0.10497849386115297
22106,0.14011154251362962
22107,0.13162289640764963
22108,0.17358115580037076
22109,0.24787231100261217
22110,0.09615189298733683
22111,0.056324151344883895
22112,0.06709876118725697
22113,0.03309840378542702
22114,0.2219344457650269
22115,0.8084263258112022
22116,0.0
22117,0.019729329960878058
22118,0.32914518411502247
22119,0.0
22120,0.08067078964727624
22121,0.21542621331424283
22122,0.04833270870578758
22123,0.06907855330747435
22124,0.020197584617374968
22125,0.05031556455800324
22126,0.0
22127,0.3745918620830264
22128,0.15374299160628685
22129,0.06934719140067067
22130,0.2004582652632656
22131,0.09428589617153885
22132,0.18723386460934954
22133,0.33193499929262527
22134,0.34110560344189816
22135,0.013788348538091605
22136,0.16670850877261104
22137,0.04099893826849767
22138,0.1155110154591681
22139,0.9229260178846331
22140,0.34893916753532245
22141,0.3360336401653441
22142,0.0
22143,0.03958867474083652
22144,0.11232142803906009
22145,0.04030232779140761
22146,0.022163729891294198
22147,0.021595128558823437
22148,0.05889527912042865
22149,0.0
22150,0.01121268394989044
22151,0.0
22152,0.02262336453687008
22153,0.012407949093915214
22154,0.07712548296853004
22155,0.07540239872251553
22156,0.09985276638747134
22157,0.09382524074495545
22158,0.17391691491161473
22159,0.07442998147505007
22160,0.10194553819212684
22161,0.1925875986373903
22162,0.0
22163,0.05800984171305759
22164,1.0
22165,0.938847054935998
22166,0.7993630126437821
22167,0.005533233408242655
22168,0.13561360009788004
22169,0.3241664754924002
22170,0.06458324601363076
22171,0.005216116034401786
22172,0.08932252308942762
22173,0.06598520195575139
22174,0.044454792525844354
22175,0.04047624077648804
22176,0.0
22177,0.33859229576396693
22178,0.0
22179,0.009892422383080142
22180,0.1775762810883139
22181,0.14854001246352835
22182,0.03819059675994676
22183,0.04693743467878854
22184,0.2292978087862976
22185,0.03169433383735675
22186,0.003135455600758127
22187,0.09599180058321705
22188,0.08180738812560197
22189,0.08044281121528893
22190,1.0
22191,0.6151608866592478
22192,0.7407837495687716
22193,0.0
22194,0.0326709836927108
22195,0.0
22196,0.3659696849912341
22197,0.022753724324387978
22198,0.20144952378404857
22199,0.04251639723265971
22200,0.07595878472014099
22201,0.019475037881848796
22202,0.1217500229691021
22203,0.13570108244720858
22204,0.16185785571744607
22205,0.14749683781167494
22206,0.35073849884723296
22207,0.44478298289148926
22208,0.17819111616960837
22209,0.1000998064073407
22210,0.04188672955122376
22211,0.03515359032994783
22212,0.10450298197119852
22213,0.07229432739461608
22214,0.06681775924339264
22215,0.0
22216,0.1477985638247936
22217,0.13270153241627025
22218,0.06385368956467977
22219,0.08201451395827489
22220,0.7626821029560213
22221,0.9883797053257518
22222,1.0
22223,0.236294417234375
22224,0.030973988639218922
22225,0.17800630165440218
22226,0.0
22227,0.2698703474573
22228,0.006181901775773501
22229,0.019808789438750675
22230,0.06045446113148977
22231,0.03656021266736558
22232,0.22160763302671327
22233,1.0
22234,0.07783564015445565
22235,0.08427326915338469
22236,0.07080136998405147
22237,0.14848560000497776
22238,0.066695475609286
22239,0.20476930376483374
22240,0.17800747793208632
22241,0.0
22242,0.08687646702474225
22243,0.09669965365919808
22244,0.07523258917181866
22245,0.048363192679350034
22246,0.048489072250490005
22247,0.3112992582405102
22248,0.3472387832981333
22249,0.1794424994419551
22250,0.0729640401004219
22251,0.0022151820692731935
22252,0.07914674330322873
22253,0.032450476375684885
22254,0.1642254879194165
22255,0.009806433366593637
22256,0.020010357681613453
22257,0.008095090015134834
22258,0.03769233241740346
22259,0.0535512296534685
22260,0.2514343295557648
22261,0.4523165277609995
22262,0.1943715711131932
22263,0.18024719678247272
22264,0.1421908141066017
22265,0.1840721630171064
22266,0.18146041867005794
22267,0.7161668237781381
22268,0.057994622380076584
22269,0.04563502243919016
22270,0.011664958437571305
22271,0.06865871562509483
22272,0.191746094973336
22273,0.1961959596627811
22274,0.35472330730469553
22275,0.23921946769422953
22276,0.18221809393185706
22277,1.0
22278,0.09501044640843334
22279,0.005213596972277847
22280,0.19413499439403828
22281,0.13905726277797045
22282,0.0
22283,0.07976575592142839
22284,0.3433826545321685
22285,0.04773560560095191
22286,0.018361821502032274
22287,0.02643749772092403
22288,0.053575695114104364
22289,0.14180964348884
22290,0.24392878197226597
22291,0.2381878428354085
22292,0.270838260626413
22293,0.21979780243040653
22294,0.13629263796823718
22295,0.14476637535483072
22296,0.23163240924432318
22297,0.008816571519650165
22298,0.009159501906009485
22299,0.18041673878871145
22300,0.06766188830365885
22301,0.07541705190062038
22302,0.40365478206347666
22303,0.19676293277744383
22304,0.0
22305,0.38716292304324285
22306,0.23864341082537918
22307,0.05428711953653496
22308,0.05490311331003962
22309,0.09447324938129142
22310,0.043898516465231484
22311,0.019764721548383775
22312,0.012180516092106589
22313,0.01681136445262228
22314,0.05256115839354467
22315,0.07115574988628244
22316,0.09137440548505162
22317,0.11975179945209873
22318,0.2204334128037404
22319,0.8064211179240375
22320,0.31255749397152194
22321,0.22458807334537365
22322,0.36767297233073143
22323,0.1110353154354112
22324,0.07785448961982061
22325,0.09179035563271559
22326,0.11931124279733733
22327,0.21733109554986788
22328,0.05856482528886184
22329,0.028132061452923213
22330,0.05479161255398514
22331,0.10033615023297202
22332,0.021150122021085748
22333,0.07540813339857047
22334,0.0018922349716856302
22335,0.0
22336,0.008759273328357832
22337,0.0
22338,0.0
22339,0.0
22340,0.02485604769973733
22341,0.020836916719122613
22342,0.0329365727504883
22343,0.06835223309697346
22344,0.18013362028335242
22345,0.2071431272340061
22346,0.17418330365345
22347,0.5623426293533832
22348,0.4732302002051679
22349,0.22037948612558814
22350,0.08488709961926598
22351,0.02566548849654687
22352,0.034824615465212296
22353,0.07756658871643558
22354,0.011495044295633082
22355,0.020953303046416814
22356,1.0
22357,0.05133104783503162
22358,0.0
22359,0.02822376209572071
22360,0.07357278462330742
22361,0.08851043970619793
22362,0.0
22363,0.021107132867915043
22364,0.040692905641717673
22365,0.012943158458868407
22366,0.0
22367,0.027325119933497958
22368,0.06855314183342127
22369,0.09559861688045874
22370,0.5687416885724575
22371,0.3172910796189144
22372,0.17317007694258924
22373,1.0
22374,0.24493893851475523
22375,0.3415292767076389
22376,0.18688933957862755
22377,0.02550382384551201
22378,0.04247356814802573
22379,0.020716818547438103
22380,0.05476104542155656
22381,0.044578607958297344
22382,0.03525624460386417
22383,0.10472408228273596
22384,0.34504374783737946
22385,0.05338793532923016
22386,0.2625484977626569
22387,0.004924990094435554
22388,0.08050282490811846
22389,0.13621339007915512
22390,0.0575619620320515
22391,0.18764374457897992
22392,0.016255893641939533
22393,0.004636095004350651
22394,0.04311899434219044
22395,0.11895268226582031
22396,1.0
22397,0.18111506531327784
22398,0.5578671782468927
22399,0.18877006925242004
22400,0.23726467536890536
22401,0.1698231904628194
22402,0.10392840266095721
22403,0.024941618472737077
22404,0.0
22405,0.024782499448389273
22406,0.02798438389298819
22407,0.0
22408,0.12771317741960314
22409,0.11127717443176326
22410,0.014761718826004957
22411,0.2328895439810526
22412,0.0
22413,0.04571544582643234
22414,0.20937923913746398
22415,0.006238905949254238
22416,0.08862007270921476
22417,0.17977712202354693
22418,0.02378334314959818
22419,0.13278646292519355
22420,0.16657662439576
22421,0.05866288254954099
22422,0.09369239274419235
22423,0.009290929767912784
22424,0.10133557325405572
22425,0.061735905244798654
22426,0.06509664911864627
22427,0.08462600929133467
22428,0.0
22429,0.0
22430,0.05332478631995287
22431,0.0
22432,0.10393242990654886
22433,0.039412701644032364
22434,0.01586862512407508
22435,0.08718227648235942
22436,0.027704061257976077
22437,0.044074595718199945
22438,0.03530028748077769
22439,0.15684981361892972
22440,0.338655368066581
22441,0.6182443639101473
22442,0.10792365772524692
22443,0.004656594067282652
22444,0.0
22445,0.02622073657903202
22446,0.012203510681664163
22447,0.041569951727505126
22448,0.0520548221417913
22449,0.010021467612544669
22450,0.0
22451,0.0
22452,0.014755522712106244
22453,0.01314928647153721
22454,0.0
22455,0.08606508095035356
22456,0.07595445375920273
22457,0.43161217334226987
22458,0.007214900820830275
22459,0.0
22460,0.0
22461,0.05250714370272654
22462,0.11439189534915944
22463,0.20629524110488465
22464,0.1191600160154611
22465,0.0008615732975877047
22466,0.17237035746626583
22467,0.0025923103246699632
22468,0.015974870915239192
22469,0.0
22470,0.044348901823265265
22471,0.09407052759421063
22472,0.05150717556823897
22473,0.0
22474,0.0
22475,0.2097387230975512
22476,0.0
22477,0.007592904315595415
22478,0.00907266706038203
22479,0.09501933479813797
22480,0.0677496934694081
22481,0.03757812385385889
22482,0.009319857827789869
22483,0.023781117689427478
22484,0.03286695037857437
22485,0.1959708178084961
22486,0.03605731684075224
22487,0.01520246610493065
22488,0.05782543434332804
22489,0.002734792014817751
22490,0.07783409839570554
22491,0.2807143921901992
22492,0.04356046523352641
22493,0.17270220087834948
22494,0.07769653801318833
22495,0.022369234866719493
22496,0.026257717977541426
22497,0.031640701486888786
22498,0.02567862748451395
22499,0.24290049604358982
22500,0.0
22501,0.2090906822214564
22502,0.02179851100883461
22503,0.05103059784710562
22504,0.08375152125426452
22505,0.006665931929752051
22506,0.33489475418935705
22507,0.8179936424960497
22508,0.11333617510506437
22509,0.05955565113881001
22510,0.006205573506314105
22511,0.09559569335772694
22512,0.02438349459835374
22513,0.03161403844415664
22514,0.08925522440254267
22515,0.14552725570987535
22516,0.0947925985023203
22517,0.9531965413391514
22518,0.06037146957724809
22519,0.0
22520,0.06034801002358453
22521,0.07391358367169257
22522,0.012937185857477424
22523,0.03196669367680799
22524,0.08971626926160985
22525,0.35720563378771025
22526,0.03466672095248342
22527,0.18398141009937224
22528,0.0
22529,0.0660906280573698
22530,0.09412445891345265
22531,0.052108125593624335
22532,0.026280078495702134
22533,0.05020730252092516
22534,0.04307039987570056
22535,0.015603086557136927
22536,0.0
22537,0.0762356281311409
22538,0.010417118353939535
22539,0.05959750714905906
22540,0.020937835141955335
22541,0.0
22542,0.0
22543,0.0
22544,0.09476043837084257
22545,0.0476225498904472
22546,0.040248200897081775
22547,0.03525554303323783
22548,0.013755559540881968
22549,1.0
22550,0.023280189342641158
22551,0.13495716822040604
22552,0.060814379304611
22553,0.01229597284787743
22554,0.039951175640747315
22555,0.0393869944622919
22556,0.0
22557,0.005384767368597982
22558,0.22305096203124694
22559,0.012154370431812486
22560,0.0
22561,0.02631448408723981
22562,0.10542024832415921
22563,0.0
22564,0.0
22565,0.12675068740722645
22566,0.012246012811915922
22567,0.045334779273634135
22568,0.0
22569,0.22624367204062576
22570,0.02321141327016608
22571,0.0
22572,0.016944595618507224
22573,0.0
22574,0.08300198057395008
22575,0.0029351482640369284
22576,0.0
22577,0.17049223454849385
22578,0.060459790158616446
22579,0.020877079119351633
22580,0.0
22581,0.05831535328110532
22582,0.16503143548877816
22583,0.046103949652647705
22584,0.05906329749705653
22585,0.10525162628857175
22586,0.01642317815445718
22587,0.0
22588,0.007832564511427954
22589,0.19194656342782004
22590,0.1710333094922512
22591,0.0
22592,0.013159069316409474
22593,0.02057301543579203
22594,0.0
22595,0.0
22596,0.0
22597,0.010768585473922669
22598,0.027398943352037814
22599,0.0
22600,0.008238718769797523
22601,0.013624506585528285
22602,0.0
22603,0.0
22604,0.042984609704487774
22605,0.05935221139277415
22606,0.12213175687443706
22607,0.061327107363586424
22608,0.13583373444682162
22609,0.0
22610,0.0
22611,0.018725747278483456
22612,0.012343767629261492
22613,0.01682641015170233
22614,0.0006550056228494859
22615,0.029476777113228825
22616,0.0028068919801813204
22617,0.022879778881768318
22618,0.005657089108534383
22619,0.0
22620,0.0
22621,0.051050533437912174
22622,0.01792224280656535
22623,0.03215873132966424
22624,0.011548063040997017
22625,0.017938464502592816
22626,0.0
22627,0.0
22628,0.0016327630834479946
22629,0.0
22630,0.09854437137430415
22631,0.03641892371581715
22632,0.0
22633,0.0013377579533846806
22634,0.010919661260494918
22635,0.1427651365684474
22636,0.0
22637,0.21932342648668382
22638,0.039665951521702186
22639,0.02012180106650744
22640,0.05145460182972046
22641,0.0
22642,0.06430287379501444
22643,0.02035890073799831
22644,0.08923166884591041
22645,0.1653963507692031
22646,0.0
22647,0.2367145531596895
22648,0.0
22649,0.0
22650,0.05988588573819645
22651,0.0
22652,0.011164198040553292
22653,0.0
22654,0.06426038645410617
22655,0.0014173038891681763
22656,0.0016033020442240008
22657,0.08534597196439932
22658,0.09993878670704837
22659,0.0
22660,0.13077021603922356
22661,0.018063531553757794
22662,0.026314599787478077
22663,0.0
22664,0.021012776260392454
22665,0.0174857990494729
22666,0.00627370401982729
22667,0.049594446388839995
22668,0.01857600684941238
22669,0.013892420218342284
22670,0.027105368495524813
22671,0.02100943194435496
22672,0.0
22673,0.0
22674,0.0
22675,0.012945080970041947
22676,0.18579250431358071
22677,0.23272877763688987
22678,0.02096800641711385
22679,0.09533028526159013
22680,0.006076160057775875
22681,0.02822657730531962
22682,0.04277142150219437
22683,0.1347877730583178
22684,0.036217472167799504
22685,0.15481828634689393
22686,0.0
22687,0.16650957359134524
22688,0.0
22689,0.1051605941013618
22690,0.00832303696796886
22691,0.033260502398595335
22692,0.14803084507388006
22693,0.04303646463053872
22694,0.22492010505738472
22695,0.295895762082573
22696,0.1131172702583904
22697,0.23486565851939636
22698,0.0
22699,0.0747831928200099
22700,0.02874766683093019
22701,0.015797182827999665
22702,0.0
22703,0.022398335479667675
22704,0.0
22705,0.7056453706872806
22706,0.1804313838542281
22707,0.0
22708,0.09224851367103705
22709,0.07496549990377828
22710,0.021852092126124465
22711,0.031950651013561135
22712,0.01695045679661825
22713,0.02589905304101227
22714,0.04279355094236519
22715,0.059624497479655286
22716,0.35529961237793156
22717,0.37218460133565767
22718,0.015602619845769347
22719,0.0
22720,0.19571616636232014
22721,0.07216736372650442
22722,0.004863048833669063
22723,0.0711734724635743
22724,0.07174538013532547
22725,0.03748792457398118
22726,0.023086371943454694
22727,0.3292209090756606
22728,0.03103454657235877
22729,0.23132186147177625
22730,0.3341460568692048
22731,0.13201378111016748
22732,0.43599219707430314
22733,0.05112720747125848
22734,0.37631679320903705
22735,0.04831546902005908
22736,0.030879967178209372
22737,0.09885409178852698
22738,0.17166781346481502
22739,0.05067448301471012
22740,0.009721799135910474
22741,0.0
22742,0.008912772041641393
22743,0.344529383207071
22744,0.0252779953947359
22745,0.05447237386995747
22746,0.13687686405123056
22747,0.09219412819408856
22748,0.10396777096658966
22749,0.037884441118020834
22750,0.024038315318673065
22751,0.030445089741194142
22752,0.08274559906771721
22753,0.15491583163339118
22754,0.024066296451088997
22755,0.13576117777267652
22756,0.050007308263299535
22757,0.059164148864515924
22758,0.21934934599494366
22759,0.10119130229368856
22760,0.08115304655111424
22761,0.3591309029100888
22762,0.2955304526969589
22763,0.009865696947583824
22764,0.0
22765,0.10438896899934001
22766,0.026602528443997263
22767,0.0
22768,0.0017227365991495148
22769,0.03602297196043479
22770,0.09506737944692069
22771,0.0594993927807966
22772,0.14661292696571454
22773,0.19010696114357312
22774,0.0
22775,0.0
22776,0.0
22777,0.03789720125253126
22778,0.0
22779,0.03341102255107672
22780,0.02021405328026235
22781,0.04939103196635434
22782,0.27240793944719155
22783,0.008162867347799715
22784,0.028543932207198943
22785,0.11040940611392418
22786,0.04719481073523504
22787,0.16527392661810347
22788,0.5037654573205966
22789,0.12592017593006374
22790,0.042949867987487324
22791,0.0
22792,0.0338265824792993
22793,0.034820530010779845
22794,0.0754637269759473
22795,0.002197511733149761
22796,0.01546240020217131
22797,0.13792253054519263
22798,0.18257779520316827
22799,0.042919583110292
22800,0.10572386680702052
22801,0.06943481017274941
22802,0.0
22803,0.0710556135784736
22804,0.045354887870998936
22805,0.035119437417808264
22806,0.032237842013083176
22807,0.0
22808,0.13837903035333068
22809,0.06608537268450711
22810,0.05655511472657304
22811,0.016337756210075348
22812,0.03548156378601232
22813,0.01585270089257813
22814,0.00830156898556452
22815,0.007349218113808656
22816,0.026761405167456467
22817,0.027988257396361352
22818,0.027925911908834544
22819,0.18059863966645698
22820,0.17278733562767243
22821,0.07521759098669252
22822,0.033371422505949204
22823,0.00999749851340265
22824,0.060582235125768914
22825,0.03954520523965438
22826,0.01243550985506944
22827,0.06362644195032853
22828,0.021289722010511356
22829,0.06475762658667604
22830,0.2075413210863482
22831,0.02976379092856346
22832,0.04011146270252249
22833,0.053501683116346926
22834,0.0008551340814114917
22835,0.06339549321051083
22836,0.05216644565673579
22837,0.17912256857714529
22838,0.17265331663095232
22839,0.15980421195803735
22840,0.07170230856112082
22841,0.028070881982605125
22842,0.03971745491519329
22843,0.04313830047743516
22844,0.04870702094297391
22845,0.11146434198775829
22846,0.047977779939290116
22847,0.48419630340074954
22848,0.10400843004619142
22849,0.0
22850,0.11266248040351892
22851,0.007634220907045201
22852,0.0
22853,0.0
22854,0.012206093354663364
22855,0.0814346751561999
22856,0.018702355869783704
22857,0.01072228710258637
22858,0.027168369691567988
22859,0.11080385786945358
22860,0.09979016667825791
22861,0.018590208841399277
22862,0.06297484820071866
22863,0.11382962149335088
22864,0.1748365096213756
22865,0.29800314931990585
22866,0.061825185737084565
22867,0.017125914294180682
22868,0.05846209417139349
22869,0.013884346695989928
22870,0.03578787605735337
22871,0.05357532405814061
22872,0.05490700353407292
22873,0.12357767852416117
22874,0.0360753434571812
22875,0.06790642356017353
22876,0.03592292869791278
22877,0.050256360246088407
22878,0.02652428534088878
22879,0.14678446517845767
22880,0.005854335851513754
22881,0.04118486548426343
22882,0.030226931360285914
22883,0.0034129680905732743
22884,0.05351041575332052
22885,0.03325096890574591
22886,0.0761611258810971
22887,0.09566011570280572
22888,0.08541800377873031
22889,0.07259755176107843
22890,0.18855051615113974
22891,0.12824143513517344
22892,0.18989929821278553
22893,0.0013879545365530778
22894,0.09679286678184464
22895,0.0002947666049336817
22896,0.053124692357256795
22897,0.029750498328153928
22898,0.0586990593792709
22899,0.043313206848109374
22900,0.02138970861409136
22901,0.044881045363353286
22902,0.003986194009420899
22903,0.03592963863561264
22904,0.03902320450143281
22905,0.0
22906,0.07583319589842744
22907,0.015012687087095614
22908,0.00303533273445377
22909,0.11821772017598016
22910,0.021211859852329703
22911,0.029871419230484152
22912,0.1261959163643349
22913,0.03588289686707398
22914,0.14918946786608103
22915,0.3017936332690085
22916,0.095234343708071
22917,0.09706937695554493
22918,0.06103815421036829
22919,0.09410433469512497
22920,0.07334708899206471
22921,0.07946359389005628
22922,0.06469411409825428
22923,0.0
22924,0.33093801488357477
22925,0.13352394257338515
22926,0.08144134038004916
22927,0.05166202835464411
22928,0.040963629400051806
22929,0.0
22930,0.011610798685506322
22931,0.03766832473734881
22932,0.00551371534567934
22933,0.29643046941743334
22934,0.04800974611202887
22935,0.05347579073043904
22936,0.09554470144744506
22937,0.6056728406738917
22938,0.0834804210133638
22939,0.02038913816105182
22940,0.20201574766963848
22941,0.11134130749296771
22942,0.2233752828520545
22943,0.26333448041606305
22944,0.025594759717975417
22945,0.008380879126875004
22946,0.024961594232443537
22947,0.05355669202413807
22948,0.11225947944011104
22949,0.17173815694029518
22950,0.03222588566125359
22951,0.08995680130700574
22952,0.04425617539225444
22953,0.0668433389892345
22954,0.014674250152847006
22955,0.03087584109926229
22956,0.0573623976097336
22957,0.008723093967346914
22958,0.11379075601135033
22959,0.12340082204342886
22960,0.1932119331895585
22961,0.14380531564728952
22962,0.0156274311097427
22963,0.11258098635670627
22964,0.16718746847138183
22965,0.19028738113344976
22966,0.08279464668917283
22967,0.015453229663794798
22968,0.05807612996232248
22969,0.5441003144787147
22970,0.021411287774364664
22971,0.08852862111974953
22972,0.24091843752417255
22973,0.14815715724785014
22974,0.0
22975,0.010922405141475008
22976,0.00013280431480513436
22977,0.06465038983220658
22978,0.06354839887034157
22979,0.19569612392912772
22980,0.19403309213960165
22981,0.0
22982,0.07457574184733806
22983,0.05457176033553415
22984,0.13676222079724798
22985,0.1714381247840449
22986,0.13504736420183017
22987,0.1520528545735186
22988,0.21356197799834506
22989,0.08071156428392974
22990,0.08423955321670397
22991,0.08564821185582187
22992,0.003413234014167528
22993,0.2399614417691687
22994,0.9284697833664334
22995,0.0
22996,0.01638907106743454
22997,0.34100402759343046
22998,0.0
22999,0.03965018191681885
23000,0.19907992380406522
23001,0.0
23002,0.01073357133113574
23003,0.05728955260689576
23004,0.057983677283209384
23005,0.0023752752001622588
23006,0.051756114663763966
23007,0.0
23008,0.43510381101428947
23009,0.0
23010,0.06525369225773651
23011,0.21841961017575703
23012,0.13218840539309237
23013,0.2161344817701671
23014,0.33283625133358824
23015,0.3646805978027725
23016,0.14280858346442793
23017,0.0976144778606335
23018,0.052201903605231394
23019,0.9088839605444541
23020,0.3253680744377163
23021,0.3540553567143955
23022,0.0428254723968043
23023,0.18609600502240733
23024,0.16202141126225614
23025,0.03305259211341201
23026,0.011938139679909818
23027,0.07978603881953496
23028,0.0
23029,0.0
23030,0.04006808186247995
23031,0.0647322676508215
23032,0.09749743619955203
23033,0.07362501781661879
23034,0.0664383639377158
23035,0.09432153406568024
23036,0.19397156202067067
23037,0.19520250780190623
23038,0.0
23039,0.1352059743958693
23040,0.1984309942192671
23041,0.0
23042,0.03093489652554006
23043,1.0
23044,0.791549502575031
23045,0.6871289237903838
23046,0.0
23047,0.012001551723120599
23048,0.1121874210494244
23049,0.3621376331729204
23050,0.07986393894548534
23051,0.0026186311890988357
23052,0.0304159599715621
23053,0.0
23054,0.0
23055,0.06904899817262895
23056,0.08135396185743847
23057,0.05491528466013975
23058,0.0
23059,0.35708578786979633
23060,0.00012165878508934146
23061,0.0034869091606790506
23062,0.17767949805880828
23063,0.14905193226399083
23064,0.0189960495062334
23065,0.05138635706670981
23066,0.22793932428268018
23067,0.048673796652487576
23068,0.025860064574244692
23069,0.0893825814798006
23070,0.10153194632551646
23071,0.09820867797307746
23072,1.0
23073,0.6514340974265781
23074,0.6876759449694952
23075,0.009079538884508024
23076,0.027284098277146524
23077,0.0
23078,0.38818794401810147
23079,0.03829357982117496
23080,0.18655630650526542
23081,0.05769497109460828
23082,0.09689136219085372
23083,0.009925273960910233
23084,0.10171076250134625
23085,0.12350916500142352
23086,0.14825371488673073
23087,0.22807450078530198
23088,0.3571223355185883
23089,0.4490402304300595
23090,0.1854175798668427
23091,0.09523917778059585
23092,0.04240901885834718
23093,0.03758348505584569
23094,0.07298913712078796
23095,0.06139337147979192
23096,0.0
23097,0.11179050309247901
23098,0.21160483913667122
23099,0.07221088053633867
23100,0.12181298860760344
23101,0.05064589676998152
23102,0.760148426970343
23103,0.996093761008081
23104,1.0
23105,0.24905096198499524
23106,0.052277205031984755
23107,0.17710833814633847
23108,0.3465252039494136
23109,0.020593782463050263
23110,0.02468813491042796
23111,0.10114897543560779
23112,0.02145213242668619
23113,0.21439137069768982
23114,1.0
23115,0.05988857472887528
23116,0.08651168023384313
23117,0.07474856747537834
23118,0.1633790592318057
23119,0.06291451410956056
23120,0.19351941121337732
23121,0.17769896721883238
23122,0.0
23123,0.06057971983756887
23124,0.08960228179381159
23125,0.05424486545023103
23126,0.06463476703747142
23127,0.1258609113958325
23128,0.235858492780136
23129,0.34693735392421704
23130,0.12190033647012886
23131,0.09225674543049718
23132,0.003066659447834678
23133,0.039442125719330284
23134,0.03747745579966335
23135,0.13907160903188467
23136,0.0
23137,0.0239158584194762
23138,0.03052751851883119
23139,0.016169878223597372
23140,0.018764183719911103
23141,0.03274896444141715
23142,0.029779996019216836
23143,0.18692795201850662
23144,0.4624907346397535
23145,0.18552560951154645
23146,0.1839189562734765
23147,0.10629721453989838
23148,0.1843223144493118
23149,0.13578809275993914
23150,0.7065144765605769
23151,0.050334701082658195
23152,0.030214324339541913
23153,0.03098764719842504
23154,0.0773161311805929
23155,0.16542112835698453
23156,0.1735737348349903
23157,0.34696608151103825
23158,0.21347920283867605
23159,0.11536251976895667
23160,1.0
23161,0.08608147415663055
23162,0.0
23163,0.10604973832132056
23164,0.11962095000265999
23165,0.004416518041067243
23166,0.05810474475841959
23167,0.19263899108285493
23168,0.05121768742006471
23169,0.018440224694905333
23170,0.015820688401148687
23171,0.03392909914599073
23172,0.11218269451366743
23173,0.2214530777521164
23174,0.231312454578907
23175,0.22488561901814902
23176,0.19897734861549204
23177,0.10266649631160457
23178,0.09931973636795918
23179,0.23398980969971653
23180,0.025307079086403537
23181,0.16423884617092138
23182,0.08488471578221474
23183,0.015044405158817097
23184,0.3720471681765193
23185,0.18764685357823932
23186,0.003758969054101776
23187,0.3446414556062384
23188,0.20787380288382792
23189,0.0
23190,0.06529060649106408
23191,0.052591438696315766
23192,0.09500995367384503
23193,0.001995206294444517
23194,0.010578026402525259
23195,0.0
23196,0.02236820050080553
23197,0.03434093580733363
23198,0.09666806680305967
23199,0.10447719002598897
23200,0.11212814923744134
23201,0.3035584794451008
23202,0.8529238180782491
23203,0.21662513524335958
23204,0.22178337552315863
23205,0.39369495811409694
23206,0.1414612966349124
23207,0.030340291391431625
23208,0.032838693024862496
23209,0.08478049137813913
23210,0.1668797238220161
23211,0.225612880956161
23212,0.06564184752419966
23213,0.06695379653958809
23214,0.0677967307637659
23215,0.07990106534741434
23216,0.007745784668398685
23217,0.016140893154092516
23218,0.07092902357004544
23219,0.010334722124383997
23220,0.03322823278862779
23221,0.006163318851875079
23222,0.0
23223,0.0008871719311961149
23224,0.016308590805402718
23225,0.03158028220416924
23226,0.03990844691685381
23227,0.07321319677213264
23228,0.18802539917624736
23229,0.1826993982864987
23230,0.14096245724303777
23231,0.518717553295883
23232,0.4627245368869516
23233,0.20018130031744524
23234,0.034358136352784285
23235,0.0
23236,0.05501759301937974
23237,0.07950870986340663
23238,0.0
23239,0.006855863837692564
23240,1.0
23241,0.03586300477566545
23242,0.011240619944324154
23243,0.09561728197011772
23244,0.04996299089985612
23245,0.09726818837303064
23246,0.0
23247,0.0405824781240622
23248,0.0
23249,0.0002459288904649343
23250,0.010949589417811764
23251,0.005849153686935746
23252,0.03619774842332364
23253,0.06554553336651592
23254,0.1052190931723
23255,0.6185383923047704
23256,0.23886174141265828
23257,0.1858362600343881
23258,1.0
23259,0.2832419739664703
23260,0.34670917613122365
23261,0.17939270463584728
23262,0.0
23263,0.022381165311747726
23264,0.02136320496080043
23265,0.08743017759148448
23266,0.03263775945770833
23267,0.027133880415389403
23268,0.04353243302346978
23269,0.3456431671635398
23270,0.05019038041251167
23271,0.20577666157635102
23272,0.026704542755625497
23273,0.10812284904588364
23274,0.13302722827131278
23275,0.12254124286709599
23276,0.1880432175198796
23277,0.011401797442129215
23278,0.0
23279,0.0
23280,0.0
23281,0.027328735782114102
23282,0.13324415797170835
23283,1.0
23284,0.23761925923766716
23285,0.5267844639812705
23286,0.19291689184312766
23287,0.25847244805362235
23288,0.1479899355528215
23289,0.17779626774478516
23290,0.016817349232362704
23291,0.0
23292,0.017737025141139697
23293,0.0
23294,0.0
23295,0.07549746590158321
23296,0.10003292689583088
23297,0.06776440759273332
23298,0.15773550211183887
23299,0.007209603631391371
23300,0.051518421966249
23301,0.0
23302,0.20366443289425895
23303,0.00656167383319537
23304,0.09388805732878469
23305,0.18682148126883993
23306,0.0435764648526839
23307,0.03817540163129951
23308,0.16795599502221698
23309,0.06883472700175913
23310,0.06456019038654026
23311,0.0
23312,0.10386878426020152
23313,0.07250614996525624
23314,0.013058400757934156
23315,0.1000667582719457
23316,0.06358086460295626
23317,0.01818914367096922
23318,0.0
23319,0.11374858539228362
23320,0.0
23321,0.0
23322,0.015852946473260812
23323,0.029215425841844778
23324,0.04450860558625487
23325,0.08411919341995268
23326,0.04425485754515381
23327,0.03639654053634434
23328,0.0067338726653604535
23329,0.059732479868854195
23330,0.1799777953753698
23331,0.2719503198721031
23332,0.6135722353864311
23333,0.1235306644755887
23334,0.04810546875370094
23335,0.016693455081353684
23336,0.06491251167008129
23337,0.08732512327562962
23338,0.0
23339,0.0
23340,0.0
23341,0.009802716474309027
23342,0.0
23343,0.0
23344,0.006098006307342972
23345,0.07337887671580254
23346,0.08112037383818796
23347,0.3450868310733726
23348,0.001773835575492786
23349,0.00881523630198999
23350,0.019344782100961386
23351,0.05797587694088636
23352,0.11125223849935503
23353,0.30763459589432013
23354,0.1347470189076341
23355,0.15847449196982263
23356,0.026330636821838525
23357,0.0
23358,0.12007331299518025
23359,0.10542967462855239
23360,0.06098386794221155
23361,0.0
23362,0.0
23363,0.017333416076428975
23364,0.20938315628346568
23365,0.0
23366,0.0
23367,0.009177006125834311
23368,0.0051754569864742575
23369,0.11057927287414018
23370,0.04911322649153511
23371,0.05350979320482991
23372,0.012990406163522273
23373,0.03217177268047709
23374,0.014121190289181226
23375,0.20645089239991288
23376,0.02707653059587229
23377,0.009140708901599291
23378,0.07458675121593591
23379,0.03600603536760534
23380,0.03850703321719326
23381,0.19630390319217703
23382,0.03971259402723781
23383,0.11557451226734128
23384,0.05970661513978328
23385,0.026021483362776272
23386,0.042262237770554066
23387,0.007405480548963058
23388,0.02356758655997267
23389,0.04822735860052245
23390,0.24316824434894893
23391,0.18255050404625273
23392,0.0203166341537522
23393,0.05198472365972943
23394,0.0647530015769521
23395,0.0
23396,0.0
23397,0.36296645763819224
23398,0.7498710267662819
23399,0.04710181085549067
23400,0.057564500656408196
23401,0.10257809259093902
23402,0.10668435938032872
23403,0.0
23404,0.12439246698776729
23405,0.14401743088690439
23406,0.08581012704171014
23407,0.9400308565296684
23408,0.03264636513659623
23409,0.009250329996639469
23410,0.05012902203594658
23411,0.026243323013299267
23412,0.04277305379463214
23413,0.0172509948170965
23414,0.11349875903156341
23415,0.3522009652380756
23416,0.08114422147342717
23417,0.16171640655529593
23418,0.010753716782862844
23419,0.04033847125721366
23420,0.09169941403220809
23421,0.03454298225804465
23422,0.027936524801900293
23423,0.03781495975903819
23424,0.034859509341115036
23425,0.002026274583689716
23426,0.0
23427,0.0511953255666213
23428,0.023945818845085516
23429,0.1298788235323957
23430,0.005155532458997302
23431,0.039245748282671244
23432,0.0
23433,0.03219739955427742
23434,0.07523333261697755
23435,0.054407291399970005
23436,0.0053774201182458965
23437,0.005042595578200384
23438,1.0
23439,0.016773745499731343
23440,0.10429174113231748
23441,0.0498476995175704
23442,0.006166268860116157
23443,0.06710537796264379
23444,0.040304937250788965
23445,0.0
23446,0.006922929963027732
23447,0.26063016666998573
23448,0.003638182490944749
23449,0.0
23450,0.027753342402965432
23451,0.11412081570419139
23452,0.004041145489972931
23453,0.11894292869089848
23454,0.0320188560313501
23455,0.00853250922340938
23456,0.03915134210952124
23457,0.18935208594449895
23458,0.0
23459,0.02280734139986591
23460,0.06490023599010013
23461,0.016000532792890234
23462,0.16648122096794998
23463,0.05440389020644479
23464,0.0043298893102401495
23465,0.0
23466,0.08110962476091634
23467,0.16340472784306262
23468,0.09618968598854707
23469,0.03559989442955148
23470,0.07529647994730329
23471,0.013306161511866433
23472,0.05661892455196796
23473,0.0
23474,0.0046055233801836895
23475,0.1843115177133741
23476,0.18613616055876875
23477,0.0
23478,0.029468650735100334
23479,0.012949519175565404
23480,9.144625270051391e-05
23481,0.0
23482,0.035283139627094486
23483,0.01620365891132625
23484,0.004708768485048086
23485,0.0
23486,0.010932482742098341
23487,0.025637176755498994
23488,0.016946906553501274
23489,0.07610282863616813
23490,0.048843271936063554
23491,0.12036397986928463
23492,0.0
23493,0.0
23494,0.19481651961813745
23495,0.0
23496,0.0
23497,0.040335457447767994
23498,0.018934128690296054
23499,0.013002519797035235
23500,0.027109398310600268
23501,0.0
23502,0.018333708110808353
23503,0.011557044266569932
23504,0.0
23505,0.0
23506,0.0
23507,0.07724401179290079
23508,0.005859184251707381
23509,0.027424790438838997
23510,0.008901069990900063
23511,0.012180731968725728
23512,0.0
23513,0.1490853579567118
23514,0.012223844423365101
23515,0.06958921297829454
23516,0.0
23517,0.0
23518,0.0
23519,0.10217299328846279
23520,0.004644179024808539
23521,0.0
23522,0.3322392314080463
23523,0.050240453892483224
23524,0.014481774982977307
23525,0.0616598963290662
23526,0.0
23527,0.0
23528,0.06537298563396471
23529,0.021566355465465988
23530,0.11212329475966777
23531,0.10217783674332355
23532,0.17886625588149374
23533,0.01543640191667733
23534,0.021738162543390206
23535,0.0
23536,0.023696673822437776
23537,0.0
23538,0.007351263457527356
23539,0.0
23540,0.041320033565061226
23541,0.002861905655889887
23542,0.003693472403255623
23543,0.08525599841498656
23544,0.039725308498069795
23545,0.18795955146815974
23546,0.0
23547,0.006267860650942578
23548,0.0025938654967196193
23549,0.009947719531302648
23550,0.013963380947513145
23551,0.06291685217181014
23552,0.016875177231615662
23553,0.016702953654722085
23554,0.021361523818892354
23555,0.04137752119937193
23556,0.0
23557,0.0
23558,0.02782806733722392
23559,0.05047986905241067
23560,0.18597860213677392
23561,0.1826553181222391
23562,0.0028433981406322927
23563,0.08831146879449973
23564,0.0
23565,0.05792317767426917
23566,0.11482557024342485
23567,0.0
23568,0.03854731797434026
23569,0.030922283335432215
23570,0.03926161995455841
23571,0.01784690923809225
23572,0.14321162647070795
23573,0.0
23574,0.05758505005599112
23575,0.0
23576,0.1840272335328474
23577,0.021406444791421297
23578,0.04748946481529468
23579,0.07609942269294598
23580,0.1801934798004367
23581,0.06243710870880706
23582,0.14469871058578873
23583,0.06443835453178014
23584,0.36658453204506347
23585,0.11654024507033038
23586,0.19109758994729786
23587,0.05147456896160568
23588,0.07523132699586015
23589,0.02095248424170594
23590,0.01845822819256046
23591,0.08333689072117552
23592,0.023144239928835752
23593,0.9340511478723109
23594,0.20877192992245713
23595,0.039475979717498486
23596,0.014127001104565806
23597,0.08364812312768219
23598,0.025086714129170712
23599,0.02731108655927413
23600,0.02213064068867023
23601,0.01503966025828668
23602,0.11777477118610385
23603,0.17898610993419714
23604,0.47510324390334413
23605,0.39812946932622006
23606,0.013400453597576304
23607,0.25467323684565185
23608,0.024191638072006666
23609,0.0
23610,0.05163569083322437
23611,0.03207754250383251
23612,0.07116771274711615
23613,0.059341790900621964
23614,0.03165228658787526
23615,0.35329848435353345
23616,0.1639415724606558
23617,0.202137340135594
23618,0.6284054176923355
23619,0.10221791554370005
23620,0.49999154581977195
23621,0.0
23622,0.037940308032200304
23623,0.37845392434131836
23624,0.053408627193766205
23625,0.06945425379092036
23626,0.018551851862924573
23627,0.09685149274460547
23628,0.11995051413857949
23629,0.09295135475232913
23630,0.0
23631,0.0
23632,0.08228830478246278
23633,0.3119760446325032
23634,0.06296796059902948
23635,0.0430728031180942
23636,0.058160513022274006
23637,0.09768300435525011
23638,0.10012008322381676
23639,0.0261383835126563
23640,0.02855543573717251
23641,0.0
23642,0.09990646484278126
23643,0.049099942177448834
23644,0.0846847022484981
23645,0.21979367884391937
23646,0.0
23647,0.05979416361998024
23648,0.0
23649,0.04334621038461778
23650,0.04560063174690033
23651,0.01377289661082422
23652,0.3569331918169763
23653,0.15982156871687983
23654,0.042188181860922956
23655,0.26633124806324987
23656,0.40521788942923753
23657,0.0
23658,0.0
23659,0.051971924462761145
23660,0.0
23661,0.0
23662,0.0
23663,0.06315896719298983
23664,0.11528667424418355
23665,0.25145018397496555
23666,0.20354632167734632
23667,0.0
23668,0.16104225268852632
23669,0.021401497247607072
23670,0.04626859859137517
23671,0.030893739654495066
23672,0.324592993646494
23673,0.0
23674,0.020909114119775602
23675,0.03558022426672238
23676,0.06904973728437107
23677,0.1107620125623068
23678,0.3619528607766755
23679,0.09499986105999451
23680,0.04892669318730853
23681,0.03798056901127785
23682,0.08372083729304315
23683,0.08288272186236881
23684,0.0
23685,0.00734997004020939
23686,0.040975445134851234
23687,0.01717154773016111
23688,0.09496764029743336
23689,0.14988792880100874
23690,0.05865885932100495
23691,0.11127940346416076
23692,0.09159949840606196
23693,0.0
23694,0.04577220273365828
23695,0.04343633501451938
23696,0.01746855338721428
23697,0.005251175459059924
23698,0.0
23699,0.11124732463287615
23700,0.037831761775820726
23701,0.07150485128973277
23702,0.038775116588798765
23703,0.03136508823715588
23704,0.02489872476243972
23705,0.011847737457437883
23706,0.00593326885668363
23707,0.023514684826412707
23708,0.025333553806773525
23709,0.016030244939030523
23710,0.021698223800028806
23711,0.01912794324304841
23712,0.15967866314395443
23713,0.17043411041056641
23714,0.04950975197132798
23715,0.00678401849867406
23716,0.0
23717,0.10820241046246393
23718,0.024699035576836118
23719,0.094390012486624
23720,0.0
23721,0.03762675717256087
23722,0.24380294692591928
23723,0.0179880093421634
23724,0.01626784924813037
23725,0.05087906191618909
23726,0.0
23727,0.04493504010589438
23728,0.080404906408056
23729,0.17853175174545666
23730,0.0507965407772679
23731,0.174091177658322
23732,0.05411223759141884
23733,0.06929175838550677
23734,0.03437882383852603
23735,0.08239888292462182
23736,0.03983306884717079
23737,0.07622449206305464
23738,0.03260223652271931
23739,0.4047672102062371
23740,0.10821228395411817
23741,0.08164215829285712
23742,0.028430221350496276
23743,0.020812376529118184
23744,0.004616882306336649
23745,0.0
23746,0.05741709859615047
23747,0.017115088864768823
23748,0.024790580288564103
23749,0.0124704666868243
23750,0.018289833551139095
23751,0.05970432738954006
23752,0.0818935255779737
23753,0.059887182314209954
23754,0.10035996503986082
23755,0.10606350340064104
23756,0.16054317685387184
23757,0.3136895975635012
23758,0.05522097841559768
23759,0.03496161832527795
23760,0.04757994054112679
23761,0.013688522767832379
23762,0.029936694993985376
23763,0.0
23764,0.0
23765,0.04429934400061663
23766,0.028274732963599183
23767,0.11586453138981807
23768,0.04169263723154643
23769,0.08826298463172405
23770,0.018036124233692122
23771,0.03667975426243981
23772,0.04094948724491345
23773,0.0
23774,0.13568703477211277
23775,0.018851306760623986
23776,0.044489659626884205
23777,0.01802329931241013
23778,0.014786483613812849
23779,0.0471072975157993
23780,0.03206977476265822
23781,0.06416803548453574
23782,0.0999765049617445
23783,0.09578062765983601
23784,0.06665407051693961
23785,0.19467252448210326
23786,0.18064512136586533
23787,0.17023598206828036
23788,0.0016579017897012742
23789,0.11239360606686104
23790,0.0
23791,0.07079151601828104
23792,0.043437466363443096
23793,0.0652078728699634
23794,0.04766444235762257
23795,0.015856185415406617
23796,0.03745342439422236
23797,0.0445398933226337
23798,0.012508831279693168
23799,0.058289402935016076
23800,0.08267229990305296
23801,0.0
23802,0.06823539162037512
23803,0.025564232056280136
23804,0.01151956200099426
23805,0.0037729377990912464
23806,0.006867828992977774
23807,0.08503908741333663
23808,0.015517357263648892
23809,0.02208510249076612
23810,0.16477473026726855
23811,0.07630757022644792
23812,0.1144751202070088
23813,0.3018092378532237
23814,0.08297912290950143
23815,0.10504289463539225
23816,0.04342973835823878
23817,0.0713296622337158
23818,0.05368068334450538
23819,0.08322649305663227
23820,0.07735040981083952
23821,0.00016582096328095916
23822,0.0
23823,0.22828421618514796
23824,0.0988295898252058
23825,0.047865610378636514
23826,0.02703068168787443
23827,0.03101536139697034
23828,0.0
23829,0.01624144377602686
23830,0.018067507646405762
23831,0.030040300024673346
23832,0.022689271195517054
23833,0.3623912974117559
23834,0.06470182207444129
23835,0.03892489222134049
23836,0.12455478082524891
23837,0.6832726933702931
23838,0.0488292756081096
23839,0.0
23840,0.17238036200826404
23841,0.052038066678668025
23842,0.18576805986590741
23843,0.2876756294623206
23844,0.041659127933049656
23845,0.0
23846,0.039600150594801105
23847,0.02496209202918245
23848,0.14232946606606153
23849,0.13223939605418406
23850,0.014336447822820848
23851,0.13893998806878544
23852,0.04764092827327569
23853,0.06001446728837294
23854,0.008407527748872804
23855,0.017870542351668895
23856,0.026642277620087803
23857,0.06461765412269073
23858,0.0
23859,0.09226346160069701
23860,0.13780235965254223
23861,0.18994181773288077
23862,0.10614899548003122
23863,0.03769693175325384
23864,0.09854900175322678
23865,0.16460913452137493
23866,0.21266296474227495
23867,0.08916735983269232
23868,0.00914231516431992
23869,0.02975379066266437
23870,0.03319748151799976
23871,0.0
23872,0.044232937260290935
23873,0.46413439426937375
23874,0.036893951946073325
23875,0.06214689160353418
23876,0.22273351120250412
23877,0.1254656694963948
23878,0.04164370136177386
23879,0.05966088176294657
23880,0.052005383267066316
23881,0.19082528343623245
23882,0.1943627103021827
23883,0.0
23884,0.07432901274717572
23885,0.05834650187461598
23886,0.14739702947735894
23887,0.18741936103361004
23888,0.10611538701189033
23889,0.1619862224209233
23890,0.21449049172202653
23891,0.09849248783856175
23892,0.0027080947989486168
23893,0.05943524443290182
23894,0.13865939494603355
23895,0.01861546514035422
23896,0.16848465076364355
23897,0.9502819372861222
23898,0.016915444908970224
23899,0.3464269377183589
23900,0.007667025417005562
23901,0.05959561979711041
23902,0.24120060926823786
23903,0.010019552679341556
23904,0.029786701505471795
23905,0.05185653998570119
23906,0.0
23907,0.04117089251569644
23908,0.004843121087626834
23909,0.48371973361737913
23910,0.0
23911,0.09432271749230133
23912,0.24046090840802095
23913,0.11475754540496971
23914,0.18367417485164694
23915,0.3480770124352723
23916,0.4359422959098628
23917,0.21376944878140794
23918,0.09115074368082168
23919,0.1336001663804549
23920,0.9087641934978521
23921,0.2872542527615688
23922,0.3503056966568459
23923,0.0
23924,0.023895731376740347
23925,0.12077122797689645
23926,0.051604986178206864
23927,0.012320651392578024
23928,0.008061281791175419
23929,0.03345182452105683
23930,0.0
23931,0.0
23932,0.05207455991892489
23933,0.0652032169546848
23934,0.0791833141320535
23935,0.10302328473713468
23936,0.07264063190991836
23937,0.07610595928029774
23938,0.18910007125923656
23939,0.18503592272679295
23940,0.010310375301702715
23941,0.09905456547598154
23942,0.31002968405151776
23943,0.0
23944,0.04357084733799253
23945,1.0
23946,0.926784178782214
23947,0.6963672186542162
23948,0.0031947095201667343
23949,0.11263923915927321
23950,0.3536831830068055
23951,0.05716630992652092
23952,0.0036961994287721643
23953,0.06066931921463817
23954,0.0
23955,0.052647946249010785
23956,0.026464677304728148
23957,0.030577536723888465
23958,0.0
23959,0.34346583839138584
23960,0.0024085831917375175
23961,0.019484990531878268
23962,0.10037062313217474
23963,0.12498278768803289
23964,0.03658779911061122
23965,0.05951425791611432
23966,0.1939392100152232
23967,0.14405889070648828
23968,0.026842986406626454
23969,0.07331138425828476
23970,0.13149520451683755
23971,0.0743558207804168
23972,1.0
23973,0.7619591166906459
23974,0.6266896287191774
23975,0.006382818407530312
23976,0.0
23977,0.01928131347480177
23978,0.3365886812575429
23979,0.046088053306903284
23980,0.19483240605688082
23981,0.016596592933560757
23982,0.04907298411920243
23983,0.019663524766304546
23984,0.13634614940448964
23985,0.17839720166198608
23986,0.11811581969581045
23987,0.3374257338085889
23988,0.35321274955304743
23989,0.5563460242481126
23990,0.1761953943275236
23991,0.13899901393155728
23992,0.06678175222776755
23993,0.05811741040700617
23994,0.10729665221247475
23995,0.09804847147567951
23996,0.0532437311701513
23997,0.11548316019220758
23998,0.16578291148605764
23999,0.08446016375006812
24000,0.09659181437126052
24001,0.024088688039755606
24002,0.8932102269853326
24003,0.9928720205554348
24004,1.0
24005,0.23827579907152038
24006,0.04882283374293167
24007,0.06705621243113753
24008,0.2829668954819123
24009,0.016933438107489113
24010,0.008957351279956763
24011,0.012165710812786461
24012,0.05349051536167359
24013,0.0897510096265653
24014,0.04764140610840406
24015,0.18433095239024103
24016,1.0
24017,0.015562269019458735
24018,0.05785678979968785
24019,0.09528497506859115
24020,0.12249320824422608
24021,0.08630645521649453
24022,0.23379132592098642
24023,0.18966022676053865
24024,0.009764506086352548
24025,0.054487647983518475
24026,0.08991534523172628
24027,0.07547674175530808
24028,0.02119110866555265
24029,0.032572218901252066
24030,0.23918775533595116
24031,0.22268496663481188
24032,0.19504993586674615
24033,0.11836650179814916
24034,0.061571815579954954
24035,0.0
24036,0.10389192303899764
24037,0.14182805528990242
24038,0.0262051506178662
24039,0.05061663896901576
24040,0.03169348409977105
24041,0.0009987558570892672
24042,0.02012477234790255
24043,0.04323362874533207
24044,0.18893374208847016
24045,0.4365635613521191
24046,0.17545468576618128
24047,0.16994868493340162
24048,0.07568487285192704
24049,0.14770494379592156
24050,0.1816888510990023
24051,0.7431478449776265
24052,0.027917796116676413
24053,0.02981062330758887
24054,0.05784210498842172
24055,0.020240653642658705
24056,0.17081049685632643
24057,0.2497037224653825
24058,0.2176372391737626
24059,0.40379997883411595
24060,0.24216421557172219
24061,0.1934383301588227
24062,1.0
24063,0.14461162643863829
24064,0.013031007602307888
24065,0.17711099368919536
24066,0.17441069001559165
24067,0.02537039101305854
24068,0.03088029770995596
24069,0.20779601000356257
24070,0.05067193022830618
24071,0.01741860218954383
24072,0.040818777578312315
24073,0.027082878680259242
24074,0.12118701256363194
24075,0.3142980082804838
24076,0.26412869517681503
24077,0.29623414206603943
24078,0.21897810524458813
24079,0.11534772352901461
24080,0.08334891493260561
24081,0.18878677669711802
24082,0.0026932206506127634
24083,0.18292513470630065
24084,0.027686684409170836
24085,0.047315580616374774
24086,0.3354782099780654
24087,0.1848720946163641
24088,0.03318564791155094
24089,0.4113162552688871
24090,0.2195297761920939
24091,0.0
24092,0.06816783806118835
24093,0.08384636299460113
24094,0.08503742850328276
24095,0.0
24096,0.043394809333990376
24097,0.026535222313926257
24098,0.09413944045808333
24099,0.059186858810094944
24100,0.15297278369855943
24101,0.29844959815265665
24102,0.7108482106228166
24103,0.301624653750925
24104,0.18232750837828074
24105,0.395558334981398
24106,0.09985382173180088
24107,0.06169485438237286
24108,0.045406719604175895
24109,0.14527264094059242
24110,0.18492239035469857
24111,0.03931202340985375
24112,0.038670116552592254
24113,0.09529274866457006
24114,0.11793715596325419
24115,0.0
24116,0.0
24117,0.024755234226006027
24118,0.03400492595878627
24119,0.04374089520982955
24120,0.01894000511068957
24121,0.04201093629098913
24122,0.0
24123,0.0
24124,0.028023459246993124
24125,0.05401645543500055
24126,0.039261749560717485
24127,0.0569458378645615
24128,0.18028996187479301
24129,0.13715985923349694
24130,0.16717746430471392
24131,0.5552917952039043
24132,0.5166876035957568
24133,0.27686582599136755
24134,0.17802336163249166
24135,0.06542827995051288
24136,0.09443012517397154
24137,0.0
24138,0.012434079290470504
24139,1.0
24140,0.048656849220953084
24141,0.01786244844125577
24142,0.11118846246192968
24143,0.022732583260541617
24144,0.03893553478192597
24145,0.02478083676019137
24146,0.0653761155429078
24147,0.009229856913828592
24148,0.023432309425018515
24149,0.0
24150,0.024465354296201003
24151,0.0
24152,0.04067544660579238
24153,0.08476015721886924
24154,0.0882795282516564
24155,0.5651306557101626
24156,0.2291712432424132
24157,0.17829352354332562
24158,1.0
24159,0.32826088592049485
24160,0.35248820615154886
24161,0.17775097378848612
24162,0.034289728574832055
24163,0.0034886321850157932
24164,0.024681095923858216
24165,0.009649228740963207
24166,0.03042439152538978
24167,0.034486783261544404
24168,0.0845919784540582
24169,0.3497458929630697
24170,0.049999081173264195
24171,0.3038752332608794
24172,0.038758892954600034
24173,0.059095337350141136
24174,0.13479949326288618
24175,0.10536933249110883
24176,0.17986259333996676
24177,0.002163946773818918
24178,0.047422520639738903
24179,0.10777424791677946
24180,1.0
24181,0.23790936620964512
24182,0.5531435327262935
24183,0.18800304582248453
24184,0.3091798689798389
24185,0.13753185273337484
24186,0.1119654886480493
24187,0.015472719338591194
24188,0.006671546822570317
24189,0.0
24190,0.11538529929221628
24191,0.09988280344932081
24192,0.054184305104794314
24193,0.17027871066925196
24194,0.0
24195,0.05354514319234054
24196,0.013280905836072594
24197,0.18871479897556734
24198,0.01892881009161957
24199,0.016272699897704884
24200,0.10778790619319371
24201,0.18913518429034717
24202,0.01792801057998239
24203,0.05245279829177661
24204,0.10623073410583048
24205,0.02857257986505709
24206,0.10294777734780529
24207,0.007408302755165057
24208,0.08547823761390944
24209,0.08783293193928902
24210,0.0
24211,0.10216040942221125
24212,0.09834470562559032
24213,0.04407765041853644
24214,0.0
24215,0.16240461682004978
24216,0.0
24217,0.01434183748501324
24218,0.0
24219,0.013200772397970063
24220,0.1024029565984928
24221,0.038277967419414895
24222,0.037624960714509416
24223,0.044187819723505356
24224,0.18008956311020305
24225,0.3483553706885134
24226,0.5717418277976402
24227,0.11291228178549965
24228,0.0
24229,0.011266946651732262
24230,0.0
24231,0.03608301259624869
24232,0.07946786154225556
24233,0.164225186701675
24234,0.0
24235,0.018133612637646426
24236,0.012352359506113178
24237,0.00895807529413044
24238,0.017365305503558498
24239,0.004461063909387505
24240,0.028020905340133764
24241,0.0
24242,0.0658342614258317
24243,0.054626074260428883
24244,0.3173693490631252
24245,0.0229557516466336
24246,0.012360322726294278
24247,0.012747043578706195
24248,0.039744983605618074
24249,0.09427322890391007
24250,0.3070842710390487
24251,0.10555000069767828
24252,0.0
24253,0.0
24254,0.1722592550692285
24255,0.0
24256,0.01524798783474168
24257,0.0
24258,0.045280724629117176
24259,0.07592294479351779
24260,0.0386637546337145
24261,0.0
24262,0.0016616769742879409
24263,0.21759333377902668
24264,0.0
24265,0.010148864430740626
24266,0.007546048091654262
24267,0.14177472288031226
24268,0.03638852287515874
24269,0.04220102433194676
24270,0.014790200723990848
24271,0.028564543000965645
24272,0.03495590299366605
24273,0.1429744855691826
24274,0.024193815660813616
24275,0.04956989759128105
24276,0.02007351141596855
24277,0.03155603024055159
24278,0.05211441940991002
24279,0.20150003298047547
24280,0.05777729848488082
24281,0.18507894889858933
24282,0.056147361965223595
24283,0.028137798549459216
24284,0.009130847839849646
24285,0.00831292960630812
24286,0.02014372738366521
24287,0.203578443921598
24288,0.13591624545284853
24289,0.019856268414590778
24290,0.05327161354799329
24291,0.04904538455171333
24292,0.0
24293,0.34329179978293445
24294,0.6512047089699666
24295,0.05557422829761657
24296,0.06014496369379375
24297,0.0006197571004934035
24298,0.11416207064753725
24299,0.06494555696358886
24300,0.032443898476797524
24301,0.12607353729222676
24302,0.08556562945815592
24303,0.08257922868676042
24304,0.9650875176190508
24305,0.0
24306,0.09815063494355189
24307,0.014845380827973405
24308,0.12236255516254677
24309,0.061605864039814655
24310,0.03370453659726178
24311,0.024474104905660137
24312,0.12061627894171234
24313,0.3088897866138487
24314,0.07522750211686562
24315,0.17182997042814604
24316,0.02381713295342054
24317,0.028321250557997286
24318,0.08914631818171628
24319,0.01742377697864829
24320,0.027358553692393754
24321,0.04118882458301499
24322,0.03855928087673664
24323,0.019351929097116246
24324,0.015913483186634166
24325,0.05701528603488797
24326,0.031016235911899257
24327,0.08553367605913209
24328,0.020840586948309328
24329,0.02107560691059314
24330,0.0246090777736705
24331,0.09516333771432595
24332,0.08435209995423457
24333,0.029601484967041198
24334,0.013317467355724257
24335,1.0
24336,0.009870575021843629
24337,0.13479904040972257
24338,0.060595376466861806
24339,0.036219311742519245
24340,0.056593244066734896
24341,0.04298568769845927
24342,0.004644505019436219
24343,0.24605194042029802
24344,0.023981907243834803
24345,0.0
24346,0.036086678501043364
24347,0.17910819521294252
24348,0.0050363493533158105
24349,0.0
24350,0.041304936426432744
24351,0.02477033706573579
24352,0.007867776679763077
24353,0.2435187090265835
24354,0.04010723906474147
24355,0.0
24356,0.0
24357,0.0
24358,0.009197841350492656
24359,0.05481145616498127
24360,0.02221958111320842
24361,0.16659471114611216
24362,0.07453586840726208
24363,0.0
24364,0.06899954667633867
24365,0.14864793791082836
24366,0.10635794256658943
24367,0.09596786210471656
24368,0.06030799933766752
24369,0.03566972860412736
24370,0.0
24371,0.0
24372,0.16312793765681166
24373,0.1917643425174487
24374,0.0
24375,0.04475683588560928
24376,0.012740421667731858
24377,0.0
24378,0.0
24379,0.0021088817377443838
24380,0.006665091798418341
24381,0.0
24382,0.0
24383,0.0
24384,0.022875363984790148
24385,0.0003838966334252248
24386,0.0073306306323469754
24387,0.052554421030089477
24388,0.0357543381586023
24389,0.13282852414364146
24390,0.0
24391,0.036349079301842724
24392,0.0
24393,0.20969683349158358
24394,0.007398062405129417
24395,0.05189263412088344
24396,0.0021006965412538273
24397,0.02101049619046755
24398,0.04816110687938565
24399,0.0
24400,0.0
24401,0.029481488027304017
24402,0.0
24403,0.0
24404,0.0
24405,0.09696852480781769
24406,0.05914717008039558
24407,0.02792434435569751
24408,0.0
24409,0.0
24410,0.028393733369173387
24411,0.024683698729450736
24412,0.030831264447715532
24413,0.012457156576035565
24414,0.16117142812544216
24415,0.022345827550052964
24416,0.03752762138479712
24417,0.0
24418,0.0
24419,0.01630492374038699
24420,0.0
24421,0.0012728790235346928
24422,0.05821007345737717
24423,0.0008284913705534237
24424,0.0
24425,0.0
24426,0.0
24427,0.3292050856493908
24428,0.057378355265467085
24429,0.07348318064146799
24430,0.11995136022860087
24431,0.0
24432,0.04299393800716414
24433,0.02536728683823994
24434,0.1438012530179604
24435,0.13126630033106382
24436,0.1857787160425871
24437,0.010855188412351786
24438,0.02786940925347537
24439,0.048759065628454876
24440,0.0
24441,0.01685720854228123
24442,0.020740838547725828
24443,0.0071229352694681435
24444,0.045725656280393205
24445,0.003059695495512959
24446,0.005236938264516943
24447,0.08547181141751681
24448,0.08465211102676222
24449,0.031016025175881663
24450,0.1933116936006753
24451,0.0
24452,0.0
24453,0.014249413391955793
24454,0.01882161492435436
24455,0.029778489608768537
24456,0.009764502817328716
24457,0.031222776252723298
24458,0.009257756857442189
24459,0.0
24460,0.022295640487295522
24461,0.18967001906095077
24462,0.1669323647605599
24463,0.0
24464,0.10673323285764542
24465,0.04935864351068817
24466,0.06461683639565576
24467,0.06778190980825852
24468,0.0
24469,0.02973245307411303
24470,0.030570794171958737
24471,0.0
24472,0.23767273799274974
24473,0.08861928653523957
24474,0.028533225762162683
24475,0.09065884979124422
24476,0.0
24477,0.0029547724422450757
24478,0.0
24479,0.0727480328730471
24480,0.007649600680767108
24481,0.22664892162787434
24482,0.028641699753047405
24483,0.17368365203598682
24484,0.0
24485,0.0
24486,0.15539875746040932
24487,0.026533557493295352
24488,0.04768578751580982
24489,0.01100575523688849
24490,0.10001949934350317
24491,0.011656804412794795
24492,0.7077090618924726
24493,0.19158311559092564
24494,0.0
24495,0.1607334326322549
24496,0.07107738229584515
24497,0.04030426050573239
24498,0.002989006220765599
24499,0.0
24500,0.01787067490768806
24501,0.14139583847309473
24502,0.20270589040992648
24503,0.3477080170585337
24504,0.3509007794427932
24505,0.0
24506,0.11668369737200783
24507,0.22580202110254924
24508,0.16549858266002646
24509,0.0
24510,0.014155065055538225
24511,0.08911148421412815
24512,0.046080874580629566
24513,0.10389704694080007
24514,0.1423466109292003
24515,0.0976982646502316
24516,0.3160662106150544
24517,0.1101928287970755
24518,0.20257603868494184
24519,0.3784079266924126
24520,0.1499166888120227
24521,0.007926230069837585
24522,0.3358387232408818
24523,0.02809530073863166
24524,0.01803758002422951
24525,0.3879254833833365
24526,0.12064613323844246
24527,0.02780843025089007
24528,0.015169965923781316
24529,0.11382135215911934
24530,0.08838975260209768
24531,0.031749593720675345
24532,0.07568177514643545
24533,0.03100824466106264
24534,0.0
24535,0.09500491890780087
24536,0.2494652105864557
24537,0.031225134365112286
24538,0.057806638836373984
24539,0.06216601286060418
24540,0.1364276501215546
24541,0.10188212957602892
24542,0.029350301442922184
24543,0.006633592512822762
24544,0.0
24545,0.09423143810157619
24546,0.02481498308948377
24547,0.0038546320239226787
24548,0.1634870040158655
24549,0.041189292065752656
24550,0.18439623437952038
24551,0.01485305045134966
24552,0.032100975119055554
24553,0.015040543811395708
24554,0.03392242499981983
24555,0.02266655080328782
24556,0.0
24557,0.3545833522434445
24558,0.10986148124134072
24559,0.10938223064253048
24560,0.13609727487004658
24561,0.300231258165789
24562,0.05006445880216771
24563,0.03325755661975
24564,0.0058991964144075384
24565,0.0987458983611586
24566,0.05834395083507954
24567,0.18140514020571558
24568,0.202135173389557
24569,0.0
24570,0.13234789776674682
24571,0.043360201485447177
24572,0.0
24573,0.018236897372094454
24574,0.26399510220105143
24575,0.054525503822770695
24576,0.010655843575928433
24577,0.0
24578,0.03517904148963606
24579,0.0012890332102269385
24580,0.0
24581,0.13544272635039348
24582,0.37813700309517473
24583,0.1442582221928232
24584,0.07407711175775826
24585,0.002047451102794285
24586,0.041809344153888796
24587,0.07579859529405328
24588,0.08272257757117567
24589,0.0
24590,0.027732363463387862
24591,0.0013650510103574444
24592,0.10467121672212926
24593,0.16545105492433107
24594,0.08733822393438208
24595,0.08622484737167906
24596,0.09972853776384547
24597,0.0
24598,0.05162303642654412
24599,0.051013808074824606
24600,0.009197238634771149
24601,0.030594219595113843
24602,0.11990886933599207
24603,0.060975287700341996
24604,0.17108797417051855
24605,0.02126192612113345
24606,0.016062460294528406
24607,0.01988238409725669
24608,0.0188985181632125
24609,0.010277017952290326
24610,0.01865307946018369
24611,0.04727331468840378
24612,0.04530057901055999
24613,0.036122234976023224
24614,0.030732466980012293
24615,0.20125527542887953
24616,0.19104129799398112
24617,0.02451596922393934
24618,0.04629419246788639
24619,0.0
24620,0.06805873750627603
24621,0.08748492719618908
24622,0.07406566792997774
24623,0.0
24624,0.0
24625,0.07288707788793729
24626,0.22880854237729098
24627,0.03055830444481481
24628,0.01399795804367874
24629,0.05708975393727767
24630,0.0
24631,0.025383583744612456
24632,0.06321341283089535
24633,0.19367303174107073
24634,0.15088444293796396
24635,0.15410240124187968
24636,0.07458179846584487
24637,0.043102377556843846
24638,0.03038955646453428
24639,0.06714856449418195
24640,0.03753145036421248
24641,0.10075081714075389
24642,0.08362680651485192
24643,0.42596487719261633
24644,0.0550705188852727
24645,0.016808418438417662
24646,0.12799568508541725
24647,0.012108898236872057
24648,0.029122688062434548
24649,0.0
24650,0.0
24651,0.0
24652,0.04345629909635069
24653,0.0488771442151906
24654,0.030041638273309784
24655,0.02881491997285042
24656,0.016016375842224064
24657,0.02256150693303168
24658,0.06513161288603475
24659,0.10467413973762904
24660,0.06064315324408982
24661,0.06604276763194679
24662,0.08206172470164029
24663,0.17481362786491372
24664,0.3149608366282367
24665,0.0713319900208469
24666,0.026358014160282554
24667,0.08769285664636921
24668,0.022172374714172095
24669,0.05024797035360403
24670,0.03195096995216634
24671,0.028478831767632534
24672,0.04212777982101583
24673,0.139072623263318
24674,0.0
24675,0.12538691572057992
24676,0.03338475137551025
24677,0.031193514062718218
24678,0.02996263337913368
24679,0.006167870267282316
24680,0.13439184571161408
24681,0.010071971815538535
24682,0.09315404468457407
24683,0.008759663317159848
24684,0.012944023298397311
24685,0.017347716511558676
24686,0.03396039561500472
24687,0.051461038838417204
24688,0.10471522801851837
24689,0.08145421831259193
24690,0.0962252195040818
24691,0.225071570646921
24692,0.18045247827701522
24693,0.19416461135142457
24694,0.0013519643708664582
24695,0.08091341396214752
24696,0.002779482570619137
24697,0.08369366903033744
24698,0.044078979423163266
24699,0.05156083996253097
24700,0.010840816585849513
24701,0.019338368183227775
24702,0.07517423684597012
24703,0.046289234863230035
24704,0.03165915486590347
24705,0.05645544138415868
24706,0.06454662222850649
24707,0.011286428226496711
24708,0.11307894107533582
24709,0.03321491130250182
24710,0.0
24711,0.13079293335111916
24712,0.0
24713,0.02979323588725233
24714,0.1513798436664916
24715,0.06482228725169906
24716,0.10079251010240686
24717,0.3311257403719113
24718,0.08555434300024166
24719,0.08861293967421618
24720,0.044451897670563394
24721,0.048180798146146106
24722,0.06027239837274572
24723,0.06081613918478683
24724,0.06918692968665048
24725,0.003855716358341582
24726,0.0
24727,0.03943506339803618
24728,0.2744132738939492
24729,0.05217122122439908
24730,0.08633398579437669
24731,0.037395350344550805
24732,0.03698176895757929
24733,0.0
24734,0.0
24735,0.03062289732808527
24736,0.023854149884403694
24737,0.3642869684571439
24738,0.07473070408600953
24739,0.017943795706759174
24740,0.061346391294751286
24741,0.6896074550105092
24742,0.06942429605407895
24743,0.02784663710109077
24744,0.19047066939373347
24745,0.056405094695367315
24746,0.2024801374238458
24747,0.2853413067375703
24748,0.0677281647334543
24749,0.0735681695085629
24750,0.0141845022381479
24751,0.11274911609183828
24752,0.13355495630720587
24753,0.018578995874900348
24754,0.1444235297254564
24755,0.032606132299381335
24756,0.0
24757,0.08804508142653455
24758,0.022279946118472515
24759,0.04988838235578618
24760,0.09977711501874181
24761,0.0
24762,0.10208914078685194
24763,0.1047253495635266
24764,0.1910892537329957
24765,0.1010359431962965
24766,0.02444967365389329
24767,0.08361324877126783
24768,0.1565986468686534
24769,0.18734609642833616
24770,0.09950396903881012
24771,0.022550677127081236
24772,0.07321579762322429
24773,0.04081505516498819
24774,0.0012352923444110201
24775,0.07393298797883292
24776,0.5488975880396016
24777,0.01338859811079699
24778,0.10278979385020337
24779,0.3019775754110989
24780,0.12124966139645174
24781,0.056379766734195653
24782,0.009937955137815507
24783,0.0403312758215161
24784,0.0647091961136524
24785,0.18969537355668878
24786,0.21411317556273604
24787,0.0
24788,0.05049147258346784
24789,0.06596189141256097
24790,0.13724968975783364
24791,0.17971915459542062
24792,0.08535516629588501
24793,0.19345359750923846
24794,0.23910354641618076
24795,0.10788638858094361
24796,0.05451453517594089
24797,0.10734869929254393
24798,0.040552599991242375
24799,0.190748822281114
24800,1.0
24801,0.0
24802,0.04272465276487999
24803,0.3290970736368982
24804,0.0560262545570142
24805,0.04227772686741026
24806,0.19497926540142205
24807,0.0
24808,0.059601848073746196
24809,0.0691946884696381
24810,0.011489529909630303
24811,0.07323146438618161
24812,0.0020603310231379003
24813,0.4781222087269719
24814,0.1370074215924241
24815,0.07110551693445681
24816,0.22919868641356367
24817,0.10151139934977246
24818,0.19035548233275348
24819,0.3204852781667013
24820,0.3649917442187306
24821,0.015338057878856786
24822,0.18055857066890693
24823,0.06137527357339675
24824,0.08584250058266404
24825,0.9371918313476558
24826,0.2968001784198097
24827,0.35190213494452094
24828,0.0
24829,0.020028181265678655
24830,0.17767966297460824
24831,0.07933508542386809
24832,0.0
24833,0.0
24834,0.002466415682142592
24835,0.0378015265303827
24836,0.0056551149846037286
24837,0.0
24838,0.02959924952847771
24839,0.03707050802407008
24840,0.058260066267799795
24841,0.08381211966711719
24842,0.06109031586035218
24843,0.10430979221834966
24844,0.2146653489220944
24845,0.1793922892426939
24846,0.007102866295035679
24847,0.10580602857724464
24848,0.21952402772123036
24849,0.0036366022746078448
24850,0.04612226873160773
24851,1.0
24852,1.0
24853,0.6912528651442058
24854,0.0
24855,0.0
24856,0.11177550082447825
24857,0.36111119524779306
24858,0.08854960570831828
24859,0.0387550917888005
24860,0.056618681085387375
24861,0.05231382846055551
24862,0.038459896261419775
24863,0.0
24864,0.3444076999053286
24865,0.0
24866,0.0386242766747831
24867,0.06405209512708339
24868,0.07551121550172511
24869,0.03081829981959311
24870,0.06500751858583845
24871,0.1942156055056937
24872,0.17054993821882972
24873,0.009129947286713232
24874,0.07957657339043112
24875,0.09668218981050075
24876,0.07134665503977168
24877,1.0
24878,0.7512407049351608
24879,0.6446798571182834
24880,0.0
24881,0.0
24882,0.0
24883,0.371364592005975
24884,0.050552878250660405
24885,0.1981409366621937
24886,0.020137807008552187
24887,0.09613781723119295
24888,0.009104556358119116
24889,0.1692148341575094
24890,0.11282779916173825
24891,0.09741442478701427
24892,0.3505630858652082
24893,0.33644943625590057
24894,0.5091696515045029
24895,0.2160863154882954
24896,0.11271243064165364
24897,0.05823432944090481
24898,0.04069358108356728
24899,0.09984871803575018
24900,0.09415751588031314
24901,0.04359194857236667
24902,0.02356895915247117
24903,0.15432115153290804
24904,0.18116757355882981
24905,0.07458212927540102
24906,0.11363326064110776
24907,0.018926038856180865
24908,0.9374036251855291
24909,0.9981700308311334
24910,1.0
24911,0.14649623733340525
24912,0.04251847266824101
24913,0.18496922367783272
24914,0.3383434134618428
24915,0.0010703273302011484
24916,0.0010722128214154497
24917,0.009920208475129408
24918,0.00901688543828279
24919,0.05982760844096869
24920,0.04804984099812383
24921,0.053708349213843154
24922,0.2247468616959746
24923,1.0
24924,0.04617126002406522
24925,0.05090743586820272
24926,0.060288260794264886
24927,0.13859931870381048
24928,0.058207738702435306
24929,0.21143574110319566
24930,0.16677626633369916
24931,0.024224600996296832
24932,0.07418418986337573
24933,0.054577516356421274
24934,0.08550367149837855
24935,0.05795074777723396
24936,0.026307842380797915
24937,0.22972583246722597
24938,0.1986942614077672
24939,0.1815613088267973
24940,0.10057476955267186
24941,0.0
24942,0.028006038221674
24943,0.10427779648301254
24944,0.1938530255780033
24945,0.0
24946,0.06447395473772995
24947,0.03573116295023674
24948,0.01428900989755703
24949,0.0281095720077017
24950,0.04403076519288678
24951,0.18553248816166054
24952,0.4323723962929919
24953,0.1675201931091058
24954,0.13416175090735227
24955,0.09473856703032629
24956,0.16611322101539353
24957,0.16741849245523818
24958,0.6581563971974105
24959,0.07433246815387833
24960,0.039024980821534425
24961,0.02351405313100046
24962,0.1858831773800359
24963,0.2352186356781289
24964,0.22260430024704636
24965,0.4007602704937584
24966,0.33225214023174887
24967,0.1882690927720899
24968,1.0
24969,0.14864038564411683
24970,0.020528923233343047
24971,0.17741281989612503
24972,0.18435455760376188
24973,0.030685321670634282
24974,0.016487391264733614
24975,0.2199506510739685
24976,0.06533698590234166
24977,0.03943149120387391
24978,0.0448561613549104
24979,0.04587148043479006
24980,0.0998628503342718
24981,0.20533925083283283
24982,0.263886302658048
24983,0.3495188088311454
24984,0.19925216596243794
24985,0.10606472586892039
24986,0.10087909767346272
24987,0.2068825563457863
24988,0.031650929926237276
24989,0.2077158099818227
24990,0.04989537470318148
24991,0.050172800847216315
24992,0.2811874088756784
24993,0.20365453556184998
24994,0.04002669551037185
24995,0.35086745537025915
24996,0.20293538628065436
24997,0.0
24998,0.07083728029866795
24999,0.11294018111368305
25000,0.027825571963138503
25001,0.0
25002,0.0
25003,0.0
25004,0.049442968686019134
25005,0.062031964993606116
25006,0.06712800854190826
25007,0.07037270833274764
25008,0.10348889730780667
25009,0.2915267897409046
25010,0.8130309802922462
25011,0.2635542498934857
25012,0.21250768867630362
25013,0.3855644800038164
25014,0.08576455064673685
25015,0.069573215894688
25016,0.056218006215438335
25017,0.1415137131276069
25018,0.20193506063278358
25019,0.032478884931145965
25020,0.04048596405815358
25021,0.0
25022,0.1349226690921675
25023,0.019928706124332906
25024,0.0
25025,0.054506692741897456
25026,0.05755119323601212
25027,0.0
25028,0.002224525889639002
25029,0.0005787718703056578
25030,0.0
25031,0.013100512709752259
25032,0.03184788854708017
25033,0.04274715259588758
25034,0.0361530035138399
25035,0.05137212877699372
25036,0.20941851921413587
25037,0.177914023020114
25038,0.1661882896020611
25039,0.523488106116811
25040,0.46218334807437383
25041,0.2727310661335728
25042,0.17355019460031987
25043,0.020196362659396786
25044,0.016059261857286167
25045,0.06246358034842594
25046,0.14629193666812576
25047,0.0
25048,0.00886198969949471
25049,1.0
25050,0.08340864365229031
25051,0.017811545242132056
25052,0.06402645994816414
25053,0.08264551305632133
25054,0.13265500054874527
25055,0.03478939500543938
25056,0.027029952857126307
25057,0.0037609021109954433
25058,0.016944622667241088
25059,0.024533449157423646
25060,0.008180055486884582
25061,0.043089997931166205
25062,0.07226949288765536
25063,0.09077294848943111
25064,0.6111373782244215
25065,0.2289563500591552
25066,0.1853962075326397
25067,1.0
25068,0.3346156284759486
25069,0.33636228725211914
25070,0.19169430135920112
25071,0.0006629844025121597
25072,0.013609068380127808
25073,0.021631973205450492
25074,0.0402003526382255
25075,0.0
25076,0.06106387298519285
25077,0.4464528094665454
25078,0.04702067018857292
25079,0.2512381354407544
25080,0.033149712316482206
25081,0.09582098627684918
25082,0.06900186020445004
25083,0.10386979801598355
25084,0.21587721396752135
25085,0.0
25086,0.002233663914256118
25087,0.045767881838934266
25088,0.11396241300711937
25089,1.0
25090,0.19157463803720093
25091,0.7320027506120509
25092,0.20700811424589544
25093,0.3473432316269838
25094,0.1564110057749711
25095,0.17814424693087655
25096,0.03561633349302659
25097,0.025799724321513305
25098,0.007687492682199398
25099,0.0
25100,0.0186070045816802
25101,0.0
25102,0.16258547736158768
25103,0.10405638510065351
25104,0.10587501326611465
25105,0.265801280320326
25106,0.010907808332004049
25107,0.06474198800641959
25108,0.0006326533656267488
25109,0.2443551288543989
25110,0.0034898631599392556
25111,0.0
25112,0.07603328625824823
25113,0.19323036725430803
25114,0.041847750698119336
25115,0.0
25116,0.16070556196156496
25117,0.13605780592951444
25118,0.043628522692643966
25119,0.08527768799289835
25120,0.024944010630932358
25121,0.09639489338117092
25122,0.11232935706229154
25123,0.0
25124,0.12302250297519499
25125,0.06523756424499619
25126,0.04884327191899493
25127,0.03775179800138708
25128,0.0
25129,0.17764907180943285
25130,0.0
25131,0.10018718393654814
25132,0.0
25133,0.023587778478185068
25134,0.14934601776506046
25135,0.019568550208687377
25136,0.01502353894609671
25137,0.0
25138,0.05028621035496366
25139,0.1592802746147267
25140,0.33726149842341857
25141,0.7332573657952925
25142,0.12561822482633997
25143,0.0
25144,0.008218737494573226
25145,0.003691425195417008
25146,0.0
25147,0.04849210540603786
25148,0.0
25149,0.043797762551028366
25150,0.17557103340422267
25151,0.0037123022145201484
25152,0.007393429006046589
25153,0.0
25154,0.0
25155,0.008061312817739896
25156,0.0
25157,0.10322099947086541
25158,0.07458213149227942
25159,0.35818108212394456
25160,0.012477654304943065
25161,0.0008185745811473842
25162,0.020857817448925127
25163,0.05154990486201489
25164,0.11476269361118015
25165,0.3270338061817286
25166,0.13507577489330053
25167,0.00840880997642358
25168,0.18051077763635245
25169,0.025738450748262035
25170,0.0
25171,0.04162993427484459
25172,0.16209489821082265
25173,0.05004576344600316
25174,0.012306612214458947
25175,0.0
25176,0.0
25177,0.19742134149156046
25178,0.0
25179,0.01599740138698924
25180,0.0047864736895565415
25181,0.12534605827208817
25182,0.09365265866291304
25183,0.06041367187937078
25184,0.020977818084039725
25185,0.020609822461462684
25186,0.015898942114107834
25187,0.20429443844478853
25188,0.035967972741653934
25189,0.014107595788324484
25190,0.014042774063421467
25191,0.040417796519267954
25192,0.041318228697394856
25193,0.20010759831129338
25194,0.04168533581269964
25195,0.1849302917660776
25196,0.08818234503955988
25197,0.03757201114630125
25198,0.062170768263967884
25199,0.05156306032446755
25200,0.019372071216527967
25201,0.23549353042220209
25202,0.0
25203,0.12789766439160366
25204,0.02161447163540859
25205,0.03742226870564236
25206,0.07484700123429656
25207,0.0
25208,0.3337683953488926
25209,0.5573292391489154
25210,0.08146199559103148
25211,0.043959781749466964
25212,0.1221844381254522
25213,0.05429804213180498
25214,0.0437032861053849
25215,0.06582163704724033
25216,0.10618705775140098
25217,0.07380461527756248
25218,0.940006922052722
25219,0.0
25220,0.07314823062447928
25221,0.0
25222,0.08501475412584567
25223,0.03400962870990757
25224,0.013056454744503551
25225,0.022837969070243838
25226,0.11248335917478465
25227,0.3464973537158229
25228,0.07062040835717195
25229,0.17347167354610624
25230,0.0010349701206824788
25231,0.1052401441606263
25232,0.006252594418630893
25233,0.08900550054843459
25234,0.028474570555348876
25235,0.014381658577900748
25236,0.032032493105799587
25237,0.05474622762724671
25238,0.0
25239,0.011598622912642397
25240,0.08139196270570367
25241,0.03330995330053674
25242,0.12677030834386233
25243,0.027610456464096978
25244,0.012002306613901509
25245,0.02473421203082938
25246,0.00042070672311831476
25247,0.0997692106894374
25248,0.0734078604412102
25249,0.0
25250,0.02848836307203694
25251,1.0
25252,0.015900650618689584
25253,0.1253401585267269
25254,0.061815939410582686
25255,0.0009074058777084557
25256,0.04310054331896024
25257,0.034324546675880724
25258,0.0
25259,0.0074206878050440146
25260,0.23921515027409784
25261,0.04155669451011436
25262,0.0
25263,0.03769401190649304
25264,0.16603353062664122
25265,0.0005408664153199886
25266,0.0
25267,0.058284206006812465
25268,0.03089459829606967
25269,0.020945592136456605
25270,0.06394405096742045
25271,0.22023259921231086
25272,0.0
25273,0.0
25274,0.0
25275,0.0
25276,0.0025932471191812325
25277,0.07989528194265333
25278,0.0
25279,0.024708173029159744
25280,0.2156350814032583
25281,0.047500728147788766
25282,0.0006522713807863156
25283,0.0
25284,0.06264390396783033
25285,0.1621138380263142
25286,0.12153115082974825
25287,0.07252388326590199
25288,0.06802115666915624
25289,0.047062302823549465
25290,0.031181255945071335
25291,0.01849800375658512
25292,0.06168862152314399
25293,0.18992193969761262
25294,0.18943681074741514
25295,0.0
25296,0.04714064218553633
25297,0.030031080924007667
25298,0.008231627001552645
25299,0.004846072793855483
25300,0.0
25301,0.007369902617538635
25302,0.02004246023516041
25303,0.0
25304,0.0
25305,0.0
25306,0.004892553601602816
25307,0.0
25308,0.006422515659546841
25309,0.00571357879875898
25310,0.03982640732940459
25311,0.09910498005644156
25312,0.0
25313,0.0
25314,0.11217535549673036
25315,0.23052355588577153
25316,0.04607560171006506
25317,0.0023321107362529537
25318,0.013690074521649229
25319,0.02318880314223353
25320,0.0
25321,0.0015428375264136991
25322,0.0
25323,0.0
25324,0.0
25325,0.14947310210781437
25326,0.04877322396533003
25327,0.049454518073162125
25328,0.0
25329,0.010024074885212125
25330,0.006687917587801483
25331,0.006558312664545053
25332,0.011867286637617405
25333,0.008451437777929338
25334,0.18186331671323228
25335,0.015536003131342067
25336,0.05684211757111134
25337,0.0
25338,0.0
25339,0.05786014823660347
25340,0.0
25341,0.0
25342,0.040989269277178095
25343,0.0
25344,0.3353656340490077
25345,0.06571879025701073
25346,0.05500263196218558
25347,0.11256756825563002
25348,0.07422891442512382
25349,0.008130341194255068
25350,0.0
25351,0.0014146189111451054
25352,0.10526290687958079
25353,0.01667922752496185
25354,0.10506392110614199
25355,0.20361893913827997
25356,0.013644595054785547
25357,0.06364869656883004
25358,0.0
25359,0.05461837930882552
25360,0.016075528129591007
25361,0.0
25362,0.03920837491830648
25363,0.007564744516412322
25364,0.0009358791559005763
25365,0.007191378712176568
25366,0.08532927314730324
25367,0.049025782602365696
25368,0.02504113563831788
25369,0.2028316479602701
25370,0.02755971465283355
25371,0.02303441320368708
25372,0.0
25373,0.007269661208217652
25374,0.03519170994374088
25375,0.046965750350066705
25376,0.0
25377,0.0
25378,0.02420888802015863
25379,0.03762562996898694
25380,0.0
25381,0.0
25382,0.0016449379608020225
25383,0.2002492238737359
25384,0.22573725940661438
25385,0.021627750979365104
25386,0.1675955474373508
25387,0.0
25388,0.136159650258089
25389,0.011446882951635822
25390,0.05194025348300634
25391,0.0
25392,0.0
25393,0.0
25394,0.06561463383460125
25395,0.012507220776942432
25396,0.0
25397,0.03775049368343238
25398,0.0
25399,0.16517805024534668
25400,0.0824837609710902
25401,0.06915183911966577
25402,0.0
25403,0.16289139970189134
25404,0.0
25405,0.0
25406,0.0
25407,0.18359655478360415
25408,0.06427874284744144
25409,0.2235739191519442
25410,0.10666616314748614
25411,0.2140627880250701
25412,0.0
25413,0.0
25414,0.0
25415,0.034432997059383526
25416,0.0
25417,0.19218222203584068
25418,0.6062918683635143
25419,0.20243902014628318
25420,0.0
25421,0.1117165182076115
25422,0.04775749634629722
25423,0.014474284608518469
25424,0.060708024936315066
25425,0.042955226054876075
25426,0.034365543009457045
25427,0.0
25428,0.0623182222721809
25429,0.21863001243993715
25430,0.5107125004231288
25431,0.3670211533398545
25432,0.0
25433,0.0
25434,0.1848901303294057
25435,0.14420176950713626
25436,0.0
25437,0.09311579340684256
25438,0.07250976743391703
25439,0.10717891998855268
25440,0.04748522223123453
25441,0.017968072864284014
25442,0.22579161762772476
25443,0.04402598153602247
25444,0.19150788949480102
25445,0.4106838018911679
25446,0.1351473491437978
25447,0.0
25448,0.34858598130101187
25449,0.06696335308162127
25450,0.387994064338559
25451,0.08595831966383338
25452,0.06488245254135198
25453,0.02729330615873066
25454,0.016718265122227783
25455,0.021278555183388885
25456,0.10264904343833658
25457,0.0844239089014826
25458,0.0
25459,0.04955105988441246
25460,0.25159305694801887
25461,0.039057642220616695
25462,0.05984806541412309
25463,0.05485705984288507
25464,0.09803760950591876
25465,0.09710343702238801
25466,0.0
25467,0.0
25468,0.035210075088666706
25469,0.0
25470,0.15521082200847344
25471,0.20961425813010728
25472,0.053963276057935994
25473,0.0
25474,0.0
25475,0.35091573745018034
25476,0.1632565779861339
25477,0.032886112917695755
25478,0.24092226745820222
25479,0.3730326253509849
25480,0.12966117007906952
25481,0.09442981968201497
25482,0.0
25483,0.023732680774851328
25484,0.03326326404995183
25485,0.0
25486,0.14565810220032327
25487,0.19088116117258086
25488,0.375626335414572
25489,0.0
25490,0.162111978613543
25491,0.043750227543087924
25492,0.021098551856998975
25493,0.0
25494,0.049434566450060224
25495,0.21212193881851987
25496,0.0
25497,0.03227264814706132
25498,0.0
25499,0.0
25500,0.01581570706878338
25501,0.024723964091752305
25502,0.16636522248083235
25503,0.38110261851795457
25504,0.14277290510280471
25505,0.11770555351307212
25506,0.0
25507,0.019525135240320898
25508,0.053897717549485705
25509,0.0871506859419942
25510,0.026530356283894867
25511,0.1490886066641317
25512,0.10165481671628139
25513,0.073901750162655
25514,0.05920739797852377
25515,0.07043248828925984
25516,0.045727200210134676
25517,0.05084540001712868
25518,0.02203135572417651
25519,0.03420251150984481
25520,0.0
25521,0.14069199785342398
25522,0.06600638162174692
25523,0.16415000029142576
25524,0.0
25525,0.02354193789617434
25526,0.0206242071264068
25527,0.03215403405233898
25528,0.004660508343883353
25529,0.03147618467431917
25530,0.05387025879532264
25531,0.025628946778708243
25532,0.017086379742224364
25533,0.20064003244772893
25534,0.22982379091036315
25535,0.011651923914021962
25536,0.030769602610981484
25537,0.0660422170165276
25538,0.14384153379355857
25539,0.020758817347026757
25540,0.0826879390432894
25541,0.0
25542,0.004468384238000254
25543,0.21748982817458498
25544,0.01705024991691249
25545,0.004887141818735862
25546,0.024950220844079427
25547,0.0
25548,0.030033056499323356
25549,0.06123782794151858
25550,0.17049765439281914
25551,0.1923675284302553
25552,0.18139131199365244
25553,0.050880617948776394
25554,0.01635693106542739
25555,0.018845505387980906
25556,0.07713478128950293
25557,0.04405978337753873
25558,0.1366723903076207
25559,0.07949149461438645
25560,0.43126026963368386
25561,0.06190344729413819
25562,0.13716271407132238
25563,0.06801111510760165
25564,0.029171348797363668
25565,0.0
25566,0.04594655282999229
25567,0.0
25568,0.026157900269457354
25569,0.07106885210757242
25570,0.0928071495478435
25571,0.06550954836208693
25572,0.08429527022966357
25573,0.07188665517529265
25574,0.15817448122914793
25575,0.35647233427682334
25576,0.05475701191469475
25577,0.030713824496876378
25578,0.08733001321018714
25579,0.013779714103763932
25580,0.014088842242715801
25581,0.07064890254136733
25582,0.05993052262728034
25583,0.1342943293479189
25584,0.05202518932262407
25585,0.14209590204378256
25586,0.054018110735439724
25587,0.04188380119938747
25588,0.044401654121947985
25589,0.18865533017356387
25590,0.0
25591,0.020340011348362247
25592,0.10689444816386753
25593,0.007920021044052768
25594,0.0
25595,0.024563513857414378
25596,0.024484030340735003
25597,0.043813180396006006
25598,0.09541333789360464
25599,0.09437347892892314
25600,0.0950259708726479
25601,0.1932871818116392
25602,0.17399633896133987
25603,0.2058667261355276
25604,0.0
25605,0.10030621319511289
25606,0.05478138385242515
25607,0.052246716676005146
25608,0.03483705725591058
25609,0.054640363041719306
25610,0.03014513959546423
25611,0.05716967483095175
25612,0.05071769281245323
25613,0.0
25614,0.07615499210423178
25615,0.019859651431765463
25616,0.1349458666234013
25617,0.013108525912531858
25618,0.033016259654902735
25619,0.18580315015580987
25620,0.062337220237715034
25621,0.1788227075245893
25622,0.3539392666248595
25623,0.11232965789960342
25624,0.17917145201070692
25625,0.06228113410622605
25626,0.03810747217501913
25627,0.05812648856676307
25628,0.0798714153698958
25629,0.05925853734205913
25630,0.057865461970087996
25631,0.29081441326373403
25632,0.06592234958734021
25633,0.0868519536865388
25634,0.08449187669786015
25635,0.0706753684905011
25636,0.0
25637,0.0
25638,0.027971598657211282
25639,0.36341910562485824
25640,0.06097009310596366
25641,0.030340791903953203
25642,0.07513318257105993
25643,0.7093136786846306
25644,0.06644448130027417
25645,0.01461168905719006
25646,0.18042771942944127
25647,0.06449972978661193
25648,0.1978076673668839
25649,0.2997880349394592
25650,0.07336862134324239
25651,0.025745947019941595
25652,0.031919906916869835
25653,0.13294825183091039
25654,0.17069662315554654
25655,0.04118804109917739
25656,0.05865166065235812
25657,0.011792360326850555
25658,0.046753318892440165
25659,0.0
25660,0.01166657854455484
25661,0.0839301696433169
25662,0.12152909325387323
25663,0.005587458056124571
25664,0.09559871449559315
25665,0.13719434371819322
25666,0.2168844884002755
25667,0.08067124856364767
25668,0.019419182977361345
25669,0.10479270614672158
25670,0.14692591268064506
25671,0.18120290753979607
25672,0.04638912038250192
25673,0.032359704451066805
25674,0.016012981185419783
25675,0.03091837640386979
25676,0.5986735827425148
25677,0.030539396999980414
25678,0.11605297981461037
25679,0.24360551829804797
25680,0.1551635985412102
25681,0.01816502451289726
25682,0.0
25683,0.03984524977030927
25684,0.07308649349350008
25685,0.19118861735358875
25686,0.1869960666928028
25687,0.0
25688,0.03463174969458463
25689,0.05445638763722199
25690,0.06826374517465657
25691,0.10421511722426342
25692,0.08564475523864275
25693,0.1874990361900179
25694,0.23351688543507176
25695,0.08750502479712703
25696,0.07281019370191276
25697,0.05780653555545328
25698,0.07936845930481713
25699,0.23998844601378677
25700,1.0
25701,0.04638504113476245
25702,0.3864661013481835
25703,0.04288361774442832
25704,0.18912814774546546
25705,0.04919737929182701
25706,0.07090685863294696
25707,0.0
25708,0.06109170120551206
25709,0.006073085514646487
25710,0.5244472871159309
25711,0.0
25712,0.071137854507915
25713,0.19967920994385444
25714,0.11935695196163748
25715,0.1939663753769978
25716,0.25969680720543126
25717,0.37688015481086856
25718,0.02069634139328229
25719,0.18781313848191275
25720,0.07584256220501118
25721,0.12080637597336995
25722,0.9784204764853334
25723,0.42579775274471793
25724,0.48497438157336414
25725,0.0
25726,0.018822133948191204
25727,0.11992139632944607
25728,0.023374420449313562
25729,0.0
25730,0.038008813137421806
25731,0.0
25732,0.014062428879951763
25733,0.0443882547412202
25734,0.0
25735,0.0
25736,0.0
25737,0.0632120490006057
25738,0.03512660120062691
25739,0.1028441370531421
25740,0.07993160055071315
25741,0.11844166068757205
25742,0.04195474858166689
25743,0.18558166140467447
25744,0.043923593840284686
25745,0.04633579392025345
25746,0.09398648504081022
25747,0.25771275994886633
25748,0.010818387921994198
25749,0.07284394885913313
25750,1.0
25751,1.0
25752,0.7333439049642134
25753,0.01634548125341089
25754,0.0
25755,0.15030106969509802
25756,0.3937764547808627
25757,0.0797431917794472
25758,0.0024937887564224215
25759,0.07767476037725624
25760,0.0
25761,0.0
25762,0.0158645478100625
25763,0.03445669782325373
25764,0.043339976895162044
25765,0.045821067835813745
25766,0.007107623956510189
25767,0.36304002014077125
25768,0.0
25769,0.020866252653605886
25770,0.05153501067546904
25771,0.07504320737264912
25772,0.03237738537999071
25773,0.03685513481062565
25774,0.2128993454418136
25775,0.17700954682513692
25776,0.09823052361868936
25777,0.07431066259530718
25778,0.09513163252671786
25779,1.0
25780,0.9032313056837357
25781,0.8039666165692311
25782,0.0
25783,0.01933445183575524
25784,0.0
25785,0.017604014820774703
25786,0.4603409112266629
25787,0.04787331810249251
25788,0.20283480133761056
25789,0.026564964627497183
25790,0.12252159480119876
25791,0.13817240422380872
25792,0.09472336311431032
25793,0.1442946267462712
25794,0.3522117813721769
25795,0.3596161316902473
25796,0.4118410127947916
25797,0.17901491348076753
25798,0.07817085494577253
25799,0.04093409500403772
25800,0.037589331064457394
25801,0.11179317488138925
25802,0.06869169508978598
25803,0.024633347290763254
25804,0.13684813323727743
25805,0.12358355466307487
25806,0.1111205427043933
25807,0.11420372729969731
25808,0.01831240666239935
25809,0.9726219435924112
25810,0.9908703274861581
25811,0.9914995008075799
25812,0.16317777413815437
25813,0.02089513688915047
25814,0.16842902762332657
25815,0.01680716779997816
25816,0.3726639074249714
25817,0.0
25818,0.011147801865051337
25819,0.013123190179547512
25820,0.02765333319045946
25821,0.0614307080100331
25822,0.04551847220188114
25823,0.22297655479341183
25824,1.0
25825,0.036132973665863745
25826,0.07181198461177006
25827,0.05362133205067314
25828,0.15181155919918868
25829,0.0563547222168155
25830,0.23548547294213196
25831,0.18661632161607028
25832,0.07361126137969426
25833,0.09988262032532721
25834,0.11930203257032113
25835,0.0922469236254281
25836,0.03292140866971066
25837,0.0
25838,0.2163844325208296
25839,0.21794916549417095
25840,0.18267932051723418
25841,0.09888230651499835
25842,0.0
25843,0.08247091382281924
25844,0.05007799589145853
25845,0.17583907841365287
25846,0.02237260874658934
25847,0.04221896796837493
25848,0.028474085757901838
25849,0.013251802544216594
25850,0.034057199452811056
25851,0.07996315953041266
25852,0.2150191710548826
25853,0.5145203298894762
25854,0.2014066365659338
25855,0.19066973282899966
25856,0.09411546008940803
25857,0.1289441428816741
25858,0.09627807500150569
25859,0.6056375113072008
25860,0.0017519033308107175
25861,0.006947719311281567
25862,0.0
25863,0.1662276797118704
25864,0.2516927439778239
25865,0.20034410279478596
25866,0.3980008598342696
25867,0.26390672032206197
25868,0.2002464902971425
25869,1.0
25870,0.08280029986448453
25871,0.021327363125460505
25872,0.1760606156039894
25873,0.19255701075301612
25874,0.0
25875,0.07461203790773313
25876,0.22877636536174845
25877,0.0
25878,0.057108603090852486
25879,0.011685883508062682
25880,0.028213410814632883
25881,0.056418251592508524
25882,0.07486054201411134
25883,0.2367913771907701
25884,0.23040276039620322
25885,0.3333046620826243
25886,0.23410490497471012
25887,0.12197886897376363
25888,0.13202009746653445
25889,0.19331646581703665
25890,0.0
25891,0.018363800082342868
25892,0.10167380944867625
25893,0.06615956223190105
25894,0.027945847988898126
25895,0.3398033148347609
25896,0.17884444611979994
25897,0.017616683754329815
25898,0.36030197177182094
25899,0.3111807626788563
25900,0.0
25901,0.07093599436814861
25902,0.13604027498602222
25903,0.06742765108596287
25904,0.0020487112144500813
25905,0.0
25906,0.020249654424220345
25907,0.08351563502650917
25908,0.08138557062522718
25909,0.049100262168529654
25910,0.07716123677457738
25911,0.31306404621698597
25912,0.706567474062356
25913,0.19796635182694913
25914,0.18048098293877665
25915,0.34884260994323457
25916,0.10808021759429884
25917,0.0
25918,0.032629373958380746
25919,0.08041126449389598
25920,0.14972417699831503
25921,0.1969782574450659
25922,0.017175884197665966
25923,0.01366136025307191
25924,0.08190907247976897
25925,0.09062650008292279
25926,0.0
25927,0.0
25928,0.06455614679250996
25929,0.09149962096518033
25930,0.036337567901232756
25931,0.0
25932,0.0
25933,0.0
25934,0.015076899230057684
25935,0.03357983758462428
25936,0.0776997027555067
25937,0.055320480367598394
25938,0.050142658471760505
25939,0.19000385254299157
25940,0.11793157189777269
25941,0.15676429963713973
25942,0.5228386986562045
25943,0.4642710450587837
25944,0.222755352001732
25945,0.1874272000529287
25946,0.0518440052466489
25947,0.0
25948,0.042097982977510384
25949,0.12290455568358007
25950,0.0
25951,0.02947999533868246
25952,1.0
25953,0.056600623951108396
25954,0.0
25955,0.1665973680673035
25956,0.04053475812374565
25957,0.17718871687170232
25958,0.0658880674397619
25959,0.05746191328242519
25960,0.004844671700556011
25961,0.025857756561675615
25962,0.06853162389536838
25963,0.10554236190499516
25964,0.5258090550896986
25965,0.24460672837445827
25966,0.17927471393028613
25967,1.0
25968,0.2881073621368305
25969,0.3354749592388918
25970,0.15696299019891358
25971,0.018398246180970548
25972,0.05599675502366156
25973,0.0
25974,0.04600970001237035
25975,0.05307615869577419
25976,0.014243483225949682
25977,0.049286299960756785
25978,0.49187741499092463
25979,0.0260160906713378
25980,0.22665642746649117
25981,0.023531694166625094
25982,0.09212271639623161
25983,0.08127385743297703
25984,0.13599549237225395
25985,0.1899216304654682
25986,0.04959902619526365
25987,0.020514661883096655
25988,0.0006258000231431354
25989,0.03244786411582707
25990,0.12283884925514373
25991,1.0
25992,0.18796147818637138
25993,0.7538851810315167
25994,0.2413465560400467
25995,0.2424127455903115
25996,0.16431930604788608
25997,0.17790147439517703
25998,0.007049562368499694
25999,0.00954373564388213
26000,0.06247759187689084
26001,0.1253603064049459
26002,0.09554023711068547
26003,0.04860351102485423
26004,0.3578152230203691
26005,0.0281672554337987
26006,0.027689475241935664
26007,0.0
26008,0.21759894964816087
26009,0.0005022689479361803
26010,0.11951681613052545
26011,0.18862921252813125
26012,0.026023107556491853
26013,0.0
26014,0.17882111832067846
26015,0.14658622263929025
26016,0.09975620287839808
26017,0.11167672310838228
26018,0.08452350572973835
26019,0.061255878735882674
26020,0.012727271900293878
26021,0.11349612470665929
26022,0.12297387051783436
26023,0.02486209923406352
26024,0.0
26025,0.18158526695926258
26026,0.0
26027,0.0
26028,0.11797311876620563
26029,0.0
26030,0.025949104378577593
26031,0.0950427548837655
26032,0.03951626139610722
26033,0.03358691412566829
26034,0.0
26035,0.06437293880956077
26036,0.16427969428643638
26037,0.3090504350624455
26038,0.664402124953137
26039,0.09709811242580875
26040,0.0
26041,0.012896584890582569
26042,0.009990555261801265
26043,0.060581461233772664
26044,0.0006700533886706082
26045,0.04445499006406244
26046,0.18425331378288867
26047,0.003954955749358875
26048,0.023154136771168666
26049,0.0
26050,0.0006230883928017005
26051,0.012201719754227248
26052,0.0
26053,0.07750813227986163
26054,0.06386354520783621
26055,0.33660604631366214
26056,0.006394697313520902
26057,0.004914667504053075
26058,0.027213418493858565
26059,0.061523447778141165
26060,0.1351477719350722
26061,0.32522575237894286
26062,0.1467470150203662
26063,0.0
26064,0.003648306692074086
26065,0.1816605269943855
26066,0.022510774666396942
26067,0.04197471965485837
26068,0.040090177178188094
26069,0.15512093850705214
26070,0.028221282844279327
26071,0.0
26072,0.0
26073,0.0
26074,0.24288734302783827
26075,0.0
26076,0.0
26077,0.0
26078,0.02533933510069712
26079,0.10383345252294005
26080,0.08506320653299129
26081,0.04089215473585672
26082,0.008862347653094724
26083,0.0247388081166938
26084,0.049029463376530066
26085,0.3166055441736514
26086,0.030055173187042313
26087,0.027719622214567332
26088,0.030567182056009893
26089,0.04536606685381229
26090,0.2171210617855314
26091,0.057291380373657746
26092,0.18971852664657718
26093,0.0675184492335398
26094,0.041492325259568225
26095,0.016875240906944297
26096,0.03163419592610083
26097,0.045726000642897564
26098,0.012129598231872436
26099,0.2467596931804736
26100,0.0
26101,0.0
26102,0.20504448623405502
26103,0.022857347874839413
26104,0.04182522619649932
26105,0.05179363689318414
26106,0.0
26107,0.35255574482319885
26108,0.5112846060980636
26109,0.05790823293080747
26110,0.07015198511091691
26111,0.0
26112,0.1309476545538788
26113,0.024443702183951123
26114,0.010794235531991757
26115,0.06831452976889697
26116,0.17256077477234158
26117,0.08305140599301104
26118,0.9754580877099593
26119,0.08986188816632408
26120,0.0
26121,0.05501531183735229
26122,0.07747568657199204
26123,0.009247696382350071
26124,0.016916444166697752
26125,0.11344770005146186
26126,0.36183780878956673
26127,0.0891751601264226
26128,0.07771482318831792
26129,0.0
26130,0.0
26131,0.11572852617813333
26132,0.009210969512297561
26133,0.09382516965107086
26134,0.02634100646101181
26135,0.0
26136,0.009962038194162824
26137,0.012641928957512684
26138,0.059845949134486695
26139,0.0
26140,0.06485534153065006
26141,0.13677742481904503
26142,0.004464615653009108
26143,0.05090237529935287
26144,0.0
26145,0.03326164354327208
26146,0.07605254972188376
26147,0.13708733840273024
26148,0.0
26149,0.0017513732914761942
26150,1.0
26151,0.02694589008193732
26152,0.163723512579838
26153,0.02968132345080271
26154,0.0
26155,0.02286741656122273
26156,0.04879337907746577
26157,0.007113682877835951
26158,0.03519600775582612
26159,0.20682349225461347
26160,0.026204739771775575
26161,0.010548007910268983
26162,0.0
26163,0.0
26164,0.0040664177036568725
26165,0.018557393645340498
26166,0.02404354796465212
26167,0.1348444887450563
26168,0.0
26169,0.0
26170,0.09578654567308638
26171,0.0019516659261951314
26172,0.00618573400304605
26173,0.019165198251072157
26174,0.34630079827822685
26175,0.012112729548814365
26176,0.0
26177,0.0344580707740808
26178,0.07231885380976166
26179,0.0
26180,0.020023236035878363
26181,0.21530286795872927
26182,0.06528151648906899
26183,0.0
26184,0.010914388399415031
26185,0.05064487534597041
26186,0.1661302947747853
26187,0.0762819008280204
26188,0.06524817543019289
26189,0.08433711695560728
26190,0.04170294290503357
26191,0.015350132586912226
26192,0.014125004142746882
26193,0.06476993222547302
26194,0.22453205142576835
26195,0.1879669592755853
26196,0.0
26197,0.04875678026404594
26198,0.0253372753978162
26199,0.0035198243188611627
26200,0.0023378989499096593
26201,0.0
26202,0.007010352854980381
26203,0.008513139697116668
26204,0.0
26205,0.0
26206,0.0
26207,0.018008248127931857
26208,0.04234335931653921
26209,0.0
26210,0.16515092001341086
26211,0.05925073571902791
26212,0.0
26213,0.25669067287069824
26214,0.020913150798305937
26215,0.01149611309515949
26216,0.03139499134207696
26217,0.005879560826471129
26218,0.0
26219,0.0
26220,0.01385231256742794
26221,0.01748897886104863
26222,0.0
26223,0.0
26224,0.03323835579839136
26225,0.0
26226,0.0
26227,0.07712194874770185
26228,0.051986966773957304
26229,0.05634311200628948
26230,0.0030649177003773133
26231,0.04074467726222483
26232,0.0
26233,0.0
26234,0.02024153589920844
26235,0.0
26236,0.15510000783859654
26237,0.011934835009040494
26238,0.05245292933330381
26239,0.001201114150442797
26240,0.0
26241,0.0004447616412306314
26242,0.0
26243,0.01989089218407339
26244,0.09199321506712708
26245,0.0
26246,0.0032290050691020475
26247,0.013729874747835224
26248,0.2880523440202764
26249,0.06672498782216527
26250,0.09506007008065144
26251,0.07497815043281592
26252,0.0
26253,0.07875142003456373
26254,0.0
26255,0.12207189513063454
26256,0.030468065369298785
26257,0.13416791766186148
26258,0.13229863885102522
26259,0.0
26260,0.0
26261,0.0
26262,0.0
26263,0.0
26264,0.0011041603859883657
26265,0.0008838586163964507
26266,0.017098387232816883
26267,0.04166850958491747
26268,0.0046658364830008655
26269,0.10785944679365193
26270,0.06777385634573065
26271,0.0
26272,0.1655782837920559
26273,0.0012359570567525126
26274,0.014432784832573504
26275,0.0
26276,0.01713717710688343
26277,0.018408579331436945
26278,0.047629637582651825
26279,0.0
26280,0.04535346885868388
26281,0.054568034113520646
26282,0.0
26283,0.0031115372127167645
26284,0.04056605652366789
26285,0.0
26286,0.2031722621834547
26287,0.21947626805811962
26288,0.0
26289,0.0823985928460249
26290,0.0
26291,0.030039187435847867
26292,0.101489712396334
26293,0.0
26294,0.0
26295,0.0
26296,0.0
26297,0.009342080819669338
26298,0.0
26299,0.005329859354974162
26300,0.049356383602136934
26301,0.022978555141904333
26302,0.23484106106908487
26303,0.041812270574099995
26304,0.043331855384292586
26305,0.09961658171570358
26306,0.1625631923855937
26307,0.02007401027068675
26308,0.004951991477787254
26309,0.0
26310,0.07261665850533605
26311,0.0
26312,0.23622383472341646
26313,0.016373144774930227
26314,0.18157627070740673
26315,0.0
26316,0.0
26317,0.023035229922732596
26318,0.0
26319,0.029744398381098786
26320,0.0
26321,0.14124079833300116
26322,0.0
26323,0.816789520758217
26324,0.17720780085122956
26325,0.03612988405775996
26326,0.0
26327,0.14336008676927078
26328,0.06751538737408759
26329,0.018982540178959468
26330,0.022543447169775434
26331,0.08864593374108322
26332,0.032189219362897606
26333,0.056595910380857
26334,0.21128511639976277
26335,0.5048194427829228
26336,0.3614478955993853
26337,0.06240734327316297
26338,0.11436346459266462
26339,0.12186751789026902
26340,0.1002782039704536
26341,0.08279786800075353
26342,0.07002448941008442
26343,0.043409584569864046
26344,0.2219340915423104
26345,0.0944003967434852
26346,0.2238987826402774
26347,0.3670137321502809
26348,0.11796979919621056
26349,0.0
26350,0.4267353121936377
26351,0.010133926323000631
26352,0.08358540034638035
26353,0.4150837500698092
26354,0.0679492715199124
26355,0.0934402680488973
26356,0.023752764691418793
26357,0.1328068306623968
26358,0.04061619989586701
26359,0.10019829462802714
26360,0.1065641815385398
26361,0.0
26362,0.012127687059606724
26363,0.03031907997837104
26364,0.22611212726047064
26365,0.07318071495811083
26366,0.04137585558250579
26367,0.14041021297459166
26368,0.1144631772989633
26369,0.13600191905753817
26370,0.0
26371,0.002001414295051095
26372,0.03765957680024567
26373,0.07481142265675259
26374,0.07513516056270252
26375,0.03731422725788174
26376,0.052358659605137775
26377,0.01955551066391258
26378,0.0019244115474302418
26379,0.0
26380,0.0
26381,0.3619103414591231
26382,0.07962439688910587
26383,0.0
26384,0.22846093237703205
26385,0.3089161787337539
26386,0.16550650196425082
26387,0.038431413336885115
26388,0.03725506321475395
26389,0.0
26390,0.045087885883284606
26391,0.005761258855605274
26392,0.008811951914074556
26393,0.0
26394,0.11117610171968599
26395,0.20289047685914097
26396,0.34988871407393396
26397,0.0
26398,0.0
26399,0.021634721816097376
26400,0.0
26401,0.06294077478909568
26402,0.03516564589998984
26403,0.18947112647805112
26404,0.028612392699046845
26405,0.025124309648393708
26406,0.0
26407,0.025338326887177576
26408,0.0056765325526386
26409,0.036219113442667025
26410,0.4172440547447743
26411,0.09726683396879546
26412,0.10762277099601947
26413,0.012015556371634898
26414,0.07916075422966254
26415,0.09213073086440533
26416,0.005333827449730702
26417,0.014226135190505942
26418,0.08816872161758949
26419,0.11862639769432853
26420,0.09256861448688751
26421,0.07517542517554741
26422,0.1106505548369605
26423,0.0
26424,0.044656096442739726
26425,0.03994027641203064
26426,0.023681310599393726
26427,0.008374989835010217
26428,0.10806743810529879
26429,0.05816003395755978
26430,0.17475520454950474
26431,0.01046344840080186
26432,0.022846687948024278
26433,0.011734093434079919
26434,0.04358667904219189
26435,0.006666704498032416
26436,0.017928877306149383
26437,0.05079807492116958
26438,0.0
26439,0.0214706322432048
26440,0.03404716255261684
26441,0.23910707485181604
26442,0.22841650426173266
26443,0.02619857547268
26444,0.022420699250305192
26445,0.05810306924691622
26446,0.09046261329355425
26447,0.1110898981243511
26448,0.0
26449,0.017880039225048265
26450,0.003653705754372048
26451,0.0
26452,0.21206725498217227
26453,0.030606693447271346
26454,0.026300820857852326
26455,0.0
26456,0.024726901654913827
26457,0.05839357602050356
26458,0.17612630639840393
26459,0.17024308498340565
26460,0.20277625390881776
26461,0.057839871852844636
26462,0.026668676060779727
26463,0.022146760809862817
26464,0.08120759673647744
26465,0.011844060094113106
26466,0.0
26467,0.12733114133951198
26468,0.024810395167215102
26469,0.5121042626469818
26470,0.12570354361471753
26471,0.031125976878209984
26472,0.15083126582178918
26473,0.09200721702336931
26474,0.05766335284315318
26475,0.008186933684940077
26476,0.01767844970270831
26477,0.0
26478,0.030373429776547285
26479,0.019263112601324565
26480,0.005877714929818474
26481,0.032165356372246684
26482,0.10698649719980577
26483,0.09268091737089167
26484,0.09561750942341964
26485,0.0675183867348157
26486,0.10780016620645781
26487,0.19376479754024808
26488,0.3385439435874349
26489,0.06142953535959929
26490,0.04333078874229368
26491,0.05447520079504033
26492,0.02729198805447992
26493,0.04361403134751669
26494,0.06679613891005502
26495,0.12018836102110074
26496,0.06493838616999635
26497,0.13543577464462572
26498,0.06078189680272642
26499,0.04972498089176241
26500,0.010786340056228387
26501,0.0
26502,0.1908408177314429
26503,0.008154202322098476
26504,0.0022205055731169417
26505,0.03157839425790814
26506,0.01977718590831013
26507,0.0
26508,0.0038100503257478603
26509,0.010908499390513434
26510,0.029973991920711783
26511,0.07929527162245667
26512,0.07489584133969925
26513,0.08047627715764703
26514,0.07491170552951928
26515,0.20278024315243812
26516,0.1790287419779575
26517,0.1880788722455669
26518,0.013565616732746671
26519,0.09633389528287306
26520,0.03580067536973769
26521,0.02635966698697119
26522,0.08063862920630642
26523,0.0
26524,0.03790335006238834
26525,0.00684888029694668
26526,0.026760456231816446
26527,0.049988516769505636
26528,0.0
26529,0.02811673088767552
26530,0.013066853785709213
26531,0.07654170471948613
26532,0.05202322069477129
26533,0.16650443685413419
26534,0.06141730082915604
26535,0.17883680567852903
26536,0.3536497021278221
26537,0.11368671270585595
26538,0.1350201414502732
26539,0.050563172730423385
26540,0.04956898076292616
26541,0.040317829889195876
26542,0.05900504805146337
26543,0.06872897363590967
26544,0.0
26545,0.040860743353828125
26546,0.34393031601082774
26547,0.07397400694351712
26548,0.0629937067022718
26549,0.04975394252526571
26550,0.06465047481233396
26551,0.0
26552,0.0
26553,0.0
26554,0.013963031499029086
26555,0.037763659796799444
26556,0.3700193416465331
26557,0.07166026237245157
26558,0.02223302287002778
26559,0.07995595126471901
26560,0.6242578280020341
26561,0.07945359117188343
26562,0.022705152289924813
26563,0.15691092933232476
26564,0.04744534838045737
26565,0.21668987591053543
26566,0.3098151446635296
26567,0.04965536802945869
26568,0.012060033601867418
26569,0.03767630707686484
26570,0.06874639466819601
26571,0.09731656750871148
26572,0.19609577641188877
26573,0.0507180150188088
26574,0.09339885926625636
26575,0.061657087804304796
26576,0.07623548484852213
26577,0.0
26578,0.01591580062717894
26579,0.05516585831911315
26580,0.08054259381552897
26581,0.004663279884488242
26582,0.12742611934936957
26583,0.1249074834264589
26584,0.2146231119363016
26585,0.08719466645959385
26586,0.024224890110830163
26587,0.1117730126149955
26588,0.16731131056875154
26589,0.20611832184196993
26590,0.017923643495276427
26591,0.07490549587189038
26592,0.08228876499367477
26593,0.1044658319536188
26594,0.6732223843007669
26595,0.14270923383606288
26596,0.22733311505907028
26597,0.1489729193200577
26598,0.0
26599,0.038885731378256315
26600,0.0
26601,0.05367575298946511
26602,0.0980470901685185
26603,0.24451464394533592
26604,0.20774600064601303
26605,0.0
26606,0.0797512280581118
26607,0.08293404770400875
26608,0.11803726018465066
26609,0.0649338459284075
26610,0.13528369269163132
26611,0.21101189981282018
26612,0.253674262310338
26613,0.10618125964419849
26614,0.08359248642258314
26615,0.07533992000244348
26616,0.07296991060407368
26617,0.2367137991286728
26618,1.0
26619,0.024315827137533958
26620,0.30752163215898976
26621,0.05774829912147295
26622,0.2396501312509859
26623,0.04609744686837775
26624,0.07547854245733944
26625,0.002825619680152241
26626,0.034776244066503516
26627,0.004314299592663157
26628,0.5171329506615853
26629,0.008024863168793668
26630,0.07259317876537034
26631,0.24648840710726738
26632,0.11263767469695804
26633,0.17371769599886913
26634,0.3338570169130153
26635,0.34067467893430375
26636,0.001635436861087806
26637,0.20963121180576236
26638,0.13784926667759595
26639,0.07663793347740287
26640,1.0
26641,0.3986654301873027
26642,0.4170219150063312
26643,0.006473314084578976
26644,0.14393645503263416
26645,0.028003546266292267
26646,0.026268263082422902
26647,0.00517493126935221
26648,0.05101415025968262
26649,0.0048716538557898375
26650,0.03174316117236345
26651,0.0
26652,0.008277777434323648
26653,0.0
26654,0.050178430948061445
26655,0.05450170493559587
26656,0.05397870140662344
26657,0.0947740142727291
26658,0.09483083616532748
26659,0.05377873977041182
26660,0.07150739522117347
26661,0.179486944953767
26662,0.04938735224718194
26663,0.05061487601537527
26664,0.2861271941170776
26665,0.003224307865709337
26666,0.03498548940193626
26667,1.0
26668,1.0
26669,0.8001434939222735
26670,0.0
26671,0.0214396122103432
26672,0.0
26673,0.07579004429623958
26674,0.35115895471050484
26675,0.11349375829417652
26676,0.07072346893079716
26677,0.018555288375844206
26678,0.056665119321423776
26679,0.056949202423637144
26680,0.03967841374770946
26681,0.036106165333413716
26682,0.3658452312794474
26683,0.01602658436809064
26684,0.022264919112226327
26685,0.09320349167598127
26686,0.05950297330165771
26687,0.03582696897325669
26688,0.047691525271030134
26689,0.2106992438019404
26690,0.15383059724249493
26691,0.058091624784146
26692,0.06613205427285504
26693,0.1328573233988888
26694,0.09544675616429193
26695,1.0
26696,0.7694671605935307
26697,0.7197428843538876
26698,0.0
26699,0.0
26700,0.35464227753331706
26701,0.08739995234026748
26702,0.18414966661997575
26703,0.02447485488373548
26704,0.09486251801517322
26705,0.009914143043077497
26706,0.15634728779996893
26707,0.10649342317740075
26708,0.1558703566711185
26709,0.301245292725216
26710,0.33110851330898733
26711,0.36194437710823907
26712,0.11998733863118967
26713,0.08512519152436676
26714,0.061224364489225795
26715,0.03518622510965364
26716,0.0867728897809162
26717,0.022825805063352553
26718,0.03158865093340084
26719,0.10446125244216689
26720,0.11523946007374775
26721,0.06693657357368656
26722,0.05939356923413743
26723,0.011544924804358368
26724,1.0
26725,0.9921941303512113
26726,0.9982389978835768
26727,0.10892257271939687
26728,0.05695909490793912
26729,0.060481301254232976
26730,0.029796193694614014
26731,0.27492111927086804
26732,0.0007782269949976862
26733,0.0
26734,0.0
26735,0.017552311067960007
26736,0.018084413222185576
26737,0.06050455444826678
26738,0.045794946660010806
26739,0.2013225111405415
26740,1.0
26741,0.025871182990889884
26742,0.11808900738785347
26743,0.04065071424116648
26744,0.16564341997365867
26745,0.07595037931429136
26746,0.1760835042627949
26747,0.18835815343825618
26748,0.0747095822172218
26749,0.09566078881685358
26750,0.13563630753120257
26751,0.10837379560500668
26752,0.04837831392703438
26753,0.0
26754,0.19907729465743462
26755,0.2113373328287399
26756,0.20050503990456123
26757,0.0439915470573136
26758,0.0
26759,0.02408937165144013
26760,0.0
26761,0.10481316194581519
26762,0.1907224738024573
26763,0.020563844292783753
26764,0.04233948848441873
26765,0.02048403829281132
26766,0.011591670169447135
26767,0.011576655717384032
26768,0.04421225357620399
26769,0.06712197334139341
26770,0.18569330392715624
26771,0.4413728023730924
26772,0.17383835779532958
26773,0.18662139831184785
26774,0.07471805200481874
26775,0.17283820394572258
26776,0.09959078709566184
26777,0.551917751724018
26778,0.03780437987777653
26779,0.0520434406693248
26780,0.0
26781,0.14323730213303384
26782,0.21770855914134327
26783,0.19702640425737586
26784,0.39866004609846695
26785,0.24383596255473142
26786,0.21944270321906967
26787,1.0
26788,0.11558161470365978
26789,0.0103156749366138
26790,0.19305353286830917
26791,0.21705707155065262
26792,0.0029602975760724165
26793,0.2277298237205908
26794,0.06310029412854246
26795,0.01066001165191922
26796,0.04322698394237783
26797,0.031363568441597656
26798,0.0616345518097183
26799,0.2156503589317791
26800,0.2719994859347784
26801,0.3028081828226679
26802,0.21869500975359898
26803,0.13638765920481863
26804,0.1373014282870174
26805,0.20735999048129677
26806,0.0
26807,0.024273345863543405
26808,0.14548298179321176
26809,0.055881281987888824
26810,0.0
26811,0.3932670817027034
26812,0.1843929864167589
26813,0.031163465749138294
26814,0.48308539181185783
26815,0.21048240435907029
26816,0.020628442602320204
26817,0.1359084992444026
26818,0.07793583504040265
26819,0.02687999037832248
26820,0.0
26821,0.0194521543423442
26822,0.031907443695345504
26823,0.07523060399444835
26824,0.07340396602041521
26825,0.10617676246351543
26826,0.2489818866247387
26827,0.8071836398972521
26828,0.244626032611662
26829,0.1661313943071136
26830,0.34983178918270935
26831,0.10023398249730327
26832,0.0713318890192741
26833,0.08039974477588313
26834,0.14946170712497114
26835,0.21111063515982148
26836,0.05130851609739895
26837,0.02321129131942734
26838,0.06934186489804216
26839,0.07423362595349735
26840,0.046379314368115904
26841,0.0
26842,0.06780327467295313
26843,0.03444187752986067
26844,0.014079170314377734
26845,0.0025261879776035867
26846,0.0
26847,0.026336941080698065
26848,0.024274347546771293
26849,0.06663509437354971
26850,0.029467735975155545
26851,0.07466265312457664
26852,0.18937228576870332
26853,0.14928933612186923
26854,0.14438016386393515
26855,0.5528376255652353
26856,0.5637032431330291
26857,0.20390278617897875
26858,0.1739806157762808
26859,0.06551326591703753
26860,0.10833011738901221
26861,0.0
26862,1.0
26863,0.0161809543983583
26864,0.0
26865,0.05485703564169895
26866,0.09665611193261929
26867,0.1133145310432269
26868,0.013306154573841263
26869,0.08376725542000651
26870,0.022450954431363853
26871,0.042010189600947885
26872,0.027803978292449346
26873,0.0613023764300474
26874,0.11173704403814895
26875,0.552068885018815
26876,0.23053579098024876
26877,0.17100453037358193
26878,1.0
26879,0.21718597346838014
26880,0.33899173463069976
26881,0.1553116164823102
26882,0.03379088005221704
26883,0.034927215791859915
26884,0.0003142667864557116
26885,0.015647545043631066
26886,0.007754784961962366
26887,0.03209432307648128
26888,0.08009165902553657
26889,0.42679756406938313
26890,0.060932615041804514
26891,0.30946053173113963
26892,0.0172897504941527
26893,0.09713152779355726
26894,0.1479677378065274
26895,0.11143562801313339
26896,0.21779032301288292
26897,0.037325171989931495
26898,0.0
26899,0.009730788624460187
26900,0.10599243811734273
26901,1.0
26902,0.18109375099709862
26903,0.8362838735673236
26904,0.1967979939511918
26905,0.22146705683364834
26906,0.14101311776141637
26907,0.18575797625938698
26908,0.04954442940089804
26909,0.01671538680854615
26910,0.0
26911,0.023929840365368448
26912,0.006127877410710863
26913,0.11317155060904963
26914,0.13525612280449234
26915,0.040967408162888144
26916,0.24531915746116065
26917,0.012087246542046867
26918,0.08287612939277346
26919,0.22295220752352907
26920,0.014824913633906412
26921,0.0
26922,0.11363337425988906
26923,0.15204210007282123
26924,0.03369164672838483
26925,0.06887602795055402
26926,0.14849033514946938
26927,0.12259275065354953
26928,0.13031851178784173
26929,0.01047308882694409
26930,0.08756934997284113
26931,0.09155232795628399
26932,0.0180454250422896
26933,0.12822383731533452
26934,0.11474807767926509
26935,0.012909149961219075
26936,0.0
26937,0.012373573314399236
26938,0.17842091754911407
26939,0.0
26940,0.0
26941,0.17799504570652058
26942,0.0
26943,0.0
26944,0.09654092822347768
26945,0.04414683085800413
26946,0.027159408034267057
26947,0.04094406045840832
26948,0.19873705565272867
26949,0.30807038170768275
26950,0.6628168283753529
26951,0.14364320776818515
26952,0.0
26953,0.0
26954,0.02334827405119477
26955,0.02468777228300023
26956,0.048723391115152545
26957,0.024337323112495
26958,0.1344181426758468
26959,0.005656368190553369
26960,0.0
26961,0.0
26962,0.03620140346600957
26963,0.020319852961358867
26964,0.005659457001806442
26965,0.009412396725548585
26966,0.07994066657145014
26967,0.0705192232581796
26968,0.35619906738759666
26969,0.0
26970,0.026745680612286417
26971,0.02013186835365016
26972,0.06720872022150352
26973,0.12112066890019914
26974,0.35885282485336256
26975,0.13592282475706235
26976,0.012287919622376636
26977,0.1905727566242967
26978,0.014234259890654855
26979,0.0
26980,0.07917871729406785
26981,0.14391348513928717
26982,0.07783411413109613
26983,0.0
26984,0.0
26985,0.0
26986,0.22339100476827936
26987,0.028821247010440778
26988,0.019409493939734176
26989,0.10560482523913937
26990,0.06118712673305467
26991,0.04214045181416864
26992,0.020917820977811717
26993,0.018764643742220213
26994,0.03071558248969198
26995,0.2675326623603102
26996,0.00731013123064896
26997,0.0
26998,0.010211566148317407
26999,0.04149043710957703
27000,0.03767328335267036
27001,0.30493634286399574
27002,0.057724505832091856
27003,0.17065809866148648
27004,0.06426334063359654
27005,0.002202057353829595
27006,0.0021070434969029097
27007,0.07261068363694993
27008,0.052446488129788874
27009,0.0
27010,0.22286961487896542
27011,0.0
27012,0.0
27013,0.21159727839547002
27014,0.013980725901749124
27015,0.04111548332534332
27016,0.07299816627288759
27017,0.0
27018,0.2672654884830976
27019,0.5176944973126988
27020,0.10007650197171242
27021,0.06691352075146059
27022,0.0
27023,0.10364135718531958
27024,0.06770139470323887
27025,0.046030643186904245
27026,0.04287026345080147
27027,0.1689626454329985
27028,0.0639284403887022
27029,1.0
27030,0.10434186367579239
27031,0.0
27032,0.05644857452667781
27033,0.06036180458149369
27034,0.026339385537875185
27035,0.024444300161367116
27036,0.08925916314322584
27037,0.34358212361681373
27038,0.03736218757763866
27039,0.1748729502446589
27040,0.021210839655423613
27041,0.16491524376308314
27042,0.01873591318071524
27043,0.04386811837303461
27044,0.03577722106667341
27045,0.02186400837020875
27046,0.02134972898372406
27047,0.040975100432542405
27048,0.013657858463700061
27049,0.09389184931186896
27050,0.15577035508803572
27051,0.0
27052,0.04896419368206178
27053,0.01826744676178215
27054,0.07484169122335393
27055,0.07627417156183475
27056,0.017481622649745295
27057,0.020798123947066094
27058,1.0
27059,0.03972726131928985
27060,0.1695755660025087
27061,0.047584395640907176
27062,0.02802419099605698
27063,0.03353051009156907
27064,0.041105652237416
27065,0.015500809979242457
27066,0.005353783670583986
27067,0.23065311000439823
27068,0.026424014528343386
27069,0.001119702135725405
27070,0.009990269510359882
27071,0.008062740545377103
27072,0.07756948309705833
27073,0.0
27074,0.11182999671390204
27075,0.04915773655456622
27076,0.0
27077,0.05672091246145333
27078,0.3296274292554192
27079,0.01770752538618319
27080,0.01985700097848048
27081,0.0
27082,0.0
27083,0.06510364734464134
27084,0.03334527047013122
27085,0.17143713872632801
27086,0.04825089504978567
27087,0.0
27088,0.013025533337459991
27089,0.01207093813603794
27090,0.06330925275158049
27091,0.1738206865627176
27092,0.13564358300554286
27093,0.023437894635000303
27094,0.07568053354006128
27095,0.029708727604218704
27096,0.02829763208580065
27097,0.06446328900619447
27098,0.2397326286384365
27099,0.18423892343297144
27100,0.05295384421952167
27101,0.027882081082770693
27102,0.0
27103,0.0014197599733829643
27104,0.0
27105,0.020638523214889983
27106,0.0
27107,0.0
27108,0.0
27109,0.0
27110,0.007642896906360522
27111,0.0
27112,0.047253029198438615
27113,0.03789950630068536
27114,0.0939691331188191
27115,0.0
27116,0.11901708812145156
27117,0.0
27118,0.306560999059069
27119,0.01517503977289049
27120,0.0
27121,0.0
27122,0.013379935713523685
27123,0.011220666231352205
27124,0.0
27125,0.02655493395497152
27126,0.0
27127,0.013599963255168185
27128,0.0
27129,0.0010888486655264127
27130,0.1347531384106143
27131,0.03382102210333183
27132,0.0
27133,0.01071165535240225
27134,0.06419857702717328
27135,0.0
27136,0.02297045771694599
27137,0.002573270696268836
27138,0.1635964932748089
27139,0.015951316663911502
27140,0.04470726697149281
27141,0.00660572044504264
27142,0.004685119532812973
27143,0.04924397500308505
27144,0.009897833043446977
27145,0.10217911734214741
27146,0.020609721793757974
27147,0.0
27148,0.0
27149,0.00294879844664935
27150,0.33226992014075507
27151,0.04426581599818925
27152,0.0551273070005586
27153,0.07357975385192156
27154,0.0
27155,0.0
27156,0.0
27157,0.06860956239746697
27158,0.011633843048025611
27159,0.007945479482995009
27160,0.13119588353734393
27161,0.023584874351294808
27162,0.11529504510060963
27163,0.0
27164,0.19772984558006565
27165,0.007693592522392231
27166,0.017898645492705208
27167,0.0456849400207045
27168,0.028665073608176987
27169,0.000340871479218374
27170,0.0
27171,0.0037400183513547486
27172,0.016034373995398685
27173,0.04809743102769629
27174,0.0
27175,0.00739144181168286
27176,0.1350089479439564
27177,0.02154997059949611
27178,0.1840967832915347
27179,0.03025930179345006
27180,0.023254980324737738
27181,0.004378077544176762
27182,0.0
27183,0.005065551475852962
27184,0.015429146435499901
27185,0.044857056769007815
27186,0.022283270059840557
27187,0.0
27188,0.0012787592292900823
27189,0.0
27190,0.042808943889686896
27191,0.25183920754365935
27192,0.19752191789763343
27193,0.0
27194,0.09497894959288976
27195,0.0
27196,0.0
27197,0.05249480162262713
27198,0.1172728176308992
27199,0.08290025948547429
27200,0.0
27201,0.06951745682970803
27202,0.0
27203,0.02546539328353769
27204,0.02269989312778001
27205,0.011097123956622396
27206,0.010193394517620259
27207,0.11487273700491685
27208,0.0
27209,0.02918561472566059
27210,0.015967197398683203
27211,0.18271138155856848
27212,0.21410162045386535
27213,0.009486058215410145
27214,0.2540996144308042
27215,0.02941951025577493
27216,0.19553875915681337
27217,0.1116141948185872
27218,0.10962521116353391
27219,0.0
27220,0.16411299730851686
27221,0.0007468508506642233
27222,0.026533415466201277
27223,0.2130455031732912
27224,0.025303863831240333
27225,0.9687565783176918
27226,0.11106535320648481
27227,0.0
27228,0.13695580933986165
27229,0.008536215755330982
27230,0.05800124048432413
27231,0.007292887412981795
27232,0.035991310580355804
27233,0.0
27234,0.030934220792305712
27235,0.21579027391352615
27236,0.5478331565098806
27237,0.42667682444871585
27238,0.0
27239,0.02143594788767758
27240,0.21309307909407657
27241,0.0
27242,0.10351205708170277
27243,0.08512421380110254
27244,0.09458315173646516
27245,0.05521041681178593
27246,0.2678540243622365
27247,0.08029982681908748
27248,0.13418452092457223
27249,0.5093246527905321
27250,0.10997308935291501
27251,0.37581132384189686
27252,0.0731468498348224
27253,0.4442101362134369
27254,0.10759147924842456
27255,0.04267457362106379
27256,0.0279108025915078
27257,0.08061596143056218
27258,0.1324622685039894
27259,0.06122762213124116
27260,0.10323566644669305
27261,0.0
27262,0.0876036204079465
27263,0.19029429912470486
27264,0.022221191157087383
27265,0.06564562044299917
27266,0.08694981734923422
27267,0.168729397362904
27268,0.13493984154128372
27269,0.014065051158807225
27270,0.0
27271,0.030717390529883194
27272,0.1000117041670941
27273,0.1781447995864153
27274,0.0
27275,0.2538565182972076
27276,0.0
27277,0.061494870994622586
27278,0.039562851573828606
27279,0.04098986312029494
27280,0.0
27281,0.4036301648132141
27282,0.041576978832263904
27283,0.06609401220600401
27284,0.23600262049075132
27285,0.21025768013818721
27286,0.0
27287,0.14477539326934788
27288,0.05836324727689475
27289,0.0
27290,0.0
27291,0.057239596552855536
27292,0.031240082027864227
27293,0.03299098505266978
27294,0.045190309430849125
27295,0.18023320255892727
27296,0.5328472708563141
27297,0.009304470378261948
27298,0.1274876967107661
27299,0.051942433466824436
27300,0.0
27301,0.028618014972840052
27302,0.0013344849928653335
27303,0.0
27304,0.3120329106979018
27305,0.024315109885789984
27306,0.04362443318817118
27307,0.0
27308,0.03838361159896644
27309,0.04629227582806633
27310,0.0974681402237415
27311,0.44888430043054744
27312,0.06826722432915137
27313,0.09213583591478267
27314,0.02830511729265987
27315,0.0003745379073702969
27316,0.08467112918663448
27317,0.09427855165454457
27318,0.0
27319,0.03161620894424566
27320,0.14965995154104073
27321,0.1349058556240138
27322,0.09152010879421285
27323,0.06549455910408905
27324,0.1129371664788852
27325,0.048140128277470474
27326,0.025404544145480108
27327,0.028381646720262686
27328,0.0011075105332572373
27329,0.11509832019131928
27330,0.08624033662485377
27331,0.19779286671806942
27332,0.03411842335552836
27333,0.018387955121242073
27334,0.017917942883090045
27335,0.0444437896113341
27336,0.01704592084429779
27337,0.0074210759053936065
27338,0.035587292582769665
27339,0.0
27340,0.041387713885422436
27341,0.3058695969515174
27342,0.27254426805750515
27343,0.06144993123033184
27344,0.0749519812257601
27345,0.03295354860261319
27346,0.1000867130805185
27347,0.0019537176791100314
27348,0.0
27349,0.0379705059008999
27350,0.0032027730822496766
27351,0.0
27352,0.18652667637350767
27353,0.01663248599516056
27354,0.02432407635719878
27355,0.0
27356,0.022644524860702894
27357,0.05948123002323981
27358,0.14531505408854092
27359,0.19828010750097916
27360,0.05699577410238777
27361,0.06534781947103548
27362,0.03851689874242618
27363,0.01842481481843978
27364,0.0605976356093348
27365,0.042493675174422096
27366,0.012697219797100742
27367,0.1707298152213035
27368,0.056785307879668956
27369,0.405390153838903
27370,0.14209684396033265
27371,0.04509386306636864
27372,0.01429323798444136
27373,0.1480491583759577
27374,0.09224235308119266
27375,0.04435259589172405
27376,0.0
27377,0.0
27378,0.01926934999399145
27379,0.029907295738586404
27380,0.0196525121530829
27381,0.03457911696008152
27382,0.07820249314645811
27383,0.06742030665335536
27384,0.07443513587861396
27385,0.05225120949476213
27386,0.08887386940527421
27387,0.17809939392676005
27388,0.27163139701749
27389,0.05985314366560801
27390,0.03604313473524435
27391,0.04361179354979064
27392,0.005435308108815026
27393,0.029953621511073565
27394,0.0
27395,0.07622040689597016
27396,0.06844162311441768
27397,0.08510613960440831
27398,0.04578424790980736
27399,0.09530303228875966
27400,0.03735956732497322
27401,0.060819942156973304
27402,0.013066437591418472
27403,0.009929122346644281
27404,0.0
27405,0.18865668603613406
27406,0.009137002573964227
27407,0.03159472743172598
27408,0.0649703638102017
27409,0.0
27410,0.0
27411,0.011553463025825219
27412,0.026852382621298323
27413,0.07260669210803683
27414,0.06875869674782743
27415,0.09632067759960397
27416,0.06684314459211398
27417,0.2020800167246555
27418,0.05478798311238138
27419,0.2000294473807047
27420,0.002649766417479584
27421,0.12088665187186667
27422,0.03172152882871262
27423,0.036755666224595786
27424,0.0797927242493108
27425,0.0033019040206996803
27426,0.03458661103029601
27427,0.042277086802160545
27428,0.0
27429,0.05394395601769335
27430,0.05169200745008569
27431,0.015715619827181476
27432,0.05027813964823314
27433,0.0
27434,0.0
27435,0.11893811066202478
27436,0.029125217757172254
27437,0.16386224527693374
27438,0.04142207040835995
27439,0.1322885144644278
27440,0.37494069232603
27441,0.10743928545580989
27442,0.1196989227394171
27443,0.05185431935540563
27444,0.06645780969398636
27445,0.028935812554721194
27446,0.09258348966824491
27447,0.04269114951460737
27448,0.3551896989436567
27449,0.09848917734825864
27450,0.04942198837939111
27451,0.04619678595250475
27452,0.03987786096939311
27453,0.0
27454,0.049257074508055235
27455,0.0017644418048756024
27456,0.030994163838360185
27457,0.36437203051744266
27458,0.05507206960070997
27459,0.03140210472296319
27460,0.09954438520449674
27461,0.7704923241553274
27462,0.0642071142348174
27463,0.024417235254764375
27464,0.14280808601836759
27465,0.08903964816244617
27466,0.1651901765759517
27467,0.2587223167523645
27468,0.08044355826571936
27469,0.011122385537255731
27470,0.027023648376777617
27471,0.08949373216466167
27472,0.10561307830345364
27473,0.17324348034562895
27474,0.0943457809490387
27475,0.18425999337022375
27476,0.08092850564272554
27477,0.013134169314634795
27478,0.11119755018039197
27479,0.0101496654447922
27480,0.06986760830616555
27481,0.0577759590869243
27482,0.008810503576409223
27483,0.1313693569145916
27484,0.1131735318778846
27485,0.19616942432943318
27486,0.10008694799563175
27487,0.014549634970343015
27488,0.12122996738204131
27489,0.15317111427932642
27490,0.19849402284441092
27491,0.03471116333439803
27492,0.0
27493,0.09150921102506283
27494,0.06024266642529777
27495,0.09434444430909404
27496,0.6224557881881655
27497,0.0
27498,0.039600028241020595
27499,0.25590166329048364
27500,0.11434583270565916
27501,0.05467951264365737
27502,0.08239381559336743
27503,0.21074688281991413
27504,0.21548305894474137
27505,0.05404652114712521
27506,0.0624986166351526
27507,0.12677615019194094
27508,0.08811375775517159
27509,0.10536823354558343
27510,0.15266868761083363
27511,0.21678418231313917
27512,0.10037064885125976
27513,0.0
27514,0.0
27515,0.01568405397059803
27516,0.07100439250998729
27517,0.05583977919919217
27518,0.24295704003276547
27519,0.9524900577980364
27520,0.02298451108678155
27521,0.2679772147539038
27522,0.003187494647966546
27523,0.035165239178634865
27524,0.2290391212818162
27525,0.07320612111275102
27526,0.07127373679034363
27527,0.001296456938726033
27528,0.037730001273127596
27529,0.4836095299009106
27530,0.13490219009691595
27531,0.06131386155915581
27532,0.21982750987166869
27533,0.09695587171043268
27534,0.19881578628858826
27535,0.320652415883481
27536,0.33976394956086386
27537,0.027851675147338585
27538,0.19348722475680175
27539,0.1726424847670892
27540,0.17269243272456086
27541,1.0
27542,0.351693242026231
27543,0.34457663476492406
27544,0.008424684160267282
27545,0.2030885021928729
27546,0.048607228647062045
27547,0.00932849046474463
27548,0.015949136721226477
27549,0.04119038824141635
27550,0.0
27551,0.0024183274045661745
27552,0.057885497236801434
27553,0.04480261920508495
27554,0.06787765204357965
27555,0.08422823036634199
27556,0.11526725323859152
27557,0.1598377339817262
27558,0.08399431881417065
27559,0.054914579236170644
27560,0.02981430543472484
27561,0.06868698692172967
27562,0.2660483911557987
27563,0.024819293782192733
27564,1.0
27565,1.0
27566,0.8073112263230617
27567,0.0
27568,0.0
27569,0.04001382986251324
27570,0.17280033541221113
27571,0.423332390917299
27572,0.0843160483597724
27573,0.06532577003876044
27574,0.0
27575,0.0399629730378259
27576,0.05837118862529174
27577,0.026626541878885586
27578,0.007667176617394486
27579,0.37925167744466076
27580,0.0038833607426429465
27581,0.03051183643109076
27582,0.0682029491278316
27583,0.08966532049813973
27584,0.05466307539802501
27585,0.0399137828287733
27586,0.19036241202167942
27587,0.1722297630275249
27588,0.05141077161673286
27589,0.17142062433037938
27590,0.09302287657522981
27591,0.049059578021694104
27592,1.0
27593,0.7744856708558412
27594,0.728663928744697
27595,0.0
27596,0.0
27597,0.01848890015314504
27598,0.0
27599,0.3973005970600708
27600,0.11366454502023324
27601,0.2049078743911643
27602,0.03171724398295588
27603,0.13303452452896022
27604,0.035621972967838506
27605,0.155063078490757
27606,0.06756559375374062
27607,0.14290320593363218
27608,0.2511036205503491
27609,0.3583942453238389
27610,0.2787712437089452
27611,0.06288803155003614
27612,0.13602562853848862
27613,0.07984032522077071
27614,0.040640821500354474
27615,0.10080484683214228
27616,0.04686806153961192
27617,0.01804623000259142
27618,0.009821159206361863
27619,0.1561528863664036
27620,0.17870001081088094
27621,0.07953757849011084
27622,0.11571382144935442
27623,1.0
27624,0.9936014324180411
27625,1.0
27626,0.13652908294931554
27627,0.04042100872195281
27628,0.17533373333080426
27629,0.00042229477078893765
27630,0.3334228023612217
27631,0.0
27632,0.0
27633,0.002618574948748965
27634,0.033625555520178894
27635,0.02252036856245248
27636,0.0318244082579147
27637,0.05681427369804124
27638,0.20697529420665972
27639,1.0
27640,0.01622321829341923
27641,0.05111112265387447
27642,0.04328095541285883
27643,0.12159877741742607
27644,0.06715454251898839
27645,0.1706202628544401
27646,0.18385624133313247
27647,0.03771727849555282
27648,0.08478908914196022
27649,0.14169659150396152
27650,0.07748277979426446
27651,0.049448017953071195
27652,0.04758886064034705
27653,0.2276480162661415
27654,0.29374724705821537
27655,0.18430299358462224
27656,0.0691733402420591
27657,0.018326087551344038
27658,0.06290170702285072
27659,0.0
27660,0.11918976335960446
27661,0.18408231974823183
27662,0.030850282801741534
27663,0.07929607717217704
27664,0.02758324174688033
27665,0.049903940274679266
27666,0.16916134409861597
27667,0.40120501669537384
27668,0.17215615008556198
27669,0.16288894940730947
27670,0.09288913225927124
27671,0.15633172861550287
27672,0.11273011532947229
27673,0.5570805124570651
27674,0.05395208124344602
27675,0.035871492288993494
27676,0.03180698476080019
27677,0.16577763730567513
27678,0.14685173727340478
27679,0.12815959424025558
27680,0.40167465037381983
27681,0.21632065284292204
27682,0.18088934358323125
27683,1.0
27684,0.08142141903769838
27685,0.0
27686,0.13085194460286403
27687,0.19439420265814855
27688,0.014527651479266598
27689,0.008892283520067747
27690,0.2235777026909677
27691,0.026493535450957225
27692,0.015994958254716807
27693,0.05237419461054618
27694,0.019055008852167304
27695,0.08458135618969605
27696,0.21595248095509673
27697,0.22400810142559696
27698,0.24408432845312047
27699,0.2000997902842084
27700,0.12342810463643804
27701,0.11369359971755319
27702,0.21423058772888687
27703,0.028471681015114055
27704,0.16311330891386105
27705,0.07965609628319638
27706,0.026295631775502426
27707,0.56624799866913
27708,0.21731908833244276
27709,0.027623087633081037
27710,0.46374972675105636
27711,0.30039589650955983
27712,0.0
27713,0.03924385492341957
27714,0.1603803275596082
27715,0.1128792941461252
27716,0.02780003219814087
27717,0.0
27718,0.008813068341488626
27719,0.0
27720,0.016328763221237497
27721,0.02383021255667568
27722,0.0862324987527935
27723,0.04603584565343033
27724,0.09817684862425274
27725,0.22581529131841377
27726,0.7526307684433363
27727,0.2226596772541617
27728,0.21211749816551942
27729,0.42758178681617387
27730,0.1129506215297304
27731,0.06603384929546853
27732,0.06300126756676404
27733,0.19698234033217574
27734,0.23645701495505328
27735,0.05659974978474252
27736,0.0
27737,0.0855742541153694
27738,0.0961814169052134
27739,0.01997186817658354
27740,0.034729126770751115
27741,0.060003612577912084
27742,0.01555166341211576
27743,0.0
27744,0.02808603655138489
27745,0.0
27746,0.006280213757590975
27747,0.027656433067498574
27748,0.04326852125068707
27749,0.045693346905913805
27750,0.05848352216462656
27751,0.1718409776704211
27752,0.09385676727010782
27753,0.17454808121858822
27754,0.7093159405869027
27755,0.506283792140807
27756,0.19333169315143542
27757,0.07907013362766072
27758,0.02642437539891525
27759,0.03669824544638234
27760,0.11421693463817846
27761,0.04005957314357022
27762,0.02599691485881599
27763,1.0
27764,0.04274881649597718
27765,0.0
27766,0.05470840494327462
27767,0.09970022120902104
27768,0.1448249194564682
27769,0.006638503147255823
27770,0.06085729801569004
27771,0.02487928057935851
27772,0.05803589147321405
27773,0.0019199926639953248
27774,0.024254925609896436
27775,0.06707296292686407
27776,0.0722545827841263
27777,0.5523622372260494
27778,0.2679201142965411
27779,0.17696948913814403
27780,1.0
27781,0.24893196862972106
27782,0.33747189782610987
27783,0.1324570133581536
27784,0.011964496622293869
27785,0.04558584470188705
27786,0.008974618403186037
27787,0.020689184749596242
27788,0.04850965810896694
27789,0.0
27790,0.03526004142102105
27791,0.07387095424567507
27792,0.38819541801930096
27793,0.07468197544724098
27794,0.22392822830528117
27795,0.0
27796,0.11266363961354986
27797,0.08360539475347879
27798,0.1353803394320383
27799,0.17793324116728704
27800,0.10304540034226768
27801,0.0
27802,0.04486119216035829
27803,0.13335848632437247
27804,1.0
27805,0.1871797863491789
27806,0.8366908284504695
27807,0.19760834479083134
27808,0.23095401431282864
27809,0.12884166691779775
27810,0.1864359526678022
27811,0.05871024796047883
27812,0.0
27813,0.003672998685565547
27814,0.040004446094491816
27815,0.009315108139835689
27816,0.06855689658351989
27817,0.13666888006587247
27818,0.0802699980092292
27819,0.2856894109079612
27820,0.016286018543242943
27821,0.03950676435079783
27822,0.23214409127722405
27823,0.01752568027135602
27824,0.10467985233505998
27825,0.17146117082291093
27826,0.04424593003111782
27827,0.0
27828,0.13967669587591208
27829,0.16348736413135936
27830,0.10230017418609183
27831,0.12025184074799501
27832,0.0
27833,0.09710151718523363
27834,0.04980076929881407
27835,0.02240108406146451
27836,0.1661729413099515
27837,0.07079294517557765
27838,0.0011394708742959595
27839,0.0
27840,0.0052274769977604715
27841,0.17829338963058788
27842,0.0
27843,0.15003494161920372
27844,0.004553124443072954
27845,0.06837105541572149
27846,0.023817039802959985
27847,0.017862600208286984
27848,0.00014995719425692005
27849,0.05782156664678296
27850,0.15901847604455513
27851,0.31585699426928937
27852,0.658421293030325
27853,0.13253670941076784
27854,0.0
27855,0.03340986941074545
27856,0.05492250618353718
27857,0.16418970947627934
27858,0.0
27859,0.0
27860,0.007199445346286424
27861,0.03151641915189818
27862,0.0
27863,0.006437889109496029
27864,0.013991606596151934
27865,0.06723306662794497
27866,0.054835048888904246
27867,0.3387816817621217
27868,0.0
27869,0.003446925506584386
27870,0.0
27871,0.0434455520157838
27872,0.10493088147139569
27873,0.32905644648806004
27874,0.12538079103426475
27875,0.01444159184176277
27876,0.02236356290676971
27877,0.20247089798333232
27878,0.011639881301812068
27879,0.023025988977014147
27880,0.09586433834830875
27881,0.14999584299834026
27882,0.041151988975651116
27883,0.002071060415557184
27884,0.0
27885,0.0
27886,0.2114491458942216
27887,0.026427162496924023
27888,0.023872874043678563
27889,0.10137036195486328
27890,0.0811082466241052
27891,0.027734622872233283
27892,0.005653458917242608
27893,0.0012223844698459661
27894,0.034969536691083894
27895,0.31380145300946577
27896,0.03308321429762386
27897,0.0427863431745122
27898,0.050587030699412214
27899,0.0343808440609994
27900,0.03863614762939281
27901,0.18520906925329592
27902,0.08363365743466226
27903,0.06895078543471846
27904,0.05021838392493134
27905,0.019536475182448006
27906,0.0
27907,0.05348817493286672
27908,0.07611313757751346
27909,0.009792639185823123
27910,0.3155283826798786
27911,0.0
27912,0.0
27913,0.2159008920691814
27914,0.014841227418569247
27915,0.04819750089243237
27916,0.07541183183887396
27917,0.0
27918,0.24097223135233062
27919,0.5310324642172621
27920,0.07000682731444836
27921,0.058911538525203234
27922,0.0
27923,0.12282951483435775
27924,0.0
27925,0.07159665426112366
27926,0.048317504688311336
27927,0.17203798473496013
27928,0.06722517338954023
27929,1.0
27930,0.013744470581367218
27931,0.13071790964208183
27932,0.099051569255252
27933,0.054397715422913835
27934,0.03774078767223374
27935,0.026248012515792125
27936,0.060031010552912704
27937,0.26278649553748595
27938,0.07346039424986882
27939,0.18502064044132657
27940,0.01351293322780231
27941,0.008056028307554468
27942,0.06997303651109761
27943,0.012371933036074046
27944,0.006835674041513056
27945,0.051186810660301896
27946,0.052542371985113065
27947,0.0
27948,0.041332339333238044
27949,0.04582235135309969
27950,0.02057089026778227
27951,0.0
27952,0.09434118786126677
27953,0.18093541073378522
27954,0.00630969388061971
27955,0.015637057530771013
27956,0.013427388500580381
27957,0.006906048424702074
27958,0.068692825670267
27959,0.11183247883398012
27960,0.0
27961,1.0
27962,0.05697091294413199
27963,0.1646112008058615
27964,0.06448213600340522
27965,0.07092669748052259
27966,0.022609630310313173
27967,0.015041972450052945
27968,0.02812198490157109
27969,0.008080600749445334
27970,0.22112850615005789
27971,0.0442762896921399
27972,0.0
27973,0.0
27974,0.022378907519546756
27975,0.18987246630240773
27976,0.027892365493502713
27977,0.0031821457718282393
27978,0.10727759198723112
27979,0.043431753228488267
27980,0.026508265618652414
27981,0.03509608239263526
27982,0.40186776424155796
27983,0.0
27984,0.0
27985,0.0
27986,0.01078669235327952
27987,0.04762577535496513
27988,0.010093567923376552
27989,0.18969944047106188
27990,0.06457857685997818
27991,0.0
27992,0.0
27993,0.004399075070336185
27994,0.05355144954214278
27995,0.2026532417138405
27996,0.09589486140625872
27997,0.08893186716462571
27998,0.07065408190521964
27999,0.06855667021075795
28000,0.02431314574759123
28001,0.044653308775549655
28002,0.02249300579040072
28003,0.1963547162526213
28004,0.2324671673340147
28005,0.018477749302128043
28006,0.014113646173258393
28007,0.0
28008,0.005241814456335608
28009,0.025376296118856487
28010,0.025697153915717367
28011,0.0
28012,0.013613751577127539
28013,0.0
28014,0.014574651249071332
28015,0.031993216571828
28016,0.09422775925668862
28017,0.0
28018,0.1319015859711527
28019,0.0
28020,0.33495743904353686
28021,0.0
28022,0.0012739326724786823
28023,0.025324063385433016
28024,0.015595868051454286
28025,0.0043708807319509085
28026,0.026305815886356193
28027,0.017609700240781925
28028,0.0
28029,0.0
28030,0.0
28031,0.0
28032,0.0
28033,0.11271518246271481
28034,0.038662204845688025
28035,0.03195389592984868
28036,0.053171070782061014
28037,0.023979429723497942
28038,0.010451885755933112
28039,0.0016278151784564802
28040,0.1436821700568966
28041,0.04849851425449395
28042,0.0281180398341614
28043,0.0056505101219685395
28044,0.0
28045,0.0
28046,0.0
28047,0.07546376572305682
28048,0.0
28049,0.0
28050,0.018663795503053228
28051,0.018310218009819863
28052,0.33479415074012897
28053,0.04473814250737246
28054,0.10790527282762355
28055,0.0380427732933642
28056,0.06375793362775475
28057,0.018523863789207232
28058,0.004406111379215192
28059,0.13276305572977498
28060,0.01925878161466957
28061,0.09737495468667434
28062,0.20986698497613898
28063,0.022229541168060796
28064,0.044688542756607295
28065,0.029295714098774107
28066,0.010271877056005574
28067,0.0
28068,0.0
28069,0.04389929109413664
28070,0.015139616977033943
28071,0.0021659752114825065
28072,0.12400773975678267
28073,0.05607288376659308
28074,0.009793058828514483
28075,0.21766271777776147
28076,0.040098845736819246
28077,0.016710055938999397
28078,0.0
28079,0.01297206956226827
28080,0.013684173373890756
28081,0.056867966822002416
28082,0.004122911191417494
28083,0.002788194616306047
28084,0.03485234422091813
28085,0.012661977529023007
28086,0.0
28087,0.048340777824790064
28088,0.2963126989780275
28089,0.19459166031403738
28090,0.0
28091,0.04113217860887123
28092,0.08312552263340851
28093,0.01625418645275239
28094,0.0
28095,0.005490716577601306
28096,0.0
28097,0.02856645325800724
28098,0.07327807500304893
28099,0.0
28100,0.09561618748465092
28101,0.017861666835879347
28102,0.0
28103,0.03800506262692512
28104,0.07293534981391904
28105,0.0028530406792328673
28106,0.0
28107,0.0
28108,0.18224138493832026
28109,0.018838212672058877
28110,0.13353320006512487
28111,0.18363764724749654
28112,0.18426987368255635
28113,0.0
28114,0.0
28115,0.039069574942864504
28116,0.20176324544355004
28117,0.12351546691135942
28118,0.21807931938149086
28119,0.1562683094994746
28120,0.0590830306242058
28121,0.01654901176201668
28122,0.11755867205288154
28123,0.01593286850594154
28124,0.03371186026453309
28125,0.006407080714056058
28126,0.17986225098339464
28127,0.028154833194195285
28128,0.7142138407285203
28129,0.17637246233719733
28130,0.014599285871836312
28131,0.0
28132,0.029372128185809428
28133,0.017756171519824723
28134,0.0
28135,0.0
28136,0.0715519019058691
28137,0.03311692907132521
28138,0.001779509315221666
28139,0.0
28140,0.11745231253206005
28141,0.06204672313052109
28142,0.44660510504899653
28143,0.519790366308416
28144,0.0034722522708376395
28145,0.0
28146,0.0
28147,0.08529840581354638
28148,0.17898365139450284
28149,0.10518784168871947
28150,0.08806578816744266
28151,0.09177965041266492
28152,0.08431271679096454
28153,0.0
28154,0.3320101523219749
28155,0.18381742239871215
28156,0.16667441017505094
28157,0.40728664077819693
28158,0.015760011797105112
28159,0.0
28160,0.4591187011423551
28161,0.02511442676284095
28162,0.08282712646385627
28163,0.7932666473338823
28164,0.14214038824924535
28165,0.057232010609188075
28166,0.042437536213308265
28167,0.07319045909870794
28168,0.07880744775161556
28169,0.073746840536778
28170,0.09998216291174873
28171,0.03615872682334883
28172,0.02555744263035461
28173,0.12559258724345176
28174,0.1733492807325725
28175,0.015566680871537203
28176,0.049275355768650164
28177,0.054955062778502956
28178,0.1404020044892262
28179,0.1644480011998949
28180,0.02553169494271481
28181,0.04423826977957083
28182,8.723020588370931e-05
28183,0.0
28184,0.0
28185,0.06027404678800669
28186,0.1542882903065885
28187,0.007906164062651449
28188,0.21323648198228592
28189,0.0
28190,0.0
28191,0.03167888408719066
28192,0.010957184832428584
28193,0.024480181631112003
28194,0.0
28195,0.46049286131692
28196,0.07231836861867649
28197,0.08649099421046794
28198,0.2364542693411555
28199,0.35526801599702845
28200,0.12080783089949894
28201,0.0755442691277466
28202,0.0
28203,0.06929673870923521
28204,0.0
28205,0.026663132894869206
28206,0.0
28207,0.09910486540344311
28208,0.2516305071864632
28209,0.3498564447521797
28210,0.1566495237559794
28211,0.05621160750865904
28212,0.0
28213,0.0535020328576907
28214,0.0
28215,0.010673585619617166
28216,0.3642073263540427
28217,0.003176321990300358
28218,0.07115172111965652
28219,0.0
28220,0.04871743790564533
28221,0.11183945642672337
28222,0.0
28223,0.17821260942382802
28224,0.3553339624602282
28225,0.0550126851455201
28226,0.18606405188628236
28227,0.04032544757103385
28228,0.016488820346543167
28229,0.09868630781616422
28230,0.08498495703152865
28231,0.02613186010808601
28232,0.17176680333251368
28233,0.21052820952229778
28234,0.16078742920760572
28235,0.0746321695582488
28236,0.08428440664447982
28237,0.010801270883386631
28238,0.02334467205409846
28239,0.010163022886873829
28240,0.13284562887242138
28241,0.05839624795998245
28242,0.17615031906501114
28243,0.020672724653710145
28244,0.0449799644094647
28245,0.026934709927045775
28246,0.02307284109416384
28247,0.01394745090082551
28248,0.027972366126896582
28249,0.04168645060787273
28250,0.036927247256567854
28251,0.006516517415601137
28252,0.3530228918409678
28253,0.301082431824273
28254,0.09153177133354974
28255,0.06021386412607739
28256,0.030774142975534918
28257,0.0894746421470137
28258,0.0616600371049594
28259,0.0
28260,0.02851692785881034
28261,0.0
28262,0.014931956813919163
28263,0.020221835568805663
28264,0.22490261140022288
28265,0.008423958822981165
28266,0.012226099999703362
28267,0.017613632842109858
28268,0.0
28269,0.027980447685233004
28270,0.06627692668800182
28271,0.18061356917129057
28272,0.17109974520758472
28273,0.2047467415675391
28274,0.04382532414061446
28275,0.031063263486038658
28276,0.010202271629710599
28277,0.06814158381824471
28278,0.02759813351787144
28279,0.1906463626484462
28280,0.09005146118712157
28281,0.5417828829336443
28282,0.08084858641055835
28283,0.028622374572246114
28284,0.0
28285,0.1022624785940398
28286,0.12441366432360249
28287,0.03936595184375361
28288,0.0
28289,0.0
28290,0.0
28291,0.04299752272399778
28292,0.01580860854012081
28293,0.0015212694608572374
28294,0.09604907019262886
28295,0.04732717433715937
28296,0.03997953568442582
28297,0.05576466160521314
28298,0.11256540268497743
28299,0.1731349789703384
28300,0.35119370721083004
28301,0.04111410466059901
28302,0.019999063412567533
28303,0.08334807880752654
28304,0.026926445242269375
28305,0.11168964033527078
28306,0.06639732231150472
28307,0.13328437671254267
28308,0.02267196430160394
28309,0.06961398210565165
28310,0.03227153428431081
28311,0.05508914697289234
28312,0.02211268353516407
28313,0.0
28314,0.0
28315,0.14999501299997903
28316,0.0
28317,0.007835996710630828
28318,0.10562719143874935
28319,0.03765239947660773
28320,0.02426681986680015
28321,0.04068092736630515
28322,0.07275049831494493
28323,0.06533752122976151
28324,0.09461177208398003
28325,0.06376462604230881
28326,0.20929174691012767
28327,0.17848362109747196
28328,0.19735701747978782
28329,0.0
28330,0.09688838870771636
28331,0.03940764034461546
28332,0.014941139982252733
28333,0.09418456227506469
28334,0.0
28335,0.0
28336,0.09612695576352738
28337,0.10305052731266884
28338,0.058388717212446394
28339,0.06907603755546882
28340,0.01616700840774542
28341,0.04342690741448167
28342,0.006272502839403071
28343,0.11160999295849551
28344,0.014355819900646336
28345,0.024854158178248303
28346,0.14803175399153906
28347,0.04944985197478397
28348,0.17989570589905243
28349,0.36051955399974384
28350,0.11467653714102108
28351,0.13657750676420133
28352,0.04889697795555226
28353,0.09932631487413804
28354,0.0718360650423347
28355,0.057995198267832775
28356,0.07296685175825524
28357,0.02164339406379092
28358,0.02244643397838081
28359,0.33161250038284884
28360,0.09453439361928742
28361,0.04920386473960293
28362,0.037123403530241655
28363,0.04554246721785733
28364,0.0
28365,0.010189331748429033
28366,0.025604935043434238
28367,0.023245730022192095
28368,0.025420607975155222
28369,0.3792750535424981
28370,0.032241359236448
28371,0.044546141552131
28372,0.08812701778975701
28373,0.6006144164429069
28374,0.052643729901067644
28375,0.018907512266484565
28376,0.18832828915703637
28377,0.09326762166911814
28378,0.1370521083781895
28379,0.2730847325096004
28380,0.07496710020225157
28381,0.08368930507754814
28382,0.017179155613540345
28383,0.12160424155585488
28384,0.13111339712618295
28385,0.1835025185413674
28386,0.06329334535197984
28387,0.13891433103706616
28388,0.09217512442353915
28389,0.07646680210910922
28390,0.0
28391,0.012111896339852421
28392,0.002670163500625699
28393,0.03537166711847586
28394,0.08447306400141495
28395,0.014846557745602076
28396,0.08083692494808847
28397,0.1124559944151205
28398,0.26033010787200755
28399,0.10764753014949441
28400,0.008394531088006018
28401,0.08494854169016372
28402,0.16565772949201943
28403,0.17389846953163085
28404,0.014747559823539843
28405,0.06496701775292336
28406,0.044337544083523195
28407,0.057886963206633536
28408,0.5482909308941223
28409,0.01752677265585099
28410,0.07170819621844134
28411,0.2241039651505121
28412,0.1878095503018417
28413,0.009115565348051993
28414,0.04946799084428104
28415,0.03498621059612316
28416,0.21665991360385697
28417,0.2161766912990945
28418,0.0
28419,0.07718618227379764
28420,0.05927112219651171
28421,0.11136696315771712
28422,0.11162708707143953
28423,0.10322057002809827
28424,0.11139672433866568
28425,0.29571121997206246
28426,0.1126403807789713
28427,0.013977002151730755
28428,0.048518561240928605
28429,0.10530714002551443
28430,0.07609257359660489
28431,0.28353153088265204
28432,0.9550963942545473
28433,0.02507441812929338
28434,0.30138658032706334
28435,0.013716954585062228
28436,0.07877481045996647
28437,0.2189051900979829
28438,0.0
28439,0.06706880131556114
28440,0.06084507357946664
28441,0.014878000260867682
28442,0.03059274105657648
28443,0.0
28444,0.4507550617123069
28445,0.0
28446,0.06334778794543659
28447,0.2156495860063234
28448,0.04826313267101945
28449,0.19123718567577758
28450,0.32116609465668444
28451,0.3387167994068892
28452,0.2109885704739567
28453,0.17657515576484795
28454,0.10619869933820135
28455,1.0
28456,0.35924781992142824
28457,0.42222217510996946
28458,0.0
28459,0.011490549571859951
28460,0.212434801745662
28461,0.08443114228959947
28462,0.01805283030774959
28463,0.03940420566413328
28464,0.0
28465,0.04295355319924337
28466,0.0
28467,0.0
28468,0.00905045769845146
28469,0.03175798500833974
28470,0.02987392692321203
28471,0.07582429935292355
28472,0.0801825300967833
28473,0.09218193984417317
28474,0.11340901280440605
28475,0.21429958354989745
28476,0.17863596803808254
28477,0.049396082008220175
28478,0.10621968753977697
28479,0.2736356078453428
28480,0.006515280581217098
28481,0.023036671110322506
28482,1.0
28483,0.9656807934069556
28484,0.8215076938223647
28485,0.0
28486,0.011643344808463591
28487,0.04897900246188568
28488,0.14959241111826327
28489,0.44653454922703584
28490,0.12230820651080514
28491,0.0
28492,0.06450029183689875
28493,0.0
28494,0.0
28495,0.006665945282313028
28496,0.040616993711161994
28497,0.050203884009984476
28498,0.03448503670099307
28499,0.0
28500,0.3389726048054598
28501,5.97720818686324e-05
28502,0.02630228411230853
28503,0.06419693416080319
28504,0.0790701087750932
28505,0.036822695228947974
28506,0.054009776577572756
28507,0.20098950735198845
28508,0.03137812868953177
28509,0.013148067830131473
28510,0.04316026439021703
28511,0.09469270203740959
28512,0.10038627247405332
28513,1.0
28514,0.7967083410650421
28515,0.8130440349595783
28516,0.0
28517,0.02500197915001692
28518,0.018326616676705782
28519,0.44750577128112956
28520,0.1127248741413408
28521,0.26990527777092166
28522,0.0
28523,0.10361699087657271
28524,0.02463132738874908
28525,0.16461784376952063
28526,0.1016327424239064
28527,0.13284140147030468
28528,0.23268742235446938
28529,0.3552494673056945
28530,0.3503867510768912
28531,0.06765599338260651
28532,0.13203193049291378
28533,0.10736132413646733
28534,0.05496843174481269
28535,0.11927938505694584
28536,0.07474373024074256
28537,0.04935985145557023
28538,0.10465855824309778
28539,0.1962768856535387
28540,0.08503536861799592
28541,0.08558702747442348
28542,0.017371971299183685
28543,1.0
28544,0.9963360288082002
28545,0.9964007174127997
28546,0.1345424513726998
28547,0.04432224629890601
28548,0.04238598293516754
28549,0.0
28550,0.3769218922833486
28551,0.0
28552,0.0014620630487678125
28553,0.02403627491578177
28554,0.03129099194990366
28555,0.023842548710083015
28556,0.027932191000213255
28557,0.053309890217168844
28558,0.24554380735914458
28559,1.0
28560,0.042531639807017005
28561,0.047824710811794596
28562,0.08448589243275303
28563,0.16270886068237597
28564,0.04295871173612764
28565,0.18350518324380594
28566,0.17802710631368188
28567,0.015944826058071057
28568,0.13438622386288698
28569,0.09507929741290629
28570,0.08615973457678776
28571,0.03305308026120399
28572,0.22626215680683887
28573,0.2908966890742651
28574,0.1179395567540686
28575,0.06622152756757174
28576,0.002451491390306417
28577,0.051293148385897915
28578,0.0
28579,0.07631125369633486
28580,0.18805508351416655
28581,0.05413173949550173
28582,0.06735383559125792
28583,0.04375413984426398
28584,0.054843059781571314
28585,0.2022628759126589
28586,0.46430962289895744
28587,0.18713893395298328
28588,0.18472455641924182
28589,0.0797572780290656
28590,0.16707304105520165
28591,0.16126913348998442
28592,0.5505597412585641
28593,0.04357675490907286
28594,0.050741910082828995
28595,0.044820865662296226
28596,0.034057368456416874
28597,0.19371501464451063
28598,0.10042703863375592
28599,0.21226140763146004
28600,0.3542434975873375
28601,0.24143406011554794
28602,0.1787140524790986
28603,1.0
28604,0.10274413531949429
28605,0.0009289672200925358
28606,0.13418482656667147
28607,0.19891933272066212
28608,0.012585739702053938
28609,0.042286267918256557
28610,0.24172051973398012
28611,0.027064611912481294
28612,0.015917211904358287
28613,0.05449003999482618
28614,0.027067567139784983
28615,0.08415812830948019
28616,0.21435563854452852
28617,0.2411912004865617
28618,0.2186035874076079
28619,0.20385654317419613
28620,0.13645467399111566
28621,0.09561264023739295
28622,0.1986140751775365
28623,0.0377318279840225
28624,0.17765633354961974
28625,0.07652256183126721
28626,0.01802581607786945
28627,0.6597797328262368
28628,0.2192489901533851
28629,0.09410012994672734
28630,0.44888614348552264
28631,0.30627057943329433
28632,0.0
28633,0.05350735067786635
28634,0.11652168848657399
28635,0.07350857717779924
28636,0.026886807089815255
28637,0.0
28638,0.021354783513953222
28639,0.006354090597658603
28640,0.04187010905507187
28641,0.04463325832663954
28642,0.04293982866989043
28643,0.09539848138636774
28644,0.3117864758515107
28645,0.7057846936333213
28646,0.2833477688754652
28647,0.1713833441675079
28648,0.34506023301767746
28649,0.0984967504248291
28650,0.07263721707659625
28651,0.08372335949826872
28652,0.1447882416033914
28653,0.24366307764782924
28654,0.06690548344547502
28655,0.0
28656,0.08497844160814932
28657,0.1447556719194765
28658,0.0
28659,0.10013149982316821
28660,0.021480497708439947
28661,0.0
28662,0.04501438142558215
28663,0.0
28664,0.0
28665,0.015271870915819295
28666,0.04000830420507978
28667,0.04351172401453355
28668,0.06690344901174634
28669,0.17311384286020173
28670,0.07356957722051616
28671,0.17262670866528465
28672,0.6017002755963505
28673,0.47533964195681416
28674,0.17688905308661032
28675,0.17805537449534575
28676,0.0847152123761665
28677,0.11524915775873892
28678,0.051240123024339355
28679,0.0
28680,0.053421350318404795
28681,1.0
28682,0.038369601959446914
28683,0.01033325778577363
28684,0.01355593479820362
28685,0.06306546052241352
28686,0.18581345545097946
28687,0.03461274216667542
28688,0.07726944281178583
28689,0.004714559966873461
28690,0.026124053446542273
28691,0.019563497043348765
28692,0.07424185666907558
28693,0.04183658625512771
28694,0.568236180087849
28695,0.2751754176836071
28696,0.18485656518764101
28697,1.0
28698,0.2675858241319651
28699,0.3730029317218002
28700,0.12723113273211484
28701,0.04766525728046256
28702,0.03162645538916153
28703,0.06478148523907327
28704,0.02651405599359786
28705,0.014978406494613879
28706,0.030929390595951973
28707,0.3561489500876013
28708,0.05509300315758126
28709,0.23753261880130092
28710,0.0
28711,0.07172245726509537
28712,0.11268141247865303
28713,0.1200559935036527
28714,0.22410348298544647
28715,0.04182199771190321
28716,0.008920055031282745
28717,0.023490640716116864
28718,0.11216143600248402
28719,1.0
28720,0.20385224931179677
28721,0.7461454286513748
28722,0.24553637004109716
28723,0.21954012394315292
28724,0.16545597255545075
28725,0.18557103727710472
28726,0.0
28727,0.0
28728,0.0
28729,0.00534842307902742
28730,0.11879448767691046
28731,0.08970256728041459
28732,0.08109189038903804
28733,0.32749206082444016
28734,0.022294621576571784
28735,0.04900890077313495
28736,0.2982118245908806
28737,0.01297569040460005
28738,0.0
28739,0.0
28740,0.07569069014015446
28741,0.18527194437628622
28742,0.026697877215790634
28743,0.0
28744,0.07109899881624644
28745,0.1715072269100066
28746,0.09441975974187557
28747,0.09593069987806276
28748,0.15143790186434758
28749,0.10752504318442041
28750,0.021040126625180552
28751,0.1511178841608153
28752,0.05432278228509619
28753,0.0
28754,0.0
28755,0.0001621301921195751
28756,0.07919622453929406
28757,0.16612855356982328
28758,0.007019739625697336
28759,0.06705481079769214
28760,0.03512937783612108
28761,0.03986997031538344
28762,0.02563162124329529
28763,0.18702173806295536
28764,0.22962757765300632
28765,0.6222256056200945
28766,0.13512879851642462
28767,0.0
28768,0.0
28769,0.028762551653508647
28770,0.0
28771,0.08830896195169856
28772,0.14983922067821476
28773,0.0
28774,0.006013179445267896
28775,0.012926143608880565
28776,0.032507096848482075
28777,0.014462692206809515
28778,0.0
28779,0.025631120410909022
28780,0.07383190912036201
28781,0.09136107951864036
28782,0.3373638493904464
28783,0.0
28784,0.04931812721874786
28785,0.03259883438225775
28786,0.11246919742980134
28787,0.3431084780061062
28788,0.11170762217960513
28789,0.012400850007396075
28790,0.19217083648877586
28791,0.0
28792,0.040628507526557694
28793,0.0
28794,0.09995835954471591
28795,0.17181043435864446
28796,0.09299421619624273
28797,0.0
28798,0.0
28799,0.0004288681244337056
28800,0.24936940123714746
28801,0.03521977411788304
28802,0.0011270034826103253
28803,0.027178057925733867
28804,0.11132245898392941
28805,0.07249883316803155
28806,0.022920614350890163
28807,0.014914565817260427
28808,0.004781435076505759
28809,0.05432324596686037
28810,0.3503227652499235
28811,0.030048102727513328
28812,0.018108806232046845
28813,0.029144888566167634
28814,0.02154855135331612
28815,0.061308751941540764
28816,0.21760578336564163
28817,0.08160414791341883
28818,0.21509357170022667
28819,0.09943821292947178
28820,0.04792762541748321
28821,0.0
28822,0.04405765580174937
28823,0.04677307063573185
28824,0.05167772075585436
28825,0.21631562518690992
28826,0.0
28827,0.0
28828,0.18900852366654947
28829,0.0009828656040175249
28830,0.034606647271839173
28831,0.07326311628164553
28832,0.006648346587233893
28833,0.312408733596119
28834,0.5390152310550036
28835,0.07451320238782741
28836,0.06848429292898926
28837,0.016254060962757035
28838,0.09760623264990387
28839,0.06528030336165756
28840,0.06185911974614773
28841,0.1124635753351702
28842,0.1215733089594302
28843,0.06500161039782328
28844,1.0
28845,0.1346499766064908
28846,0.003722027197920444
28847,0.03984130565787124
28848,0.025333787265897047
28849,0.011283397897129177
28850,0.023301629383784363
28851,0.05987849715813323
28852,0.3404576867960266
28853,0.06620904597946306
28854,0.19601442153744902
28855,0.02288421850957407
28856,0.010894145278208362
28857,0.08797023264328241
28858,0.001265266980844214
28859,0.004061319620096386
28860,0.08390928810502901
28861,0.021049619129394976
28862,0.046069073115955574
28863,0.0
28864,0.04509550990510587
28865,0.05454404516739309
28866,0.0067884855692507216
28867,0.011855708469261416
28868,0.07584011551013041
28869,0.005776805776990149
28870,0.13948581281929018
28871,0.004544900245779247
28872,0.032282313569224445
28873,0.00016087347117306003
28874,0.060877545587530515
28875,0.09860521509161907
28876,0.009956228354773554
28877,0.013290749340667062
28878,1.0
28879,0.06453389377307643
28880,0.10618158746493297
28881,0.034857671418451364
28882,0.028428452219789423
28883,0.030237322774645792
28884,0.025341874559156072
28885,0.0
28886,0.010236838912926826
28887,0.19321380060069512
28888,0.039310225194260424
28889,0.0
28890,0.05816496416719849
28891,0.09580042775937456
28892,0.015974151252057502
28893,0.0
28894,0.1349679492312248
28895,0.026121469368368833
28896,0.010157600650463484
28897,0.07121117365692728
28898,0.32192069859478617
28899,0.017967980337623337
28900,0.0007351101975190564
28901,0.0
28902,0.0
28903,0.04917203237199554
28904,0.006505978050997687
28905,0.1810809032680809
28906,0.08615355277131063
28907,0.003659207928129321
28908,0.01256537528113128
28909,0.07749307819321624
28910,0.1240176030729188
28911,0.0847033714177201
28912,0.0548659665944474
28913,0.05032239353622344
28914,0.06764758779555015
28915,0.04056435956168718
28916,0.0709208282553825
28917,0.21363986543893893
28918,0.22582030929463934
28919,0.0
28920,0.013410571303956967
28921,0.02859877971656628
28922,0.0
28923,0.0
28924,0.05454996970651364
28925,0.012242671860688727
28926,0.010798312529902106
28927,0.027865443802791778
28928,0.025980992004991366
28929,0.04914120609243625
28930,0.14811177569623507
28931,0.0
28932,0.1358996654993218
28933,0.2955116794534605
28934,0.0
28935,0.016781452011089357
28936,0.0
28937,0.02593457317862467
28938,0.0
28939,0.02332835756778108
28940,0.03946011776694528
28941,0.013285721567491665
28942,0.013283669773393387
28943,0.0
28944,0.13759788919886395
28945,0.007692134971262362
28946,0.029375379478762922
28947,0.02002986606956135
28948,0.013722764619125827
28949,0.04034799483125711
28950,0.015522128791709227
28951,0.0
28952,0.020963281387831562
28953,0.00021965310366664967
28954,0.09923592187274166
28955,0.03760224478048803
28956,0.03873758986578395
28957,0.015459837826999388
28958,0.0
28959,0.07498220297082066
28960,0.0
28961,0.0
28962,0.0
28963,0.3563078270512879
28964,0.06414738599103777
28965,0.1044798141739755
28966,0.030969395949513933
28967,0.0
28968,0.0
28969,0.032598687791369665
28970,0.016074495909614937
28971,0.0
28972,0.0952732589250255
28973,0.17023302535183243
28974,0.14572567411986057
28975,0.009215268063143068
28976,0.0386041989237712
28977,0.047026986521450695
28978,0.04182040471717505
28979,0.0
28980,0.0
28981,0.0160567250217956
28982,0.02312183777273989
28983,0.017217169119305535
28984,0.10092540590136727
28985,0.09416810406742193
28986,0.04063948108300859
28987,0.2354278517080245
28988,0.030517200740079353
28989,0.0008585900983056566
28990,0.0
28991,0.024473781795024303
28992,0.054773220243922456
28993,0.018558786410994274
28994,0.0
28995,0.0
28996,0.03578085080639114
28997,0.3067206286693476
28998,0.19357925303528187
28999,0.05379181254726623
29000,0.0958753041329366
29001,0.01810153111290076
29002,0.023331626219448433
29003,0.0
29004,0.0
29005,0.06174105888812714
29006,0.0
29007,0.0
29008,0.03681552709130906
29009,0.009115091038687682
29010,0.019886625601361615
29011,0.08048925517064931
29012,0.012692817077473415
29013,0.00752621729149087
29014,0.012653141890605442
29015,0.19012364212361388
29016,0.003512504735356253
29017,0.07400648033041202
29018,0.2009081619024067
29019,0.22465030894893165
29020,0.017967990604145296
29021,0.1935952926246178
29022,0.16300179415493007
29023,0.2179725936540985
29024,0.09455689563466206
29025,0.1220848780770568
29026,0.0
29027,0.19035678603670056
29028,0.0
29029,0.0
29030,0.007739236635826608
29031,0.019523409626018222
29032,0.05977832766829148
29033,0.0
29034,0.6360499879303925
29035,0.09919602676245327
29036,0.04206558157251702
29037,0.05657505513303755
29038,0.20097536494423984
29039,0.03325960710555638
29040,0.0
29041,0.05495768475864275
29042,0.020303642700701816
29043,0.051326384110443726
29044,0.19139788741346955
29045,0.3791203890139836
29046,0.36334044052173636
29047,0.0
29048,0.0
29049,0.15305000742976613
29050,0.23900229209296037
29051,0.016198470772619957
29052,0.06940965945689519
29053,0.05630226106985614
29054,0.09513904556428099
29055,0.030342932998332763
29056,0.3381144288603695
29057,0.15199806669136162
29058,0.20739147644976264
29059,0.36330511107858576
29060,0.1622292979812051
29061,0.0
29062,0.40724666794101505
29063,0.0815749191409853
29064,0.40601257772344074
29065,0.1006213867447034
29066,0.1030425140014696
29067,0.023621647763408627
29068,0.0711124801642903
29069,0.042083821932057446
29070,0.061688659808084724
29071,0.18486987762510573
29072,0.00727073913010968
29073,0.08243115973940372
29074,0.07184595605626207
29075,0.17052254412865908
29076,0.024843033224756037
29077,0.04599189429533266
29078,0.043152314288716444
29079,0.11097845335963023
29080,0.11732549610206924
29081,0.016441777607128394
29082,0.029252722105221483
29083,0.025023344692147755
29084,0.22590181529666592
29085,0.06411893155163552
29086,0.33700790804308395
29087,0.0
29088,0.05361684693436813
29089,0.003687194207617902
29090,0.008340930733193315
29091,0.0
29092,0.33755061330904224
29093,0.19035059238667787
29094,0.049650100842940026
29095,0.3377928116608622
29096,0.3344531485248563
29097,0.09608915359523608
29098,0.044332891779371705
29099,0.0
29100,0.0
29101,0.0
29102,0.06915543025406327
29103,0.024920998031288673
29104,0.10086272080829661
29105,0.0
29106,0.08083091689631236
29107,0.20541440453831625
29108,0.335283719660797
29109,0.1496515028986566
29110,0.059126690189228025
29111,0.02684002560871255
29112,0.016129380869849445
29113,0.3214521824476752
29114,0.0
29115,0.05136302086826722
29116,0.014650876983041775
29117,0.04163716311981829
29118,0.1714394386536272
29119,0.36828646235570667
29120,0.0
29121,0.05487452071488254
29122,0.13480697506171466
29123,0.014467246609412308
29124,0.026129793444658947
29125,0.04706727728725645
29126,0.0710158920837451
29127,0.002006235909542804
29128,0.0900400472275781
29129,0.17656855472505087
29130,0.08484486734375753
29131,0.05858276358632856
29132,0.07612850865463018
29133,0.033550311480988686
29134,0.04724156861674018
29135,0.01885236791630035
29136,0.14908602875739022
29137,0.04418120003801791
29138,0.06959675228715625
29139,0.010964024148783225
29140,0.027443497291146673
29141,0.02851773681321653
29142,0.035672278452411575
29143,0.010249032180773658
29144,0.04158222118928782
29145,0.04468541248873426
29146,0.03064605764295871
29147,0.030834806817123906
29148,0.3882459350091007
29149,0.2273926271231797
29150,0.0276233773522995
29151,0.0683623503551923
29152,0.0062977636739061085
29153,0.08950055627258488
29154,0.0752334097821529
29155,0.014712592692852855
29156,0.06050600780963537
29157,0.0
29158,0.002904627478261967
29159,0.20231236395487148
29160,0.01974108754348191
29161,0.015045839172115265
29162,0.046122928373983
29163,0.0
29164,0.05050184942690583
29165,0.08495042757476796
29166,0.17165124941355425
29167,0.19033161402198948
29168,0.21055333166635629
29169,0.06504232302512827
29170,0.02131483069282603
29171,0.015875719352321113
29172,0.058244736572927704
29173,0.02679103599424079
29174,0.197599954161796
29175,0.06625449469432886
29176,0.4531511622042202
29177,0.1049243945419787
29178,0.012201927713978374
29179,0.0965578529963799
29180,0.09711325853524191
29181,0.08828757345724822
29182,0.0
29183,0.0
29184,0.02422975173267682
29185,0.03636417457416818
29186,0.0
29187,0.012858134018144866
29188,0.023985703119583302
29189,0.09855268311827697
29190,0.042505099412244486
29191,0.06145002239738779
29192,0.06002097138519224
29193,0.092176512652971
29194,0.17119272598698593
29195,0.3184449126781073
29196,0.04356826384239029
29197,0.020631969021820237
29198,0.0841682466114125
29199,0.05480377439550416
29200,0.022269565256451167
29201,0.08740496994072985
29202,0.10144120282362735
29203,0.14900312396679882
29204,0.024330325270833328
29205,0.07421082194011921
29206,0.001314541517175832
29207,0.05494993468227013
29208,0.025226939971172754
29209,0.0
29210,0.1141915557327992
29211,0.0
29212,0.0
29213,0.14058785642488703
29214,0.04942391581889898
29215,0.0
29216,0.0
29217,0.04233080598250462
29218,0.0650417235122064
29219,0.0981722810712801
29220,0.07152705554848672
29221,0.07285866186244697
29222,0.2122580522253515
29223,0.1889347409310793
29224,0.1936794278550489
29225,0.0
29226,0.08558642343647772
29227,0.06555503271178299
29228,0.02429790235559804
29229,0.09552638210683694
29230,0.0
29231,0.04010646608902607
29232,0.0796624222416986
29233,0.09466285927004346
29234,0.08692936986963291
29235,0.005369548283505581
29236,0.04157225084983464
29237,0.0027126678400607313
29238,0.07290840526072154
29239,0.11351520744904162
29240,0.0377273308574503
29241,0.15128105173731346
29242,0.04539322598554794
29243,0.09475700330834011
29244,0.46437606929004666
29245,0.14138787353843454
29246,0.11184747957452612
29247,0.044575351136840524
29248,0.07789246043243907
29249,0.07922336717726812
29250,0.09974738878190773
29251,0.020760675889109816
29252,0.0008338440443517458
29253,0.006797547472671955
29254,0.3468885762584095
29255,0.07677882320649934
29256,0.03765918452326883
29257,0.03325608335094598
29258,0.0694727041890588
29259,0.0
29260,0.042234285001032476
29261,0.014858353863496848
29262,0.04112880641863349
29263,0.36323012032429564
29264,0.0734753720543078
29265,0.05092042041525057
29266,0.07740494218651908
29267,0.7049629072656205
29268,0.06770057642801684
29269,0.028719337599122458
29270,0.14862362929563486
29271,0.06441036052656164
29272,0.17240589091104463
29273,0.34365138176007026
29274,0.07753792874830301
29275,0.044467439461500925
29276,0.07120355148265355
29277,0.14280222558853164
29278,0.16555121121532435
29279,0.15180455900817638
29280,0.07153697941829339
29281,0.06959199179678957
29282,0.0619448277028875
29283,0.061544405652342135
29284,0.0
29285,0.011218462510509798
29286,0.008848293321725802
29287,0.05774044675054882
29288,0.07790626111074553
29289,0.0
29290,0.10196025888464434
29291,0.11785249831004305
29292,0.20648337638968642
29293,0.06596487124269645
29294,0.0023977682308815255
29295,0.10465480196186557
29296,0.16721697003552058
29297,0.17716206258268138
29298,0.04332498627179952
29299,0.03959720395679381
29300,0.004599053393085113
29301,0.09994270457296238
29302,0.5452363128192096
29303,0.03989341238121806
29304,0.09442265340505328
29305,0.27784162247296823
29306,0.17872959951143602
29307,0.023289983609402716
29308,0.04762768288259977
29309,0.031175201373104266
29310,0.22074289949724982
29311,0.17857224842116526
29312,0.0
29313,0.07469316267354154
29314,0.07110173366359603
29315,0.09540915635943487
29316,0.10222026815709519
29317,0.11213323752727933
29318,0.13557302379658712
29319,0.2594935821355885
29320,0.0764602348469241
29321,0.012232829654533341
29322,0.0877356159310672
29323,0.10479583581369982
29324,0.04131277489787225
29325,0.2818311207612074
29326,1.0
29327,0.02644356743616193
29328,0.30072028389524774
29329,0.0
29330,0.07365592689771153
29331,0.23673089956871649
29332,0.0
29333,0.04010074110016342
29334,0.07740021036948844
29335,0.005575036498287967
29336,0.06349140780974352
29337,0.0
29338,0.47648847074385997
29339,0.0
29340,0.05233920820965137
29341,0.2230213633589885
29342,0.09438112442154437
29343,0.21838672788421726
29344,0.32715909199187915
29345,0.2753096321784345
29346,0.19047744155178387
29347,0.07254899561036215
29348,0.1280154079733047
29349,0.9824214456683492
29350,0.3491527717859403
29351,0.38904408321782885
29352,0.03780955508917029
29353,0.19042478838396773
29354,0.05850147801075187
29355,0.0
29356,0.044014391240024126
29357,0.01636745295596868
29358,0.03628822600852015
29359,0.0
29360,0.0
29361,0.05717943808548693
29362,0.030139565941337015
29363,0.07473628561246573
29364,0.05334153662041246
29365,0.10045541433999718
29366,0.12745972411596543
29367,0.23672312798092804
29368,0.18804046203494834
29369,0.043248740028013336
29370,0.1433440002084138
29371,0.27414330752919525
29372,0.0197281202664459
29373,0.047156527575332986
29374,1.0
29375,0.9867556554727015
29376,0.737327241010878
29377,0.0
29378,0.012878133389603518
29379,0.0
29380,0.059514481191578
29381,0.3844691347418367
29382,0.08638602423071676
29383,0.0032572211269745106
29384,0.06515267961929715
29385,0.05179397000111948
29386,0.06476082515227445
29387,0.021543640009387438
29388,0.0
29389,0.35563715709861005
29390,0.0
29391,0.017013708528642722
29392,0.07077987495894021
29393,0.07332030874073557
29394,0.03768468780657318
29395,0.05197905409307927
29396,0.22108352997839245
29397,0.020932775328115324
29398,0.05037456477553235
29399,0.03243708024760835
29400,0.13586327058069703
29401,0.13021618801270127
29402,1.0
29403,0.7758347007229323
29404,0.8136176968008277
29405,0.0
29406,0.0
29407,0.014441908701280065
29408,0.0188981867916795
29409,0.3979624319330593
29410,0.06466376330349632
29411,0.2175497439038042
29412,0.022372930607606943
29413,0.10075708594509386
29414,0.0023438146222110284
29415,0.19134434834046204
29416,0.09392861375281845
29417,0.10278169776405224
29418,0.20680774236533409
29419,0.3566818058957939
29420,0.3628652122503054
29421,0.17629749150273683
29422,0.10051781084277873
29423,0.08112408020228958
29424,0.05091327937832766
29425,0.11404402303584785
29426,0.06436541644552105
29427,0.048372741221616854
29428,0.006608746916643344
29429,0.06679500280224486
29430,0.20898743310913778
29431,0.08041816267892914
29432,0.09483586808613874
29433,0.010290867491127146
29434,0.9775075043412058
29435,0.9885809275171415
29436,1.0
29437,0.13958678740861702
29438,0.020663890906753257
29439,0.12655139913253652
29440,0.4267306937960221
29441,0.0
29442,0.0
29443,0.01884966990450689
29444,0.0536812270769186
29445,0.0830051836916035
29446,0.03626400556226096
29447,0.23908285364442128
29448,1.0
29449,0.03870642494361041
29450,0.05064791274376508
29451,0.06668828645111856
29452,0.12256010449531178
29453,0.06983958617852858
29454,0.15047179760447432
29455,0.1723515634504724
29456,0.02862890573792748
29457,0.13799003145875324
29458,0.12371183716695433
29459,0.14382548273492193
29460,0.01917201770363477
29461,0.2785313561099622
29462,0.3034175680624792
29463,0.06558734979817317
29464,0.06671586885705742
29465,0.005991259055332917
29466,0.06331269584988573
29467,0.0
29468,0.0616972679958663
29469,0.20902019056970342
29470,0.05774370692740394
29471,0.054007844932753124
29472,0.0017951758923536753
29473,0.01393687163533993
29474,0.027318002341937143
29475,0.05477391290970586
29476,0.1743511416168176
29477,0.4605109672059422
29478,0.18254083187926531
29479,0.18782088125043925
29480,0.08877630914367737
29481,0.13596779929880629
29482,0.09830978958096459
29483,0.5202510638602034
29484,0.0313018877475689
29485,0.051927542182141156
29486,0.04122318103005403
29487,0.12176254962681328
29488,0.15609329352864532
29489,0.1964464471346513
29490,0.44258720149661435
29491,0.2659054428253376
29492,0.15019237934074223
29493,1.0
29494,0.114595428698251
29495,0.0
29496,0.15089297829971607
29497,0.1975501127797071
29498,0.007305986424835291
29499,0.0008806821719574785
29500,0.3379071094744283
29501,0.04892275849034814
29502,0.016233031049502557
29503,0.045894091219521656
29504,0.024676765422263304
29505,0.05077883460197811
29506,0.2091252536034848
29507,0.2699758816250019
29508,0.31530193815273616
29509,0.18756574352195202
29510,0.12395707861685308
29511,0.14798445065647234
29512,0.2167394201934019
29513,0.049335213048289916
29514,0.14656509888574198
29515,0.06468246472467397
29516,0.0
29517,0.41040452766656754
29518,0.19884198615305695
29519,0.10482675804848882
29520,0.5300836648745093
29521,0.3389300299833616
29522,0.06549385210337606
29523,0.20994388607080833
29524,0.10538279900584004
29525,0.007013615347204245
29526,0.0
29527,0.0
29528,0.00504407614881569
29529,0.03213434060685059
29530,0.04922760603683905
29531,0.07093412804439768
29532,0.07667048258859709
29533,0.31283198925665173
29534,0.7226464601975946
29535,0.2266242741718891
29536,0.17849730136700032
29537,0.330140976577632
29538,0.11093153344864118
29539,0.04636871419565614
29540,0.03759330359420984
29541,0.18471239960285862
29542,0.2211177365270037
29543,0.05480433109306723
29544,0.03990493665932935
29545,0.057928683853744695
29546,0.12822905923035957
29547,0.030624505150226643
29548,0.03839212925810669
29549,0.12282286783973854
29550,0.05033355765619699
29551,0.044382720271794344
29552,0.036193731488442724
29553,0.044020074656998004
29554,0.04501236162950386
29555,0.04991491662706357
29556,0.20557423140750372
29557,0.06890726586192285
29558,0.15537562009438421
29559,0.5348186685982571
29560,0.5082426887579519
29561,0.18854437880725522
29562,0.16544586412635592
29563,0.024075607294554133
29564,0.05064702379977055
29565,0.12048231573377018
29566,0.01275077410310958
29567,0.0
29568,0.02019771928310608
29569,1.0
29570,0.021251418621541222
29571,0.05242363796790899
29572,0.060127121069740316
29573,0.11131234327565971
29574,0.12070475842131152
29575,0.035451535892950775
29576,0.06670232217494042
29577,0.0
29578,0.05246180563725719
29579,0.007417009483860782
29580,0.01333776199292461
29581,0.0506123302323361
29582,0.06692348670927346
29583,0.7242992575907963
29584,0.2438784094584928
29585,0.19177284343060416
29586,1.0
29587,0.22227258863322055
29588,0.3656250112241174
29589,0.23495242327375115
29590,0.037741455402673596
29591,0.06939318299974034
29592,0.0
29593,0.0756528789920539
29594,0.044009240613361096
29595,0.044279680774639125
29596,0.06963154054669227
29597,0.34842429636571043
29598,0.12700417213617088
29599,0.30532521216545455
29600,0.0
29601,0.09704366543686856
29602,0.13789549140302715
29603,0.0957117343285187
29604,0.18195406499687033
29605,0.020860128837757036
29606,0.0
29607,0.021390045257703508
29608,0.12029491716514992
29609,1.0
29610,0.23841556076194165
29611,0.7437020599060666
29612,0.23409641139670564
29613,0.22623790090613044
29614,0.18312045621143935
29615,0.09670549706506416
29616,0.12351860051717184
29617,0.019727952003134982
29618,0.0
29619,0.0
29620,0.016007441463666474
29621,0.16664147418676303
29622,0.12779731005604233
29623,0.1717652178382556
29624,0.2775652619841599
29625,0.010426786103255387
29626,0.03663747043999355
29627,0.0
29628,0.30359489168645676
29629,0.060942475432252785
29630,0.057814559929515875
29631,0.188040235655795
29632,0.022548820422417834
29633,0.0
29634,0.1738157550983991
29635,0.17955444430669554
29636,0.05491334081609956
29637,0.1308092249537146
29638,0.08591934799383938
29639,0.08113888616550742
29640,0.040378967193505734
29641,0.13781405639190686
29642,0.1331825783935179
29643,0.008835486388347195
29644,0.07197829805570667
29645,0.0
29646,0.07578255775226983
29647,0.026815478825272285
29648,0.006063098851425047
29649,0.11904899825451667
29650,0.028109492213876677
29651,0.015322375556939563
29652,0.02692971683296562
29653,0.15775790707715912
29654,0.24415952464354923
29655,0.7329742161597835
29656,0.10018121442127888
29657,0.01155273977645231
29658,0.0
29659,0.004644866884756842
29660,0.07216028716063363
29661,0.13819618828394015
29662,0.0
29663,0.022321741026484394
29664,0.03031502180747725
29665,0.01278561949471082
29666,0.0
29667,0.0031498378572350823
29668,0.020632360361705723
29669,0.06759958390545949
29670,0.10559894497919996
29671,0.34036305593204785
29672,0.03152768049719129
29673,0.03561429986379178
29674,0.05394459802495259
29675,0.08929895011860191
29676,0.33291399922949316
29677,0.13269600008798774
29678,0.0037206416988719497
29679,0.18059293023072845
29680,0.0
29681,0.06407110640200488
29682,0.0
29683,0.05318190664959473
29684,0.18877464536965644
29685,0.08271045354968216
29686,0.0
29687,0.03175705278100644
29688,0.012198479147869302
29689,0.23676154475947522
29690,0.006205422554114997
29691,0.014407601793434758
29692,0.12785479770571875
29693,0.050373824305783146
29694,0.035830254475717783
29695,0.03518104748960997
29696,0.01671216208301943
29697,0.05241414105867671
29698,0.3553615978057892
29699,0.032987593956475054
29700,0.0
29701,0.03682168652705694
29702,0.049430818360115716
29703,0.012464851016930213
29704,0.03516132161665683
29705,0.1887385679729843
29706,0.02438981283684581
29707,0.18432280131795908
29708,0.043738286752743535
29709,0.02649802226954254
29710,0.0
29711,0.08280499970861044
29712,0.056265662946326796
29713,0.05122080546985121
29714,0.23193617896759197
29715,0.0
29716,0.11398918143828594
29717,0.0020325162821934356
29718,0.04308158683481273
29719,0.1117486766299643
29720,0.0036691757553759968
29721,0.21684515447233543
29722,0.36507760703359576
29723,0.0774231100100901
29724,0.042599095273630205
29725,0.009206354079992943
29726,0.06866148535016102
29727,0.05235471994520047
29728,0.07038543605258858
29729,0.14210529920600581
29730,0.13269891592744448
29731,0.11167666772475852
29732,1.0
29733,0.06064883204232428
29734,0.0
29735,0.06904403051676229
29736,0.0467938185664765
29737,0.001629396161358817
29738,0.051093687561629686
29739,0.3841254856688937
29740,0.08436082097857647
29741,0.1875858282829505
29742,0.026189864499684412
29743,0.0
29744,0.09420253213803093
29745,0.01328512581727751
29746,0.06523810637254676
29747,0.025610153607838436
29748,0.0316423545047589
29749,0.05240061053157232
29750,0.07951772385453695
29751,0.020902749694820182
29752,0.08478241270161266
29753,0.12098790548317565
29754,0.01480783736923701
29755,0.034336684209691506
29756,0.0285545301244601
29757,0.08666650840861623
29758,0.11176637769555242
29759,0.032112352859492536
29760,0.07084612237562858
29761,1.0
29762,0.03279569228208475
29763,0.06830359715296226
29764,0.04494240087331341
29765,0.03541581155110417
29766,0.030269090285555203
29767,0.027186478500106366
29768,0.01241779487553239
29769,0.018692146536597815
29770,0.19716076145779945
29771,0.04511658782856259
29772,0.0
29773,0.0
29774,0.0010556884676330292
29775,0.0
29776,0.0
29777,0.07556472787654506
29778,0.08494180730926347
29779,0.054785497250055624
29780,0.0
29781,0.09006997345244348
29782,0.024235382825631684
29783,0.003954094671503949
29784,0.08270947400149917
29785,0.380386358764452
29786,0.003169917346249292
29787,0.01164982651747117
29788,0.0
29789,0.03210574274058857
29790,0.0
29791,0.0131186144845698
29792,0.16447571259829957
29793,0.057078313688211584
29794,0.0
29795,0.0
29796,0.07248217309786562
29797,0.2012995976621486
29798,0.09562465196886405
29799,0.020530116009940196
29800,0.045921248307008354
29801,0.02290702549167313
29802,0.0814207923945295
29803,0.009965259726243984
29804,0.06882551397383946
29805,0.22622402130777347
29806,0.19032570950889793
29807,0.0
29808,0.010771813005886768
29809,0.018501208779959883
29810,0.0
29811,0.004627112696354473
29812,0.007599225079419705
29813,0.03711177137970618
29814,0.006834481092542169
29815,0.010854025594661995
29816,0.031298698099804984
29817,0.03543718386698538
29818,0.09413414875533152
29819,0.0788159859516525
29820,0.0
29821,0.1645005492243852
29822,0.0
29823,0.27448658733095543
29824,0.0
29825,0.0077466432045254505
29826,0.0058001361850399885
29827,0.009002881958399376
29828,0.014814935973987002
29829,0.018843300067716246
29830,0.025357437519741167
29831,0.016797150864811466
29832,0.0
29833,0.0
29834,0.0
29835,0.08750838151172258
29836,0.0
29837,0.04248682757016658
29838,0.024861960269105726
29839,0.02338885250247691
29840,0.01585097886605734
29841,0.04046862397622514
29842,0.015460317939020293
29843,0.0
29844,0.11524899712378671
29845,0.04049175335401595
29846,0.02041151249666275
29847,0.0
29848,0.0
29849,0.037753859237413714
29850,0.030608686606423668
29851,0.10509664948737218
29852,0.0
29853,0.0
29854,0.4525438232280229
29855,0.041777638672275796
29856,0.07060688323901561
29857,0.05127361226675066
29858,0.0821717800887528
29859,0.03474571326023925
29860,0.012891944672773008
29861,0.13404397686164726
29862,0.1491466671745204
29863,0.1350532013683351
29864,0.00326515641822602
29865,0.016315416370827732
29866,0.04020431060794001
29867,0.010262909158966986
29868,0.0012593822495529441
29869,0.045116960647440064
29870,0.0
29871,0.08421391622119295
29872,0.12420397071098895
29873,0.32014284247516417
29874,0.002391643494378724
29875,0.028937449608252806
29876,0.0
29877,0.0032459248300318864
29878,0.056913608856145506
29879,0.04052849483026972
29880,0.028720691015928706
29881,0.0
29882,0.028169695649077366
29883,0.005263425473658112
29884,0.0
29885,0.02552778273761249
29886,0.2292024345798415
29887,0.19405499039708976
29888,0.014791323057909525
29889,0.06480857177481891
29890,0.0
29891,0.00144880143638932
29892,0.0
29893,0.016980890818871174
29894,0.004133967488916215
29895,0.0
29896,0.0
29897,0.0
29898,0.02117000252004023
29899,0.0
29900,0.09586614048341796
29901,0.0
29902,0.18461952345493918
29903,0.007327053972403061
29904,0.024904101152463724
29905,0.2546491847907185
29906,0.19697481699607988
29907,0.04839216406947451
29908,0.2029005744948186
29909,0.02148766529108132
29910,0.21415990541931978
29911,0.048012781199153566
29912,0.18684345863996846
29913,0.0
29914,0.0
29915,0.19013624310814511
29916,0.01283499649489745
29917,0.02802529753186928
29918,0.03483020554053798
29919,0.18570360299133526
29920,0.0
29921,0.7155981106972792
29922,0.1779646681866733
29923,0.030746155401578
29924,0.22748922581456335
29925,0.015549567702345113
29926,0.03769927653567468
29927,0.065417002731187
29928,0.11882053226855553
29929,0.19406169942418885
29930,0.6034312830120753
29931,0.6066740218588466
29932,0.0
29933,0.03725360928335372
29934,0.11871261417198731
29935,0.23625800940901218
29936,0.006964768089270046
29937,0.013725016074008521
29938,0.04455403153488986
29939,0.05675849815435562
29940,0.11081866999568066
29941,0.08433413965893483
29942,0.0
29943,0.36445018222043024
29944,0.19219257469794052
29945,0.173940828711986
29946,0.468064766760738
29947,0.16088738362530736
29948,0.5472978786650655
29949,0.08040037306916117
29950,0.3588666999691725
29951,0.1534107811358678
29952,0.10443302503433481
29953,0.020611796909232583
29954,0.060127098016513815
29955,0.02007599315202012
29956,0.1606624097459769
29957,0.18112192240413608
29958,0.0
29959,0.021035697138940185
29960,0.048600575041663215
29961,0.18852206822180562
29962,0.034895782018092895
29963,0.06160679333026313
29964,0.07557735920573445
29965,0.14908201650845332
29966,0.03110046241140642
29967,0.006845056373004952
29968,0.0
29969,0.21898878974136077
29970,0.04334994090691596
29971,0.13708317778591544
29972,0.0
29973,0.04286461094575962
29974,0.00030659711079707077
29975,0.36143763233238235
29976,0.08231826215928778
29977,0.0
29978,0.05693342306319876
29979,0.33433957164191264
29980,0.35670426678924144
29981,0.1500710214001309
29982,0.05503666711202465
29983,0.0
29984,0.0029130034357137497
29985,0.05178746119665891
29986,0.0
29987,0.0
29988,0.04575598916478644
29989,0.05792277971037625
29990,0.05394994569959658
29991,0.2872077067127858
29992,0.2711529271169253
29993,0.0
29994,0.12686607456039703
29995,0.03228766808262552
29996,0.018195170913327226
29997,0.3469513471091265
29998,0.04437903086195821
29999,0.0810392396292067
30000,0.0
30001,0.06644974909791415
30002,0.014674858976520704
30003,0.009123381149964443
30004,0.0603519232621545
30005,0.4400583607005648
30006,0.2223284177428191
30007,0.0
30008,0.001805777833556337
30009,0.004527139551733323
30010,0.07088418041326718
30011,0.02090518012057003
30012,0.023974632179245517
30013,0.15061030908661432
30014,0.16022024538781338
30015,0.10007078610491192
30016,0.06719520707006822
30017,0.11473580930074823
30018,0.0
30019,0.0
30020,0.041886112509632284
30021,0.04506940985297834
30022,0.0507015676329286
30023,0.04623200404079382
30024,0.12356353124890447
30025,0.06923582260307787
30026,0.040382991310448695
30027,0.02226414960895019
30028,0.016284010193291117
30029,0.042068979351111035
30030,0.024951699179039968
30031,0.006950111048507131
30032,0.006517324184316596
30033,0.054392107696362005
30034,0.01462681650951144
30035,0.02771218246488579
30036,0.6387004250550317
30037,0.2928312646618689
30038,0.0043734246144131635
30039,0.058335325706521404
30040,0.08292797726590874
30041,0.11527648596181694
30042,0.03198821025520224
30043,0.05369194383611521
30044,0.0
30045,0.0
30046,0.030549269098379336
30047,0.2165277209659827
30048,0.01570322864484675
30049,0.021159605650456586
30050,0.03999208622509234
30051,0.1655301605485848
30052,0.05373942421409522
30053,0.18762155934215163
30054,0.17344924850781354
30055,0.21217268651140359
30056,0.09440928090735143
30057,0.006802335471119235
30058,0.0024899500734480123
30059,0.059724956873190266
30060,0.06275296848331881
30061,0.1917161340334106
30062,0.10407916429199876
30063,0.4037602259553305
30064,0.05565281221968558
30065,0.0
30066,0.07678773556486392
30067,0.11538255049934817
30068,0.035795312768828365
30069,0.0
30070,0.013254213927846953
30071,0.035252899007438075
30072,0.021485494349771535
30073,0.026185213023193758
30074,0.02625644187269854
30075,0.08857481821360853
30076,0.054951116334011854
30077,0.11219328860664488
30078,0.06709786234123946
30079,0.07852896806470287
30080,0.22887808812947458
30081,0.3112178352400267
30082,0.050231371240600044
30083,0.004855305916126404
30084,0.06076033196476796
30085,0.009697098983228984
30086,0.042560129654829845
30087,0.016652620396153506
30088,0.13099900586427035
30089,0.05209221992258897
30090,0.11375026442850317
30091,0.07103005236904356
30092,0.05735446021261718
30093,0.0010220706257271434
30094,0.0300839299069797
30095,0.020535988062662217
30096,0.0
30097,0.14996646056422439
30098,0.012380865860968367
30099,0.11766733323912557
30100,0.028500444095229224
30101,0.022194714931013184
30102,0.016787061791254443
30103,0.04175512755161098
30104,0.05508474880227986
30105,0.10792334704563392
30106,0.04955479883394113
30107,0.09600206292970907
30108,0.21186579100004208
30109,0.17772766255877281
30110,0.18920046326435927
30111,0.004778171150626853
30112,0.05076303970909991
30113,0.03920816480036596
30114,0.04137289760181309
30115,0.05414928966581207
30116,0.012634620794887771
30117,0.059717592396005874
30118,0.03480557234618303
30119,0.05839190497428488
30120,0.08546569125357861
30121,0.04448380328516709
30122,0.04951446781566104
30123,0.0
30124,0.08846845315306383
30125,0.01332136270427868
30126,0.06453141008737112
30127,0.17050086322237268
30128,0.04839219515368328
30129,0.12028184568740014
30130,0.45328767454733476
30131,0.09471893277657514
30132,0.08151366921448733
30133,0.04695551672693346
30134,0.06094690817636562
30135,0.06159051410385997
30136,0.08919400236815482
30137,0.050665025236159573
30138,0.009012477095932725
30139,0.04276211439648187
30140,0.23061710765087307
30141,0.07814286335773914
30142,0.05473976932495287
30143,0.017387884392979957
30144,0.04888903169894906
30145,0.0
30146,0.02018269392908295
30147,0.007570138809761212
30148,0.04240539427155541
30149,0.35999981178237217
30150,0.07432903590482709
30151,0.05649198472426404
30152,0.058475433356784394
30153,0.6905935732624915
30154,0.05211250691539761
30155,0.028097902033856943
30156,0.18543749674914256
30157,0.044201005884643915
30158,0.21039509116556207
30159,0.3567830186627324
30160,0.08298143432506036
30161,0.04916656303232852
30162,0.10442341258364321
30163,0.08388200859555228
30164,0.1516731431665769
30165,0.031617968551643456
30166,0.15369622447058345
30167,0.09439533768330127
30168,0.015157012156369588
30169,0.0005410158881009053
30170,0.0
30171,0.010432418043659613
30172,0.03214691844024256
30173,0.07594845292692205
30174,0.10781937896922522
30175,0.0
30176,0.07353816775248652
30177,0.12809951224988117
30178,0.21728219747564118
30179,0.07825353072101247
30180,0.014164199086988134
30181,0.1270279853380436
30182,0.21074766702363812
30183,0.23362684398246808
30184,0.0718685728620922
30185,0.05053676806191591
30186,0.0
30187,0.0815062097308191
30188,0.5906552045539384
30189,0.0436016995040622
30190,0.0690811337186871
30191,0.3585481820727582
30192,0.1930431344098257
30193,0.002018436898856962
30194,0.0
30195,0.00015991247001415394
30196,0.040018810602614786
30197,0.05430821701209102
30198,0.25487764631226123
30199,0.25739503088480453
30200,0.0
30201,0.06844279279914109
30202,0.09451773461859952
30203,0.12385403299154361
30204,0.14397701283987244
30205,0.11454258726626992
30206,0.18507431166222374
30207,0.2540098898968173
30208,0.08576056977731296
30209,0.009877458243518501
30210,0.12186323585326986
30211,0.08361250742113582
30212,0.04616908003059451
30213,0.26882296399457845
30214,0.9345907084962451
30215,0.011710677954962459
30216,0.3328315618518791
30217,0.0
30218,0.07040390783878418
30219,0.24878463267289097
30220,0.0
30221,0.057831759903854855
30222,0.07297893677230788
30223,0.004838294550937029
30224,0.07163612800744006
30225,0.0
30226,0.5105650758481214
30227,0.0
30228,0.058658945283077184
30229,0.22576149003686136
30230,0.11369671632924182
30231,0.23036686378321694
30232,0.27918774419208936
30233,0.3575095380465552
30234,0.13788468248869745
30235,0.0848336535348083
30236,0.08621166034126945
30237,0.9478903292930355
30238,0.32016488661486314
30239,0.38660340500010726
30240,0.018876098262678356
30241,0.15026237387703784
30242,0.1019288193693516
30243,0.0
30244,0.04985109957330116
30245,0.0
30246,0.0
30247,0.0
30248,0.040100870912754535
30249,0.08846014221354821
30250,0.08013280174860439
30251,0.05808922337109071
30252,0.09291293384704942
30253,0.14692730753560065
30254,0.189962954852816
30255,0.17400663921040033
30256,0.002282891959271832
30257,0.1020158933387529
30258,0.25688192862193354
30259,0.021324220037009543
30260,1.0
30261,0.9578077545639321
30262,0.7379770996495189
30263,0.0
30264,0.0
30265,0.012274910160421003
30266,0.1500016284907774
30267,0.4223324028105651
30268,0.10089974722739696
30269,0.013609468794385855
30270,0.05463749060028371
30271,0.01029995090094506
30272,0.042849194415908856
30273,0.05681930237419398
30274,0.039209169839359674
30275,0.02466112817383123
30276,0.33727519191913835
30277,0.0
30278,0.04908215818908978
30279,0.08002364723708329
30280,0.08325614917902166
30281,0.05218391578487499
30282,0.050325365423676674
30283,0.2183012338911752
30284,0.03160468899025126
30285,0.014615489251312246
30286,0.08170993388387439
30287,0.11401792660518169
30288,0.12149534563699996
30289,1.0
30290,0.6937804486028963
30291,0.807449716640057
30292,0.02979529464281166
30293,0.02431340443105661
30294,0.0
30295,0.3515121271909525
30296,0.04945435614021834
30297,0.2427584551029559
30298,0.05182361779078579
30299,0.1503798717793435
30300,0.000670937780643661
30301,0.1500928782126725
30302,0.08165253548647278
30303,0.11771657212798448
30304,0.19728325704293773
30305,0.33908041572202285
30306,0.43444625247470786
30307,0.08522110205906394
30308,0.08363557162472655
30309,0.04439089328663711
30310,0.039293346797246026
30311,0.05852181617259526
30312,0.060713613664567165
30313,0.030590640163017113
30314,0.1851424019304537
30315,0.1909518933741538
30316,0.07084667869742636
30317,0.13261172416218586
30318,0.02085769337113033
30319,0.9715559582190725
30320,0.9998245497002851
30321,1.0
30322,0.0955009171515268
30323,0.07285494626883038
30324,0.15562611735302434
30325,0.0
30326,0.37478318417796713
30327,0.012071845727422573
30328,0.0005383740872929359
30329,0.016667411137075743
30330,0.02796330959713356
30331,0.08348536629647947
30332,0.059481713214924146
30333,0.2085522205143319
30334,1.0
30335,0.03487616878416115
30336,0.08102278667605763
30337,0.0536142471515772
30338,0.13492885823288045
30339,0.06523176666632392
30340,0.18577197601282427
30341,0.1870287280091448
30342,0.02658671664487496
30343,0.07713637290070884
30344,0.11357159550668333
30345,0.14482123354109333
30346,0.05052961625924909
30347,0.04152542342086214
30348,0.23940074891614418
30349,0.3208299938631667
30350,0.178208215490054
30351,0.08161221143517183
30352,0.0
30353,0.12263808550366292
30354,0.0
30355,0.07144046233820997
30356,0.21231011257227705
30357,0.04877697172265589
30358,0.07292842999015324
30359,0.03077293867664601
30360,0.01570846724997574
30361,0.04378285479026574
30362,0.15319315310665985
30363,0.4975761992137769
30364,0.17797589381554865
30365,0.15436443626112398
30366,0.13618921991434987
30367,0.12539344808034558
30368,0.11921105701042627
30369,0.6001009225822921
30370,0.048982467458945494
30371,0.02024947607038949
30372,0.01646068611895025
30373,0.04518342986408774
30374,0.13650568514794892
30375,0.10120922835256918
30376,0.2004403064487759
30377,0.5162059391861986
30378,0.3087251011630481
30379,0.17273256466714865
30380,1.0
30381,0.1024431898075851
30382,0.011509388185800691
30383,0.08591689572737916
30384,0.2609009614595231
30385,0.00522865918454732
30386,0.028158191266514608
30387,0.44069644806365343
30388,0.04490702181362491
30389,0.0
30390,0.04868608142283632
30391,0.01596903615146353
30392,0.046757313904027556
30393,0.21959701926913178
30394,0.21584601943474607
30395,0.20026270893499423
30396,0.20625989793814004
30397,0.12669966543082983
30398,0.1318530976318028
30399,0.2303893628728719
30400,0.007283060245800469
30401,0.1244852823667705
30402,0.019989809736775426
30403,0.03466075224734521
30404,0.4744709707048628
30405,0.19441869265200012
30406,0.07664121021006129
30407,0.5405324766381012
30408,0.25545691859602593
30409,0.0
30410,0.10228307020705191
30411,0.16556549426849698
30412,0.034112027106425795
30413,0.03691460785775813
30414,0.007915413329729976
30415,0.0
30416,0.0
30417,0.02631362683506411
30418,0.0620174801508217
30419,0.061704196243281814
30420,0.10285768564817371
30421,0.30748719335845565
30422,0.7933625931469265
30423,0.25770004148409476
30424,0.18630302433400822
30425,0.3508468381495204
30426,0.13061466037332758
30427,0.12206031159737274
30428,0.0919518157107303
30429,0.1506057731068861
30430,0.3185684659280581
30431,0.07612349036802155
30432,0.020295057846836013
30433,0.09347613264483433
30434,0.10953773261814263
30435,0.019387982415453038
30436,0.05114374795132181
30437,0.10513382626898682
30438,0.0267080265956163
30439,0.03189835563455222
30440,0.0
30441,0.0
30442,0.021650543273669543
30443,0.05041274454191165
30444,0.027930752646125382
30445,0.040301131040829226
30446,0.17366638773394924
30447,0.0657747002163603
30448,0.16133881956999302
30449,0.5119871278768302
30450,0.40459413698247765
30451,0.2220915873905483
30452,0.1864769640942597
30453,0.0315643836799326
30454,0.011041654485616925
30455,0.05102733319594102
30456,0.10672853000458368
30457,0.0014255586388126301
30458,0.03041211391555681
30459,1.0
30460,0.0032647935754123616
30461,0.00854404932662503
30462,0.11213310700154319
30463,0.051962129566914594
30464,0.1580505333615671
30465,0.057930709355590346
30466,0.039863223455586155
30467,0.0028730127142037156
30468,0.03291623942511097
30469,0.02595758702664666
30470,0.05544573513365213
30471,0.06385390583995369
30472,0.5265118142725128
30473,0.22480548280938803
30474,0.18684989816039368
30475,1.0
30476,0.2409979603076402
30477,0.36302538977516385
30478,0.21325894798796166
30479,0.03367789881812506
30480,0.044787355990177906
30481,0.0
30482,0.07537820981004775
30483,0.0479611475187711
30484,0.02659864709691927
30485,0.03347783654224134
30486,0.35525233121455785
30487,0.17774019151610632
30488,0.3138217859222038
30489,0.038699055935082965
30490,0.06196006041718789
30491,0.22273302170843154
30492,0.12230996799791262
30493,0.18291538612557742
30494,0.016713573052141144
30495,0.0
30496,0.009047105862408545
30497,0.11819083395350614
30498,1.0
30499,0.22825862948320236
30500,0.8530061631997942
30501,0.2530270098636584
30502,0.30800877511575403
30503,0.18548515737292828
30504,0.1863333338773069
30505,0.16559866060100484
30506,0.0035935450796381
30507,0.0
30508,0.0
30509,0.0
30510,0.013928062855393938
30511,0.14494845483342914
30512,0.1448400987808783
30513,0.2909531911933881
30514,0.2973890935955298
30515,0.04359664253554005
30516,0.08022924770689625
30517,0.2443481556010979
30518,0.042129523923861704
30519,0.04834221905144134
30520,0.2074349801175502
30521,0.03864368834256351
30522,0.06530441794243952
30523,0.1885049774753556
30524,0.07345870490811057
30525,0.14536120123909185
30526,0.13491182008378316
30527,0.06765233098783202
30528,0.03591708190854131
30529,0.13696049587421588
30530,0.1142779706730448
30531,0.024980981992545767
30532,0.018343223913011922
30533,0.035952628757722455
30534,0.07404382581426319
30535,0.029304578746394923
30536,0.004571869431974837
30537,0.07619691377078734
30538,0.022667139741962036
30539,0.02683681126746082
30540,0.024073704070777992
30541,0.15276388154941378
30542,0.305881955372498
30543,0.723696621363092
30544,0.11429646862398346
30545,0.02557241927887638
30546,0.005795034143408284
30547,0.027783405949935277
30548,0.06109452522665726
30549,0.1628282308934444
30550,0.011733233885277016
30551,0.0
30552,0.07618599986143076
30553,0.0
30554,0.0
30555,0.012194992479642935
30556,0.08291872633171143
30557,0.06640530548514623
30558,0.3661410693938739
30559,0.02314705553271596
30560,0.004424354774656169
30561,0.043634921120417426
30562,0.07535051422982014
30563,0.08145427716252333
30564,0.40194327586944467
30565,0.10031888627300674
30566,0.0
30567,0.17434913865475576
30568,0.06440121082405997
30569,0.01999126224158669
30570,0.06494024059537859
30571,0.11322310282581094
30572,0.03631440841015641
30573,0.05088789137069717
30574,0.0
30575,0.2400061876461864
30576,0.004907589292961689
30577,0.00736233656000013
30578,0.0
30579,0.013598846119649005
30580,0.11879320294655533
30581,0.07158756562273906
30582,0.03146382913477393
30583,0.018666943456175374
30584,0.02035945686539064
30585,0.054195781362264744
30586,0.2841855998321362
30587,0.04202090817753566
30588,0.032019680723921244
30589,0.07448318162942277
30590,0.019246802539167898
30591,0.07156222084953312
30592,0.18419002961515824
30593,0.03999392549648232
30594,0.19720591256252495
30595,0.01582253248115134
30596,0.01381970438721048
30597,0.0
30598,0.07257388721116424
30599,0.05752304180685445
30600,0.031094236799257435
30601,0.293051451602443
30602,0.0
30603,0.20072442192427958
30604,0.02071128492193268
30605,0.05645088873645897
30606,0.08338013448995248
30607,0.005207797241417876
30608,0.23456115196318467
30609,0.40962187084816765
30610,0.05073503110428595
30611,0.06470342194649746
30612,0.10529407095247857
30613,0.09920498600478578
30614,0.09563986339751177
30615,0.17082673889197186
30616,0.08577169250525593
30617,0.04939989859842092
30618,1.0
30619,0.0
30620,0.06691680830114248
30621,0.003034828948055673
30622,0.05928908018927859
30623,0.07483847713055695
30624,0.0
30625,0.015527094573084486
30626,0.08376766483273113
30627,0.4534450578288592
30628,0.08450224486133687
30629,0.1888724105660182
30630,0.030010585315530254
30631,0.10199570043080665
30632,0.0
30633,0.0386238882961857
30634,0.04033173586093009
30635,0.05707546317341352
30636,0.03496567615025301
30637,0.044605263592848846
30638,0.024878671896754315
30639,0.014236383895806925
30640,0.07456250689956737
30641,0.011596914359009091
30642,0.14645855347382564
30643,0.015875711694027836
30644,0.06700498285929408
30645,0.04426921121688733
30646,0.11883734884174987
30647,0.006637473986243426
30648,0.007511670664699775
30649,0.027348818117457218
30650,1.0
30651,0.06168439409334895
30652,0.11998810460787765
30653,0.02260152880087227
30654,0.0279062803539533
30655,0.05927910979221301
30656,0.018983769494740434
30657,0.012801203581200866
30658,0.00833781941296836
30659,0.1840122970563359
30660,0.025333822692041773
30661,0.0
30662,0.0
30663,0.012407075098079924
30664,0.007468269564160497
30665,0.0
30666,0.030860306374945076
30667,0.12133327960937244
30668,0.05919455447830981
30669,0.030154009813779706
30670,0.0283081921403667
30671,0.25178866169732517
30672,0.009790890795625316
30673,0.026283743388705705
30674,0.0
30675,0.01498930086993886
30676,0.0
30677,0.072965723647356
30678,0.004675789738027991
30679,0.02866832312886517
30680,0.18421846764036945
30681,0.07157794061157789
30682,0.016312627038838425
30683,0.026083950550612443
30684,0.0
30685,0.08601800921983026
30686,0.19148476729066705
30687,0.1008928228211105
30688,0.04036162965155924
30689,0.05325926725827496
30690,0.015908664348410054
30691,0.07785441364751547
30692,0.0
30693,0.05021757363350802
30694,0.18582264172627141
30695,0.20248363197748825
30696,0.0
30697,0.02644598843245705
30698,0.0
30699,0.020417675177681203
30700,0.0
30701,0.006175827426102191
30702,0.0
30703,0.0
30704,0.05070541831534213
30705,0.0542181393044759
30706,0.06351015256938798
30707,0.08523562211136931
30708,0.15121422359652706
30709,0.0
30710,0.23607523667187227
30711,0.0
30712,0.02533488477454501
30713,0.0
30714,0.006756651709453812
30715,0.010608118056050343
30716,0.015727426685482427
30717,0.0
30718,0.010852294424425953
30719,0.003382670673533701
30720,0.023591305077406987
30721,0.005667297689925255
30722,0.016998376690754186
30723,0.11319801567191516
30724,0.021058169344130958
30725,0.025345528355542754
30726,0.026130294355424764
30727,0.012161513978120052
30728,0.001937697198988006
30729,0.015296812879716438
30730,0.0
30731,0.11774786526310915
30732,0.015458505837503125
30733,0.014278115090809099
30734,0.0
30735,0.049271184771856
30736,0.027209117435497907
30737,0.05945609847105118
30738,0.0
30739,0.0
30740,0.35196912731153196
30741,0.030622678428989417
30742,0.047938345677033714
30743,0.08901795006857731
30744,0.04591310139573408
30745,0.036028404127864615
30746,0.008398800249107045
30747,0.13114299919760447
30748,0.0027589113080241957
30749,0.12037337524024876
30750,0.15538605800194819
30751,0.01509551899575209
30752,0.02625602268315776
30753,0.03771860651652763
30754,0.016769231524168628
30755,0.014928668896328847
30756,0.010336841193016708
30757,0.026031563812464378
30758,0.013693801489154873
30759,0.07824001772742892
30760,0.061675459550787716
30761,0.03955390872891159
30762,0.0
30763,0.22104325962371396
30764,0.0
30765,0.0
30766,0.009049589063038183
30767,0.0
30768,0.02662996876046837
30769,0.03589589620469939
30770,0.06084124690641685
30771,0.03368444346888385
30772,0.027166930166059842
30773,0.006352206050394309
30774,0.013376344978829509
30775,0.2597348472181608
30776,0.18985950905503948
30777,0.0
30778,0.0
30779,0.08062343439000964
30780,0.01853038666363859
30781,0.0056630288887754765
30782,0.061846672721426146
30783,0.03383273698449072
30784,0.0
30785,0.04285976857249423
30786,0.11266441771800335
30787,0.0
30788,0.0
30789,0.0
30790,0.014654102788131897
30791,0.0
30792,0.0
30793,0.05210778988276157
30794,0.3510956834059594
30795,0.038610539414387114
30796,0.09365980528421274
30797,0.2747219105257696
30798,0.24723938152363667
30799,0.020876491759754773
30800,0.21684033369297728
30801,0.16294959062687966
30802,0.24812573749222452
30803,0.03471168329235261
30804,0.27371668982962233
30805,0.02629228493461837
30806,0.0
30807,0.27439334893043205
30808,0.0
30809,0.012257842057781472
30810,0.01860818396893322
30811,0.19981999209310364
30812,0.030773395195285536
30813,0.914636932954637
30814,0.20508089309683872
30815,0.0
30816,0.2154547604897867
30817,0.021373361269659878
30818,0.026554598701796505
30819,0.0529013728950378
30820,0.05374072162252797
30821,0.0026055137585059497
30822,0.03550382935156976
30823,0.09477019294618085
30824,0.5154722638041704
30825,0.7694070599958539
30826,0.7927013278861266
30827,0.02098840275037446
30828,0.18229104102003058
30829,0.1259076693981231
30830,0.3641919317261621
30831,0.07505653420755641
30832,0.08014647193967513
30833,0.04355191604641259
30834,0.02498514731822979
30835,0.0
30836,0.33137741930887543
30837,0.1771418594589566
30838,0.2572443598506668
30839,0.7140176659752367
30840,0.1293446503036703
30841,0.01505691586891393
30842,0.7001963124422369
30843,0.07951180301817572
30844,0.32930116456066627
30845,0.1040262496959626
30846,0.056941432615847706
30847,0.013838329096049864
30848,0.11054429862927985
30849,0.0908473695663133
30850,0.1125789390240534
30851,0.15911337740555298
30852,0.016367869232834942
30853,0.0
30854,0.13392627292300155
30855,0.18703491421606433
30856,0.05743867682462554
30857,0.12333604062262474
30858,0.10606262630475044
30859,0.2077241127583665
30860,0.0016853681363012338
30861,0.0
30862,0.061282120374910654
30863,0.22372801875984832
30864,0.16300959400880452
30865,0.2965370806593154
30866,0.015596212000676936
30867,0.06178265837326661
30868,0.011702567804616147
30869,0.0
30870,0.0
30871,0.3188549136525078
30872,0.04250001987936643
30873,0.09403701045070552
30874,0.6010729150743266
30875,0.2626563461873591
30876,0.0
30877,0.1647984412294768
30878,0.10550576341952694
30879,0.010699400651310923
30880,0.0
30881,0.015616238131082058
30882,0.11007807153066634
30883,0.05755942094014885
30884,0.29890223531877824
30885,0.2520960272583444
30886,0.0
30887,0.04462800474347142
30888,0.02493197805093551
30889,0.34215352809094685
30890,0.07069624004224605
30891,0.07119596029278136
30892,0.0
30893,0.13736264686097935
30894,0.03510867658377615
30895,0.07752195760646538
30896,0.23194408828592458
30897,0.6043062142231502
30898,0.17397898855974245
30899,0.02177440123387667
30900,0.0
30901,0.033417335626598904
30902,0.04556601323001218
30903,0.04308647831572274
30904,0.001608966987316005
30905,0.17996939630654507
30906,0.1481943279325126
30907,0.1609937783181548
30908,0.08111794427754666
30909,0.12093701736057495
30910,0.0
30911,0.053587293785185675
30912,0.04029921575669445
30913,0.033061770305183626
30914,0.0518383388687013
30915,0.15969146002345444
30916,0.03194225748921688
30917,0.06023218710132158
30918,3.3499462168068456e-05
30919,0.011349345744441883
30920,0.033497429790101424
30921,0.022626476720030316
30922,0.0012626413685413883
30923,0.021630796747074313
30924,0.06471338488250442
30925,0.05218365613965809
30926,0.6063175315885911
30927,0.20291975282182823
30928,0.039536600633147116
30929,0.059778748341474224
30930,0.09902375417188597
30931,0.08318721840260362
30932,0.03560741615774767
30933,0.04872383199271353
30934,0.03218276744143147
30935,0.19002270906822008
30936,0.03351784088270022
30937,0.030603267625956727
30938,0.030994281660736745
30939,0.11818061800853866
30940,0.07915813509659848
30941,0.1712724593034936
30942,0.17361898868044232
30943,0.19211235738932764
30944,0.04892358906210238
30945,0.03134013413828453
30946,0.014422891984083811
30947,0.0676698505578253
30948,0.05683282865130582
30949,0.23976355098983101
30950,0.05135945071388249
30951,0.3357153210395849
30952,0.0813270343347087
30953,0.030403760565644585
30954,0.11596189330103235
30955,0.018444933017968113
30956,0.026529157114319087
30957,0.01516200262040338
30958,0.0
30959,0.09646573252954546
30960,0.02630354069661359
30961,0.0
30962,0.015524550103424949
30963,0.026280796965053036
30964,0.06555501971031233
30965,0.048597525745088535
30966,0.05981528653388957
30967,0.0841322179614028
30968,0.10044337951699639
30969,0.22203910528171428
30970,0.3160395787728251
30971,0.07404415655346043
30972,0.003213042851454806
30973,0.10115044955800781
30974,0.023920858781199775
30975,0.04592460520017922
30976,0.0
30977,0.08084265935079489
30978,0.07743465613685233
30979,0.06954647560919741
30980,0.06698420186631848
30981,0.1444603221758016
30982,0.026412639568543776
30983,0.04432796938153369
30984,0.01679070700837188
30985,0.0038174016209689887
30986,0.017098512662950375
30987,0.20151321335126055
30988,0.10380494724821336
30989,0.0025588479706734053
30990,0.001068190632215375
30991,0.048210201546162124
30992,0.07337203473513507
30993,0.06471276788420542
30994,0.09574969857871429
30995,0.07786263999802213
30996,0.2340260468080321
30997,0.18588992400876783
30998,0.18902629459454467
30999,0.0055493714573799004
31000,0.07246589979344635
31001,0.0027335481845118925
31002,0.048619128955269125
31003,0.023897061419354267
31004,0.02653675915019903
31005,0.03070284615893402
31006,0.03083576005859555
31007,0.03787000935243261
31008,0.04587889695201899
31009,0.0
31010,0.07514598460208455
31011,0.07072112864401262
31012,0.02060598717988602
31013,0.05894040602292917
31014,0.0
31015,0.035586225635659365
31016,0.08694249353700093
31017,0.017916496166486613
31018,0.047095627902894115
31019,0.14554144055780888
31020,0.04419728917264784
31021,0.17848033769920363
31022,0.5565618232011095
31023,0.05804657915219592
31024,0.08202371076229822
31025,0.047283068623126215
31026,0.08788554922709411
31027,0.06757464783698963
31028,0.09202756226313599
31029,0.031283679652561965
31030,0.30807603346326695
31031,0.07697318336706854
31032,0.07302687591634659
31033,0.03582147572077153
31034,0.07251259426992804
31035,0.012710873026997981
31036,0.0
31037,0.019227799504967617
31038,0.0
31039,0.04699766219205044
31040,0.3907828056287517
31041,0.07311238410477595
31042,0.0519535992422335
31043,0.0775655877396854
31044,0.6468871676982259
31045,0.0600754836024314
31046,0.0
31047,0.07611226329659258
31048,0.0546807045184518
31049,0.21366500380770714
31050,0.3493828597067304
31051,0.05454343888204028
31052,0.006040108242272483
31053,0.07292787704697729
31054,0.10089887127738528
31055,0.16484343743842472
31056,0.18090356195386276
31057,0.016472471824589708
31058,0.04361415513281937
31059,0.049749284378427336
31060,0.0
31061,0.07315347905177073
31062,0.0
31063,0.01979731863857153
31064,0.027137746276131466
31065,0.09204204164414057
31066,0.056450427152223336
31067,0.009854990858173922
31068,0.0953794573557385
31069,0.14530618704792858
31070,0.19615902797923263
31071,0.057075229014189564
31072,0.0131906422286468
31073,0.11201938471053126
31074,0.16575436461086374
31075,0.20478274802808977
31076,0.07638754795307803
31077,0.0795286126373997
31078,0.017081481676048636
31079,0.0857015953642195
31080,0.4672598236873423
31081,0.004375285138270571
31082,0.11381898489380311
31083,0.33147656454622265
31084,0.180415201100182
31085,0.009984047091550392
31086,0.0
31087,0.0356172466984342
31088,0.0812378197920471
31089,0.23720472076239074
31090,0.2628269813733326
31091,0.0
31092,0.0756796025884664
31093,0.10417840446819998
31094,0.1620156062160791
31095,0.09442615919221818
31096,0.10491165366490099
31097,0.14738854884986083
31098,0.24845239509780706
31099,0.09063822534997132
31100,0.012551445530731866
31101,0.054238527832700674
31102,0.11944175326081025
31103,0.038678707986645196
31104,0.213705593392725
31105,1.0
31106,0.0
31107,0.2860025479321527
31108,0.0
31109,0.06159243419758811
31110,0.199116580135341
31111,0.0
31112,0.045025120227569146
31113,0.04891383662487291
31114,0.021549313398097156
31115,0.0797930519724708
31116,0.5559376977208494
31117,0.01328633785079269
31118,0.05456113212902494
31119,0.2642001481768712
31120,0.13456130608607986
31121,0.26059223935767
31122,0.3150712287503184
31123,0.356557285707981
31124,0.1968394609552736
31125,0.10993139419282966
31126,0.08071968673773924
31127,1.0
31128,0.3520007021434489
31129,0.4534956227361978
31130,0.04386211395311276
31131,0.10704778367158113
31132,0.11168229901576449
31133,0.019306529140866547
31134,0.0
31135,0.014301471656472947
31136,0.05837928662240001
31137,0.0
31138,0.0
31139,0.0010325601954022411
31140,0.03295859367298531
31141,0.04435808606188889
31142,0.09362010384102666
31143,0.09453339966827182
31144,0.1114530543644147
31145,0.12718127259901846
31146,0.17469897311761107
31147,0.1784914254680312
31148,0.011433806278674193
31149,0.10193631592198077
31150,0.24291713238002705
31151,0.0
31152,0.04511401593576274
31153,1.0
31154,1.0
31155,0.7812407751680388
31156,0.0
31157,0.014240883928166926
31158,0.10627257617845932
31159,0.36041330570642327
31160,0.09740666276104032
31161,0.05036652658891777
31162,0.05957282440046801
31163,0.0032266859178070265
31164,0.05024392802185626
31165,0.05934156772262569
31166,0.03279254973301338
31167,0.03338424039791946
31168,0.35454035822771374
31169,0.0
31170,0.03092375663706645
31171,0.10296597029917955
31172,0.09940437705811991
31173,0.030343823637797286
31174,0.051013247126554855
31175,0.26276413875765386
31176,0.13171688316721916
31177,0.026225741284124686
31178,0.1783307071646794
31179,0.16341242122476504
31180,0.15526928017127498
31181,1.0
31182,0.7761643048652377
31183,0.8201696346287124
31184,0.028340718909397232
31185,0.05478491790991671
31186,0.02344863409843175
31187,0.014900208960776738
31188,0.46649851530066494
31189,0.09414680287666755
31190,0.25017466401126115
31191,0.06477894480675586
31192,0.19070261195265983
31193,0.00926776320904428
31194,0.16228202361100805
31195,0.12499697875066124
31196,0.125749286447751
31197,0.1679163107907665
31198,0.40254886185572863
31199,0.47430899491333256
31200,0.07194408518055066
31201,0.07131207157591223
31202,0.0406224418648497
31203,0.029637696583882805
31204,0.10070552951263646
31205,0.07314482557619244
31206,0.0222272073284746
31207,0.015849047266713462
31208,0.1777545171691785
31209,0.2252216888809321
31210,0.05147148406458346
31211,0.15079204044897046
31212,0.04007259229226571
31213,0.9589822074449461
31214,0.9871311898369515
31215,1.0
31216,0.16157798945132776
31217,0.04403079895058927
31218,0.13192449777728807
31219,0.507672725389753
31220,0.01748677081673333
31221,0.008958529403505581
31222,0.008785333195980134
31223,0.01986047650401133
31224,0.021664587430666907
31225,0.08465022708002067
31226,0.012196923509454205
31227,0.20785753980649554
31228,1.0
31229,0.02784501078338725
31230,0.09448738133329604
31231,0.05931711575158575
31232,0.0967375934048017
31233,0.04506402717511006
31234,0.16775035549401124
31235,0.21759188887751701
31236,0.02806232052150363
31237,0.11969446786694432
31238,0.1350428165927142
31239,0.11915835009014952
31240,0.029228722414406286
31241,0.013165679542903366
31242,0.25007031572509847
31243,0.3145464529930692
31244,0.1854436832328924
31245,0.0988792512378242
31246,0.00753109739740494
31247,0.11874431429910179
31248,0.011438705567126825
31249,0.11218976324905632
31250,0.1776446158649708
31251,0.027330390987012204
31252,0.04351656826731871
31253,0.0023632579762226597
31254,0.010646395277807976
31255,0.011227312083256936
31256,0.016358556938635714
31257,0.052068092843207577
31258,0.17794143382418523
31259,0.452483048953745
31260,0.18419770298424895
31261,0.144880309885459
31262,0.10776464842299924
31263,0.13521223183151337
31264,0.08633555641570524
31265,0.7177573664478748
31266,0.06769105487083116
31267,0.020983115968794475
31268,0.017963738784026895
31269,0.12523603339336287
31270,0.11945401848709389
31271,0.19545270496709108
31272,0.3767925174807623
31273,0.34577738924928736
31274,0.11199624999008377
31275,1.0
31276,0.1362302189770328
31277,0.008274691229406949
31278,0.09430793683475558
31279,0.21308299502279682
31280,0.010284992652390966
31281,0.06471522240289818
31282,0.5027983892424845
31283,0.05510111344085509
31284,0.008872871788130588
31285,0.05385525451757801
31286,0.023843218778186237
31287,0.0433971307288556
31288,0.2061659217353333
31289,0.18989538079902488
31290,0.21956014161075574
31291,0.18942860382633703
31292,0.09992442713379257
31293,0.10384463569264347
31294,0.2490019815398136
31295,0.0
31296,0.1802040236907935
31297,0.08069335087980932
31298,0.027662000464887038
31299,0.5483773446475014
31300,0.23056559074598051
31301,0.08292288516051538
31302,0.5940632631779711
31303,0.34203552118604186
31304,0.0899969542643622
31305,0.14046583065668394
31306,0.10272742754889695
31307,0.04724541586966639
31308,0.0
31309,0.000153373384607951
31310,0.0
31311,0.01482971296408596
31312,0.037756776307459425
31313,0.06893151267744368
31314,0.07362074843368259
31315,0.09743579971027297
31316,0.28525209075796254
31317,0.8149317071661938
31318,0.3075668173874859
31319,0.1945154319604219
31320,0.3513804061014808
31321,0.10602841177425236
31322,0.07658616713367915
31323,0.06837695643137082
31324,0.14584363502721182
31325,0.22595122087080347
31326,0.041547564919560256
31327,0.012071813858109915
31328,0.043911096104436824
31329,0.1458631393412649
31330,0.014404042203339417
31331,0.033005932772042244
31332,0.09481253111445422
31333,0.020817294656570087
31334,0.05218861239888611
31335,0.006681219254979452
31336,0.0
31337,0.0
31338,0.022221020597261578
31339,0.08344613910808181
31340,0.04112592678540476
31341,0.05004563476759588
31342,0.18970847145857925
31343,0.06061996105784624
31344,0.16882908496930787
31345,0.5155345812599816
31346,0.46376486272798323
31347,0.21405756165617051
31348,0.1878559911894865
31349,0.06001516491062275
31350,0.02256553735879104
31351,0.04123613394661976
31352,0.1510035414174006
31353,0.006384990657131206
31354,1.0
31355,0.030163156107548418
31356,0.017929952008040293
31357,0.09577443776829095
31358,0.05584580427265483
31359,0.057238029450771284
31360,0.02522242191656648
31361,0.04148190354572554
31362,0.018864383281085712
31363,0.06211411747435301
31364,0.058087971099093035
31365,0.5588724858338834
31366,0.30743127963762906
31367,0.17957522532168618
31368,1.0
31369,0.2199414238324529
31370,0.35302694405621465
31371,0.13505319033742205
31372,0.048197248513535504
31373,0.014759744151728526
31374,0.04868352585960393
31375,0.07485422742203333
31376,0.0
31377,0.05089038416551819
31378,0.35468365525803747
31379,0.14688219825783463
31380,0.2090650278644741
31381,0.01510423618907075
31382,0.08439511262654756
31383,0.13807601325297042
31384,0.11190745193497303
31385,0.1879871486970856
31386,0.05772953176172377
31387,0.009037968595481706
31388,0.0
31389,0.020632098630310486
31390,0.09965837729670374
31391,1.0
31392,0.23799095931294734
31393,0.7276267988901812
31394,0.23622031084131273
31395,0.22109283349811584
31396,0.15724328611059768
31397,0.07484132876959353
31398,0.22120717627624428
31399,0.0
31400,0.0
31401,0.013448144198391255
31402,0.03837623299685689
31403,0.027530861948736957
31404,0.16243779988475882
31405,0.14936135143855345
31406,0.14860302890707444
31407,0.2280977891003271
31408,0.008656253915354573
31409,0.11209148848603612
31410,0.20241862695434223
31411,0.021314884362182485
31412,0.05897534088768472
31413,0.18834359513889884
31414,0.010253757202847553
31415,0.0
31416,0.07095211827841828
31417,0.17344767661852692
31418,0.04196020704050817
31419,0.14935141823148335
31420,0.08027631843480158
31421,0.10413776013259221
31422,0.03545781853199125
31423,0.1510141285828135
31424,0.11174297158950487
31425,0.016720725316829315
31426,0.16946029353589426
31427,0.0
31428,0.122822443359968
31429,0.04440069313942055
31430,0.011741423897328964
31431,0.10023607002338851
31432,0.015358541204511801
31433,0.04030208240639507
31434,0.024605715166608436
31435,0.1563527670105186
31436,0.2935486266376093
31437,0.7783941452862331
31438,0.17092526187042342
31439,0.018003561580827502
31440,0.0
31441,0.056510224372509375
31442,0.06502608779574158
31443,0.15427989029649103
31444,0.0
31445,0.016210284430236675
31446,0.0
31447,0.03513586350403776
31448,0.022864312944162905
31449,0.001404339318424839
31450,0.000838112234154419
31451,0.09231862793618474
31452,0.07575624368744859
31453,0.3717999580551823
31454,0.018145934595766106
31455,0.0
31456,0.024473494631249943
31457,0.07435290295700724
31458,0.05438676798591784
31459,0.35096020195966054
31460,0.18041598985277824
31461,0.0016977833153225797
31462,0.1693838384891884
31463,0.08369011805809029
31464,0.0
31465,0.058636504633090246
31466,0.15724046579323012
31467,0.06094350893276473
31468,0.015524485920952786
31469,0.0
31470,0.22637694358108681
31471,0.04882067149947037
31472,0.006156361579491944
31473,0.0
31474,0.024579109135574134
31475,0.1447405078415355
31476,0.041987403374760306
31477,0.042170349774472614
31478,0.021531955484735285
31479,0.01838024725552132
31480,0.04322536337698311
31481,0.2426968928850522
31482,0.01616721259683101
31483,0.006389646240650571
31484,0.028400296495661413
31485,0.030382719468665782
31486,0.04917415583055449
31487,0.26377684030060455
31488,0.05205819872415703
31489,0.1715621367160343
31490,0.06121136818100597
31491,0.02971243238555764
31492,0.0032541234387396725
31493,0.11296667028089234
31494,0.07987027392622965
31495,0.024470659190753776
31496,0.22668526356631402
31497,0.0
31498,0.21353731886678168
31499,0.01602694924162635
31500,0.06006662380389736
31501,0.06445544890053605
31502,0.2542875905214804
31503,0.4715930131711691
31504,0.040987092352033384
31505,0.0741238849800321
31506,0.11829080868304939
31507,0.07434145746867771
31508,0.07467159950249581
31509,0.16292732051796086
31510,0.10093407706391688
31511,0.07804335630130711
31512,1.0
31513,0.0
31514,0.09471040661810733
31515,0.03162055557893868
31516,0.054804074481342356
31517,0.0843653836801275
31518,0.0052339965201291675
31519,0.022355315096627557
31520,0.07292436510128288
31521,0.3393969771755771
31522,0.05012745781831284
31523,0.19075818542332154
31524,0.04334104760883365
31525,0.05236408335199721
31526,0.01204188842164274
31527,0.03856615280514362
31528,0.026028667667902898
31529,0.03863335318234011
31530,0.043414844638782604
31531,0.051490042753674
31532,0.0
31533,0.07982672965697535
31534,0.006810554214714329
31535,0.09975693083217059
31536,0.010216690266395495
31537,0.047211968170699704
31538,0.010875506752239581
31539,0.0494035971468289
31540,0.10012848206903742
31541,0.10520317853598256
31542,0.0021671400644645003
31543,0.019717361563400752
31544,1.0
31545,0.03750097962069892
31546,0.13634826479724857
31547,0.08252815924156122
31548,0.024641786762658068
31549,0.019470309926527516
31550,0.036354806795339305
31551,0.0
31552,0.1993131732080584
31553,0.013164827832372154
31554,0.0
31555,0.0
31556,0.0
31557,0.003704440202697803
31558,0.06144151023478346
31559,0.11883921637094369
31560,0.025923894240497642
31561,0.07639005196710494
31562,0.023077472431834563
31563,0.0
31564,0.047405655861423146
31565,0.25165960716889274
31566,0.014059854062184029
31567,0.010810687520738342
31568,0.03155760088226543
31569,0.07352544520090101
31570,0.1874173892907718
31571,0.04886457065400918
31572,0.040462839609372823
31573,0.006088192011926852
31574,0.12411886750864291
31575,0.18327617051214434
31576,0.17273613759106968
31577,0.08873372018404783
31578,0.03076327072484995
31579,0.04840734914803617
31580,0.011437635491793281
31581,0.030610861343229375
31582,0.18765022172098064
31583,0.1895826314508177
31584,0.0
31585,0.017324221752250235
31586,0.00045618281919816185
31587,0.0
31588,0.009232750092202532
31589,0.010246948298578614
31590,0.002652240739430333
31591,0.040758147464143545
31592,0.04800715094790141
31593,0.07987224319992016
31594,0.12358565531849078
31595,0.0
31596,0.0
31597,0.22066491455293552
31598,0.0
31599,0.294767021079204
31600,0.023209475606602754
31601,0.0
31602,0.007359715787733568
31603,0.0
31604,0.0045780058182103445
31605,0.005813537734713135
31606,0.06832754904438748
31607,0.003719669656296566
31608,0.07315760919337705
31609,0.041729877745041645
31610,0.06060636486057986
31611,0.0
31612,0.05385086384931252
31613,0.009093524066721188
31614,0.02445307564569394
31615,0.10813104669547889
31616,0.010304943128300765
31617,0.01649997400664532
31618,0.0
31619,0.05121007982488315
31620,0.11540886296690081
31621,0.005646317584813137
31622,0.0
31623,0.40547525822992686
31624,0.05132824250382417
31625,0.06453670432758357
31626,0.09942249894312812
31627,0.04503390924042023
31628,0.023273994316527012
31629,0.0098514416210482
31630,0.15662019197665455
31631,0.01861503308911527
31632,0.14661612300141402
31633,0.0
31634,0.1416278584837742
31635,0.026477427426165132
31636,0.0007379997207722962
31637,0.03104390900630489
31638,0.0226016843626904
31639,0.005011316616919847
31640,0.0
31641,0.0
31642,0.0
31643,0.0
31644,0.0008942933148633467
31645,0.019756359749441454
31646,0.09191135778695325
31647,0.09522345479844674
31648,0.016245311555006987
31649,0.164621416128949
31650,0.0
31651,0.0
31652,0.03623780352797432
31653,0.05611904903449434
31654,0.0027520932853313416
31655,0.030780956278851784
31656,0.02616406613125678
31657,0.25207936299724254
31658,0.18161734007636726
31659,0.0
31660,0.1253543771647137
31661,0.0
31662,0.0
31663,0.0
31664,0.11754014439345256
31665,0.017823518147850735
31666,0.05483281206462909
31667,0.05451776706449172
31668,0.0
31669,0.011885900604635378
31670,0.0
31671,0.053957437350122865
31672,0.08886254480164596
31673,0.04481284482841401
31674,0.0
31675,0.37760547000175426
31676,0.13973644620021106
31677,0.1729245180003014
31678,0.17991963378440004
31679,0.1955798697047995
31680,0.0
31681,0.06442861100482548
31682,0.18460967662254507
31683,0.11860635649819257
31684,0.29026903959742284
31685,0.02226462078920006
31686,0.011218159067648763
31687,0.0004755548086593218
31688,0.013457746475276993
31689,0.17893406068191747
31690,0.0
31691,0.21225747238614112
31692,0.832618597763829
31693,0.17654350834824217
31694,0.01172899326378535
31695,0.03936990759585338
31696,0.2652232225087269
31697,0.10226969573713596
31698,0.0251670407538728
31699,0.07155589654857883
31700,0.033558842627251305
31701,0.11107486161920097
31702,0.3582048238865661
31703,0.5091806588210344
31704,0.5189594058749387
31705,0.004853307746660192
31706,0.084605601313068
31707,0.10002385029346887
31708,0.24291030641405045
31709,0.041390704493169006
31710,0.04391119176668773
31711,0.08368495801641274
31712,0.09994257458993151
31713,0.3246462252745563
31714,0.2281675748732508
31715,0.22811347972611076
31716,0.6154525333356997
31717,0.2340006620108451
31718,0.0030934507913883275
31719,0.556540061678296
31720,0.02320115426651441
31721,0.06702091849754613
31722,0.3475496665656009
31723,0.09635531236474947
31724,0.04604348599207553
31725,0.023988574508077475
31726,0.0644690931545555
31727,0.0
31728,0.13366401665622532
31729,0.23337453023192592
31730,0.13607753730020974
31731,0.0
31732,0.07125395799308287
31733,0.08578053966432309
31734,0.353677529444173
31735,0.09393875979690468
31736,0.0
31737,0.011912977100443421
31738,0.11058606146501179
31739,0.10560276544771097
31740,0.19103436429329326
31741,0.02573854001909255
31742,0.03476141283023702
31743,0.08031533861417822
31744,0.0
31745,0.21903453071180123
31746,0.1438936710155818
31747,0.31328437153169153
31748,0.0
31749,0.046036942876364305
31750,0.05199206588619764
31751,0.0
31752,0.0
31753,0.6002993088162568
31754,0.1312756763667736
31755,0.06253855389276355
31756,0.3388096322544575
31757,0.46444181175678534
31758,0.0
31759,0.08621390991788558
31760,0.09978409292486853
31761,0.006164461449683205
31762,0.02819201283985529
31763,0.04280022152437257
31764,0.03470474020314321
31765,0.07873489626089249
31766,0.08405474466488005
31767,0.3419395157220571
31768,0.5398341227244527
31769,0.0
31770,0.031065910953406165
31771,0.0
31772,0.04506597995296161
31773,0.04004379815049944
31774,0.05344333361272887
31775,0.3300828396529337
31776,0.0412487079653548
31777,0.024315458225296356
31778,0.0
31779,0.09462322749594665
31780,0.0
31781,0.17794847873213285
31782,0.7195501713962704
31783,0.17201580497403698
31784,0.0
31785,0.04148308031899935
31786,0.1030471778726178
31787,0.06463355376750848
31788,0.02149438490846003
31789,0.17943210830724274
31790,0.17835230720413975
31791,0.09994454986365806
31792,0.07067455407105966
31793,0.08190034423842073
31794,0.0
31795,0.03754749216648912
31796,0.026633630473525776
31797,0.027309592887336635
31798,0.013064145605341727
31799,0.16405831409620997
31800,0.06798459751751626
31801,0.05651041870579398
31802,0.0
31803,0.02331029878603252
31804,0.00047170504595700903
31805,0.018024733734090175
31806,0.0
31807,0.03470297820857291
31808,0.053580853026790116
31809,0.022418831374499612
31810,0.005074313188327757
31811,0.03069264089999385
31812,0.6163975863052819
31813,0.30788803593957176
31814,0.044165949130381105
31815,0.03989150359701181
31816,0.0023615579756047595
31817,0.11270133905418481
31818,0.08324624882825563
31819,0.045407428144698
31820,0.04629196026685247
31821,0.022636728736487685
31822,0.03916576213700459
31823,0.16908792417370866
31824,0.03062751802966606
31825,0.017493560002672822
31826,0.0460702686233668
31827,0.10644062378447906
31828,0.0996133658751685
31829,0.17402307927623348
31830,0.17464415088206833
31831,0.17816883628844293
31832,0.049299920288017995
31833,0.03926952444619377
31834,0.02375774113267242
31835,0.041689591361672905
31836,0.03642491099499593
31837,0.24417621271298007
31838,0.07988034178594587
31839,0.34065675561339154
31840,0.09524246702151447
31841,0.04092845694801617
31842,0.08207574360599226
31843,0.006874445511390272
31844,0.009074964642591348
31845,0.0
31846,0.009161130519671653
31847,0.0758763652497573
31848,0.024553567597230923
31849,0.04612447868433223
31850,0.10757668908521098
31851,0.04079119450983335
31852,0.05120804843533194
31853,0.04109825517963689
31854,0.08888181893121738
31855,0.19285012598947038
31856,0.21934274889895203
31857,0.11052321436678253
31858,0.01767926590826942
31859,0.07385095960428707
31860,0.013691991741967294
31861,0.059519093487377384
31862,0.06060665914558548
31863,0.07608493716877118
31864,0.10019920620101694
31865,0.03177261366640336
31866,0.1547908599641415
31867,0.03141852103545552
31868,0.06049186185108866
31869,0.024299265665525396
31870,0.0
31871,0.23122218088743757
31872,0.0
31873,0.022152665816727975
31874,0.07890374526592625
31875,0.00478267967809572
31876,0.0
31877,0.003265673344381518
31878,0.017163760207007432
31879,0.013228161760192076
31880,0.10119347971055247
31881,0.03586489142354964
31882,0.13440456272676535
31883,0.08667248858709212
31884,0.22288989972192325
31885,0.17718267711604652
31886,0.18744203426467942
31887,0.0
31888,0.09769628105638438
31889,0.0
31890,0.039277415729920544
31891,0.05698398687230099
31892,0.040960402700692955
31893,0.0
31894,0.05993053860019126
31895,0.04454683575153592
31896,0.0
31897,0.04945321769144284
31898,0.05049594826220521
31899,0.024000698814067925
31900,0.006107650543350083
31901,0.0
31902,0.0
31903,0.009663168353476985
31904,0.0
31905,0.12447837678774709
31906,0.004591954319991223
31907,0.04623741601334064
31908,0.19593976410447767
31909,0.04316069587208358
31910,0.13270558313575856
31911,0.45694107137501416
31912,0.08807383459199251
31913,0.12668761883058294
31914,0.04693104273829118
31915,0.08359995220067494
31916,0.06515940029177658
31917,0.10399516883111053
31918,0.05989966793998205
31919,0.024872016096542684
31920,0.3542771481408608
31921,0.09574984457846403
31922,0.04904828999607427
31923,0.08090417960880528
31924,0.04461997323063254
31925,0.028498799437681716
31926,0.0
31927,0.02413101043819501
31928,0.04877311794181511
31929,0.3837098265681701
31930,0.06023584138175329
31931,0.05945472708818044
31932,0.0936168467080763
31933,0.7237885109156651
31934,0.08334140229509866
31935,0.008226963887772623
31936,0.04470151570556533
31937,0.04446132119986596
31938,0.13233676216776397
31939,0.3102622087146768
31940,0.05208464935777097
31941,0.026216661846396844
31942,0.04482491430685155
31943,0.1224550032720432
31944,0.11185253901089949
31945,0.17051295721238488
31946,0.020422078296863534
31947,0.12483234863534004
31948,0.0662085789572163
31949,0.010334937419251601
31950,0.054045984114910774
31951,0.0
31952,0.03876801451235043
31953,0.008415982811637938
31954,0.10239335542849713
31955,0.06416680952806707
31956,0.0
31957,0.05992409506939051
31958,0.15028750131844973
31959,0.20320841906078918
31960,0.12081031544965168
31961,0.02120526436915147
31962,0.11814964863984063
31963,0.1948515385159339
31964,0.19649242385064453
31965,0.05526274657087325
31966,0.036317409469833264
31967,0.0
31968,0.07478497904108371
31969,0.4363077311822577
31970,0.05619067365988055
31971,0.16428478484004205
31972,0.34230113606694623
31973,0.1867002528907498
31974,0.012434077268297343
31975,0.0009017794550813062
31976,0.0
31977,0.024284457513900373
31978,0.06546597876952907
31979,0.2584940596944541
31980,0.20813782853074836
31981,0.08735413536207405
31982,0.11920256058203704
31983,0.0515254040887019
31984,0.18008477004753298
31985,0.13075024958807577
31986,0.19101289637279173
31987,0.2517964767440344
31988,0.10024900612726617
31989,0.05403449421906948
31990,0.09870726674274602
31991,0.05196550717570324
31992,0.23440186467927335
31993,1.0
31994,0.0
31995,0.004883706894518684
31996,0.3426846262769144
31997,0.003421339357933677
31998,0.05742314284058764
31999,0.23391414406919178
32000,0.0
32001,0.013092144574235695
32002,0.035677861210593485
32003,0.06568319502437593
32004,0.007311220393290722
32005,0.05840750553202645
32006,0.0
32007,0.5572823678648132
32008,0.049751969129371215
32009,0.06484720912075236
32010,0.30152417900018463
32011,0.1356290516875349
32012,0.2316039748858959
32013,0.3231999538636805
32014,0.3557561196949192
32015,0.1735303816487067
32016,0.07268561542691399
32017,0.08330583461987462
32018,0.993243403790971
32019,0.34425836873054405
32020,0.39384441234187645
32021,0.0
32022,0.022582957305503
32023,0.05306356962036157
32024,0.0
32025,0.0978971460523022
32026,0.016727682906916286
32027,0.006002718691763324
32028,0.032117899665636454
32029,0.006633242066103596
32030,0.031796660565151326
32031,0.05997914323264773
32032,0.0939587058873447
32033,0.09479822281346317
32034,0.07146201382173883
32035,0.1113150084386332
32036,0.18609473963442263
32037,0.17815074703939585
32038,0.0853543021465315
32039,0.2548615481276816
32040,0.0
32041,0.02650734039426024
32042,1.0
32043,0.943660808595767
32044,0.8155559822274404
32045,0.0
32046,0.013840678440263762
32047,0.19354092641726656
32048,0.3633727397116629
32049,0.046482414509134096
32050,0.02461840852648472
32051,0.02696194809220221
32052,0.015120040733050883
32053,0.031596718958600355
32054,0.06550125713122598
32055,0.012784431119197146
32056,0.34005187942048765
32057,0.005578885326213323
32058,0.02087276074183414
32059,0.0441418593499758
32060,0.08275506083296187
32061,0.04901865066341114
32062,0.035034796593651794
32063,0.25653796343567503
32064,0.16629560376550745
32065,0.0
32066,0.19312563416440928
32067,0.17211723595764006
32068,0.14974428013582494
32069,1.0
32070,0.7668682219300376
32071,0.7962230105399178
32072,0.07215425025191798
32073,0.025014306022578373
32074,0.000945229457296504
32075,0.4519265198380221
32076,0.11131466566707389
32077,0.19428581274294635
32078,0.06130346810986273
32079,0.14462739097115937
32080,0.007289080844240726
32081,0.14898313416860823
32082,0.08909545564442918
32083,0.11242822151916869
32084,0.1593599167937315
32085,0.3525781611747634
32086,0.5127171631339693
32087,0.1787079504979345
32088,0.0936027303402267
32089,0.04808884747462058
32090,0.041335439069387796
32091,0.08399470233617284
32092,0.03765485992822176
32093,0.016154207291650034
32094,0.17871105749060043
32095,0.19507925117943894
32096,0.04460786364553024
32097,0.1450033092428324
32098,0.0
32099,0.9447956942523417
32100,0.9945875576767493
32101,1.0
32102,0.15360488888083582
32103,0.049589902966453527
32104,0.1877177278902299
32105,0.490830943394329
32106,0.018670694593067555
32107,0.012739291083807572
32108,0.017220222831149955
32109,0.006784802829134415
32110,0.06408637226839028
32111,0.03659049326977819
32112,0.19902221884536883
32113,1.0
32114,0.05764675668945121
32115,0.07966507135485376
32116,0.04359864593468942
32117,0.12302272263712291
32118,0.051302442408220676
32119,0.07013716076195418
32120,0.30278049538992535
32121,0.024964862750762064
32122,0.11257452442542973
32123,0.1361854424924766
32124,0.1646255677986226
32125,0.043949842161951004
32126,0.032172279176868095
32127,0.3238194132567085
32128,0.34267471810262906
32129,0.07273629790791616
32130,0.11175659781685862
32131,0.0
32132,0.07679182531314124
32133,0.0
32134,0.0796268504927592
32135,0.18246327095416578
32136,0.034884175605266105
32137,0.015935718564358933
32138,0.011433512626897674
32139,0.008819049402459825
32140,0.021289140712602676
32141,0.04891045638478979
32142,0.04094372893830035
32143,0.15687975771101303
32144,0.46381370995306426
32145,0.18304508241305173
32146,0.13637905804050487
32147,0.09999012186245752
32148,0.15132139738167183
32149,0.0904974079345659
32150,0.6170984743988797
32151,0.05969910002662386
32152,0.0088194058687513
32153,0.006911536503778899
32154,0.027822223570925255
32155,0.12358061928561591
32156,0.17917613499406557
32157,0.20940116964733763
32158,0.432629582310907
32159,0.32874178232754564
32160,0.10896949045891921
32161,1.0
32162,0.14189182080238713
32163,0.004931225080868664
32164,0.06119288813756295
32165,0.11991507042025015
32166,0.013230795512959052
32167,0.06443797060530253
32168,0.5348866810052334
32169,0.03788387380512846
32170,0.03495573481078616
32171,0.02793469667343239
32172,0.030820857438161254
32173,0.07166518648828886
32174,0.26776552671264586
32175,0.21990646439558278
32176,0.24529197162531066
32177,0.23477341964123527
32178,0.13383849959684954
32179,0.11939289722945838
32180,0.23322110286394937
32181,0.0
32182,0.13725734681370974
32183,0.041462740874732264
32184,0.05209308720141025
32185,0.5448175073020366
32186,0.21594339280184985
32187,0.06951024258124969
32188,0.42383319509753714
32189,0.30736752391468475
32190,0.1482739405242337
32191,0.14537005354155103
32192,0.16326054954390434
32193,0.03665850911494039
32194,0.0
32195,0.016339994918992275
32196,0.042010323018325066
32197,0.058804089196593856
32198,0.06265060595612235
32199,0.09366430478176327
32200,0.24523640601776892
32201,0.7453993740828656
32202,0.19305800263891326
32203,0.21209461110128383
32204,0.34412679519842493
32205,0.10033724167147696
32206,0.07997094657212406
32207,0.06914605238252551
32208,0.18996209854338056
32209,0.22179948856942308
32210,0.06879552873792287
32211,0.0
32212,0.060103201423469046
32213,0.14431951876777674
32214,0.0
32215,0.01935772893595086
32216,0.06906202604280048
32217,0.010073575040041966
32218,0.0
32219,0.014025887561518029
32220,0.03628967542423307
32221,0.06772722153853487
32222,0.03417918437047952
32223,0.052785484611703834
32224,0.22453813261549038
32225,0.06441689493638748
32226,0.14112884061448197
32227,0.5303687434180657
32228,0.547517857004046
32229,0.20098009604079084
32230,0.17902765005497062
32231,0.0
32232,0.04746669983682701
32233,0.031159400204366004
32234,0.015261216863749413
32235,0.123577397587532
32236,0.0
32237,0.017094330913092638
32238,1.0
32239,0.0730234560831772
32240,0.0063234694416360385
32241,0.0867861916788619
32242,0.06582478328400794
32243,0.15472984338285145
32244,0.04045555600039646
32245,0.05466837155044398
32246,0.004787505672740387
32247,0.005672061098901126
32248,0.04312562523926067
32249,0.06185948591439067
32250,0.11351556234862213
32251,0.5589533773551458
32252,0.307857379417845
32253,0.18436692705788468
32254,1.0
32255,0.22493304311762224
32256,0.3317312300473154
32257,0.12429658316450998
32258,0.04926039710917808
32259,0.07769244023359086
32260,0.05147012363235721
32261,0.04060075791136354
32262,0.037628194155676045
32263,0.05386392991549356
32264,0.04504624181060352
32265,0.28261929276669756
32266,0.1471938950558412
32267,0.2414201645188778
32268,0.02850810174253806
32269,0.09002663404359952
32270,0.13199972137818822
32271,0.21812360549987406
32272,0.20083025046246913
32273,0.062302385504613096
32274,0.025568368972829433
32275,0.0005163163458138017
32276,0.1210068850855389
32277,1.0
32278,0.20413896414983565
32279,0.8478470770279499
32280,0.19774979259742156
32281,0.2287552852140281
32282,0.1863603049335457
32283,0.18896633348714958
32284,0.08824394697523821
32285,0.004794943222626765
32286,0.0
32287,0.019192910422663922
32288,0.0
32289,0.16382235362631584
32290,0.11802468210354923
32291,0.1493385384662165
32292,0.2367204490688595
32293,0.026667684852179418
32294,0.0903948138143902
32295,0.27491224607913234
32296,0.041442266228188106
32297,0.0
32298,0.0
32299,0.0
32300,0.07582790347936828
32301,0.22153287980447878
32302,0.009201378579715846
32303,0.046720279531139323
32304,0.12413354728553616
32305,0.0448980429858401
32306,0.11784454312681815
32307,0.0990043189447088
32308,0.06135534091578841
32309,0.04429768359327112
32310,0.1510475005715957
32311,0.08918290634441763
32312,0.05213743395794876
32313,0.007533642854782255
32314,0.03941218930179758
32315,0.011192712353546483
32316,0.09663551615085748
32317,0.056069232963126076
32318,0.014984951874934264
32319,0.1339861560553167
32320,0.027916823657132217
32321,0.04558976037390817
32322,0.0017295358521037109
32323,0.024020177943891146
32324,0.16397452519479636
32325,0.2974774693620625
32326,0.7646833732769757
32327,0.20347084690908165
32328,0.03790209226692507
32329,0.0
32330,0.06324859185319906
32331,0.0
32332,0.08061466617999907
32333,0.06789792332746197
32334,0.026395631238753315
32335,0.1264204944188419
32336,0.0
32337,0.04501907932359479
32338,0.0
32339,0.014056350661576658
32340,0.05984080017240967
32341,0.05653008343089326
32342,0.35823700889399557
32343,0.0015279616615324271
32344,0.0
32345,0.013423546170978358
32346,0.06898983886147317
32347,0.06861471670366008
32348,0.4627647706996147
32349,0.16585759856376459
32350,0.004893476341043905
32351,0.21170949514661347
32352,0.047725572058596726
32353,0.06088692355935619
32354,0.2025632065074808
32355,0.059947972042521884
32356,0.0
32357,0.016971349423822606
32358,0.0
32359,0.19874227596151642
32360,0.11276493406751348
32361,0.004628843815390618
32362,0.0
32363,0.02323486269717605
32364,0.11262991732473702
32365,0.027362961563831122
32366,0.058309549715989964
32367,0.020323868538856555
32368,0.024354562255214963
32369,0.027618036595975937
32370,0.20528667376808465
32371,0.021512876158703183
32372,0.006553472818365235
32373,0.010042258279467765
32374,0.024372863313950784
32375,0.04840857938970008
32376,0.24072772547567403
32377,0.09481227649340376
32378,0.19312734487531563
32379,0.11404225846014342
32380,0.011173584475805565
32381,0.0
32382,0.02783891466649017
32383,0.0804559950746054
32384,0.01858187530996466
32385,0.22836804126385288
32386,0.0
32387,0.14540497680545192
32388,0.008866206819521688
32389,0.08423035850500747
32390,0.04711611401575404
32391,0.009158604892481591
32392,0.24141583852423829
32393,0.4549492559723167
32394,0.16654193837391115
32395,0.08849623372639595
32396,0.09553046050147555
32397,0.02360102576660222
32398,0.08412186972115283
32399,0.15525609266025425
32400,0.10194080312348473
32401,0.059376519501977996
32402,1.0
32403,0.0
32404,0.083876206580734
32405,0.013429891722904557
32406,0.12431985307784164
32407,0.05038487287426508
32408,4.387134368551943e-05
32409,0.16436004808820068
32410,0.36100628208061464
32411,0.037044225110745024
32412,0.17502533473714432
32413,0.04189981525394051
32414,0.04391991253741001
32415,0.016265493263523473
32416,0.0650588764819336
32417,0.036866648412427615
32418,0.0
32419,0.05208555580054862
32420,0.05812667885834304
32421,0.06330329505150692
32422,0.0013948785305208772
32423,0.003489528980441495
32424,0.05482867659133098
32425,0.15585144008027793
32426,0.0
32427,0.05098297181382381
32428,0.008127706627272267
32429,0.03556952167661393
32430,0.06714613359958839
32431,0.1189937399627485
32432,0.009268858507921628
32433,0.011314253632433172
32434,0.05260125102341669
32435,1.0
32436,0.024447172093770373
32437,0.13459565612845872
32438,0.07949278379017313
32439,0.045034258558489824
32440,0.03171259633245081
32441,0.05985759415757073
32442,0.0
32443,0.0
32444,0.2055167360856988
32445,0.0009496809950348364
32446,0.023088412148790552
32447,0.193309005090392
32448,0.01594885173238667
32449,0.14702548842431643
32450,0.0
32451,0.004345119761654081
32452,0.04000526157409164
32453,0.19112776391427014
32454,0.0
32455,0.01997933106617094
32456,0.06250217930505975
32457,0.032806313119994615
32458,0.0
32459,0.0309617636216493
32460,0.1672743857156965
32461,0.02831862535647549
32462,0.0
32463,0.1323802430316332
32464,0.10664323466782336
32465,0.1315400373772087
32466,0.08363916947643452
32467,0.05197757172687687
32468,0.030739947063000168
32469,0.04784320577085213
32470,0.0017255793721780357
32471,0.020731580736892484
32472,0.18390352958263056
32473,0.18826489181900474
32474,0.049271138674672234
32475,0.0009010692967808417
32476,0.0
32477,0.03952666026795248
32478,0.0
32479,0.018010226212561296
32480,0.061294102988353
32481,0.07890549005185711
32482,0.05519169591792386
32483,0.0
32484,0.13250668040531854
32485,0.0
32486,0.19834836572120115
32487,0.0
32488,0.040404928824865224
32489,0.0013790083157539216
32490,0.02279870257789916
32491,0.0
32492,0.007641070097854511
32493,0.0106062098767604
32494,0.0
32495,0.004570124995734626
32496,0.05053623015577837
32497,0.0
32498,0.05211982448442576
32499,0.04590436822966136
32500,0.0
32501,0.029832152271523357
32502,0.006290895356230945
32503,0.0
32504,0.13350744823304145
32505,0.0
32506,0.006622460984069348
32507,0.024787519404635434
32508,0.01779183231736217
32509,0.07600322842912959
32510,0.0
32511,0.0
32512,0.0
32513,0.3828613262437477
32514,0.0959983977797919
32515,0.10089865154691355
32516,0.06584197148115967
32517,0.0
32518,0.05783571119875234
32519,0.02393235434715151
32520,0.003201400993205886
32521,0.14975776616059613
32522,0.009822412449217607
32523,0.14714157386030435
32524,0.17854225942276236
32525,0.035472122476723086
32526,0.006614424211136524
32527,0.007821246788248694
32528,0.03848431746620762
32529,0.004608121681650109
32530,0.0
32531,0.0
32532,0.009057791192315758
32533,0.002096688221699536
32534,0.0
32535,0.031790832806857273
32536,0.0
32537,0.011276100016141263
32538,0.0006658375927260043
32539,0.11311663549620403
32540,0.05507967546193465
32541,0.0
32542,0.23446876474385556
32543,0.024428047060390517
32544,0.003713230412725038
32545,0.036868283476885616
32546,0.044584773842109626
32547,0.0004881586131664811
32548,0.01514683364843213
32549,0.06828924505658293
32550,0.007482280521928511
32551,0.01004557962444519
32552,0.017780419690490157
32553,0.2946756550901859
32554,0.20140641947174437
32555,0.14196546859749554
32556,0.0
32557,0.0067224418874778005
32558,0.0
32559,0.0
32560,0.0
32561,0.044841172975871264
32562,0.0361172843463328
32563,0.0
32564,0.0
32565,0.0
32566,0.06254118512772434
32567,0.0
32568,0.0
32569,0.02225097061166013
32570,0.13521095010444048
32571,0.09942892340593827
32572,0.03547583176286127
32573,0.005621809766423801
32574,0.3681089336294616
32575,0.05023869017080321
32576,0.1467887143385775
32577,0.0027904322085313734
32578,0.18160909170868117
32579,0.22370150524742463
32580,0.018554140038430516
32581,0.03443249386085578
32582,0.1445997500538277
32583,0.1627988279703141
32584,0.27444705473767095
32585,0.07224267892280604
32586,0.17441049676717837
32587,0.19447763520161093
32588,0.08552841337274267
32589,0.8236839360358246
32590,0.16550693405211778
32591,0.08346502961561501
32592,0.062464393194242684
32593,0.29920703118064773
32594,0.12086488722173035
32595,0.0
32596,0.05021837440614802
32597,0.0
32598,0.04005539177948528
32599,0.11769467645242503
32600,0.3520620844984031
32601,0.8206606383749574
32602,0.5538758395859439
32603,0.014334456245258254
32604,0.1170038030646926
32605,0.10592984823853702
32606,0.3042780080831486
32607,0.11815693793505165
32608,0.038186471311061294
32609,0.09683940247993336
32610,0.14192548399077112
32611,0.0038089929518857566
32612,0.33493320980889507
32613,0.1827955356724435
32614,0.29353700153741125
32615,0.569738961768888
32616,0.09839227735075114
32617,0.0
32618,0.5668225302982649
32619,0.08849369834713669
32620,0.35523527618290923
32621,0.13430677387122572
32622,0.05176264701342564
32623,0.008042387896175172
32624,0.14947095625620407
32625,0.08774646708188807
32626,0.19210257226420224
32627,0.17500706967486182
32628,0.06419701137218549
32629,0.015749228685099197
32630,0.06744406320299633
32631,0.22747002262264335
32632,0.09476771056838947
32633,0.0
32634,0.07486344763078273
32635,0.10342606202734422
32636,0.16377009675744933
32637,0.021430700397508246
32638,0.08614373558787292
32639,0.0
32640,0.020566980793970027
32641,0.07956336272350714
32642,0.24176509975874846
32643,0.07739171503592103
32644,0.23153750364512796
32645,0.03521326412434288
32646,0.053419162920580396
32647,0.014425587203930763
32648,0.0
32649,0.33915868707506924
32650,0.13840188418892016
32651,0.1041627818930474
32652,0.3193792000879864
32653,0.6104447854675801
32654,0.1001430806072381
32655,0.08041396202163512
32656,0.010704608842324388
32657,0.0
32658,0.05892259125258402
32659,0.10339685966365236
32660,0.04031583559514623
32661,0.25625173051869476
32662,0.41146295685489215
32663,0.0
32664,0.06897998359957187
32665,0.03760287876636359
32666,0.01892725974345522
32667,0.051875182444282825
32668,0.2748589413694602
32669,0.013868682040537742
32670,0.0494239319755326
32671,0.0
32672,0.0
32673,0.014987133735145356
32674,0.0
32675,0.08562688680146335
32676,0.3598763512838118
32677,0.7011796381651173
32678,0.18331596834218175
32679,0.0
32680,0.07463378719593415
32681,0.09478930220397758
32682,0.06453692001001811
32683,0.1685289920019843
32684,0.19472252411326663
32685,0.09543121845467092
32686,0.10350053292337882
32687,0.0693949750446129
32688,0.03044655895069798
32689,0.02613712607974132
32690,0.01288629713051155
32691,0.13656484350194406
32692,0.04509213374723121
32693,0.06833057772711242
32694,0.014043813506118634
32695,0.01959560285799709
32696,0.04270577793665731
32697,0.01851791529401848
32698,0.01338596411057866
32699,0.020391011253876153
32700,0.06190766697569062
32701,0.02551133608900728
32702,0.026772720402360776
32703,0.5582088235673881
32704,0.3103573404259191
32705,0.028033282107839074
32706,0.015717267138049964
32707,0.14231123013675295
32708,0.05647902233403599
32709,0.024992379049164154
32710,0.024549132069690952
32711,0.0
32712,0.009946828794889794
32713,0.18584497543391132
32714,0.027289653088988123
32715,0.009310982697848986
32716,0.04842254572282825
32717,0.07250437222155913
32718,0.05707146102817981
32719,0.18859779934365964
32720,0.1711243978392863
32721,0.1607196261983216
32722,0.03116712603138567
32723,0.021422894864789363
32724,0.02689290775868463
32725,0.05039323588765017
32726,0.04472552623623017
32727,0.20933632985906758
32728,0.08032902694047514
32729,0.48613478788963715
32730,0.11880539155918518
32731,0.0
32732,0.12233353863040043
32733,0.041815174479355455
32734,0.07103815418816611
32735,0.014163067396117222
32736,0.0
32737,0.0569515092576764
32738,0.0317843892511946
32739,0.03956029073097462
32740,0.07626636792861023
32741,0.056484581145244885
32742,0.04950364800916231
32743,0.044520793714845075
32744,0.11359727885622743
32745,0.18755863195922168
32746,0.23320737790782853
32747,0.07145113738612864
32748,0.026752970787580405
32749,0.09171731223820336
32750,0.008399266465118205
32751,0.047056554884992406
32752,0.02729457928227225
32753,0.0
32754,0.08592810036069227
32755,0.04806368184724859
32756,0.13606355283130273
32757,0.029986571827573884
32758,0.1085603727367285
32759,0.06460737969794468
32760,0.07990079648916439
32761,0.027734775260527752
32762,0.012769099097881247
32763,0.1786277955267149
32764,0.12042154489759249
32765,0.03754273948778308
32766,0.0012334670064714608
32767,0.02113049776409062
32768,0.014838930573219292
32769,0.08435228714258637
32770,0.07286982567157141
32771,0.146408127295399
32772,0.10301611809132884
32773,0.22027556703538706
32774,0.17749265933646094
32775,0.19082579804017435
32776,0.0
32777,0.09604575714915045
32778,0.0516698821314197
32779,0.08240967767970338
32780,0.111099454896958
32781,0.10517872738113905
32782,0.03185479681899146
32783,0.0
32784,0.04440453823809664
32785,0.06168069543145276
32786,0.05674779688434889
32787,0.0
32788,0.0
32789,0.14600520081746976
32790,0.005572309439393854
32791,0.06321194366955452
32792,0.21992543126703787
32793,0.05485738915108345
32794,0.12226394384013847
32795,0.46027379713991534
32796,0.09346103485433051
32797,0.043597665341727126
32798,0.07289173532847691
32799,0.09026377706692758
32800,0.03211183813485713
32801,0.10147209437879502
32802,0.02923709115063574
32803,0.007719873018569732
32804,0.01531148390240431
32805,0.23472059924823754
32806,0.11511698234386214
32807,0.04355709573541122
32808,0.05827749304106148
32809,0.05686638893925264
32810,0.053773785741910426
32811,0.0028289141076013637
32812,0.02116741321470947
32813,0.04907415042643759
32814,0.5137054658914899
32815,0.04526861974143846
32816,0.04497138641750118
32817,0.07967951197752632
32818,0.8178890234255892
32819,0.04327096144664259
32820,0.008957123778254581
32821,0.0372213571867029
32822,0.0563810364718789
32823,0.10888933264730978
32824,0.35993224065382273
32825,0.054612668489869905
32826,0.011423058654843908
32827,0.07776681830942532
32828,0.17107872473555635
32829,0.09895273860245757
32830,0.19026300656300013
32831,0.0
32832,0.1761616776735077
32833,0.0960595827041793
32834,0.0
32835,0.058891027829789964
32836,0.017937302377846437
32837,0.13510804161672538
32838,0.04600442018966694
32839,0.006132207278022518
32840,0.11544167203117651
32841,0.1216386677398166
32842,0.20533829532673079
32843,0.09825273790975202
32844,0.022090528878959903
32845,0.08529949040512098
32846,0.151317487711946
32847,0.17845187168747467
32848,0.044881110617464214
32849,0.012882335618955987
32850,0.05483000861302015
32851,0.005483847742701491
32852,0.1355765223130419
32853,0.5444357306051453
32854,0.012586671430730136
32855,0.16263748810734174
32856,0.35021415662433975
32857,0.17863441218092582
32858,0.03155002607270973
32859,0.0
32860,0.0005995470968013776
32861,0.0393923813264123
32862,0.05447434074748909
32863,0.22101012928621824
32864,0.23434303344450383
32865,0.04794073688963363
32866,0.06425070894240699
32867,0.12177056199142132
32868,0.13340179392627347
32869,0.11211262381199305
32870,0.13496748113093962
32871,0.25396666590117845
32872,0.09602376271984316
32873,0.03089305835726504
32874,0.09871149460642177
32875,0.08333921692255336
32876,0.25285493831818484
32877,0.9522265894641916
32878,0.05689942444010584
32879,0.3367270920664404
32880,0.0
32881,0.03990822228753063
32882,0.24659469410596924
32883,0.01808944130825717
32884,0.03958234025909223
32885,0.09461193542842451
32886,0.0032477748375841645
32887,0.042286499400735006
32888,0.5145041518051592
32889,0.024430032256117794
32890,0.06868558096548309
32891,0.2545451780138794
32892,0.09418679617671111
32893,0.1978827296096461
32894,0.32348575586136213
32895,0.2941695031779317
32896,0.0
32897,0.2024690275396121
32898,0.05379217291371519
32899,0.15452331507732547
32900,0.9837502639691867
32901,0.416964069646166
32902,0.5269247196565683
32903,0.03209739210764101
32904,0.18669759839912672
32905,0.0475802656629841
32906,0.018905121972503488
32907,0.012013468231124083
32908,0.0
32909,0.0038955018521725387
32910,0.047525640102877534
32911,0.0
32912,0.04080624863542304
32913,0.06709778247566654
32914,0.06700292493364297
32915,0.04359536053067649
32916,0.10796450660974032
32917,0.10592210972371062
32918,0.18403838947840304
32919,0.17146508744124292
32920,0.03155878578568382
32921,0.07575938899859117
32922,0.20785530995592935
32923,0.024451478089593918
32924,0.0649332814233772
32925,1.0
32926,0.9678108153741408
32927,0.7217716802457396
32928,0.0
32929,0.014174629440001144
32930,0.15025395567829536
32931,0.34754463275978414
32932,0.1041571530686169
32933,0.05975625533548196
32934,0.041676464973856756
32935,0.03762876904663923
32936,0.041082088980688006
32937,0.00915490675810826
32938,0.35139157660312464
32939,0.0
32940,0.031250705331847574
32941,0.074218798993912
32942,0.07132228275300352
32943,0.030601213286629212
32944,0.05489542138646423
32945,0.22148643059012557
32946,0.13789240228775806
32947,0.006288279001197681
32948,0.11876373069185434
32949,0.11227495854570037
32950,0.09610347597525838
32951,1.0
32952,0.8741573547286361
32953,0.795687747508003
32954,0.0
32955,0.0012708572873005029
32956,0.05436642373109015
32957,0.02391137554093731
32958,0.46297634105307617
32959,0.08057466836610762
32960,0.18950113718981323
32961,0.025485796121505876
32962,0.13417547540856745
32963,0.01247270321273703
32964,0.16507307186202833
32965,0.06523697705588714
32966,0.17181415458552335
32967,0.1823462382450263
32968,0.36275112782701446
32969,0.6077578714515672
32970,0.056450229918094084
32971,0.10330001047766639
32972,0.0659322802056383
32973,0.05251630235981485
32974,0.07267896006895047
32975,0.044219106364629036
32976,0.020353773101326144
32977,0.09645910250081025
32978,0.15802302345505218
32979,0.04394219728984901
32980,0.18576260604438527
32981,0.0
32982,1.0
32983,0.9905585668332576
32984,0.9992325204726107
32985,0.0617509545071162
32986,0.040947492161636075
32987,0.11876106549571161
32988,0.4924748147630633
32989,0.0319994287558788
32990,0.012069618738823732
32991,0.0
32992,0.022592645726766846
32993,0.06582238520142235
32994,0.03878385307714514
32995,0.22277089668042893
32996,1.0
32997,0.02527999958044958
32998,0.09655975088898296
32999,0.056346815786277614
33000,0.08702470457497939
33001,0.0566656183041613
33002,0.06614551382429812
33003,0.2053045547906367
33004,0.135882548197404
33005,0.09525527198129213
33006,0.14652635278818535
33007,0.05997634780438057
33008,0.03131795168524784
33009,0.3180479826888161
33010,0.2735853110092976
33011,0.18303308823288458
33012,0.12126735683066046
33013,0.0
33014,0.09757856671978027
33015,0.08956707307823873
33016,0.1636654722130632
33017,0.017610060278888975
33018,0.022971460411935443
33019,0.012875796361145966
33020,0.024295027787696998
33021,0.030006127485933787
33022,0.02938828184301207
33023,0.19800290067067564
33024,0.5034369058507135
33025,0.1743476714634258
33026,0.1369084653950023
33027,0.07449975178895335
33028,0.11484012775181475
33029,0.11488265802815804
33030,0.6085172755845747
33031,0.07137118354907258
33032,0.0
33033,0.0
33034,0.02895561584088495
33035,0.1350789592529345
33036,0.1713295119430698
33037,0.13326278861207394
33038,0.35408088976635327
33039,0.21594123983253263
33040,0.13251962025764363
33041,1.0
33042,0.18647198224206557
33043,0.17760095353058886
33044,0.1914032648358205
33045,0.01086864361398092
33046,0.03502038902977848
33047,0.35195349843153
33048,0.044171460957877495
33049,0.022220302368698805
33050,0.015022391960426519
33051,0.03473163234232779
33052,0.09479874844431123
33053,0.20013552585349606
33054,0.2399185205325765
33055,0.26601566296281587
33056,0.24153757825871017
33057,0.11417639002846126
33058,0.13428940762916652
33059,0.24334242508067377
33060,0.0
33061,0.16374396530114232
33062,0.1060334966858281
33063,0.02414787658275051
33064,0.5460528779108125
33065,0.18465052933164122
33066,0.03198054588349323
33067,0.5460451864138861
33068,0.3207384381865171
33069,0.2072545985209815
33070,0.15006507499188626
33071,0.11211777468645488
33072,0.0
33073,0.00854205592547061
33074,0.0
33075,0.020868470875394878
33076,0.053821522073755214
33077,0.0795842253884217
33078,0.05924526110317772
33079,0.24989796352196764
33080,0.7459740278538631
33081,0.22256752378864317
33082,0.1777929066556193
33083,0.3525913192620712
33084,0.11302702687557632
33085,0.08291094547458766
33086,0.06423212349251822
33087,0.14171044269865776
33088,0.23485592092282634
33089,0.09976671169942412
33090,0.0
33091,0.07897529267700608
33092,0.10514710844332202
33093,0.0
33094,0.040566671717033286
33095,0.050176961146629596
33096,0.0
33097,0.005064760941099702
33098,0.08042200756530267
33099,0.047353029462112436
33100,0.06135615230488547
33101,0.1863586284694119
33102,0.05109675452291289
33103,0.1373509412221458
33104,0.5493637280544239
33105,0.49838992736804955
33106,0.22077756936264772
33107,0.18093638549424873
33108,0.04732128410679102
33109,0.004945896517506173
33110,0.0
33111,0.13287613742776194
33112,0.046356303972067504
33113,1.0
33114,0.08322523116865783
33115,0.013153394533290706
33116,0.07158110362154825
33117,0.05749135054515898
33118,0.18163902099672607
33119,0.02946665824011956
33120,0.0194410179822901
33121,0.0
33122,0.03462319647485683
33123,0.012323423212825401
33124,0.019464495428543612
33125,0.019420360454001806
33126,0.058394777595773426
33127,0.0796236998094509
33128,0.654035264110367
33129,0.264370259487638
33130,0.20828572134232015
33131,1.0
33132,0.28824995909377094
33133,0.3283800088691378
33134,0.1560087106622685
33135,0.04329834087400148
33136,0.036063221739625916
33137,0.04090811103551623
33138,0.05482603958960134
33139,0.030933671887480058
33140,0.0475310471197012
33141,0.0257132718493269
33142,0.3532542674217399
33143,0.10399355795060188
33144,0.2910069024671642
33145,0.025961910356944153
33146,0.15418633391013173
33147,0.14403818580409214
33148,0.27124335115683024
33149,0.18905556749845856
33150,0.07440148392107297
33151,0.023582465334546367
33152,0.01229496365453787
33153,0.08742572265833543
33154,1.0
33155,0.20241826045631406
33156,0.8516400900579195
33157,0.2017460294624299
33158,0.23699840791925353
33159,0.19124626187490482
33160,0.19710585706378458
33161,0.051240891140909746
33162,0.016055164633349918
33163,0.0
33164,0.0
33165,0.1458002782098414
33166,0.10022203933133599
33167,0.13244272417959307
33168,0.29789610327462007
33169,0.019398276793684596
33170,0.09170856445024238
33171,0.23975550291049402
33172,0.04756909766053675
33173,0.0
33174,0.06507181480791276
33175,0.19538445185037173
33176,0.0268097567855613
33177,0.1496335404618141
33178,0.1335861344465267
33179,0.0707876187096142
33180,0.11945266287574545
33181,0.10841400876044
33182,0.03994250938518935
33183,0.010553296597657504
33184,0.1367282775358432
33185,0.13598563957774606
33186,0.03944232996709717
33187,0.0
33188,0.09603952343877936
33189,0.0
33190,0.08194276213124728
33191,0.029847519388887647
33192,0.011684653154218223
33193,0.08649466578242082
33194,0.026196578442865524
33195,0.05356758946354933
33196,0.011414671625485179
33197,0.18397877129841245
33198,0.3090676276375764
33199,0.6970383539380947
33200,0.22178388621794484
33201,0.0
33202,0.016969247665546913
33203,0.012251569764516187
33204,0.04590157649896254
33205,0.07125076902934703
33206,0.08872464236191258
33207,0.01559514114678621
33208,0.030884451860685964
33209,0.0715402447334531
33210,0.0035473005273362478
33211,0.020016855840700766
33212,0.0
33213,0.04447792869135043
33214,0.039494072990672216
33215,0.36852730217927127
33216,0.008846747269837148
33217,0.010024414316947729
33218,0.010403570323115766
33219,0.04366369495647309
33220,0.07478039724208578
33221,0.35811011098024204
33222,0.18392541398606269
33223,0.0
33224,0.0
33225,0.1889359223358462
33226,0.0
33227,0.05466723380014085
33228,0.0
33229,0.05508763535353533
33230,0.13781380182101324
33231,0.03970345315193237
33232,0.0
33233,0.0
33234,0.2921458505286555
33235,0.14369370899032133
33236,0.014862615067655289
33237,0.018476703515078647
33238,0.10187339035816567
33239,0.040258846559380716
33240,0.01778406302423395
33241,0.024417873616351962
33242,0.033072769825733137
33243,0.020894078391239395
33244,0.230309657510757
33245,0.037851933387169946
33246,0.000671599904209581
33247,0.0
33248,0.06562135169843251
33249,0.05721701468487517
33250,0.24109746107174357
33251,0.1311485061951705
33252,0.2783285394808729
33253,0.1453939573914728
33254,0.007659959686331132
33255,0.01293432408112292
33256,0.032122714407942426
33257,0.11962072043913405
33258,0.021212640240785313
33259,0.3050364041684867
33260,0.0
33261,0.11425621211386731
33262,0.024381937858931658
33263,0.03378883389049809
33264,0.05257415238328962
33265,0.2402024449515533
33266,0.5117710501409547
33267,0.06507532307632298
33268,0.09444606102737926
33269,0.0
33270,0.09232605413234946
33271,0.04822395246240494
33272,0.08753791945410966
33273,0.14557099554278585
33274,0.09450791867080185
33275,0.08577782657103153
33276,1.0
33277,0.0
33278,0.0948824289981641
33279,0.14997595252172963
33280,0.07364786376958052
33281,0.02643832503949097
33282,0.13474451433178172
33283,0.3404631368186278
33284,0.06853792689756592
33285,0.18981475231527806
33286,0.04046614353739517
33287,0.008079096346331372
33288,0.06459016702784741
33289,0.008552960750490566
33290,0.062078961032770726
33291,0.03134780822655491
33292,0.03941984875246084
33293,0.047063091767209825
33294,0.07122390470837708
33295,0.02117759952517654
33296,0.027098000788461016
33297,0.08211479527911478
33298,0.023120721820442065
33299,0.10553126435340669
33300,0.040581830220160556
33301,0.0024346860224502397
33302,0.08376400128876631
33303,0.051557355581178195
33304,0.0
33305,0.0
33306,0.0625631600652276
33307,1.0
33308,0.02145758579800967
33309,0.1693881082125403
33310,0.0593718255978852
33311,0.04153445536966448
33312,0.05106757261431106
33313,0.03643862196988169
33314,0.0043043813399142134
33315,0.0
33316,0.22128256431616058
33317,0.0
33318,0.0
33319,0.0
33320,0.04495055926044829
33321,0.23905976903739604
33322,0.020617802633471346
33323,0.10824347244759258
33324,0.028747226038512076
33325,0.0
33326,0.0
33327,0.3158480200007908
33328,0.0
33329,0.0
33330,0.0
33331,0.018677298447123805
33332,0.053809791568384197
33333,0.0
33334,0.008795441369417206
33335,0.12603452640123491
33336,0.05184612947227254
33337,0.001062772438486029
33338,0.11428528995494137
33339,0.15137966873463732
33340,0.135778966641238
33341,0.05080946970748183
33342,0.033156076591149206
33343,0.03236843578187628
33344,0.073784912906772
33345,0.016992828669294746
33346,0.05950403108164249
33347,0.13513299447394103
33348,0.13541067910964022
33349,0.0
33350,0.0
33351,0.05343738206449154
33352,0.024452800704148535
33353,0.009136679802364649
33354,0.00940345015578707
33355,0.09635504221330161
33356,0.0659150373168501
33357,0.1035638931233473
33358,0.1822117160832812
33359,0.336981720354655
33360,0.0
33361,0.0006180030793150753
33362,0.028627437989977817
33363,0.006586967593572008
33364,0.014273590411763926
33365,0.012731429152920271
33366,0.008238952443294624
33367,0.0
33368,0.14465335933118972
33369,0.043234054644511646
33370,0.029399078654934466
33371,0.0
33372,0.0
33373,0.042910532113867236
33374,0.01328480676374742
33375,0.012732933985443328
33376,0.0
33377,0.1651946208170324
33378,0.03407653203659518
33379,0.022679289497843348
33380,0.03473651795412886
33381,0.006117221696678707
33382,0.1139160340901586
33383,0.0
33384,0.0
33385,0.0
33386,0.4185221484660213
33387,0.15485751546183
33388,0.054929674395257505
33389,0.10756240502286518
33390,0.0
33391,0.08422013453630064
33392,0.01687875963161026
33393,0.0
33394,0.18380742845409248
33395,0.013029899185849297
33396,0.11178221407156635
33397,0.1780446083034902
33398,0.030453406385668826
33399,0.04418504721122223
33400,0.04069999240499661
33401,0.0
33402,0.0
33403,0.009872519880986952
33404,0.0493557055497995
33405,0.02287550869577863
33406,0.0
33407,0.0
33408,0.11337338903092828
33409,0.05948828654832542
33410,0.2389134414763929
33411,0.006387788437904043
33412,0.0008267206689473839
33413,0.0
33414,0.0
33415,0.03980754753143143
33416,0.013953379144816803
33417,0.030789095847571467
33418,0.02115841137759284
33419,0.0
33420,0.04097732489070528
33421,0.29936631191854934
33422,0.21651197063569755
33423,0.0
33424,0.1909023784112384
33425,0.0
33426,0.0
33427,0.03786121296269626
33428,0.0021466536755605295
33429,0.01285423336387394
33430,0.04424601452145861
33431,0.027993983712726368
33432,0.014375004863970916
33433,0.022537236112032937
33434,0.0
33435,0.04522987005726081
33436,0.03693653403758995
33437,0.182408676635709
33438,0.03424853122709068
33439,0.0749657201604078
33440,0.3215021481064196
33441,0.05771460036714571
33442,0.12653671507721795
33443,0.034614704623949104
33444,0.3601509250681952
33445,0.217603977127635
33446,0.0023035985136580137
33447,0.29429829730119245
33448,0.15385781149788877
33449,0.349879802831683
33450,0.25827752194514364
33451,0.10137228658118858
33452,0.09493244316572241
33453,0.025102323882984664
33454,0.3262732716754029
33455,0.9488938538570847
33456,0.20192970105819022
33457,0.07528239352466952
33458,0.16555561190474385
33459,0.3599725284338092
33460,0.13329463271993466
33461,0.0
33462,0.03153282420322368
33463,0.07576149214460458
33464,0.014457613708719515
33465,0.019610363884034553
33466,0.11892317629974454
33467,0.26884542733649025
33468,0.7830035562241494
33469,0.7737350937023434
33470,0.047966634356143574
33471,0.05355568615372567
33472,0.11959164864605022
33473,0.2648448489646379
33474,0.07951032067031279
33475,0.006328067630784514
33476,0.1635228570980431
33477,0.07366508366576617
33478,0.0
33479,0.4264848300580705
33480,0.1911795677741572
33481,0.25866659773054923
33482,0.9127282946437358
33483,0.18899247859590068
33484,0.5576345275278516
33485,0.11706272191403921
33486,0.292578077585128
33487,0.12409497062009367
33488,0.037325587237670106
33489,0.02227540283099019
33490,0.18276309885228031
33491,0.006796056684462801
33492,0.053445020202550354
33493,0.09637301530334558
33494,0.24428740798375617
33495,0.01776995835844654
33496,0.06581276635616666
33497,0.1400677085153915
33498,0.2051394479868694
33499,0.0940380798848563
33500,0.0
33501,0.019179754338936317
33502,0.06452355565692823
33503,0.11328132527052154
33504,0.05274244257056481
33505,0.0
33506,0.0
33507,0.01059574182880503
33508,0.2547507007290184
33509,0.16890606995363072
33510,0.259956813549753
33511,0.0
33512,0.07317734325866185
33513,0.01585243882375897
33514,0.6034114697118339
33515,0.21979085684410218
33516,0.11239641418223557
33517,0.41882536813866006
33518,0.7325140008728332
33519,0.0
33520,0.08966836493355022
33521,0.06850100274371008
33522,0.009931203716168756
33523,0.061601216489195317
33524,0.0
33525,0.0265579150810758
33526,0.04391194934748494
33527,0.16876595044345558
33528,0.0831938767734473
33529,0.2571998017641314
33530,0.6168276059561504
33531,0.15035657321971946
33532,0.057913471757820356
33533,0.005964508487272586
33534,0.007369250407713918
33535,0.02948299148850659
33536,0.35755945269244716
33537,0.01562411092563737
33538,0.1688093249905534
33539,0.04132713668240992
33540,0.3172569770694962
33541,0.617680280830678
33542,0.1954483154413966
33543,0.0
33544,0.006547306834872583
33545,0.05243942915354703
33546,0.0956323475994721
33547,0.02489876971037005
33548,0.2078875116360867
33549,0.1931342760368435
33550,0.11373415532368959
33551,0.13321027239585811
33552,0.0982804344084442
33553,0.043284611229954494
33554,0.016744231155679946
33555,0.02467337848169359
33556,0.032282779196448404
33557,0.09948212043457118
33558,0.07950737423795173
33559,0.05072668602536965
33560,0.011425087537584358
33561,0.0024785941336768567
33562,0.022343103861278475
33563,0.009151455985259908
33564,0.008231401083321068
33565,0.03582729314951871
33566,0.06079250257168291
33567,0.013859195147250489
33568,0.0220404031719521
33569,0.5558936006242217
33570,0.302443418597059
33571,0.05151414756066957
33572,0.0310535099756198
33573,0.0
33574,0.1187721505494312
33575,0.08601807248600103
33576,0.033069055257254634
33577,0.0
33578,0.018003803746342348
33579,0.003670280581063806
33580,0.18702791314846393
33581,0.043829784101809544
33582,0.03750713962264905
33583,0.02437959186171854
33584,0.0
33585,0.0647399193902054
33586,0.05240770438039675
33587,0.18452504923494625
33588,0.17220728879380337
33589,0.19836966481247167
33590,0.031326878975997334
33591,0.03756651609421091
33592,0.00259990365190712
33593,0.06766098352976624
33594,0.012699726260856038
33595,0.17727956566805167
33596,0.02772767014542232
33597,0.40278602576916245
33598,0.06597667858513874
33599,0.0
33600,0.11593346812901548
33601,0.03171866795636564
33602,0.06881626940415524
33603,0.0
33604,0.0
33605,0.0
33606,0.11222274502421739
33607,0.02476476787516321
33608,0.029471743330320706
33609,0.09989357924091424
33610,0.018508040315866368
33611,0.08301699655559384
33612,0.07491192656430637
33613,0.10780192826201228
33614,0.18923521249183267
33615,0.31134441665200807
33616,0.06282218750228981
33617,0.020500192235301477
33618,0.0943459185598379
33619,6.761662009044015e-06
33620,0.04393454267602716
33621,0.00033232399992011636
33622,0.10210413477599839
33623,0.08361506536966924
33624,0.07214957081702882
33625,0.060886744959075895
33626,0.13592999759501606
33627,0.07504224821289837
33628,0.05213602201440234
33629,0.0
33630,0.026850966748838617
33631,0.16817100327115359
33632,0.0
33633,0.10586872458076221
33634,0.07555251287619257
33635,0.0
33636,0.027795872406115026
33637,0.03769900415431521
33638,0.1041123888621001
33639,0.05395051646736929
33640,0.1056723064999791
33641,0.09489146321098002
33642,0.1610902439032095
33643,0.14973023003457867
33644,0.19433380145179668
33645,0.0
33646,0.08888866660918177
33647,0.008220540926310277
33648,0.05159547245327
33649,0.06223873632800716
33650,0.07555841780496945
33651,0.06477287195566336
33652,0.04099163354880893
33653,0.059686900838962005
33654,0.02759012672788708
33655,0.07237966549867453
33656,0.06581782905143775
33657,0.020696731097842164
33658,0.03314486339383093
33659,0.10354983280184488
33660,0.01150308440242897
33661,0.0569443352079308
33662,0.18233473555205248
33663,0.030001301633167842
33664,0.11138089740112184
33665,0.4254890214243135
33666,0.08777088943069496
33667,0.09682811200829299
33668,0.06065176630543004
33669,0.0968794063279465
33670,0.07572418905605739
33671,0.08028751570450915
33672,0.0237522655199061
33673,0.0
33674,0.010234633712271585
33675,0.03348047769537522
33676,0.233536105784225
33677,0.0651334962866697
33678,0.061524504507343994
33679,0.07153459165328968
33680,0.011731655029996083
33681,0.0
33682,0.0
33683,0.005670383061200633
33684,0.05464067199970536
33685,0.48000554635955783
33686,0.041891001741656435
33687,0.05041268874959291
33688,0.07458085333207563
33689,0.8023941913637304
33690,0.07428446693766297
33691,0.005527584633760353
33692,0.057047197271523936
33693,0.0596172076891381
33694,0.15077357763701438
33695,0.35947511601746207
33696,0.025747936337623897
33697,0.04615871358714475
33698,0.1726447288689517
33699,0.09728459937777292
33700,0.2192798282178945
33701,0.016034410034024345
33702,0.186098280170704
33703,0.0690017272984585
33704,0.030682449840371558
33705,0.008137436557769603
33706,0.11151914252778594
33707,0.04408924809783397
33708,0.0011159886093577856
33709,0.10767319583726045
33710,0.06086080521803217
33711,0.21446354185614983
33712,0.051081265727662584
33713,0.029508402943135875
33714,0.09997555510172226
33715,0.1323508224342443
33716,0.18992808663146765
33717,0.04169450054826949
33718,0.069576091876451
33719,0.00492698963509892
33720,0.10389748982847337
33721,0.5882794423383424
33722,0.00848458206794718
33723,0.13728581321780986
33724,0.34822971671669695
33725,0.15559154209992943
33726,0.023839791274633357
33727,0.0
33728,0.0003669826022476939
33729,0.02427851053764402
33730,0.040813998856594244
33731,0.2119129885409839
33732,0.20078468743874095
33733,0.03803736197884339
33734,0.0776761247617056
33735,0.17518271772701605
33736,0.17953039159761713
33737,0.10641619260691718
33738,0.12654741234977895
33739,0.2166668410025666
33740,0.07991051816900147
33741,0.02495430172615436
33742,0.11306840904056284
33743,0.08469653840071235
33744,0.29945877195664655
33745,0.9264920716639276
33746,0.031445149153390195
33747,0.3149866568187645
33748,0.01185506507872777
33749,0.03401643593188435
33750,0.2174358775496983
33751,0.0
33752,0.016756994427604376
33753,0.05664633877558176
33754,0.030543720452586354
33755,0.0038577127231764884
33756,0.03203345285745511
33757,0.41169441564344655
33758,0.015598321819889802
33759,0.04426066661700879
33760,0.2544416242199146
33761,0.10588428062083112
33762,0.21561905705745904
33763,0.31380473444546686
33764,0.3484533685069132
33765,0.0
33766,0.1796927363014453
33767,0.03430720748288325
33768,0.11819837358146931
33769,0.9438533998171205
33770,0.3941785513396282
33771,0.35119104344801133
33772,0.04101675304595717
33773,0.06786268122083373
33774,0.05899380188677765
33775,0.015886836025685244
33776,0.04100197461663745
33777,0.03198263942660833
33778,0.033524900558128186
33779,0.0
33780,0.0008477991372505753
33781,0.029566156680325018
33782,0.07170151678818043
33783,0.04363310190609234
33784,0.05636608786937989
33785,0.11110922692257585
33786,0.07523568313686153
33787,0.1480457617791793
33788,0.11414270158279222
33789,0.0651684048438717
33790,0.26445639210551974
33791,0.0
33792,0.05358585870304541
33793,1.0
33794,0.9134060937681822
33795,0.9215329802039689
33796,0.02441435552183792
33797,0.14418164519958002
33798,0.38439588912263134
33799,0.1041263334686078
33800,0.0678069895377169
33801,0.0
33802,0.035797894035555194
33803,0.027855971040667435
33804,0.028066548530967256
33805,0.005181589282534448
33806,0.3402148421845949
33807,0.0032215038000516848
33808,0.02567743633926512
33809,0.067560201260302
33810,0.08878648581137509
33811,0.04941813596239683
33812,0.05491168228046378
33813,0.2202911451350823
33814,0.11950211412338826
33815,0.0054684927155427025
33816,0.05020277832292778
33817,0.10078746322714167
33818,0.06208482675853924
33819,1.0
33820,0.7802323725996108
33821,0.8032076583521881
33822,0.0547587649007812
33823,0.0
33824,0.5119404022183813
33825,0.08346021180707615
33826,0.1780733213977195
33827,0.004525495592121757
33828,0.09613380944451186
33829,0.01940439981882035
33830,0.11476102870962938
33831,0.08675573279050518
33832,0.10362331558545185
33833,0.25737854363240315
33834,0.3553830160710284
33835,0.5150630239199919
33836,0.12314785682937741
33837,0.08823621915787114
33838,0.07601107246080425
33839,0.026671628458356876
33840,0.08457285353893539
33841,0.047236053719674355
33842,0.01539798399440667
33843,0.02440486607193797
33844,0.08298976842208577
33845,0.13655355674842204
33846,0.054644511244495104
33847,0.20809032270371255
33848,0.012924174122223018
33849,1.0
33850,0.9931130224153738
33851,0.9904084580345223
33852,0.09260370256542741
33853,0.015726511112825827
33854,0.17292218218693853
33855,0.5209110290868949
33856,0.012234080337705665
33857,0.015598649742290796
33858,0.004919755478402235
33859,0.07264317285164003
33860,0.05352294609954821
33861,0.23297023103788125
33862,1.0
33863,0.03935882523313334
33864,0.12148178340948106
33865,0.0690241987229755
33866,0.1318323711675779
33867,0.04934438712450349
33868,0.06873739708690402
33869,0.1900191343851442
33870,0.019485246668601415
33871,0.04208876371762711
33872,0.09524878557357662
33873,0.09615782300830747
33874,0.04928550913438628
33875,0.04617229676328045
33876,0.31436963886906694
33877,0.2739089418701786
33878,0.18677060671120868
33879,0.09457110857865879
33880,0.0
33881,0.06733164708878507
33882,0.06177585704422759
33883,0.16853297422936003
33884,0.06909766041700777
33885,0.05450512816917715
33886,0.02826087072617772
33887,0.0
33888,0.030238572612914197
33889,0.025262974452129265
33890,0.19961146037948185
33891,0.4348187937564803
33892,0.1562558604740616
33893,0.16475712525808378
33894,0.08636388061280262
33895,0.1009080216733361
33896,0.10605957705876398
33897,0.6126191057137315
33898,0.043356591157811784
33899,0.010857005986961352
33900,0.0027386594996061885
33901,0.04207469355302256
33902,0.11294860863898822
33903,0.18326566187006116
33904,0.2143463463133526
33905,0.4022976066667571
33906,0.24321389889601117
33907,0.08461393463748958
33908,1.0
33909,0.13314029597249974
33910,0.0
33911,0.18355940737427517
33912,0.21756047145431612
33913,0.023486485138495713
33914,0.03545790310017237
33915,0.20516350622677104
33916,0.02099359549475617
33917,0.006272759125027754
33918,0.023932969275683915
33919,0.023410948003787686
33920,0.08381804866310065
33921,0.19957851609127206
33922,0.2326431542353536
33923,0.25739476234042363
33924,0.205605362353412
33925,0.11248113359040522
33926,0.11403925511387426
33927,0.17308387787386506
33928,0.0008872356458937862
33929,0.0008648299929562793
33930,0.1680446367019566
33931,0.053371523985870035
33932,0.042620982431340285
33933,0.5646453633730745
33934,0.1810184403049199
33935,0.007999066834342579
33936,0.4477830202007278
33937,0.2992222329462153
33938,0.16385162524747074
33939,0.085825013443565
33940,0.11381361079102392
33941,0.032653150225703934
33942,0.0
33943,0.006307925598365078
33944,0.015803816682097797
33945,0.061029440377508966
33946,0.05764001134764918
33947,0.05793896997442276
33948,0.24997603761676052
33949,0.6674293081929914
33950,0.23963252286049944
33951,0.1950265937842338
33952,0.4011942095838344
33953,0.08509701591932843
33954,0.06482895059906219
33955,0.07622482521066616
33956,0.13911242837244675
33957,0.2565971569753126
33958,0.0702586456695738
33959,0.0
33960,0.0728540307830645
33961,0.11324998020426334
33962,0.03579538384549101
33963,0.03890649081143478
33964,0.04079069480946427
33965,0.008966257713013973
33966,0.0029343303214333385
33967,0.0
33968,0.036812236205164266
33969,0.046875130907423596
33970,0.037950489248791144
33971,0.06879374691246459
33972,0.20789902427447607
33973,0.06518326023613184
33974,0.16750050262583704
33975,0.5125680672604578
33976,0.4627578384131684
33977,0.2132817239111292
33978,0.14537368382701352
33979,0.02716553335684507
33980,0.0
33981,0.017586243913577302
33982,0.13903090767465914
33983,0.012071108010332742
33984,1.0
33985,0.04570691634838411
33986,0.0
33987,0.08296432449054977
33988,0.07328204004042214
33989,0.1760983653514307
33990,0.061322854530286804
33991,0.023488108438090596
33992,0.0
33993,0.03143023834373853
33994,0.002725901846754935
33995,0.02090258180177421
33996,0.05372741156413633
33997,0.08289407365108577
33998,0.6691549608552488
33999,0.2054134549577904
34000,0.18400669579462398
34001,1.0
34002,0.26795478437961334
34003,0.35167890947714264
34004,0.10245665871433685
34005,0.025243045460896535
34006,0.042507556094457985
34007,0.02241987397557441
34008,0.07554322574316492
34009,0.015470267677314195
34010,0.05073871230851976
34011,0.12110556130119039
34012,0.33071483465856716
34013,0.08592489138032522
34014,0.23348307917405056
34015,0.032842976847573396
34016,0.12741655355101403
34017,0.10767653197986335
34018,0.21525827296439543
34019,0.18722267664230272
34020,0.06457198263829368
34021,0.01068129676175344
34022,0.02619906311630202
34023,0.10472451472013428
34024,1.0
34025,0.23175710080338724
34026,0.8676956560224927
34027,0.2001223843977633
34028,0.21998990663646484
34029,0.12096293318013723
34030,0.19861755434050124
34031,0.05201436023469718
34032,0.012183106481365358
34033,0.026400698352434738
34034,0.0
34035,0.04140674191564137
34036,0.0
34037,0.11357911540907441
34038,0.13463287097099608
34039,0.13739045461048038
34040,0.2673119681432183
34041,0.013209346015111353
34042,0.057572960587524126
34043,0.20038085997838748
34044,0.0
34045,0.0
34046,0.0
34047,0.045970469365012596
34048,0.18079447818101674
34049,0.011787437263541327
34050,0.14101354280910927
34051,0.07332122227712684
34052,0.07385595202486604
34053,0.1330494106631079
34054,0.025072513409527455
34055,0.12063257785164185
34056,0.03943444251876952
34057,0.029283096945892366
34058,0.13794907206494988
34059,0.13499696750837312
34060,0.030186347131927232
34061,0.006699209041123861
34062,0.17302472333465455
34063,0.002780090214309036
34064,0.052313911572441966
34065,0.017588748325396635
34066,0.10519139443675188
34067,0.01178261927755106
34068,0.06708021535612585
34069,0.0419319121589654
34070,0.16602201303421826
34071,0.2222714761793306
34072,0.7436990254968141
34073,0.2314229063686989
34074,0.0
34075,0.008333638002778483
34076,0.025514139541273163
34077,0.0
34078,0.03387689577223986
34079,0.03159276059541078
34080,0.14530026409584137
34081,0.006457383753906852
34082,0.0
34083,0.0
34084,0.06513701879801723
34085,0.03770665779966942
34086,0.0048884590824570815
34087,0.010576960790611727
34088,0.08651776222248897
34089,0.0432897751547431
34090,0.3989553462851522
34091,0.0
34092,0.02629876612513203
34093,0.018488383223738455
34094,0.04425323242080092
34095,0.08423320172118982
34096,0.34957845813871097
34097,0.1649269001952668
34098,0.19424511599302358
34099,0.0
34100,0.013959661160802684
34101,0.0
34102,0.046398431455796946
34103,0.1784156263064356
34104,0.08370402180637732
34105,0.0
34106,0.0
34107,0.0
34108,0.0
34109,0.35789663984088704
34110,0.07192562478773296
34111,0.003466570288865106
34112,0.023287256699024626
34113,0.08657923096791434
34114,0.027229970509338813
34115,0.0023353407589427376
34116,0.002861278269170698
34117,0.02082991313090973
34118,0.030725221429920516
34119,0.15213268513201325
34120,0.027884241678996474
34121,0.024964140489199614
34122,0.04781530032750576
34123,0.05867773422857287
34124,0.05307973653205214
34125,0.2106181679133289
34126,0.09582000122431493
34127,0.24089457326497196
34128,0.08854664266764573
34129,0.0013888900547685786
34130,0.006201898971033412
34131,0.06458003241224305
34132,0.14908986056355295
34133,0.016273709689579512
34134,0.25492755455363
34135,0.16474866802984076
34136,0.010765627461676858
34137,0.06284711417937015
34138,0.017529625280157005
34139,0.013749968324764425
34140,0.2862439826878424
34141,0.5319211367411366
34142,0.17177382361605312
34143,0.13059105147607228
34144,0.003930027362666118
34145,0.10217298630682001
34146,0.027891177864613845
34147,0.0746643716500252
34148,0.13663992120131663
34149,0.06874797136745928
34150,0.09077700621156828
34151,1.0
34152,0.0
34153,0.0396617180015501
34154,0.0
34155,0.043668407177563616
34156,0.07087211389182094
34157,0.015453263448519362
34158,0.18144667907641038
34159,0.44315154919903366
34160,0.07369046106824423
34161,0.18525882423208342
34162,0.029915869697091885
34163,0.13609651234770787
34164,0.03020931756377943
34165,0.056330380728866855
34166,0.027198588757247972
34167,0.012022999946860822
34168,0.04138900777506774
34169,0.05209345947758445
34170,0.020001765206872968
34171,0.05825461898136859
34172,0.008381192219150306
34173,0.021196594767399
34174,0.13844817972463522
34175,0.0
34176,0.09560115733408471
34177,0.02639949371306451
34178,0.01181098485342739
34179,0.08529782166674114
34180,0.051307062153752775
34181,0.06098381362604128
34182,1.0
34183,0.037698308528989706
34184,0.16814494112498227
34185,0.016033646355659858
34186,0.017491663306216057
34187,0.025101903175894037
34188,0.026076691114820336
34189,0.0012174568546522437
34190,0.3377928738915992
34191,0.00199277475471485
34192,0.0
34193,0.04438607429377949
34194,0.20642514942560908
34195,0.06470038978606459
34196,0.08535837878262993
34197,0.0442707066980563
34198,0.0
34199,0.05919742804081264
34200,0.2842132354467808
34201,0.016460713260868835
34202,0.0
34203,0.005829820416228966
34204,0.0
34205,0.025976409713029225
34206,0.0
34207,0.012029306990124167
34208,0.181657501927358
34209,0.024361293551686064
34210,0.015632916044355166
34211,0.08237451637938639
34212,0.1477657737507904
34213,0.15530003528427738
34214,0.06858241914479032
34215,0.06038986411425793
34216,0.0168300953901447
34217,0.06595422895339101
34218,0.013591148461037539
34219,0.09632776418280703
34220,0.16424210679448908
34221,0.18212170801330552
34222,0.0
34223,0.02544962153104787
34224,0.0
34225,0.010829424137316353
34226,0.017258966892175966
34227,0.014964953979328812
34228,0.019416591772068652
34229,0.016340698474494195
34230,0.07714357587760313
34231,0.03175097733849776
34232,0.14658198772394368
34233,0.018580618123489785
34234,0.15344535466507842
34235,0.3321544080567331
34236,0.0005762155661688848
34237,0.007907984418795599
34238,0.0071913593320471125
34239,0.028555956122692197
34240,0.0
34241,0.005727463319856818
34242,0.018710961852078226
34243,0.0
34244,0.0
34245,0.0
34246,0.08570093077419114
34247,0.03421291028373997
34248,0.05861172521225136
34249,0.0
34250,0.044151957629034635
34251,0.0591407139344794
34252,0.0
34253,0.0
34254,0.17801781589255442
34255,0.01078516038347579
34256,0.030913099451337512
34257,0.028571425095966347
34258,0.0847149877255336
34259,0.023041671815216446
34260,0.0
34261,0.0
34262,0.37224408577610724
34263,0.06810608340844315
34264,0.04306829051995869
34265,0.1371746187757541
34266,0.0
34267,0.07447447428643053
34268,0.02340000524053927
34269,0.0
34270,0.12341468425542411
34271,0.016683890619607192
34272,0.15465108471189476
34273,0.1901669719200105
34274,0.021661989911173504
34275,0.009192379480951458
34276,0.0629914692309798
34277,0.016385695386344525
34278,0.004734582661702226
34279,0.0
34280,0.02853809977289705
34281,0.0
34282,0.14126114125643285
34283,0.0413660915006653
34284,0.0
34285,0.2945684266339261
34286,0.01729335583673677
34287,0.00811797529142685
34288,0.0
34289,0.0
34290,0.046119592178950446
34291,0.0020023886962833313
34292,0.03445214822361663
34293,0.0009136958497742214
34294,0.029484263126531712
34295,0.0
34296,0.0
34297,0.005331386434983096
34298,0.32668923493370894
34299,0.20119139818461063
34300,0.02926627380020945
34301,0.1603329017320741
34302,0.0
34303,0.02032571881288503
34304,0.018947932941425053
34305,0.0
34306,0.04608465839507652
34307,0.025355414550206585
34308,0.012273101919196543
34309,0.0
34310,0.12072263691037317
34311,0.015283834305044977
34312,0.289881242833872
34313,0.0
34314,0.05715171976403131
34315,0.07590630693686296
34316,0.14277639903919498
34317,0.319953043033115
34318,0.03754070674142279
34319,0.18775061645314883
34320,0.1005206831396582
34321,0.3486515599467091
34322,0.0
34323,0.19117928771587872
34324,0.09652965212339916
34325,0.007631118755218493
34326,0.13611781626664862
34327,0.20752979347557343
34328,0.9317205320194122
34329,0.33734766175282677
34330,0.0967155900933288
34331,0.04899461403808127
34332,0.3641833749755034
34333,0.10035107178693578
34334,0.002442557626455968
34335,0.04394005477239316
34336,0.003287099720644906
34337,0.009135803228092078
34338,0.02410097583468178
34339,0.082566918208347
34340,0.3316456975341343
34341,0.6192667564195578
34342,0.6255396178033864
34343,0.010288412828975536
34344,0.02056891496163384
34345,0.12188410302709532
34346,0.21908724278061228
34347,0.08377086426575833
34348,0.0447084327908844
34349,0.18163581549755475
34350,0.16433823555993085
34351,0.013802893564704733
34352,0.32325745765057773
34353,0.1983391707344424
34354,0.22955186323371135
34355,0.5739840042205586
34356,0.13505574251011884
34357,0.035441259118084344
34358,0.6067878868949389
34359,0.10716145004509649
34360,0.3097570995547585
34361,0.07841543444773216
34362,0.10311308688457554
34363,0.0022636463087260003
34364,0.22239537185477012
34365,0.0841708442848098
34366,0.16226074411657707
34367,0.04761852198076925
34368,0.0
34369,0.07760799745469889
34370,0.10209791508350533
34371,0.2942552160447155
34372,0.059663210533964006
34373,0.020693052320898086
34374,0.058033954808294624
34375,0.11878901765744883
34376,0.04603440658805165
34377,0.014496578721377145
34378,0.0025945818458986266
34379,0.018083553651593393
34380,0.25050797819641735
34381,0.13306070976814213
34382,0.2607044984116941
34383,0.0
34384,0.023786940655344216
34385,0.03491138364515691
34386,0.02569284934570277
34387,0.0
34388,0.5447533725700175
34389,0.1837078075163967
34390,0.05203439102009346
34391,0.45138393163946566
34392,0.6183123172867679
34393,0.09866781322461773
34394,0.06453829886437135
34395,0.0
34396,0.03994541887025315
34397,0.025907263539466187
34398,0.0
34399,0.13544575684943813
34400,0.0478345042302747
34401,0.059291227408070975
34402,0.2866146581292715
34403,0.5536706335623315
34404,0.0
34405,0.12105229699384304
34406,0.031923718358887736
34407,0.04950610086839561
34408,0.03423825261419275
34409,0.30195880607085773
34410,0.0
34411,0.027125630998424494
34412,0.15438252089550586
34413,0.018236184775497388
34414,0.3580474015314774
34415,0.5643918487060712
34416,0.18194514902679018
34417,0.0
34418,0.0
34419,0.06384962630337848
34420,0.0960758043073379
34421,0.2248683068811533
34422,0.18330385958109416
34423,0.10521109687665185
34424,0.1470352163634014
34425,0.09788692074656648
34426,0.0
34427,0.021383107578238542
34428,0.08627624973283868
34429,0.014259771386683127
34430,0.020442496133027278
34431,0.03047824152659825
34432,0.11472140104849714
34433,0.08399538500228672
34434,0.059365494767235745
34435,0.003847998478827797
34436,0.027990570942325974
34437,0.015584293467091634
34438,0.006816227944019236
34439,0.0
34440,0.030845229838823707
34441,0.04942795275197683
34442,0.03443550164166982
34443,0.06234788374348291
34444,0.43715640605124084
34445,0.33440877706330574
34446,0.06154537037268162
34447,0.050150209320631085
34448,0.013510386408049229
34449,0.15665581082994243
34450,0.08190335286675546
34451,0.061195513632430726
34452,0.016748435317482525
34453,0.03559760856205929
34454,0.03770618122253001
34455,0.13626035486635946
34456,0.04491194581623694
34457,0.0
34458,0.0
34459,0.040210044625381226
34460,0.06115651475759767
34461,0.0668734938589196
34462,0.17755657391098192
34463,0.16309524564000666
34464,0.03510578105531557
34465,0.06399739221449445
34466,0.005736140607953054
34467,0.046997859103038185
34468,0.04077097467920154
34469,0.18903519903272617
34470,0.059817060445618984
34471,0.4982724017851338
34472,0.10356586698598952
34473,0.016262693088029717
34474,0.16392268939553184
34475,0.05371259333733156
34476,0.05585040016382026
34477,0.02805026845047962
34478,0.0
34479,0.0
34480,0.09481667862782488
34481,0.0
34482,0.035753004408003
34483,0.004420056907778024
34484,0.009101529145773737
34485,0.10753492512745935
34486,0.06848917941167232
34487,0.057583662823267864
34488,0.10343207896822702
34489,0.1854126397656706
34490,0.2997610456915984
34491,0.07348254163719051
34492,0.030841710299121198
34493,0.07211931900196063
34494,0.024550068489152064
34495,0.029210881599337025
34496,0.0
34497,0.002110265367087546
34498,0.14861953763768515
34499,0.07322535842999273
34500,0.11164189015443386
34501,0.052306702656074594
34502,0.11451322263577562
34503,0.025054578901625862
34504,0.041748698647384924
34505,0.0308572373371467
34506,0.004325079371713038
34507,0.18270361646887728
34508,0.008257045989717073
34509,0.10333045724964911
34510,0.041423665759561266
34511,0.00037677125793715414
34512,0.02069074612840795
34513,0.02118490965211695
34514,0.08245460912563389
34515,0.04080928971780491
34516,0.08962020345101131
34517,0.08788514166704207
34518,0.18212832888745184
34519,0.18589301198754113
34520,0.18682918383941471
34521,0.005515664891775994
34522,0.12452981042383587
34523,0.012774969231276502
34524,0.05919188408054108
34525,0.05363962903070928
34526,0.10677449949480294
34527,0.04794956769227814
34528,0.10024733649165565
34529,0.06428634195737719
34530,0.1013527512830392
34531,0.07516453835906399
34532,0.03948707037420637
34533,0.0
34534,0.06529731808406664
34535,0.005160838205160093
34536,0.0545790673145979
34537,0.23510667837337876
34538,0.07126593065852954
34539,0.10070656050941726
34540,0.4794441729269025
34541,0.06635766572858279
34542,0.07352121974015428
34543,0.02322848849302625
34544,0.08402366620175668
34545,0.04692221063845245
34546,0.07417611583562514
34547,0.04236989468001222
34548,0.028926604931383985
34549,0.23580262520032985
34550,0.07198872698637214
34551,0.07475068330978939
34552,0.04982630367922516
34553,0.0805847714233322
34554,0.03140519428333745
34555,0.005062202196768745
34556,0.006897234892494824
34557,0.058032831744437914
34558,0.5190433172378738
34559,0.05232858179470339
34560,0.054723370906109604
34561,0.05284637370528955
34562,0.7474494163745509
34563,0.03913123306603655
34564,0.003154783037551862
34565,0.09459259073974592
34566,0.049176778963338504
34567,0.16500732140133043
34568,0.33647003013904847
34569,0.04713223024851509
34570,0.009354595780648876
34571,0.05098233680736349
34572,0.09387212125344688
34573,0.11243883079448122
34574,0.20553107777429366
34575,0.03973561594020649
34576,0.14407072258324913
34577,0.08557162592022616
34578,0.056555265908837
34579,0.09831442378697515
34580,0.048626956083903716
34581,0.016270376177209025
34582,0.09392175348537302
34583,0.0796884979837888
34584,0.20304518286832104
34585,0.05536976224555174
34586,0.014781560447272241
34587,0.08262227108192574
34588,0.14376082113490365
34589,0.18744905914064525
34590,0.04902809675932826
34591,0.05657260838266935
34592,0.05152577694922781
34593,0.0
34594,0.1239786383918364
34595,0.550578088023074
34596,0.0
34597,0.10160754110123701
34598,0.4114446378786335
34599,0.18430736421014624
34600,0.0
34601,0.0
34602,0.0
34603,0.04111280669680018
34604,0.054141265720994224
34605,0.25282369779609104
34606,0.17503174688721954
34607,0.04288934893832854
34608,0.07899933359339034
34609,0.17543571768290864
34610,0.046666017016039715
34611,0.07342453633213976
34612,0.1560567728693227
34613,0.21075778890682909
34614,0.08290131500790889
34615,0.02781597467348198
34616,0.1659129914929775
34617,0.08654013151895021
34618,0.23969017606785575
34619,0.9349917410211028
34620,0.031654204948287544
34621,0.30124120014230676
34622,0.023812901667164096
34623,0.03153034972688766
34624,0.20156588988990354
34625,0.0
34626,0.004568584734718734
34627,0.05976842391413936
34628,0.03051138046118883
34629,0.03148694131089099
34630,0.06521891771151643
34631,0.38456652160730426
34632,0.010182208470766348
34633,0.06641770600260523
34634,0.2667281476243531
34635,0.09504566249084027
34636,0.1947124360890934
34637,0.2885575772278843
34638,0.24694231906354466
34639,0.2175383467312894
34640,0.10192469219200224
34641,0.11255970576182836
34642,1.0
34643,0.5104656047881719
34644,0.3180847655005225
34645,0.03218299559829025
34646,0.14446091425912663
34647,0.034863827392996
34648,0.043635122230425046
34649,0.042252422416636015
34650,0.03130976315554946
34651,0.0
34652,0.0023918721344911974
34653,0.016612032661725146
34654,0.0587668961017397
34655,0.0953079130736073
34656,0.06672491483526047
34657,0.10346678930116178
34658,0.06530350785793985
34659,0.12317027290041976
34660,0.11199409475095887
34661,0.0
34662,0.09488744267827212
34663,0.2957587881170642
34664,0.010272824149263584
34665,0.08631430330086397
34666,1.0
34667,0.9324756892782783
34668,0.798693727066737
34669,0.21361490299431463
34670,0.4797436327846694
34671,0.15508875078022238
34672,0.013304035403958537
34673,0.045160705771698895
34674,0.0
34675,0.009571687937400892
34676,0.03022042842317269
34677,0.03521175719741215
34678,0.003643542953981365
34679,0.38026948472798794
34680,0.010291727814604842
34681,0.037514770709258814
34682,0.051352716356494486
34683,0.08756355386830247
34684,0.007242674252185705
34685,0.04857389239461684
34686,0.1998043456048444
34687,0.08947972613731102
34688,0.03520723803363816
34689,0.1221848559953602
34690,0.09635023882343842
34691,0.10366272892840846
34692,1.0
34693,0.9327171326682374
34694,0.6456822489298585
34695,0.0
34696,0.012242601984529262
34697,0.039991819994868436
34698,0.0027865808855700603
34699,0.0
34700,0.5107267799534787
34701,0.07303937263834268
34702,0.19791942038569332
34703,0.04280444844664368
34704,0.15454845217093585
34705,0.09994655844006485
34706,0.09616193296864749
34707,0.13312699790431404
34708,0.3303315110843465
34709,0.32565513994014983
34710,0.5214231080943558
34711,0.0931014674438222
34712,0.11537363076717806
34713,0.07515496883728201
34714,0.05180379832095708
34715,0.057664429232447724
34716,0.04104297481671604
34717,0.022689502437239734
34718,0.03313617964992056
34719,0.10867298416778005
34720,0.1284296563051288
34721,0.04927492981338545
34722,0.22204154573176738
34723,0.014303307407848234
34724,1.0
34725,0.992941481701936
34726,0.9943134320249423
34727,0.0708009090134094
34728,0.034950975130300405
34729,0.17453852071603793
34730,0.0
34731,0.49171265679813486
34732,0.0031320332653202386
34733,0.003700500761367807
34734,0.006086676006071151
34735,0.031154911220195303
34736,0.0732532588892163
34737,0.035171016557996274
34738,0.20631447332510428
34739,1.0
34740,0.05810598647652578
34741,0.06759959145919059
34742,0.03936061984978295
34743,0.12737520167070607
34744,0.037836934032166473
34745,0.17678985698938998
34746,0.10404185874630799
34747,0.03038867064245372
34748,0.1056426363898229
34749,0.07781809061248321
34750,0.08416657034241452
34751,0.021652833406682698
34752,0.3431120388577534
34753,0.24910383480107956
34754,0.07092390197593174
34755,0.05514546826688699
34756,0.0
34757,0.08558467941242275
34758,0.061888546146465336
34759,0.18727293590268462
34760,0.05906345388049028
34761,0.04880238306687113
34762,0.02780125256725109
34763,0.0023059824678058017
34764,0.03027085180347549
34765,0.009801283755813642
34766,0.16736688835790356
34767,0.4095790703993949
34768,0.17328097003460524
34769,0.1765946738830221
34770,0.06933836594023329
34771,0.17681797330837853
34772,0.13519093820504066
34773,0.5642649239069873
34774,0.0349548313592025
34775,0.028131367376799853
34776,0.04826523187267954
34777,0.021720173389037537
34778,0.13321221534676303
34779,0.17635929212981533
34780,0.2677270162007658
34781,0.4597847904892742
34782,0.21110576915160922
34783,0.0881913024096285
34784,1.0
34785,0.1778118854892908
34786,0.0
34787,0.17553610747533246
34788,0.21260759973330334
34789,0.042104431312359025
34790,0.06558072144185062
34791,0.25205089143231657
34792,0.0382206109370418
34793,0.013586223548720378
34794,0.004815239901878541
34795,0.035782565397821264
34796,0.07928441149398645
34797,0.21768005537867147
34798,0.222460636321721
34799,0.2331747111416927
34800,0.18092865535429378
34801,0.10468495829030793
34802,0.14766740546799492
34803,0.22526932080558598
34804,0.002021310121527263
34805,0.1854151282875014
34806,0.11136581696920975
34807,0.08255833389716999
34808,0.4119690238651189
34809,0.22864601513481178
34810,0.046948052440227886
34811,0.42994832994798876
34812,0.36862626459993475
34813,0.0
34814,0.1437192694941748
34815,0.11330353953448495
34816,0.14091287668675756
34817,0.02829022922496408
34818,0.0
34819,0.00018697592768752392
34820,0.0
34821,0.0
34822,0.05709735703525669
34823,0.08258272174510112
34824,0.051513983616187135
34825,0.03084424222590818
34826,0.24599984531763822
34827,0.749851068151012
34828,0.3047865937201523
34829,0.19832066951238791
34830,0.36083520588406065
34831,0.09557107416950052
34832,0.0066512463380330195
34833,0.04689601110017235
34834,0.052039499053409786
34835,0.17616169721584934
34836,0.25061417415989584
34837,0.06800328441989899
34838,0.009167799390012967
34839,0.06472232513081214
34840,0.09515642305677527
34841,0.039043164652745814
34842,0.026822423875039515
34843,0.048357959468984045
34844,0.026832991249265786
34845,0.03165712002545277
34846,0.06317169285989586
34847,0.08463446062942592
34848,0.22693382797558354
34849,0.06031643708446186
34850,0.13634706697735413
34851,0.5111555899439958
34852,0.5022312760979435
34853,0.19801640560729994
34854,0.1427569575301619
34855,0.06757211784011048
34856,0.041577516158807296
34857,0.010458129645697005
34858,0.16436078098698134
34859,0.016202543734908828
34860,1.0
34861,0.08894853444324448
34862,0.02233076568912258
34863,0.0932224626462411
34864,0.09499159223634206
34865,0.14384591015935042
34866,0.06544919552046911
34867,0.04822236192824665
34868,0.0
34869,0.06512653897095574
34870,0.02650005426782945
34871,0.06871844624010946
34872,0.039849348501350655
34873,0.6130738804236288
34874,0.20280564647511293
34875,0.18885694943939854
34876,1.0
34877,0.23755998995392838
34878,0.3502317897699952
34879,0.1276187169468691
34880,0.01054174243207711
34881,0.0013287903057393779
34882,0.008429125568163234
34883,0.06394281139229087
34884,0.05078014598634856
34885,0.033177560422051736
34886,0.051803738941522834
34887,0.44665599792398625
34888,0.07313059467144485
34889,0.24142475846730413
34890,0.05447882633824527
34891,0.11143904366585294
34892,0.047317391204210905
34893,0.2154594954722094
34894,0.1843295811574984
34895,0.009099509950675797
34896,0.004525479710446613
34897,0.029457693971337944
34898,0.09958331034166254
34899,1.0
34900,0.2340365977542459
34901,0.8620892245608736
34902,0.24270188507304954
34903,0.22184755705306214
34904,0.1272835505845056
34905,0.20947456930672576
34906,0.001824263234718157
34907,0.020903835192325176
34908,0.015940539040233608
34909,0.007327868488390449
34910,0.0
34911,0.14412886507279596
34912,0.11338983822886807
34913,0.10745052980133708
34914,0.27232521011495464
34915,0.011206179599214567
34916,0.016086942433177737
34917,0.254359007125935
34918,0.007523988604125029
34919,0.0
34920,0.05594071414302831
34921,0.1893379945896593
34922,0.01221523380190211
34923,0.050331216591354554
34924,0.09302698808278347
34925,0.09677999897715597
34926,0.15681440395828253
34927,0.034581981921083575
34928,0.13166562065002588
34929,0.07329222466077136
34930,0.02571214383355832
34931,0.170511343849996
34932,0.10027240694348105
34933,0.03777056283181967
34934,0.0006623638218761077
34935,0.17555122918638524
34936,0.0
34937,0.12211099371494541
34938,0.059584430538750635
34939,0.037485169450407224
34940,0.08210225480646434
34941,0.013146861251048386
34942,0.015718540133194712
34943,0.0057929596356443005
34944,0.15591333391302623
34945,0.23228814468352427
34946,0.9527635371331918
34947,0.19078485349440913
34948,0.004711368169939088
34949,0.0
34950,0.0
34951,0.02005624128031
34952,0.042696384000582864
34953,0.046075921643028345
34954,0.14969123977494722
34955,0.0
34956,0.0
34957,0.00483351699758695
34958,0.04290627022619997
34959,0.039508353551429586
34960,0.004410703473817245
34961,0.022515203379558115
34962,0.0
34963,0.08804213115175956
34964,0.04299958332309726
34965,0.3371533408169018
34966,0.0
34967,0.0
34968,0.020072501741775092
34969,0.05100267027010291
34970,0.09643061019282603
34971,0.36445314063013906
34972,0.18485342220304024
34973,0.21124356374082645
34974,0.026713615335049973
34975,0.06522707143279655
34976,0.1479083883408626
34977,0.033348705466788364
34978,0.0
34979,0.0
34980,0.3623592057579506
34981,0.05064796106374972
34982,0.0
34983,0.0
34984,0.025320534892893178
34985,0.12144266831153212
34986,0.025314626767369702
34987,0.02445427267835233
34988,0.0019963885182628905
34989,0.007579804784865153
34990,0.06275830513852247
34991,0.1794222877931084
34992,0.016708542675601956
34993,0.0
34994,0.05450255291595731
34995,0.05682904176505814
34996,0.0
34997,0.061511902767760925
34998,0.19055319880041893
34999,0.08146742405091657
35000,0.19717569225492354
35001,0.05783577203198566
35002,0.009997549053658975
35003,0.015162293680320004
35004,0.03932807748176962
35005,0.08075977590051522
35006,0.007445471681792022
35007,0.27597542823734167
35008,0.0
35009,0.18957053592285353
35010,0.0004592390348327807
35011,0.027819422781921916
35012,0.02389293309613267
35013,0.25195615071806793
35014,0.42451538667908784
35015,0.06422924913813502
35016,0.11804397075735057
35017,0.009267597596782518
35018,0.16928701911806224
35019,0.026303362458177427
35020,0.053947954340000825
35021,0.10135653899701212
35022,0.1355932689364629
35023,0.14607245749715528
35024,1.0
35025,0.0
35026,0.0791702815769344
35027,0.05492706268734635
35028,0.06096865143651467
35029,0.02386598903964086
35030,0.2398639802472889
35031,0.5770564000814323
35032,0.08335834672217746
35033,0.17978773976724136
35034,0.015729624129204818
35035,0.13267131369882726
35036,0.02034172461812402
35037,0.074744800646674
35038,0.007583379366625109
35039,0.0067222110434067475
35040,0.03309942352311499
35041,0.056114630249147576
35042,0.00913820057349494
35043,0.03037476683518554
35044,0.06823964593438007
35045,0.023291785112320027
35046,0.18121654304687945
35047,0.07192686819843738
35048,0.003334673113962622
35049,0.018167786386006947
35050,0.1037742203310482
35051,0.10830132196278075
35052,0.09117231228283298
35053,1.0
35054,0.05180553732981685
35055,0.18612495175784233
35056,0.0299246177240971
35057,0.024849894330963754
35058,0.02404142866455798
35059,0.012249433577864104
35060,0.0016322319664784824
35061,0.010308250392248431
35062,0.3503094148665906
35063,0.004010355822871241
35064,0.0
35065,0.0
35066,0.0
35067,0.03483335559470844
35068,0.16634464525186704
35069,0.059298864986097315
35070,0.15030890215512796
35071,0.0
35072,0.0
35073,0.0489528614131964
35074,0.3457720576112538
35075,0.011722914519855248
35076,0.011095715678100911
35077,0.0
35078,0.002295399609024783
35079,0.027039020378648387
35080,0.0
35081,0.00453897421739741
35082,0.18299972910565004
35083,0.03176146868900675
35084,0.04279581713795419
35085,0.10812713360437037
35086,0.12167776742353381
35087,0.1389444922485024
35088,0.10766465581489126
35089,0.07101744591673828
35090,0.01941499533787858
35091,0.10028982845491727
35092,0.031581225248195226
35093,0.12643532439162
35094,0.14740394583401015
35095,0.13686147522896552
35096,0.02394401682287097
35097,0.00011859661498086719
35098,0.0
35099,0.021322401279325116
35100,0.00828076454074608
35101,0.008843606787637888
35102,0.030663474291198946
35103,0.012163062330364675
35104,0.0
35105,0.018600814129699123
35106,0.08888307337792553
35107,0.03881959390594301
35108,0.14687131200811449
35109,0.0
35110,0.22548843974697283
35111,0.0
35112,0.3484673018335677
35113,0.0
35114,0.0
35115,0.0
35116,0.0
35117,0.011578909532658924
35118,0.0
35119,0.01750157049428795
35120,0.017251096370857744
35121,0.0
35122,0.0008395262413124988
35123,0.10807592625091281
35124,0.028177945074003084
35125,0.04672262073353324
35126,0.0
35127,0.0
35128,0.03756192880938193
35129,0.0
35130,0.007477086368408439
35131,0.16424556272490531
35132,0.015409868676452207
35133,0.027923753091523586
35134,0.0
35135,0.013915263353840376
35136,0.07168046391214085
35137,0.0
35138,0.0005877942426905032
35139,0.0
35140,0.0
35141,0.3748895662006986
35142,0.07561882212768696
35143,0.04970250877927522
35144,0.14567387601311096
35145,0.06073205877303694
35146,0.032043902755726175
35147,0.10824563311479841
35148,0.012328322366089831
35149,0.13670454772835092
35150,0.13507270494797347
35151,0.0016510996878826589
35152,0.01841407274877227
35153,0.0832669076078918
35154,0.056082305031648225
35155,0.017128439870092823
35156,0.0
35157,0.14497034061042866
35158,0.06888036998668251
35159,0.28798068201548493
35160,0.0058071876012594364
35161,0.0
35162,0.012196650854295348
35163,0.04055874121286723
35164,0.011615893103305354
35165,0.006680550590536198
35166,0.022281708866080836
35167,0.08364826605433669
35168,0.01503505152377972
35169,0.042132362045441796
35170,0.32689060780664386
35171,0.2132113476730406
35172,0.05384741389855652
35173,0.18353439805837005
35174,0.015017764944784934
35175,0.0
35176,0.0
35177,0.1041713340353366
35178,0.0980985185945997
35179,0.0351656994949653
35180,0.0
35181,0.0
35182,0.0
35183,0.09966692890468198
35184,0.1342591618042444
35185,0.02869857067306257
35186,0.021806052466381957
35187,0.3340005570471922
35188,0.023110162546112135
35189,0.14862939595308813
35190,0.04353513610254172
35191,0.17972615661170183
35192,0.181987570747584
35193,0.0
35194,0.013843669070918347
35195,0.0
35196,0.17734256596677062
35197,0.10610555067212332
35198,0.36326467338361934
35199,0.0
35200,0.31534680713163
35201,0.16360048414107123
35202,0.1711542588128876
35203,0.014546464359889155
35204,0.01225301000182827
35205,0.23678072078679074
35206,0.01948471978224197
35207,0.8260877579084392
35208,0.29519429357084326
35209,0.030167056244871156
35210,0.36585813196803674
35211,0.06165375464318007
35212,0.016672085980711286
35213,0.06013169560907997
35214,0.010074134080961127
35215,0.019799342216169746
35216,0.004381268916990321
35217,0.08356814704306804
35218,0.34012619979725617
35219,0.5766337060579243
35220,0.5295384415790145
35221,0.0
35222,0.046379269440375334
35223,0.0
35224,0.05963785305966398
35225,0.21350368114532378
35226,0.0
35227,0.014146449642586925
35228,0.05419022702138862
35229,0.055217965968906296
35230,0.11234458857780041
35231,0.20927554028744402
35232,0.004243000332288972
35233,0.3373513124551722
35234,0.18686950573546754
35235,0.20500938151304773
35236,0.7007748169286933
35237,0.11491402304905994
35238,0.4395169217087674
35239,0.0
35240,0.08518204580915087
35241,0.30949706472082683
35242,0.0477777072240484
35243,0.10034306235243433
35244,0.002700084019355819
35245,0.1706842403003114
35246,0.04328858048005606
35247,0.08509291362980834
35248,0.16440159066690269
35249,0.03192976748819975
35250,0.0
35251,0.12123709572502563
35252,0.2450059770859041
35253,0.04126363073548192
35254,0.0642800693811713
35255,0.06488473674385764
35256,0.08371220628727898
35257,0.006223288300745063
35258,0.012305218777868025
35259,0.08371311764378182
35260,0.12899570140215288
35261,0.04895941449285626
35262,0.16677188012290609
35263,0.0
35264,0.04658922912688245
35265,0.06771240155012193
35266,0.02401013832643773
35267,0.0
35268,0.04054111246632933
35269,0.386790654186608
35270,0.13342888019375343
35271,0.168847277527988
35272,0.43906991414078494
35273,0.5187359803656609
35274,0.1089760843802068
35275,0.12074728024670944
35276,0.04528074882537814
35277,0.05119634684207174
35278,0.07917459561419275
35279,0.16184208522952806
35280,0.018025124952686516
35281,0.24547894232522635
35282,0.3954069785761768
35283,0.12651286827776073
35284,0.05075086896646062
35285,0.03846770804377826
35286,0.0432959302553192
35287,0.3092284511916686
35288,0.0033755841863742945
35289,0.04286279423611991
35290,0.1430274737957827
35291,0.27618640353856955
35292,0.555512957673728
35293,0.18406226533154596
35294,0.032536249225762134
35295,0.0
35296,0.05179526097689959
35297,0.11794569227818692
35298,0.0
35299,0.03507952106089616
35300,0.0
35301,0.15735755286566475
35302,0.18367155627538664
35303,0.10184157360003443
35304,0.13607666211521008
35305,0.08191937523832972
35306,0.04992011760257957
35307,0.02555357927818013
35308,0.04361238036271252
35309,0.03151616511271405
35310,0.14369069545115762
35311,0.04344336799981124
35312,0.05723225406050089
35313,0.0
35314,0.008527826861387327
35315,0.04512557385316368
35316,0.0
35317,0.010395578280796259
35318,0.02564906759224329
35319,0.04880886179348369
35320,0.02556987983416357
35321,0.11191148041822468
35322,0.47789631956773393
35323,0.3424268256215936
35324,0.06445873914875198
35325,0.026377286414015672
35326,0.02419059167390321
35327,0.1615567474355553
35328,0.07718076650530019
35329,0.0
35330,0.08054969535383003
35331,0.008048868702826338
35332,0.07062962003226578
35333,0.19053243668742034
35334,0.02526634663443054
35335,0.011018716564748066
35336,0.0
35337,0.05098372187885355
35338,0.046066478682947165
35339,0.18260458832727172
35340,0.07267533038028505
35341,0.1945537935256764
35342,0.04188190339764224
35343,0.024144113612794657
35344,0.015558897178196003
35345,0.03252482295185377
35346,0.028475988807145105
35347,0.0
35348,0.19071582062765022
35349,0.06433510167579724
35350,0.3777142032500586
35351,0.1060684307912089
35352,0.018897510564785752
35353,0.11589635884394273
35354,0.03851072926637327
35355,0.07377552985380922
35356,0.02188851888853826
35357,0.0
35358,0.10043323319811487
35359,0.0401172212840751
35360,0.015837612026230075
35361,0.07011178970447542
35362,0.028016569191002868
35363,0.06988500207177817
35364,0.04800889705523082
35365,0.08038467300555473
35366,0.18315840065065472
35367,0.25807557228563577
35368,0.049143682474962716
35369,0.011088918354682672
35370,0.09011580537848457
35371,0.023639304204325022
35372,0.0541378755387261
35373,0.12463357273058517
35374,0.1377386172739288
35375,0.11847497843157882
35376,0.006764907566230968
35377,0.10655556750946621
35378,0.008335974921238984
35379,0.006844711135462204
35380,0.014019344887159816
35381,0.015081053403789239
35382,0.22498287616498897
35383,0.0
35384,0.0
35385,0.07672569039386926
35386,0.06452310991931937
35387,0.023313462859503684
35388,0.006938483409753461
35389,0.06180854125317412
35390,0.04935733024560414
35391,0.10791891717100813
35392,0.07467736917292686
35393,0.20810280493167316
35394,0.18087448373008366
35395,0.19075707171287867
35396,0.0
35397,0.09692964495273564
35398,0.035933265853181
35399,0.060340137253290925
35400,0.08967870965666384
35401,0.039471804442397396
35402,0.009107213045666052
35403,0.13172699535812957
35404,0.0304395368561035
35405,0.11504488657477108
35406,0.005455323210350023
35407,0.07049328355166401
35408,0.0
35409,0.003995630858398369
35410,0.020987544865178308
35411,0.09423547106510449
35412,0.016043500716883617
35413,0.028582136621092637
35414,0.20253301100794738
35415,0.04015675073103954
35416,0.09896721990921155
35417,0.48046089637335176
35418,0.0604765995761498
35419,0.07424763075022395
35420,0.054882940603732
35421,0.11835179259240247
35422,0.05669205462902708
35423,0.07871064321434953
35424,0.049176387532365716
35425,0.19283125846862567
35426,0.11806179941583372
35427,0.05445815836731945
35428,0.032287486825491846
35429,0.06013308283510466
35430,0.0
35431,0.03957931331611509
35432,0.020470564892686925
35433,0.0
35434,0.032700927848476585
35435,0.36821753150179704
35436,0.04622047933368803
35437,0.04773580119317089
35438,0.06505928864366876
35439,0.7376237224473927
35440,0.11575363459320583
35441,0.0066038500233260074
35442,0.05834076828718556
35443,0.049073766849061354
35444,0.18680354568332655
35445,0.3274958917470167
35446,0.05808894401221413
35447,0.061049643098927936
35448,0.13475371393439617
35449,0.06597510350676852
35450,0.14964847997687128
35451,0.028805212319842847
35452,0.18376493427045773
35453,0.030876783834134235
35454,0.07145306640030905
35455,0.001054681708057847
35456,0.009194695527667602
35457,0.08466412249776883
35458,0.025993634553136594
35459,0.01852218122830965
35460,0.0792025589685879
35461,0.06701915228977702
35462,0.2020720584147828
35463,0.034212036791810105
35464,0.01738524261538112
35465,0.08156210078952028
35466,0.12124488988006238
35467,0.18612786994035
35468,0.06481121767795492
35469,0.06447090260550316
35470,0.053469615252524784
35471,0.05381644289276115
35472,0.6218070891592515
35473,0.003934511201962616
35474,0.1145961425238868
35475,0.3567625173931485
35476,0.1601561743845999
35477,0.0
35478,0.0
35479,0.0
35480,0.03251549423376361
35481,0.047919903105113605
35482,0.2550785563365677
35483,0.20119228398965802
35484,0.05071201302350016
35485,0.07549988229363262
35486,0.0848673971091067
35487,0.07287481505722274
35488,0.11164145757450467
35489,0.1680705540553844
35490,0.22261527911662393
35491,0.08920618548404999
35492,0.0
35493,0.03163524448541091
35494,0.05919421952908133
35495,0.13866291761257307
35496,0.09530771330715528
35497,0.28670299533908195
35498,0.9287496528968101
35499,0.043275427965201875
35500,0.242324933055773
35501,0.0038303128437368983
35502,0.0254229555346992
35503,0.1996642584411505
35504,0.04728639782044565
35505,0.03150419610835065
35506,0.01375981503060891
35507,0.0747147492871605
35508,0.0
35509,0.4289294584498594
35510,0.0195224935114696
35511,0.06277326900251141
35512,0.2437007748609886
35513,0.1271626080597539
35514,0.2397151031847042
35515,0.23034574534442281
35516,0.2473267170768018
35517,0.0
35518,0.22226858368691815
35519,0.18118109913341673
35520,0.0955796463161274
35521,1.0
35522,0.4463713204869562
35523,0.3295783498269951
35524,0.011877841129936059
35525,0.12027725390505338
35526,0.0855315481684979
35527,0.07324959624319483
35528,0.028137514711182577
35529,0.0
35530,0.009165962892875868
35531,0.049809427816338736
35532,0.0
35533,0.005846094264961587
35534,0.01036937488003362
35535,0.04885690230043625
35536,0.09282069130711307
35537,0.08233950849425234
35538,0.07462250782753642
35539,0.0646509266350219
35540,0.17432020668056428
35541,0.1062563111492496
35542,0.0
35543,0.13592624765838807
35544,0.26506083524705565
35545,0.0
35546,0.07945336301075637
35547,1.0
35548,1.0
35549,0.8230817756420563
35550,0.0
35551,0.03613268163188578
35552,0.037670212592777724
35553,0.13595182406440956
35554,0.4460843047084152
35555,0.09477236253642521
35556,0.018849352487911846
35557,0.040075575344155207
35558,0.021024315188844844
35559,0.03511960262551702
35560,0.04956494593670481
35561,0.0013908732836218627
35562,0.3258069716491996
35563,0.00820789549500055
35564,0.015542999204263348
35565,0.0672687657973916
35566,0.0567930998804189
35567,0.034363268302112546
35568,0.020973928805498893
35569,0.2026744782339582
35570,0.08427413340975264
35571,0.020314266645502836
35572,0.21335923862980613
35573,0.1342898878012207
35574,0.09191949684108632
35575,1.0
35576,1.0
35577,0.6976586099522686
35578,0.0
35579,0.0688685450641361
35580,0.0
35581,0.0038417864551463466
35582,0.49660035339602476
35583,0.04094338011933761
35584,0.20701561677389968
35585,0.06290338325820392
35586,0.14481528359941284
35587,0.008386095453735642
35588,0.04998148278838875
35589,0.07096886109315004
35590,0.11814056247414244
35591,0.33792861645572775
35592,0.31382071480138135
35593,0.558032866120366
35594,0.07978647364764185
35595,0.10111374222377409
35596,0.05359000920251518
35597,0.06035805460733117
35598,0.04542231222888303
35599,0.04686364842720467
35600,0.01196377921876009
35601,0.008559780854997891
35602,0.11261914772692268
35603,0.21915809336575126
35604,0.06467876383642295
35605,0.15735915638298617
35606,0.011605978460704141
35607,1.0
35608,0.9967738180652366
35609,0.9907432547507266
35610,0.06367567922033812
35611,0.06306357892881229
35612,0.060444602787996224
35613,0.37410534439183024
35614,0.0
35615,0.008728625283080249
35616,0.004797456340584412
35617,0.007301608840785037
35618,0.014608350612918443
35619,0.039082937224524446
35620,0.045590393635281765
35621,0.18246083805593838
35622,1.0
35623,0.04007230085088388
35624,0.060479003023525
35625,0.06887459853207265
35626,0.08368699435077091
35627,0.03745215062020678
35628,0.1761131001911798
35629,0.08662048209653303
35630,0.04504996535995117
35631,0.08798360389079972
35632,0.10634255714403985
35633,0.11585471027931786
35634,0.03588444765017548
35635,0.0003109644606704501
35636,0.33137463034769765
35637,0.3107682511602775
35638,0.22348527863114198
35639,0.05454885380508557
35640,0.07122422397871482
35641,0.17728344089686585
35642,0.012071841301777847
35643,0.028063380927780695
35644,0.008407417665751609
35645,0.007134101069476371
35646,0.05228683637282747
35647,0.03925090700207144
35648,0.17547494176792042
35649,0.3823917039385049
35650,0.05524944728594949
35651,0.13348128053585306
35652,0.12074785751548844
35653,0.12032345200633003
35654,0.11436789240504258
35655,0.5699866434568063
35656,0.030699946317464245
35657,0.08650158875135625
35658,0.031197701809311692
35659,0.04447446114324925
35660,0.14967852939415352
35661,0.22525948606001894
35662,0.2662211967328856
35663,0.47596095338870825
35664,0.22821608260595577
35665,0.05996838055937353
35666,1.0
35667,0.17579723036878647
35668,0.0
35669,0.1112281469382623
35670,0.21899216285601394
35671,0.030657975858663346
35672,0.03662249001694449
35673,0.2764685514566997
35674,0.01545088839412695
35675,0.014861231067873269
35676,0.030283088405562396
35677,0.023637238751593334
35678,0.0997885468335234
35679,0.2151363881022602
35680,0.21671789083411164
35681,0.2228066682621711
35682,0.15442751260089627
35683,0.12177214409415929
35684,0.13563758365972123
35685,0.29511931326388546
35686,0.025556991841514852
35687,0.19100142441967768
35688,0.08863140389291782
35689,0.05699467983107486
35690,0.6021143057549816
35691,0.25787199350453377
35692,0.02801058149660887
35693,0.42860001396161285
35694,0.3480152910069946
35695,0.0
35696,0.09564266374088626
35697,0.08406190100468189
35698,0.06548454781661286
35699,0.04541128119536925
35700,0.007639775889626969
35701,0.01538571713133623
35702,0.028089477106636278
35703,0.06662349636495335
35704,0.06740943094690723
35705,0.07896982281658507
35706,0.23449509203338922
35707,0.6986064962924531
35708,0.24091554676406438
35709,0.17983039624864341
35710,0.349511414356353
35711,0.0757617866495092
35712,0.06750714294080791
35713,0.034740668833623006
35714,0.06498268712658979
35715,0.2643556022712421
35716,0.06269373916679673
35717,0.02241686418909003
35718,0.07264401987656159
35719,0.08752128494712832
35720,0.00632677279152718
35721,0.05674569534782181
35722,0.019407526680085534
35723,0.025516119364799913
35724,0.008857542277174625
35725,0.022326818221658728
35726,0.0
35727,0.02722035589386072
35728,0.04009402724713592
35729,0.0445482955659255
35730,0.03420623181893903
35731,0.16991677379191683
35732,0.16875067245231412
35733,0.12121924374431832
35734,0.6593636046685618
35735,0.44490426954867784
35736,0.18788145291092673
35737,0.15670228908491482
35738,0.03086022620267385
35739,0.0257582160018383
35740,0.03860135019736767
35741,0.17067724988194277
35742,0.016564667716519276
35743,0.029390070903874167
35744,1.0
35745,0.08090281079394465
35746,0.016432260988002042
35747,0.04776107653830181
35748,0.13118157019921736
35749,0.17444771593598135
35750,0.05227248662629912
35751,0.06451047049424113
35752,0.0
35753,0.04388693882442921
35754,0.02429928346315985
35755,0.06834125066811458
35756,0.05857452368781756
35757,0.6679665062051925
35758,0.2212740702077928
35759,0.19137623586782368
35760,1.0
35761,0.23753063302182295
35762,0.3617392413681192
35763,0.18066932885077205
35764,0.02457011487757727
35765,0.013257724496110611
35766,0.017840506233123693
35767,0.10509137780135142
35768,0.08333708057768187
35769,0.07281515350639661
35770,0.005119297744563734
35771,0.325328652535419
35772,0.09105722608680189
35773,0.3043970426141105
35774,0.036266960651666506
35775,0.10091675672995556
35776,0.11954071843472044
35777,0.1644887597323332
35778,0.19479608433213041
35779,0.03694603106903368
35780,0.0
35781,0.010306571722560269
35782,0.010290770416076633
35783,0.023602487803697045
35784,0.09999030074664537
35785,1.0
35786,0.19518262681040868
35787,0.7703672964422547
35788,0.23882671001425215
35789,0.21756455036376315
35790,0.12366013744004829
35791,0.24349228540360948
35792,0.03812878759620228
35793,0.01690867158225465
35794,0.012507332018599326
35795,0.04355448432421165
35796,0.0
35797,0.09390589878704338
35798,0.04914830076902286
35799,0.08079466450643326
35800,0.28629316524006726
35801,0.014850761999238769
35802,0.07453347542629345
35803,0.40003647412119486
35804,0.02100355548181039
35805,0.005602815000342748
35806,0.054702859324153634
35807,0.18626109655635653
35808,0.0
35809,0.05004305094762666
35810,0.11406512383452606
35811,0.09051646905492748
35812,0.16326473043123077
35813,0.0
35814,0.10224023349093067
35815,0.10775012460032961
35816,0.033386476664967656
35817,0.11604755581196087
35818,0.0
35819,0.15640557922654175
35820,0.01829305516826796
35821,0.014074918598635112
35822,0.17632160206517097
35823,0.0
35824,0.02801758639149835
35825,0.14908936682934135
35826,0.04445160481538591
35827,0.08638208323622668
35828,0.04192478208874925
35829,0.043265016402457626
35830,0.009171844720889834
35831,0.14561490578863567
35832,0.270926474542575
35833,0.855419100739508
35834,0.19126380997513748
35835,0.0243529554138281
35836,0.0
35837,0.0
35838,0.015956734282357932
35839,0.024584712138050253
35840,0.0402192645707902
35841,0.05151369989338618
35842,0.1761055447531359
35843,0.012831758362504034
35844,0.019643261974041475
35845,0.05328467454369337
35846,0.03492492817886881
35847,0.0
35848,0.07894602789226565
35849,0.05490052055620213
35850,0.3222310874751547
35851,0.010548438062361762
35852,0.015617927603815808
35853,0.06155364291075121
35854,0.08357561416344599
35855,0.3983146145023723
35856,0.21879770304595933
35857,0.05108367795476809
35858,0.035168664891132524
35859,0.23190497007699767
35860,0.05593264123700336
35861,0.05219916550703868
35862,0.14153008432037673
35863,0.09308903933560014
35864,0.0
35865,0.0
35866,0.0
35867,0.3283579616390414
35868,0.012325818573177631
35869,0.0
35870,0.027879620528728007
35871,0.08348462222460558
35872,0.012944121112799025
35873,0.013261610044083395
35874,0.0
35875,0.023692147389092293
35876,0.03318258218692201
35877,0.1683605877054789
35878,0.01206409392322156
35879,0.04082177745880983
35880,0.08664254365227722
35881,0.018061415168138202
35882,0.09987992430620954
35883,0.11941515465564155
35884,0.03634940979899937
35885,0.19718993041021635
35886,0.05909214269572928
35887,0.021114847121517896
35888,0.011230109071695086
35889,0.05034160329546731
35890,0.09834251351634231
35891,0.03088672799575774
35892,0.24086649625609696
35893,0.34355924151532563
35894,0.008744337331339483
35895,0.05975444632826084
35896,0.037575559216508105
35897,0.003421354173923771
35898,0.2182258775586139
35899,0.4296324621399444
35900,0.04548435240915801
35901,0.11535539014557218
35902,0.11967408491346568
35903,0.055892181583904445
35904,0.1001503519091508
35905,0.153947899652874
35906,0.0684933234973853
35907,0.11140505646313108
35908,1.0
35909,0.0937474750901469
35910,0.0658396137057713
35911,0.050041614990981816
35912,0.029471003382590993
35913,0.20959234514015582
35914,0.4297137697938935
35915,0.051946510385683334
35916,0.1861451378243588
35917,0.020765183392228177
35918,0.18047393726081223
35919,0.005140628261032989
35920,0.06531833972426418
35921,0.017244757622451083
35922,0.01677844841949659
35923,0.07131310491902143
35924,0.06860811561608889
35925,0.026430386340922433
35926,0.13787976040799707
35927,0.004443876004130395
35928,0.0290870368900593
35929,0.19748162379799736
35930,0.03766829153228938
35931,0.04708589946285471
35932,0.007747592788969754
35933,0.0
35934,0.13066609198991305
35935,0.16371232563085283
35936,1.0
35937,0.07174417320852636
35938,0.17571247410811947
35939,0.07750093371850143
35940,0.03437500575308938
35941,0.04023486067479289
35942,0.018330566412269673
35943,0.0051779903093428226
35944,0.3519278685351858
35945,0.0017579653941516963
35946,0.0
35947,0.0
35948,0.029517426502921957
35949,0.0
35950,0.07952419182400798
35951,0.12847552293025688
35952,0.05647401530963448
35953,0.11364539702198963
35954,0.0448946124595569
35955,0.0
35956,0.0
35957,0.05135739700410284
35958,0.31878304995600915
35959,0.028797368217135137
35960,0.0
35961,0.010534454666094348
35962,0.03222606666318953
35963,0.020613866166607
35964,0.0
35965,0.19702348812580067
35966,0.05997379104351347
35967,0.0
35968,0.0
35969,0.09689089237050127
35970,0.13698976192468187
35971,0.16540814754873692
35972,0.08367171991969558
35973,0.03821281889571858
35974,0.0071342489831978054
35975,0.08490243177734534
35976,0.02299124589122812
35977,0.09541399799725571
35978,0.162832928257323
35979,0.18610941249034288
35980,0.0
35981,0.012797314827564193
35982,0.012133238479773652
35983,0.0
35984,0.01769834000082875
35985,0.009997189694285796
35986,0.0
35987,0.0
35988,0.021580828361575388
35989,0.012702865377401975
35990,0.05780699681419225
35991,0.021049679568430863
35992,0.06929471956343845
35993,0.12345310753216196
35994,0.22737232382879166
35995,0.0
35996,0.34421132894170897
35997,0.0
35998,0.0
35999,0.017475017079709238
36000,0.03140132155690114
36001,0.012136333636141246
36002,0.006183157869048538
36003,0.0006676720856120315
36004,0.0
36005,0.057655112668982565
36006,0.022966612259428764
36007,0.1122505058839193
36008,0.036172494097311776
36009,0.014934195178645008
36010,0.0
36011,0.02557309944313547
36012,0.14454929203723
36013,0.01791840233838615
36014,0.07349167483924159
36015,0.0
36016,0.030786913258314237
36017,0.03705426606300077
36018,0.10197186904188782
36019,0.0
36020,0.35844943693839865
36021,0.10338862618328008
36022,0.11087899328001048
36023,0.09441184309811242
36024,0.0
36025,0.07419619372938997
36026,0.04161541701319332
36027,0.08910781568991509
36028,0.023823351273731867
36029,0.13228115437881285
36030,0.14244147580973246
36031,0.0
36032,0.0137899792362024
36033,0.06900607359748537
36034,0.054696901164362495
36035,0.027313781328795306
36036,0.023907226599237094
36037,0.13896605518758734
36038,0.07691150729190285
36039,0.2658290494293606
36040,0.021570248665075904
36041,0.0
36042,0.0
36043,0.0
36044,0.04346918560922709
36045,0.010836494830399434
36046,0.03101570559408654
36047,0.0
36048,0.0
36049,0.30704294344556243
36050,0.24143865378962837
36051,0.03809571733761436
36052,0.12421563962537578
36053,0.0
36054,0.05624043508759556
36055,0.057175455146673625
36056,0.03591664211295085
36057,0.0
36058,0.06706472753092296
36059,0.0247627476192531
36060,0.11882083624202927
36061,0.020282147568403533
36062,0.041551982122225675
36063,0.04216642031197219
36064,0.050183879256856787
36065,0.29235793341895394
36066,0.0
36067,0.06187865781185372
36068,0.07100347132289053
36069,0.19226759978101798
36070,0.1709523424653945
36071,0.010893015795795519
36072,0.007706111073419883
36073,0.0
36074,0.18472007791798462
36075,0.0
36076,0.3663242378143936
36077,0.0
36078,0.11387608327431475
36079,0.11480644932353817
36080,0.25437593954493454
36081,0.005904208295271978
36082,0.19013690598208263
36083,0.9199324875746924
36084,0.2524181466900642
36085,0.061660056208828015
36086,0.03881290040909793
36087,0.33232999391933316
36088,0.0350442713290327
36089,0.02056876886064853
36090,0.08442577996974147
36091,0.027702672129043093
36092,0.0
36093,0.07815607124430526
36094,0.2141288862600739
36095,0.6480618296489987
36096,0.5537399491943475
36097,0.08086193525108777
36098,0.1324896925492399
36099,0.07838144047607586
36100,0.14470341397063008
36101,0.024055853078081647
36102,0.07134929210808905
36103,0.047455483155842
36104,0.08822539721263337
36105,0.1098921563385676
36106,0.3621897243886516
36107,0.05130582151174467
36108,0.028072540590193956
36109,0.6236090095208978
36110,0.11369028539535103
36111,0.0
36112,0.3668688936262313
36113,0.0
36114,0.08751635252238027
36115,0.25900250209970693
36116,0.037685566938982056
36117,0.1054143965362829
36118,0.04427416558244818
36119,0.11497325823173334
36120,0.11353807481619745
36121,0.10412717829863542
36122,0.1640085291699369
36123,0.0
36124,0.04794823211168953
36125,0.16196858412890486
36126,0.28149129728138467
36127,0.06444269315550263
36128,0.020605632528943
36129,0.06291834556483894
36130,0.08393529008322653
36131,0.11468078964295048
36132,0.051629777157563936
36133,0.0
36134,0.03340259765768865
36135,0.25861054020588925
36136,0.06456729407016214
36137,0.12775192164928953
36138,0.09647159149561159
36139,0.08125354223664141
36140,0.0
36141,0.4423166771737832
36142,0.16961519237806208
36143,0.10133274292642674
36144,0.3341828330409538
36145,0.40979808426844316
36146,0.10005093849114675
36147,0.07769825256522789
36148,0.0
36149,0.04069037561613991
36150,0.07753166436468606
36151,0.08827609510454817
36152,0.047653436000010735
36153,0.030276641168766574
36154,0.31956996607793126
36155,0.47936433517887705
36156,0.1250010989898556
36157,0.09493868044828487
36158,0.0
36159,0.011199841607312555
36160,0.04498603825606378
36161,0.36003676747761704
36162,0.0
36163,0.0003103880806190696
36164,0.0
36165,0.06392627870900819
36166,0.016663338902119205
36167,0.30685032031402193
36168,0.562562254895652
36169,0.13357665376574573
36170,0.020111268572960965
36171,0.03662189103869014
36172,0.08972677975092919
36173,0.13464283242858263
36174,0.0
36175,0.03317968904251558
36176,0.002450750417287912
36177,0.1545533913540544
36178,0.20687389028670802
36179,0.14234565467561658
36180,0.14991440598025418
36181,0.06052850328089986
36182,0.06652378145961721
36183,0.023758156327516666
36184,0.036810391803151814
36185,0.02559792239984598
36186,0.1365088594027097
36187,0.061791712469772046
36188,0.10003554610370459
36189,0.0
36190,0.016791898322952078
36191,0.02266837559093123
36192,0.011247548112715616
36193,0.01432762869191168
36194,0.022316827795906408
36195,0.03656760345522251
36196,0.019422274325668107
36197,0.07423421779420496
36198,0.5203701040419856
36199,0.35293813243735617
36200,0.031436077947717876
36201,0.047793390882449494
36202,0.014236379778091144
36203,0.16368102831703013
36204,0.1136111568847616
36205,0.0
36206,0.12582268001081956
36207,0.0
36208,0.06150012259453189
36209,0.25525339758235166
36210,0.0066149312236691024
36211,0.0312840861587223
36212,7.04905537592106e-05
36213,0.018095984641298548
36214,0.05851377126525187
36215,0.18255336338746175
36216,0.0647962208003461
36217,0.17618509388945192
36218,0.06011067605008909
36219,0.044020751905758375
36220,0.008635805702386746
36221,0.02654651589023979
36222,0.037202164419048805
36223,0.2168355931593506
36224,0.09949457742488217
36225,0.35375200794804146
36226,0.0949921706547721
36227,0.08674011437910085
36228,0.031278357727101684
36229,0.0415103132842994
36230,0.054034289220082445
36231,0.047069331372571764
36232,0.013327893924874743
36233,0.07001060552796462
36234,0.030421393229868088
36235,0.07253893287258158
36236,0.07371978744928846
36237,0.07415452752950863
36238,0.06401975261680702
36239,0.31935562075138507
36240,0.03424713123350611
36241,0.00758450597942521
36242,0.05175669676505687
36243,0.0031599531973629815
36244,0.017807994957175
36245,0.08297028080299956
36246,0.04878561907476113
36247,0.08421531458183841
36248,0.0
36249,0.12246566985956951
36250,0.024313649869779422
36251,0.014724080148267898
36252,0.0025712863778630758
36253,0.23689834851877414
36254,0.01209838993330905
36255,0.02677165732204518
36256,0.08562226179765611
36257,0.04623443138298871
36258,0.01681466334377162
36259,0.014542324428229569
36260,0.0599750493851861
36261,0.07772117602784619
36262,0.06529303819878877
36263,0.08869016424747476
36264,0.20079510915607363
36265,0.17817682194500092
36266,0.17842429660574183
36267,0.0
36268,0.08381694295196565
36269,0.043882239271756884
36270,0.0725121499596409
36271,0.10184355923944716
36272,0.01279538867649361
36273,0.013750402897182315
36274,0.06884293829974844
36275,0.1264739793987309
36276,0.006241931219685456
36277,0.06716814844919991
36278,0.041765088549439944
36279,0.0853000917107114
36280,0.016956220212668245
36281,0.04473746272953506
36282,0.19612956506904797
36283,0.046112803469539075
36284,0.04944362783392428
36285,0.5425409239850777
36286,0.07082178060109401
36287,0.08704008442295179
36288,0.04518282723609808
36289,0.05768098765338419
36290,0.044316069376374584
36291,0.07896403321374154
36292,0.07457553066182719
36293,0.0
36294,0.04520051513826463
36295,0.1972730714218411
36296,0.10513020939427015
36297,0.05959623764855929
36298,0.0
36299,0.03561395670497518
36300,0.013286097839112923
36301,0.0033504079347467172
36302,0.0
36303,0.040108555870309384
36304,0.45242296137143045
36305,0.04026728613350668
36306,0.05462639023223353
36307,0.04936154503737093
36308,0.7981591632194188
36309,0.10053326118332688
36310,0.0038012785592959953
36311,0.08846663330864987
36312,0.0507592321596009
36313,0.18510334756201102
36314,0.33462110211028817
36315,0.05463207269047115
36316,0.035173940505005705
36317,0.11065696837457789
36318,0.08563126621228075
36319,0.05846263238747123
36320,0.16613931527706782
36321,0.0114493408995312
36322,0.05499651432880767
36323,0.0
36324,0.05674626958242973
36325,0.0019427976476354984
36326,0.020789083412356038
36327,0.027475465859985823
36328,0.039228983036507604
36329,0.03375675739712804
36330,0.0686994959681616
36331,0.07450889491327885
36332,0.21721894485994786
36333,0.06463436690926759
36334,0.011679076483391873
36335,0.08487923222564667
36336,0.1335354176091964
36337,0.17301283330024717
36338,0.05273006425910267
36339,0.058510002695353405
36340,0.0540200332231428
36341,0.05084831149144695
36342,0.4959712591919781
36343,0.0032882908235211577
36344,0.0895466416585857
36345,0.35606644871028886
36346,0.18335625246201104
36347,0.0
36348,0.0
36349,0.007827662148496355
36350,0.04040081412361266
36351,0.01225203065538651
36352,0.206545737428769
36353,0.18862116207650778
36354,0.05964761636164519
36355,0.07470492586554107
36356,0.12414216789182037
36357,0.05956933287314564
36358,0.08024027965223975
36359,0.2100218021240172
36360,0.23936640412980997
36361,0.06275080959111164
36362,0.050735115171553026
36363,0.15023202829003687
36364,0.06612707462964251
36365,0.344278030852328
36366,0.9630110494688909
36367,0.06488174290535716
36368,0.2413632619949594
36369,0.0
36370,0.036582027623379816
36371,0.2374165377496484
36372,0.045709012153185555
36373,0.04780227637310667
36374,0.012766471286319093
36375,0.06611744229325557
36376,0.0
36377,0.47036739099381064
36378,0.039943103963352045
36379,0.08946603492559888
36380,0.23992957938694792
36381,0.10279718521214619
36382,0.21012693909439728
36383,0.20639426582349438
36384,0.18009171838708413
36385,0.0
36386,0.19148474108282945
36387,0.07274169880514954
36388,0.09603708548682846
36389,1.0
36390,0.35181504684977644
36391,0.3306243909512901
36392,0.010592097425671618
36393,0.1699442505298047
36394,0.08671420695290613
36395,0.021068836475733675
36396,0.023457157355000428
36397,0.0
36398,0.0
36399,0.02489792185950843
36400,0.012791375682061784
36401,0.01565590229561485
36402,0.033144798628624586
36403,0.06605911911652533
36404,0.05780300681303581
36405,0.08067320015440287
36406,0.07231005924227966
36407,0.09904343362888733
36408,0.07583944714507308
36409,0.014420634554910524
36410,0.08573147716526346
36411,0.2979539729557038
36412,0.05978246864940337
36413,1.0
36414,1.0
36415,0.6851893223646521
36416,0.0
36417,0.030824178236279906
36418,0.08948942202019688
36419,0.4229777714635697
36420,0.125985226588491
36421,0.007036142254802246
36422,0.05659168751987666
36423,0.0007379884430534764
36424,0.013750974650188935
36425,0.04016106603000154
36426,0.024511339068483216
36427,0.0446417589169395
36428,0.3515163674037783
36429,0.0
36430,0.020535287558975192
36431,0.0580919480155669
36432,0.0481198267402336
36433,0.025691562690135707
36434,0.027046366157519503
36435,0.22453661500193828
36436,0.06396876021358154
36437,0.14972776366013724
36438,0.1125469792091423
36439,0.09421155649498808
36440,1.0
36441,1.0
36442,0.548903645839726
36443,0.009122660201244458
36444,0.061538924000416
36445,0.0
36446,0.0036637726957134027
36447,0.337020664862526
36448,0.021505680973526824
36449,0.19067320189964354
36450,0.08734970553671376
36451,0.16196915174968995
36452,0.00534776057560543
36453,0.11215547247243574
36454,0.08368178743356024
36455,0.10033744316447592
36456,0.3635646760450602
36457,0.33865857889731715
36458,0.5658049084637915
36459,0.11200677014090071
36460,0.09323549674595658
36461,0.031492656809115345
36462,0.05802464740356011
36463,0.056731785905581596
36464,0.04489956726638503
36465,0.02808222839251559
36466,0.11876177306476868
36467,0.16654719387379702
36468,0.088977476292826
36469,0.11337102980337382
36470,0.01638478438295304
36471,1.0
36472,0.9967694565504998
36473,1.0
36474,0.020018958647064055
36475,0.07759011315209265
36476,0.08725821797309853
36477,0.41611326673086224
36478,0.028751375551782102
36479,0.0
36480,0.0242132873266378
36481,0.026306256047334765
36482,0.05637293853053587
36483,0.23441575703047962
36484,1.0
36485,0.03424741770365107
36486,0.07281401098520657
36487,0.036339945182729885
36488,0.07081752972849321
36489,0.02115040752219014
36490,0.06698582380784461
36491,0.09980105747631576
36492,0.030844176116613463
36493,0.09970441120358002
36494,0.15026972517551218
36495,0.08205346081721163
36496,0.04456935255081148
36497,0.4988831918151702
36498,0.3417537219229128
36499,0.13471705517450738
36500,0.05214590150724583
36501,0.06585724248141768
36502,0.026258333901142666
36503,0.20744310624317563
36504,0.018281461605685924
36505,0.04453211252818469
36506,0.04895013750970117
36507,0.014030977817255274
36508,0.026782543066369676
36509,0.039875439319530234
36510,0.16866727209109808
36511,0.43182563424040926
36512,0.1328199255256408
36513,0.1508130466947234
36514,0.10377264073766788
36515,0.13334428867964576
36516,0.1393486182493489
36517,0.62351018999151
36518,0.05077978815764642
36519,0.03777350399246477
36520,0.02586649903764991
36521,0.08748159786613582
36522,0.15021730750708767
36523,0.2789772523080506
36524,0.34518016061265605
36525,0.2259009616236272
36526,0.09410943524914027
36527,1.0
36528,0.1736509000497359
36529,0.0
36530,0.04219810174747959
36531,0.18078782450804146
36532,0.010396921084091564
36533,0.03122254162928834
36534,0.42597621930335006
36535,0.03080219857967768
36536,0.006828735839798616
36537,0.014599533672866493
36538,0.02116783106265327
36539,0.10454325004225423
36540,0.2156578814616239
36541,0.21288075885222565
36542,0.22562549096912315
36543,0.1781660703714112
36544,0.09486692084856244
36545,0.09496284386073359
36546,0.19771565849938388
36547,0.0
36548,0.21213663215118916
36549,0.04490294742524655
36550,0.07727818442264194
36551,0.4656058111173467
36552,0.28443163782344594
36553,0.06510160811928072
36554,0.44089420597290735
36555,0.34220872825317267
36556,0.0
36557,0.09244167582673378
36558,0.11436695879875038
36559,0.06179494780489717
36560,0.040678712760314664
36561,0.006975568549966671
36562,0.0
36563,0.04239479975019601
36564,0.06644134642841967
36565,0.05080637635127444
36566,0.1244717980143174
36567,0.26569649781634325
36568,0.727811383931527
36569,0.24618148829739542
36570,0.18620159222706317
36571,0.3325867478887007
36572,0.10726497716873783
36573,0.022951281861891017
36574,0.04921072126393827
36575,0.08383296197151495
36576,0.16880389710319643
36577,0.24771683740273012
36578,0.07073487978085653
36579,0.05249832469678063
36580,0.05222119285452761
36581,0.10502399247582944
36582,0.025692444563655357
36583,0.05701797138072601
36584,0.0831772786962101
36585,0.014424261645690186
36586,0.017463904816966136
36587,0.0
36588,0.027710629974230398
36589,0.02249911967498872
36590,0.051567092170791445
36591,0.04427958940570294
36592,0.19638331266658596
36593,0.1755255798350315
36594,0.1652181494759242
36595,0.560138636143412
36596,0.47352710217155936
36597,0.21143478662465318
36598,0.19099553140791076
36599,0.04962960902725647
36600,0.0
36601,0.023138238219346532
36602,0.10918406625216247
36603,0.016232573701673428
36604,0.03193875112303429
36605,1.0
36606,0.060109260152174215
36607,0.010323683507827952
36608,0.044908114745572415
36609,0.0801129056489057
36610,0.17066234049577023
36611,0.04679536815913126
36612,0.027753469070258836
36613,9.236422684538212e-05
36614,0.05937459745823785
36615,0.020993311884507905
36616,0.01220707655232422
36617,0.01669552392750168
36618,0.08451795182491185
36619,0.032868430737878124
36620,0.5553269119794249
36621,0.2235132339740102
36622,0.18662196742755643
36623,1.0
36624,0.2362880423956187
36625,0.3574811452416522
36626,0.1802253292571725
36627,0.027936955734013554
36628,0.015925550241550658
36629,0.01787550183795661
36630,0.07559430809108109
36631,0.07944703414569425
36632,0.03173543074074575
36633,0.05399159901007435
36634,0.39140467417481567
36635,0.14122073351964445
36636,0.25165891570355886
36637,0.012995863361771044
36638,0.11369910902259857
36639,0.1428292695507799
36640,0.16970816933529745
36641,0.17449655492800492
36642,0.05947157532458079
36643,0.0
36644,0.003704353612067908
36645,0.022706208174980744
36646,0.0996497346384726
36647,1.0
36648,0.1749120989184127
36649,0.7848683304250574
36650,0.22593656758323508
36651,0.20588746936487493
36652,0.12304731680974032
36653,0.2179083572594146
36654,0.03447037150839038
36655,0.04195671603055895
36656,0.00465968585167687
36657,0.0
36658,0.11454437407527525
36659,0.060994722947565215
36660,0.039557767025563746
36661,0.20599788118554005
36662,0.02972327526170844
36663,0.09588893754561155
36664,0.37718375929290526
36665,0.05738314118846976
36666,0.0
36667,0.0
36668,0.11275785309999722
36669,0.18791282008721105
36670,0.0055892971318021855
36671,0.16203818729588904
36672,0.1195930572944943
36673,0.04804690486142779
36674,0.14550544825044395
36675,0.03321367983225589
36676,0.08987081406213401
36677,0.10502607777450772
36678,0.02668437516081407
36679,0.1567909112788754
36680,0.12290429450336313
36681,0.019084372181487154
36682,0.10720844625065587
36683,0.0
36684,0.032003292377040235
36685,0.18221132826601077
36686,0.026240739749205634
36687,0.08376031723132228
36688,0.0330490694037189
36689,0.04609674390521003
36690,0.024812386234229572
36691,0.11379127651179709
36692,0.23038261778173205
36693,0.7734832399115137
36694,0.2036830004353747
36695,0.006144845003190127
36696,0.0
36697,0.013980003989684004
36698,0.0
36699,0.00228863857292288
36700,0.05947381865878897
36701,0.021788874862164343
36702,0.17682655235142905
36703,0.0
36704,0.009115791247582269
36705,0.013239757967341479
36706,0.03426003132833552
36707,0.028540289327864714
36708,0.009818640449083784
36709,0.013235801968160266
36710,0.07564570740828205
36711,0.05837907935165685
36712,0.35312102256985467
36713,0.0
36714,0.0
36715,0.016778030438416303
36716,0.03198527865969194
36717,0.06458124997036144
36718,0.3495171857661445
36719,0.2397257461444088
36720,0.011532700529370119
36721,0.025415651166473305
36722,0.21734029277286163
36723,0.045856223981762555
36724,0.05732086786618329
36725,0.21940237677727623
36726,0.0
36727,0.2533453328716328
36728,0.02893172860072285
36729,0.0
36730,0.027043695784738336
36731,0.09378726977673754
36732,0.016053762035239966
36733,0.034155230191471965
36734,0.0
36735,0.012871102133627705
36736,0.042679943291679234
36737,0.11257895501011365
36738,0.0
36739,0.07137880514166724
36740,0.022430828186886995
36741,0.03192538296748764
36742,0.062461604771491985
36743,0.1987120092928908
36744,0.005403052668641548
36745,0.21367487698672605
36746,0.05597580855207437
36747,0.0
36748,0.0642662874508317
36749,0.09385732312349553
36750,0.0
36751,0.32796622051184593
36752,0.36539913486373
36753,0.001706891244028014
36754,0.031539320949982026
36755,0.04011686351579192
36756,0.24160780282775998
36757,0.5031983911961099
36758,0.07614985276130691
36759,0.14374438378105092
36760,0.0
36761,0.10020900634891915
36762,0.09462600062630075
36763,0.0684828339316043
36764,0.08624146808593458
36765,0.09242957451201403
36766,0.11932332966409226
36767,1.0
36768,0.012314352788890209
36769,0.07051531675790029
36770,0.04453690517250555
36771,0.06447024081411858
36772,0.07081319954848317
36773,0.21592090325169494
36774,0.39669336939273125
36775,0.04134329154980357
36776,0.20428842871406633
36777,0.02329804327742836
36778,0.20843497733909883
36779,0.0
36780,0.05660446946654479
36781,0.011782062582743485
36782,0.022493718565393762
36783,0.024178736763849858
36784,0.07220070786530686
36785,0.02818546425870031
36786,0.0
36787,0.13191558947840248
36788,0.02780879614047996
36789,0.18669596477462588
36790,0.04250361708584028
36791,0.0
36792,0.026430343612242804
36793,0.11150051801853061
36794,0.10836827760349073
36795,0.04782567797364537
36796,0.04211829195654387
36797,0.04900557177832087
36798,1.0
36799,0.10072585962684605
36800,0.17087957755878944
36801,0.05128636007304626
36802,0.06559813703677905
36803,0.03558149668037328
36804,0.010699461298685063
36805,0.015596590339385291
36806,0.33139381859406236
36807,0.004087631031582881
36808,0.0
36809,0.0
36810,0.0
36811,0.034774320912775714
36812,0.21406113799714652
36813,0.16306301236783716
36814,0.04964856589623389
36815,0.05126626965996699
36816,0.2719364839657419
36817,0.0
36818,0.045401282486518646
36819,0.031020077354036727
36820,0.011539967240434901
36821,0.0
36822,0.1866559584975879
36823,0.04601819220308382
36824,0.0032103852332328363
36825,0.02780992498852562
36826,0.10164376984210624
36827,0.18542605099481033
36828,0.14510068728774406
36829,0.05706836120008483
36830,0.06459072224616919
36831,0.025674635908005502
36832,0.047358121035126224
36833,0.07153189582709094
36834,0.1551298978137254
36835,0.18535075840980914
36836,0.0
36837,0.018719771042546778
36838,0.013661724070470454
36839,0.0
36840,0.012207759987858982
36841,0.012302981086178348
36842,0.0
36843,0.06449964157860125
36844,0.057863338782866855
36845,0.05927191488680001
36846,0.07684026166897218
36847,0.041589904079964046
36848,0.17207152250637817
36849,0.0
36850,0.36131032718840506
36851,0.014307522450420284
36852,0.004637250933441242
36853,0.018195271290732347
36854,0.0
36855,0.0
36856,0.01933967687909494
36857,0.0
36858,0.0
36859,0.052470724071738896
36860,0.03306174146023468
36861,0.13224002524926662
36862,0.012419925086918903
36863,0.07559750314118319
36864,0.023181544193198695
36865,0.16987125316477156
36866,0.023693701323562966
36867,0.048666931201015236
36868,0.0
36869,0.06486342824195097
36870,0.0
36871,0.040463981499676845
36872,0.15606080584286663
36873,0.36747747110723544
36874,0.09502439273321169
36875,0.0395073404001223
36876,0.050917881895190434
36877,0.044039968165540525
36878,0.03376140730567303
36879,0.12190379994942413
36880,0.026265662949701937
36881,0.16460714141688762
36882,0.1791694933660726
36883,0.03769706035425484
36884,0.027895399786867146
36885,0.020950048826409457
36886,0.0008649310283744599
36887,0.014802080913203262
36888,0.004861674952077334
36889,0.012572426954176234
36890,0.023001729362582685
36891,0.0
36892,0.18330586368042356
36893,0.1114326727981472
36894,0.0
36895,0.30739033634604807
36896,0.020103123254251613
36897,0.0
36898,0.0
36899,0.0
36900,0.06573221781043485
36901,0.022736808177113967
36902,0.030454756178988015
36903,0.07971924179106395
36904,0.009537500915434403
36905,0.26435037088776936
36906,0.2924169233687215
36907,0.0519259946747976
36908,0.18250210655250787
36909,0.01647534495339242
36910,0.0
36911,0.013247370674367437
36912,0.040305814209698296
36913,0.050204880420269916
36914,0.07747180199465013
36915,0.0
36916,0.030213190859923102
36917,0.006967856535979815
36918,0.0
36919,0.0
36920,0.01970810767381449
36921,0.362293575392896
36922,0.0781127447594534
36923,0.007375688178669417
36924,0.0
36925,0.23446663008217472
36926,0.1865886032184464
36927,0.0
36928,0.0
36929,0.0
36930,0.22085214032510478
36931,0.007134639465427985
36932,0.3355910845742247
36933,0.010122776427633422
36934,0.1002848723688933
36935,0.14254755193598612
36936,0.11688725535637447
36937,0.0
36938,0.002147212739870884
36939,0.17461217098407741
36940,0.00581527779020297
36941,0.9975093769434624
36942,0.1877628513863955
36943,0.04276737229384078
36944,0.34245459739700485
36945,0.026658770658231547
36946,0.009269685663651661
36947,0.05473067206226825
36948,0.004392357424355834
36949,0.1450533461459268
36950,0.2025175457722026
36951,0.8113518167551722
36952,0.7266250628793636
36953,0.0
36954,0.07371978056347436
36955,0.06000105236468668
36956,0.05710867786887822
36957,0.022732502229828356
36958,0.06934859239754132
36959,0.15312475251424948
36960,0.0
36961,0.40921510572331316
36962,0.18971673716350562
36963,0.23451070589220022
36964,0.6076663459585767
36965,0.15357256653541937
36966,0.4043866696963353
36967,0.14370774572806735
36968,0.19741728939036537
36969,0.040245969955871624
36970,0.07571807072909033
36971,0.05643869413877361
36972,0.13100838771343845
36973,0.0
36974,0.16376698125138625
36975,0.19003741156518425
36976,0.097793152616523
36977,0.0
36978,0.05924322664493608
36979,0.19428985994325595
36980,0.21429130553904324
36981,0.05104228235846928
36982,0.0
36983,0.043123107055842005
36984,0.07599847434589639
36985,0.015615690427139778
36986,0.0
36987,0.057329425457413055
36988,0.22437817256513679
36989,0.08258874597265652
36990,0.20263323445951342
36991,0.08104181755761197
36992,0.013180323851070883
36993,0.0
36994,0.0
36995,0.43638113269101925
36996,0.16974977887840945
36997,0.0
36998,0.13017736815441383
36999,0.3520055243302753
37000,0.36686136785405776
37001,0.0
37002,0.11194003427938373
37003,0.13035800246906165
37004,0.01898391121365559
37005,0.04449754116273572
37006,0.020670849629382256
37007,0.04930737644967136
37008,0.0964704016533507
37009,0.08450456944401842
37010,0.34977600142074666
37011,0.5522548013705726
37012,0.0
37013,0.06659593953363803
37014,0.0
37015,0.05155795378297129
37016,0.3644287144798509
37017,0.038853395675430814
37018,0.0
37019,0.040216528640616735
37020,0.34000471026156504
37021,0.6101924169065367
37022,0.10579857294313375
37023,0.01002971584860249
37024,0.018979644977323466
37025,0.0575105083064557
37026,0.08932727398663576
37027,0.03608294524947381
37028,0.000677416237604884
37029,0.15692989738895505
37030,0.21189480710568326
37031,0.08596901121816158
37032,0.09315295059008126
37033,0.10236000619200103
37034,0.0
37035,0.0313684785302111
37036,0.023906312450837984
37037,0.02623627351269473
37038,0.04260698495073629
37039,0.18523602595545505
37040,0.06219023315841644
37041,0.06598661628182453
37042,0.0058385982628334256
37043,0.030703813197652547
37044,0.01554631733982447
37045,2.3566641741446873e-05
37046,0.011549873170042892
37047,0.040248864388476746
37048,0.03946804877283255
37049,0.030041040968372505
37050,0.54184037429264
37051,0.4347340103259776
37052,0.025474076076443083
37053,0.059112982363231495
37054,0.033201582113646225
37055,0.1500888524904305
37056,0.07968076437014529
37057,0.0344323358870866
37058,0.11095976063137748
37059,0.0037235070897629293
37060,0.01575510276800352
37061,0.0
37062,0.0
37063,0.23787770820174328
37064,0.011308514167544388
37065,0.031866848714295765
37066,0.010067116454090778
37067,0.03344224597293846
37068,0.06604634407232754
37069,0.11207443326076477
37070,0.1632236656074289
37071,0.17511400589025522
37072,0.05223142759172024
37073,0.030701700120059395
37074,0.015469664220849699
37075,0.03758586506165473
37076,0.04569276513609474
37077,0.26560045087037193
37078,0.0643257582917838
37079,0.37435118331742684
37080,0.14139102665431727
37081,0.1374397573500948
37082,0.04593370315427535
37083,0.06903892559047733
37084,0.0033201480731827543
37085,0.0
37086,0.04388644436777926
37087,0.0
37088,0.015853208124922427
37089,0.030141174921843462
37090,0.09584407794678546
37091,0.04238569492764134
37092,0.04295935855786484
37093,0.02791885098779498
37094,0.05989341511236186
37095,0.16950319705797837
37096,0.34270238528873725
37097,0.04422068538089636
37098,0.011101700866925952
37099,0.0486869928851248
37100,0.03180379292616188
37101,0.14082249316826223
37102,0.044358961507743405
37103,0.11177309243943274
37104,0.0157151141697846
37105,0.1368363618598845
37106,0.034473944924043654
37107,0.0
37108,0.011598611667089339
37109,0.16839271384942925
37110,0.08477324454641359
37111,0.03851070266708925
37112,0.020796526473182808
37113,0.01234345745739552
37114,0.07442785950447803
37115,0.050690960814913116
37116,0.10278060949248202
37117,0.04993830029031491
37118,0.18082836984521566
37119,0.18427574248232412
37120,0.14735736639293068
37121,0.00018388753250055172
37122,0.07006712650146252
37123,0.00666300294345157
37124,0.036675742424729124
37125,0.0402607768315014
37126,0.08464673689795622
37127,0.009390314866662825
37128,0.054656517539930574
37129,0.08442741094452477
37130,0.07936000872277481
37131,0.01897408548329531
37132,0.01117493585980006
37133,0.0746301085647812
37134,0.0
37135,0.10111224851981516
37136,0.006235351009479871
37137,0.04408592663152785
37138,0.22413227109336875
37139,0.021242635824541868
37140,0.07591467274899424
37141,0.5553841846513119
37142,0.08835491376851962
37143,0.05876976118283088
37144,0.07106965400359896
37145,0.05847294978365812
37146,0.05195976023653934
37147,0.06383003352419575
37148,0.03335072167281683
37149,0.0
37150,0.0
37151,0.022350389414117714
37152,0.30593459445578336
37153,0.12595142630209924
37154,0.03746762306850203
37155,0.03984264003149752
37156,0.04812395178574724
37157,0.0020256949720036683
37158,0.0
37159,0.005633191669861761
37160,0.05239891699692166
37161,0.41564906302843957
37162,0.07179535035430039
37163,0.04043810454701423
37164,0.058459867321983286
37165,0.915890716772756
37166,0.09646315241745908
37167,0.08266752034365639
37168,0.0670009020903412
37169,0.1707618355565106
37170,0.33825733916448053
37171,0.04314259467984394
37172,0.015872442583755947
37173,0.055187485793089464
37174,0.07364517930877076
37175,0.09441304680632596
37176,0.18523401847740267
37177,0.011448257373162771
37178,0.0468429090916179
37179,0.044196905433805514
37180,0.06327766400344531
37181,0.01161450328419945
37182,0.026780823426142315
37183,0.04064149922004768
37184,0.05123725875203572
37185,0.003958568028703314
37186,0.09353086206219118
37187,0.08892805577822042
37188,0.2181976658845686
37189,0.058392406247596444
37190,0.022101116296779882
37191,0.10754685904326662
37192,0.13773135458702232
37193,0.18546406094079407
37194,0.061840535956047715
37195,0.04704791515561577
37196,0.04006268420516991
37197,0.03932587571084854
37198,0.6621117086337599
37199,0.010503289308277753
37200,0.1363185766921667
37201,0.3325472887286166
37202,0.15551094894121237
37203,0.0
37204,0.03229621558619603
37205,0.0
37206,0.04476000686409476
37207,0.03833237156572676
37208,0.19442523359022773
37209,0.2101658439363147
37210,0.04081472193540983
37211,0.07715409344024576
37212,0.10097628948266357
37213,0.09506670617163286
37214,0.10326297518262863
37215,0.18004387611081224
37216,0.2182184371784298
37217,0.06141781769947173
37218,0.022595005411266394
37219,0.03483766482099016
37220,0.0728701010517522
37221,0.046941075539279745
37222,0.3492508509214183
37223,0.9696948292482823
37224,0.062427208258882635
37225,0.19068085953101047
37226,0.007875814298094277
37227,0.010552574453655634
37228,0.20860252523753717
37229,0.0014050179082266024
37230,0.04397997345900263
37231,0.05701843193138198
37232,0.004756886552920494
37233,0.05125814444877597
37234,0.5620134548345865
37235,0.03750916931056633
37236,0.05524300857355137
37237,0.2202594429424491
37238,0.11285188643753771
37239,0.17299278023115644
37240,0.1969950107868625
37241,0.18731981237371065
37242,0.0
37243,0.16702303371470809
37244,0.10470973310266042
37245,0.06551712091693657
37246,1.0
37247,0.3584246962175917
37248,0.3423020848139729
37249,0.020691537894963162
37250,0.13512779371930017
37251,0.11190670235804599
37252,0.0
37253,0.02174758993240295
37254,0.0326809482806838
37255,0.0
37256,0.009169295723634528
37257,0.044918089081524275
37258,0.054548390386315766
37259,0.052209446450655464
37260,0.03341021661158703
37261,0.06820318466187604
37262,0.059821490716419644
37263,0.08345565612878483
37264,0.05517245470875181
37265,0.0
37266,0.0896351689940197
37267,0.29520512660491066
37268,0.021101387789842305
37269,1.0
37270,1.0
37271,0.6902667740285195
37272,0.0
37273,0.021236450873366314
37274,0.0
37275,0.0856816043635135
37276,0.35319102214985204
37277,0.12681336853873784
37278,0.050956143921165445
37279,0.010604092044463942
37280,0.007317639874082766
37281,0.021379849065474275
37282,0.015658521974576105
37283,0.02286593493447434
37284,0.0
37285,0.42453227621892614
37286,0.0024586510755500468
37287,0.01378623983880603
37288,0.02225431482892838
37289,0.06516988028025421
37290,0.039827361389800024
37291,0.015984524162034754
37292,0.24126691501798306
37293,0.04387038275012679
37294,0.13575044229972263
37295,0.10394450559979627
37296,0.0727145717232785
37297,1.0
37298,1.0
37299,0.4948498477707466
37300,0.022808927640973455
37301,0.058971126516924884
37302,0.0
37303,0.007851856855482522
37304,0.42734589981061777
37305,0.009509211844340107
37306,0.18379013110557813
37307,0.036285442042706645
37308,0.15598664213547697
37309,0.017743391488597614
37310,0.12662549056623373
37311,0.058669727590353646
37312,0.10586603142974632
37313,0.26950730310405396
37314,0.3526021791458909
37315,0.5627574037486734
37316,0.08117701990926351
37317,0.0815547906387641
37318,0.025808552263827295
37319,0.0428547167365825
37320,0.08674132197907072
37321,0.05655258684302457
37322,0.03692557102713516
37323,0.12180162677664987
37324,0.1580212421009731
37325,0.058281535742084875
37326,0.06385298953010915
37327,0.027664605947915803
37328,0.9175006710577186
37329,1.0
37330,0.9988859285616757
37331,0.030242939903410062
37332,0.17483913403694148
37333,0.35497381366244674
37334,0.007761378129180233
37335,0.0
37336,0.0
37337,0.0
37338,0.025806920122220973
37339,0.013059562729853385
37340,0.05497637577070649
37341,0.24794676956747497
37342,1.0
37343,0.02265354899212926
37344,0.08805945037462447
37345,0.02851291969329801
37346,0.08233283298028035
37347,0.05217705755113739
37348,0.13548285839069657
37349,0.08855950544165754
37350,0.06677911023726986
37351,0.02951903150297425
37352,0.10186290885377891
37353,0.08147257258612176
37354,0.022314619251206983
37355,0.407197134079471
37356,0.3161769435528563
37357,0.1285818693765728
37358,0.0
37359,0.033490876888717415
37360,0.049735874835370016
37361,0.13309559714077762
37362,0.01598894448664495
37363,0.05919389073896737
37364,0.009267992791678592
37365,0.0
37366,0.0
37367,0.037792378819271596
37368,0.03574234079405756
37369,0.18663723313929756
37370,0.36877089052799034
37371,0.06592039715714466
37372,0.12709756883899992
37373,0.12274842775819303
37374,0.1356784584509849
37375,0.11291086295850404
37376,0.7166217515650054
37377,0.05716084472380479
37378,0.03465428827555874
37379,0.16902881788889187
37380,0.1514249068549019
37381,0.19623549535914564
37382,0.3659169029820279
37383,0.20091511894378813
37384,0.06078265771556024
37385,1.0
37386,0.17520881827687285
37387,0.11772561759123996
37388,0.10923197747222324
37389,0.0029138300115398325
37390,0.015119373158618528
37391,0.37341825915092053
37392,0.019469312525271988
37393,0.004580700627142604
37394,0.01834004970170364
37395,0.03273419384065547
37396,0.0962150228090902
37397,0.2055089200544315
37398,0.2240088590022591
37399,0.20254994606337567
37400,0.16972960265402065
37401,0.060901074289800405
37402,0.09042928941163704
37403,0.20741297103043235
37404,0.025637237473149065
37405,0.0
37406,0.20170772144759574
37407,0.06303187970327204
37408,0.0756491280746767
37409,0.3661317590981073
37410,0.2527398639850474
37411,0.037599771658733315
37412,0.3607768807297632
37413,0.2771262327477808
37414,0.0
37415,0.06124035140804282
37416,0.06898623080780375
37417,0.04997862665441277
37418,0.0
37419,0.019907301210126405
37420,0.059827889147545055
37421,0.060090528622194855
37422,0.06475111799703648
37423,0.21564627918671114
37424,0.6646323851181237
37425,0.30332989902646157
37426,0.17800146021656219
37427,0.3391661358998561
37428,0.04409462596316658
37429,0.0
37430,0.08623837760772125
37431,0.08672496791340348
37432,0.10411951290861332
37433,0.3067751296733071
37434,0.05992733786924121
37435,0.0067720227074245685
37436,0.004101093446828707
37437,0.08255462852958731
37438,0.01941584110084084
37439,0.049099043252717765
37440,0.00982253963395592
37441,0.0
37442,0.0
37443,0.0
37444,0.038359593214330745
37445,0.03989670833430534
37446,0.058038284445106336
37447,0.021699644905754316
37448,0.17485220669338966
37449,0.136661580460945
37450,0.15672513454560325
37451,0.48431408464395975
37452,0.49672068835983696
37453,0.18316654048012576
37454,0.1476236457124927
37455,0.05424681760539455
37456,0.020302282661306934
37457,0.09277797249163523
37458,0.0
37459,0.04928367042464536
37460,1.0
37461,0.07299633020266494
37462,0.041251835705636966
37463,0.07966991059877948
37464,0.18403313107733155
37465,0.041638587608532715
37466,0.03737056307665187
37467,0.05941500784548703
37468,0.010048669804347892
37469,0.0008393870794106529
37470,0.029511116053543788
37471,0.07919141652659924
37472,0.0425596309986444
37473,0.5252652184707612
37474,0.21840398459345242
37475,0.18449745888831606
37476,1.0
37477,0.23528520117352428
37478,0.3302363880974734
37479,0.14413575387430116
37480,0.02577873410853678
37481,0.0
37482,0.0007438363985003798
37483,0.015675666806999083
37484,0.06467810742403199
37485,0.030869400894282313
37486,0.06585974588478491
37487,0.3439524331173626
37488,0.1729357251401323
37489,0.1923380647044664
37490,0.012470805825462828
37491,0.060936311737926206
37492,0.13093672551592764
37493,0.16079368580483125
37494,0.18298825546090325
37495,0.11135421361516425
37496,0.0
37497,0.013288881298190334
37498,0.07274970389506248
37499,1.0
37500,0.15865927291816462
37501,0.8911710131784224
37502,0.2932487893451493
37503,0.2282570476953891
37504,0.1140775015341309
37505,0.16583491883405546
37506,0.04419088971080721
37507,0.013934228693161924
37508,0.014359409494224117
37509,0.0
37510,0.0
37511,0.08108668892550132
37512,0.09282290682384126
37513,0.04555593940124149
37514,0.18492788906154822
37515,0.012357639278419477
37516,0.08459756994023628
37517,0.34190983463193164
37518,0.04151861602162946
37519,0.0
37520,0.07716088652960962
37521,0.19896494118248556
37522,0.0
37523,0.09388841131159056
37524,0.09439686211914802
37525,0.0489851062135914
37526,0.15469638943700773
37527,0.04805072255464219
37528,0.09350729445872545
37529,0.05022932189833322
37530,0.18235064824266353
37531,0.14995858454052396
37532,0.02065459029678339
37533,0.02446540774355016
37534,0.10508457211070255
37535,0.12358525833060975
37536,0.006712327146932491
37537,0.07471553811354038
37538,0.03180467313879393
37539,0.014840330153939166
37540,0.015775769597432064
37541,0.11872372916062843
37542,0.19248061698753546
37543,0.7412491673179873
37544,0.1500526341402654
37545,0.0
37546,0.004650885671332377
37547,0.0
37548,0.008449612064015084
37549,0.06324852645368197
37550,0.0008798976394978711
37551,0.05802998162089054
37552,0.14593652106521
37553,0.0
37554,0.01702753011242255
37555,0.009003929091032361
37556,0.0
37557,0.004548726717818532
37558,0.06928013511378062
37559,0.0649699228255047
37560,0.3465703974974192
37561,0.0
37562,0.0
37563,0.013973107499037582
37564,0.06595529761837597
37565,0.06817748430495242
37566,0.37665811330862314
37567,0.22132843257199986
37568,0.0
37569,0.0
37570,0.19654612245560288
37571,0.0
37572,0.09496151248941247
37573,0.2029314921433263
37574,0.04081604295478628
37575,0.0
37576,0.0
37577,0.24110053339381549
37578,0.024440058799738672
37579,0.017483163331001254
37580,0.08058499238152535
37581,0.005257202571405662
37582,0.05168034991299891
37583,0.02550323676276569
37584,0.03166324595852582
37585,0.08400196131300869
37586,0.0063633019122557935
37587,0.08639331612722781
37588,0.02601572366418583
37589,0.04518253294890679
37590,0.06426564400381034
37591,0.20811447190985852
37592,0.04327630894621177
37593,0.21646414254760074
37594,0.07070528946983519
37595,0.04512896603842055
37596,0.007107094189766447
37597,0.0
37598,0.11836194081655785
37599,0.008436410030394864
37600,0.32893414176441105
37601,0.362823445079694
37602,0.0
37603,0.04411198410526441
37604,0.04071930712655504
37605,0.004797981197109576
37606,0.3085462870378749
37607,0.5220818043211652
37608,0.11355732799948066
37609,0.1563046179775674
37610,0.09213272793105413
37611,0.12108449006550885
37612,0.058149050753551194
37613,0.030912142115605792
37614,0.10043407523574069
37615,0.08451908341457821
37616,1.0
37617,0.06837682683017754
37618,0.0
37619,0.08210296201819105
37620,0.091795022000094
37621,0.00013367181734223163
37622,0.19093000949557748
37623,0.3854797315988453
37624,0.04768978114197816
37625,0.1923735427728189
37626,0.04037920017530176
37627,0.011290182476923283
37628,0.1502423440193281
37629,0.0105330188205137
37630,0.036622697496453326
37631,0.014756592466656707
37632,0.008385366124842355
37633,0.03294512397539787
37634,0.05389199602328637
37635,0.0036990379779716235
37636,0.08712717536183535
37637,0.22231964533164458
37638,0.031597932274021856
37639,0.042339806924284344
37640,0.02467821460091356
37641,0.10358381826332404
37642,0.09633233338444011
37643,0.0
37644,0.030058869675670213
37645,0.059502820477687075
37646,1.0
37647,0.07338171999456557
37648,0.16562654077010686
37649,0.11525235245634344
37650,0.08847691122892558
37651,0.029359197052062184
37652,0.011036792806224754
37653,0.0018922205501540387
37654,0.3721763092882644
37655,0.014504368886614815
37656,0.0
37657,0.0
37658,0.03673438523668013
37659,0.1563635652406829
37660,0.0
37661,0.12004446045496976
37662,0.0
37663,0.0
37664,0.037468964968505554
37665,0.23725303954673246
37666,0.012974786921349122
37667,0.02227978027342227
37668,0.017390720946267407
37669,0.008764980423458529
37670,0.02474874496118301
37671,0.16554868924126748
37672,0.03601112508614885
37673,0.009884743802384162
37674,0.09655945721177528
37675,0.19063059973582386
37676,0.08239802756904846
37677,0.10121030219247036
37678,0.05498021317436258
37679,0.0016749626077025097
37680,0.04865077744903451
37681,0.08690065647038168
37682,0.1896284260138066
37683,0.13580373770881812
37684,0.0
37685,0.014715489296894464
37686,0.0
37687,0.0
37688,0.0
37689,0.0
37690,0.07560742175608164
37691,0.10439943174291967
37692,0.07362883030288009
37693,0.08686453271144823
37694,0.13762294839894773
37695,0.0
37696,0.31405533077154
37697,0.010321090277790265
37698,0.0
37699,0.024585225495059527
37700,0.0007208837716210235
37701,0.002396516350578549
37702,0.0
37703,0.0
37704,0.0
37705,0.07586748237740347
37706,0.020153299761563877
37707,0.0
37708,0.0
37709,0.03173376781907482
37710,0.03793024723817339
37711,0.09542460667386005
37712,0.061646854955041026
37713,0.0
37714,0.0
37715,0.18061463793270177
37716,0.037825214484343866
37717,0.04102505733901889
37718,0.08875276977346279
37719,0.010332220788877394
37720,0.031185243631489213
37721,0.12539253095756003
37722,0.35792272791719687
37723,0.09446863825768338
37724,0.03689043534990221
37725,0.06104600241484035
37726,0.03987597108091013
37727,0.025342231014907304
37728,0.12630905311191692
37729,0.04603253729557384
37730,0.14526515676434593
37731,0.22557185112038855
37732,0.03785946723831212
37733,0.0
37734,0.023612594970575086
37735,0.044293547651124095
37736,0.017916854961682428
37737,0.0
37738,0.030400894338777067
37739,0.15635336917811024
37740,0.054840200437859164
37741,0.0
37742,0.28624624666670456
37743,0.0049690837422643975
37744,0.04505662720411943
37745,0.0
37746,0.004523452052247796
37747,0.05236510123074783
37748,0.023454398463015082
37749,0.04943296789099957
37750,0.0
37751,0.0
37752,0.26332715786070726
37753,0.19464095188127362
37754,0.01498953997113146
37755,0.1621450681885997
37756,0.0
37757,0.006635901163645017
37758,0.0
37759,0.015016250986389755
37760,0.026302084325086617
37761,0.0
37762,0.04424009334102508
37763,0.0
37764,0.012869237331331914
37765,0.007608326690514265
37766,0.038786325144776534
37767,0.05465714858420158
37768,0.03487540500563909
37769,0.05735447313199682
37770,0.20105848553102648
37771,0.0
37772,0.007682761812586054
37773,0.2684819886144975
37774,0.15449410124269092
37775,0.0
37776,0.0
37777,0.18575520168176482
37778,0.032980268515209576
37779,0.26948262536952794
37780,0.0
37781,0.050078706335477764
37782,0.10704135881966344
37783,0.143314151640391
37784,0.23617387193636344
37785,0.011894045653699893
37786,0.9850313568977749
37787,0.10364254426177631
37788,0.023970221411707314
37789,0.24517561378109332
37790,0.0287520690596807
37791,0.01980732710363802
37792,0.039821112878277165
37793,0.046329522347627675
37794,0.14873857048836286
37795,0.16992888713059287
37796,0.7257398041833626
37797,0.5519614046932677
37798,0.05450184243219947
37799,0.19354204898372157
37800,0.1976674155655978
37801,0.0031515599434192684
37802,0.03614034612029796
37803,0.07085471554163643
37804,0.051593917257874065
37805,0.0
37806,0.13469442512328716
37807,0.06499364917354006
37808,0.334393951761891
37809,0.13647467672103564
37810,0.19269157519257313
37811,0.6149340507517812
37812,0.17940991351900015
37813,0.0
37814,0.6191244690489411
37815,0.006897918698062296
37816,0.08986979555444113
37817,0.16512400359099091
37818,0.031594540865019706
37819,0.11070993354815298
37820,0.03551940451055422
37821,0.07887377232812337
37822,0.023074635224809514
37823,0.1713339607654993
37824,0.13590668997043992
37825,0.14209828990666662
37826,0.13724703670639027
37827,0.17480408666075276
37828,0.03495969469918492
37829,0.0
37830,0.02305568475434713
37831,0.050282451355205704
37832,0.06680407312395888
37833,0.014832266607465937
37834,0.0
37835,0.04910824454832194
37836,0.23929868692020512
37837,0.0
37838,0.2885713174367829
37839,0.14885850074105325
37840,0.024286222815453295
37841,0.0002959835137994263
37842,0.34844279462271716
37843,0.13926139145478314
37844,0.14321985710259505
37845,0.36762535999172685
37846,0.5185062545116575
37847,0.0
37848,0.08031916253712383
37849,0.13951578902691436
37850,0.04350049614462055
37851,0.0
37852,0.0909274599049606
37853,0.14640039625646256
37854,0.2870636663252959
37855,0.4045660897434003
37856,0.0
37857,0.03575853641870778
37858,0.03201106931756876
37859,0.0547759410736138
37860,0.3125489578503291
37861,0.026069456449159967
37862,0.029386307523969344
37863,0.00019682809851470176
37864,0.18462658056834902
37865,0.0
37866,0.2364822894769964
37867,0.8092520684834549
37868,0.10486822295786068
37869,0.01468686870903434
37870,0.035802638838156466
37871,0.0756256538798754
37872,0.0052220888949329886
37873,0.1329639093411359
37874,0.20589123551075336
37875,0.10618028823036321
37876,0.1446689390503755
37877,0.03938502990529139
37878,0.00702104221940895
37879,0.045859970136265464
37880,0.014984566506984012
37881,0.01565455031062403
37882,0.19270488126693344
37883,0.04387094751122216
37884,0.07401005725928966
37885,0.0
37886,0.042389434409676595
37887,0.001875341027406763
37888,0.0140619244355315
37889,0.016884019235864255
37890,0.03040475946045034
37891,0.06863564528165873
37892,0.018271978767476615
37893,0.09442578829591153
37894,0.5512378464216848
37895,0.3401675252100227
37896,0.020739173609449494
37897,0.01405648692611918
37898,0.15663386211897795
37899,0.04904993290860749
37900,0.0057021815628752765
37901,0.05171452473519069
37902,0.0
37903,0.18276456234339428
37904,0.01616375573021812
37905,0.04184126654891906
37906,0.03302029811390329
37907,0.06876255243473452
37908,0.06665611091380974
37909,0.13592943839159222
37910,0.1653988510750847
37911,0.07955803187887149
37912,0.05227367153512916
37913,0.0194637589969924
37914,0.014491225062772142
37915,0.05925652533222333
37916,0.027513754283444453
37917,0.0
37918,0.24756345656088782
37919,0.06327288140827546
37920,0.4340631372181535
37921,0.08941585528734505
37922,0.0
37923,0.0852979615865912
37924,0.03822876224341659
37925,0.0864498265334422
37926,0.009321980310570854
37927,0.0
37928,0.0
37929,0.09523820957422753
37930,0.02773223035022482
37931,0.0027754374255797164
37932,0.007210659569142563
37933,0.1033318501530068
37934,0.03981756151952011
37935,0.08643837311572657
37936,0.018200349794297764
37937,0.07605271467101331
37938,0.1279117160953947
37939,0.3311348383579435
37940,0.05456041299370096
37941,0.012950262241568034
37942,0.08615896441603751
37943,0.0
37944,0.03757964051618874
37945,0.0
37946,0.1312178148332632
37947,0.057560040919748534
37948,0.11962737678809007
37949,0.0
37950,0.13172973111794994
37951,0.03283576878657513
37952,0.027955378509534445
37953,0.0
37954,0.13840461404982315
37955,0.0
37956,0.07738159683769141
37957,0.011499468401729837
37958,0.02852611658481442
37959,0.05650350232212622
37960,0.07465763899504642
37961,0.044353622689638834
37962,0.10742887756096182
37963,0.05446683974859416
37964,0.18726171669415806
37965,0.17820612021065382
37966,0.22150278051911174
37967,0.011387147998104016
37968,0.07613487466971222
37969,0.008979365549549518
37970,0.058510479224057325
37971,0.04412474601527011
37972,0.08323953568510675
37973,0.03996846230080538
37974,0.050229099762767924
37975,0.052189170831014826
37976,0.04402734331798044
37977,0.03088982144716265
37978,0.036907935926690866
37979,0.0
37980,0.07603385630514517
37981,0.0
37982,0.11066995559763308
37983,0.010177176912272379
37984,0.07351053040039239
37985,0.2280280243081302
37986,0.023209795880144147
37987,0.08552893767075932
37988,0.5630391169451515
37989,0.06081633588765049
37990,0.07426298668016662
37991,0.0522898620327926
37992,0.07340603563051579
37993,0.04253650561019685
37994,0.07396123147670958
37995,0.049603611358460996
37996,0.0
37997,0.009454233599413922
37998,0.25479196755471956
37999,0.10790552063425889
38000,0.012033397982352128
38001,0.049257122925872754
38002,0.0373827832302348
38003,0.0
38004,0.016950790523807213
38005,0.0
38006,0.020681759023672214
38007,0.050493625502346554
38008,0.5229648814188526
38009,0.06264383424460127
38010,0.050949209040253726
38011,0.045147726917943304
38012,0.7969492821821502
38013,0.0972463650588221
38014,0.0
38015,0.05045282313290692
38016,0.05457621017070354
38017,0.1867473120438727
38018,0.31686086249028506
38019,0.05165050883730054
38020,0.0
38021,0.05136648074773278
38022,0.06431464229084954
38023,0.08494643799554596
38024,0.14675492700603185
38025,0.015129445769861857
38026,0.13223997360079082
38027,0.06001121185916329
38028,0.08295774198126095
38029,0.0
38030,0.029522606723078926
38031,0.06693942232592008
38032,0.06504394345257615
38033,0.01724426476280032
38034,0.07583562067493926
38035,0.04618911272581873
38036,0.23679279090324196
38037,0.06585262383743702
38038,0.02622891666482543
38039,0.09435574355051411
38040,0.1642120495304179
38041,0.18638084405745053
38042,0.0415512991197854
38043,0.06204923516820579
38044,0.015017926156960747
38045,0.013868134662600647
38046,0.5949080417888107
38047,0.0
38048,0.12449324466713556
38049,0.35282196424583806
38050,0.1451479550596759
38051,0.0004458718912075141
38052,0.053461141545505284
38053,0.0
38054,0.04681386650463829
38055,0.011452148720660563
38056,0.19723674593320126
38057,0.18142014498847317
38058,0.04050680078946112
38059,0.05963213706933766
38060,0.06691300871755941
38061,0.08318820379064086
38062,0.08148129520394257
38063,0.1505959596833801
38064,0.2055771930786764
38065,0.08396447279430243
38066,0.06077570878479238
38067,0.1564571362252415
38068,0.08266355441482594
38069,0.2244774202339079
38070,0.9645934148537662
38071,0.005301088938448723
38072,0.2935472127286373
38073,0.045099266393555965
38074,0.21494891666760077
38075,0.00011620012427638983
38076,0.03158864097313293
38077,0.04403303566311539
38078,0.01945144536540833
38079,0.06892632400382867
38080,0.6352986509362091
38081,0.032631206785600955
38082,0.04069670251470237
38083,0.2174081317212574
38084,0.10171752986610787
38085,0.1561329852193992
38086,0.21004208980391142
38087,0.21678627939111864
38088,0.0
38089,0.0898689807040381
38090,0.14985830159064678
38091,0.11179984141588781
38092,1.0
38093,0.30736772840014936
38094,0.34758716280524465
38095,0.007352931010640339
38096,0.11217701132062946
38097,0.10324098891571921
38098,0.010810219954356623
38099,0.03638315739363097
38100,0.0
38101,0.01116043173743207
38102,0.04720652911777756
38103,0.07399381101814394
38104,0.03518526670151411
38105,0.08137497085763286
38106,0.07471856987026376
38107,0.05775909916302589
38108,0.09687537450073916
38109,0.11345550830934377
38110,0.0
38111,0.07037709910509798
38112,0.18710424809564366
38113,0.02463344885878841
38114,0.027053466998004417
38115,1.0
38116,1.0
38117,0.619748503387926
38118,0.0
38119,0.0
38120,0.0
38121,0.11365374945609286
38122,0.4312735318815558
38123,0.0532803358826596
38124,0.0848855571024124
38125,0.0
38126,0.0
38127,0.04098403078717702
38128,0.06422934013574574
38129,0.004853605488870836
38130,0.005842356139086311
38131,0.5442155913689212
38132,0.0
38133,0.03082185930090549
38134,0.06917398744786683
38135,0.06774666770828837
38136,0.04887635285713239
38137,0.05029058501001069
38138,0.258549796264073
38139,0.09816996459160228
38140,0.11263448173467215
38141,0.09493791064322037
38142,0.05165174123686232
38143,1.0
38144,0.9793271733569362
38145,0.44591962579989824
38146,0.0788952425417036
38147,0.01880175465827557
38148,0.42676179146347887
38149,0.043332618625951294
38150,0.1835338691480613
38151,0.07711047162172595
38152,0.120471942111013
38153,0.012072388964501584
38154,0.11936619340596219
38155,0.04850838711917609
38156,0.09524606926166214
38157,0.29534575053521883
38158,0.33899323713438284
38159,0.7078981791271646
38160,0.11574163192289584
38161,0.10139459072352587
38162,0.04176559427673951
38163,0.044700428587665146
38164,0.09529832814333923
38165,0.061525765371896766
38166,0.023426928944062748
38167,0.004153710568105061
38168,0.11262779038868441
38169,0.15127597241654359
38170,0.04608567062555098
38171,0.09679342494830952
38172,0.0
38173,0.9651766957499788
38174,0.995296356149327
38175,1.0
38176,0.06486965967439716
38177,0.16111767478187902
38178,0.36819496921634964
38179,0.018218731900191642
38180,0.0
38181,0.010757999683620484
38182,0.03344424390112808
38183,0.011968476243050417
38184,0.254877859598949
38185,1.0
38186,0.036658683106591
38187,0.09329122795917986
38188,0.042375624400457536
38189,0.08610113496784545
38190,0.05429448704356163
38191,0.12310637092632391
38192,0.06268420471136332
38193,0.0668909642741622
38194,0.03515934972676713
38195,0.07803252028079345
38196,0.09690573676945421
38197,0.021082297322386694
38198,0.04445964469810372
38199,0.4318083720247433
38200,0.23520167575456058
38201,0.17152220442799934
38202,0.043799531758425575
38203,0.0
38204,0.08329605982335196
38205,0.06177314984336767
38206,0.16450910351478354
38207,0.03003088681254178
38208,0.020891569280248636
38209,0.007232215059718877
38210,0.0
38211,0.0013424432031167958
38212,0.024268104470017534
38213,0.0258276887920538
38214,0.07438927103380018
38215,0.33676614607282285
38216,0.1127486178128075
38217,0.053141507435504914
38218,0.1135783895648405
38219,0.132492458374367
38220,0.1050506739840979
38221,0.8190577248314704
38222,0.03434097064037229
38223,0.013437668557793943
38224,0.1470617375134531
38225,0.15125272169550782
38226,0.23219088760158574
38227,0.3299520153247828
38228,0.23970650761945014
38229,0.058889651276363086
38230,1.0
38231,0.17899777433237513
38232,0.11946051408642465
38233,0.1763311088022474
38234,0.023688879949495145
38235,0.019448367904735742
38236,0.3532199481633076
38237,0.03581216717071631
38238,0.018855734348877703
38239,0.04489101374518602
38240,0.037571491181406666
38241,0.09352135735577569
38242,0.23337843272346132
38243,0.2198325690091654
38244,0.24255272662980648
38245,0.08905862727476935
38246,0.07585810095093454
38247,0.10249555226524479
38248,0.2490804322101135
38249,0.02608729478974264
38250,0.14705735787625188
38251,0.09687987377121832
38252,0.07367554667302004
38253,0.3763014225123083
38254,0.21123159671966601
38255,0.030881537272211632
38256,0.42927200833714746
38257,0.29910546313593733
38258,0.06432711726355768
38259,0.0668870823389832
38260,0.0336814469683843
38261,0.04981154628076466
38262,0.030537158896346298
38263,0.034406300475664404
38264,0.07535553911786938
38265,0.05612165837063538
38266,0.051629426619009364
38267,0.23266553838435078
38268,0.7194020474235051
38269,0.2066334657542633
38270,0.18161752885941387
38271,0.34184901036908655
38272,0.07102050230192615
38273,0.0
38274,0.06540740848782584
38275,0.058671491279794215
38276,0.1469947027941293
38277,0.23197078469447527
38278,0.04510611798217672
38279,0.024666072056809096
38280,0.0009742800666272491
38281,0.10822620171522883
38282,0.025702986882954883
38283,0.008789850450163735
38284,0.09194985997377292
38285,0.011851428011353476
38286,0.016365779822593643
38287,0.0
38288,0.0010719166459508824
38289,0.02540661651849442
38290,0.027982708373942088
38291,0.03044921250068071
38292,0.027615554436376828
38293,0.2046753826104254
38294,0.11551932800146172
38295,0.14962664457635266
38296,0.5086320720838536
38297,0.47219801655296156
38298,0.195023804862679
38299,0.09578004163725345
38300,0.006607747414353098
38301,0.009009736548365097
38302,0.032759431632888567
38303,0.12026498320560487
38304,0.052257499475163706
38305,1.0
38306,0.03869036576870889
38307,0.003880059818924952
38308,0.03972891353318604
38309,0.10748389328600143
38310,0.16793470597496848
38311,0.03432145765786839
38312,0.031034837710472513
38313,0.0028439126640834264
38314,0.03156408472064457
38315,0.018654049062633914
38316,0.0
38317,0.07403860023585848
38318,0.043524796341526714
38319,0.7404903006274294
38320,0.17755676503483347
38321,0.1862994867214491
38322,1.0
38323,0.231876843455317
38324,0.3455927222792871
38325,0.18082572519549464
38326,0.026332279437429818
38327,0.0
38328,0.0
38329,0.05083732305455832
38330,0.014328228639239054
38331,0.0036436934860952083
38332,0.07588554561065647
38333,0.2970785131860069
38334,0.05431803503481457
38335,0.2565477057076084
38336,0.0331501402727965
38337,0.16778096982437743
38338,0.14360690185262845
38339,0.16738577811263208
38340,0.09733080292881309
38341,0.06655235130201041
38342,0.0
38343,0.0033073037979822095
38344,0.06465453968102333
38345,1.0
38346,0.14350767311227314
38347,1.0
38348,0.3381164651701914
38349,0.18930848573088319
38350,0.1219231051964585
38351,0.11751505768784141
38352,0.013901883392813518
38353,0.012664608301380349
38354,0.0
38355,0.0
38356,0.09833547592273992
38357,0.08450288920102993
38358,0.02416226057505065
38359,0.1926060218499558
38360,0.0
38361,0.05651966067556102
38362,0.3476025161931466
38363,0.05006105065169068
38364,0.0
38365,0.0
38366,0.04677907416075628
38367,0.18682802525300923
38368,0.0034644064654063196
38369,0.11123754653995259
38370,0.14621009633174833
38371,0.05159133710916924
38372,0.16956144781058496
38373,0.04787523931516728
38374,0.13777570670946063
38375,0.047116942453135614
38376,0.023820261489468475
38377,0.13540141443689602
38378,0.09238152709362447
38379,0.05906308834660706
38380,0.004931442820608168
38381,0.06504626956316768
38382,0.006067006753375787
38383,0.1541177106843411
38384,0.026940533541268744
38385,0.024645227031328727
38386,0.06367849876498263
38387,0.016290191490732433
38388,0.013137737581533197
38389,0.0242690403862752
38390,0.13836742083903364
38391,0.17895583659218703
38392,0.8439702719702589
38393,0.1574740056791342
38394,0.0
38395,0.03069580555018329
38396,0.020630730590477927
38397,0.030229233203844786
38398,0.0048433221103814875
38399,0.09843733378151381
38400,0.08906120217706517
38401,0.0
38402,0.00032815869523114116
38403,0.011071040223427692
38404,0.026910557718741356
38405,0.06489378963488303
38406,0.06304757591792438
38407,0.35553265166717934
38408,0.0
38409,0.0
38410,0.016835498557273502
38411,0.06447980671723409
38412,0.06576491848515759
38413,0.4235179662411935
38414,0.21584119015251518
38415,0.0
38416,0.21053695564712382
38417,0.07241057716665401
38418,0.24971936094258373
38419,0.007998905337784955
38420,0.0
38421,0.26074188095939566
38422,0.010359831185400806
38423,0.0821351699282987
38424,0.03175162916121437
38425,0.027567407936742627
38426,0.004580148648980448
38427,0.012883559259912185
38428,0.04973592425850801
38429,0.179871940615623
38430,0.005601509247176703
38431,0.023161867707400117
38432,0.019502910609101122
38433,0.014924954958294365
38434,0.08107624577014765
38435,0.17881862788667272
38436,0.046831918333002494
38437,0.21510062440182193
38438,0.07040367196441065
38439,0.006145275406341921
38440,0.014274616497789584
38441,0.042704091507958584
38442,0.2852667481697715
38443,0.32169600172735124
38444,0.0
38445,0.026304916602881884
38446,0.028230971629410146
38447,0.010303362413876563
38448,0.2993081206517737
38449,0.7026846280555042
38450,0.11204175337557948
38451,0.10333877627646322
38452,0.007327721292450879
38453,0.06284729868224345
38454,0.04951000870519047
38455,0.09959650712682798
38456,0.09852716703743118
38457,0.11333411968766756
38458,0.08210405341033343
38459,1.0
38460,0.037588458534105064
38461,0.0
38462,0.11826978411981393
38463,0.07037235766169259
38464,0.028523837348804988
38465,0.01816546387006457
38466,0.2256278668532251
38467,0.5122631314897662
38468,0.02653834710946663
38469,0.18667980613534166
38470,0.024583739776901706
38471,0.17786853561976138
38472,0.0
38473,0.0005773127051321719
38474,0.01954687377453016
38475,0.023815895662457013
38476,0.010250263165907393
38477,0.04386183471788997
38478,0.06434592366905782
38479,0.01770154059089484
38480,0.08463674947164146
38481,0.0049493851538672745
38482,0.005397464384882491
38483,0.2033321059854587
38484,0.038645264882389375
38485,0.05141905027680913
38486,0.10171759605031767
38487,0.05215348972824786
38488,0.012848428091178227
38489,0.03705958566159725
38490,1.0
38491,0.026001642069458666
38492,0.1648337342483472
38493,0.1016161202636094
38494,0.019547520004884026
38495,0.015791547481265246
38496,0.020668218196662157
38497,0.0
38498,0.4094321914960056
38499,0.006977260960816706
38500,0.0
38501,0.0
38502,0.024070600842624638
38503,0.14943794312294034
38504,0.011803314345022393
38505,0.10720783697278403
38506,0.04601644108303562
38507,0.06459177971025691
38508,0.3592615387757971
38509,0.0
38510,0.026300152990944615
38511,0.020914946154686382
38512,0.01430470512783611
38513,0.04502923279905778
38514,0.14257770780784718
38515,0.052094959895900586
38516,0.0010078411165821831
38517,0.03541896933248512
38518,0.1840216427093866
38519,0.05514458357112011
38520,0.09256023788705918
38521,0.08044373565473475
38522,0.007695138248103578
38523,0.06903728410470736
38524,0.0
38525,0.10300749595783122
38526,0.20760074556747649
38527,0.17290884340238505
38528,0.0
38529,0.0
38530,0.0
38531,0.0
38532,0.01729262620191952
38533,0.005725126875416895
38534,0.005147999720519093
38535,0.03506159950838709
38536,0.13184417471080417
38537,0.12247937769937134
38538,0.04349801735368884
38539,0.1500308414468935
38540,0.3090605986724608
38541,0.022415941179112154
38542,0.01369037009495452
38543,0.0
38544,0.015102677410971729
38545,0.00998507523561206
38546,0.0037160902187677444
38547,0.0348514747416668
38548,0.01948461384375679
38549,0.08497310018639621
38550,0.04874544089241689
38551,0.011907473128377881
38552,0.1557116544901868
38553,0.03766081471486565
38554,0.05187981766482506
38555,0.0033761481124401343
38556,0.0533106845489703
38557,0.016873601840770414
38558,0.12477017795809295
38559,0.3591733411881478
38560,0.043924553304393175
38561,0.08233960507888209
38562,0.09912214893162544
38563,0.0562054942945187
38564,0.06452091911891829
38565,0.11086602167567947
38566,0.025397492066427614
38567,0.10168095689083914
38568,0.1494689989138846
38569,0.014104566153111035
38570,0.0
38571,0.0313599139739429
38572,0.02107868929197268
38573,0.014520162197545452
38574,0.01888465054657668
38575,0.0020381810075604944
38576,0.14983339763818396
38577,0.11796131762092883
38578,0.0
38579,0.2620588426146754
38580,0.020747819969050302
38581,0.04456219229734981
38582,0.030432229739711075
38583,0.06454802258903056
38584,0.030604644697221826
38585,0.2855621233571245
38586,0.24183769822317294
38587,0.01730923725335823
38588,0.10687235868543853
38589,0.0
38590,0.002811089283835046
38591,0.00010600388083918159
38592,0.011875668340511522
38593,0.0
38594,0.012531876744785583
38595,0.0
38596,0.045548011043343745
38597,0.0
38598,0.0
38599,0.043335689366359426
38600,0.07098515916076509
38601,0.01789929865491077
38602,0.0
38603,0.32238020619730146
38604,0.0
38605,0.015504160992003172
38606,0.20833860304034924
38607,0.18870359768577571
38608,0.0
38609,0.0
38610,0.19373846938416978
38611,0.09963853577862952
38612,0.29773560638373586
38613,0.0
38614,0.18383929578342076
38615,0.08190375952085997
38616,0.0
38617,0.0
38618,0.0
38619,0.18221370782622173
38620,1.0
38621,0.16528543296004602
38622,0.01792908868494981
38623,0.18026677268459262
38624,0.08144586162056207
38625,0.011936635615028779
38626,0.0
38627,0.1233813131055792
38628,0.1657941396947724
38629,0.8111416634195131
38630,0.5280762923970118
38631,0.0
38632,0.017484550437530142
38633,0.18730892266424545
38634,0.21838174923408282
38635,0.023790464525037396
38636,0.02988260491846448
38637,0.08352263734267769
38638,0.0
38639,0.14394262920678527
38640,0.31105717790383713
38641,0.17753168972389727
38642,0.1828852334943151
38643,0.5684188915920927
38644,0.22635941554344724
38645,0.0
38646,0.46865686288028174
38647,0.09607552532087829
38648,0.11785719286834494
38649,0.0681466764043948
38650,0.03657162326362085
38651,0.04627490724214027
38652,0.08073866020665953
38653,0.06490192824275494
38654,0.13487238972087742
38655,0.13590417625212659
38656,0.0
38657,0.18379061907622435
38658,0.20847413211651053
38659,0.047614332769259055
38660,0.043145070101088645
38661,0.05990414853242208
38662,0.06496033145218666
38663,0.012879169314479088
38664,0.094328484996863
38665,0.2353366506402521
38666,0.2088521569918586
38667,0.09483692377454439
38668,0.0
38669,0.05985385254483699
38670,0.0
38671,0.3308328980780427
38672,0.1342336784946771
38673,0.005094110722947553
38674,0.4559545337717143
38675,0.36090509304292373
38676,0.039785610817117144
38677,0.12686066612441074
38678,0.02992378933477779
38679,0.018281598941250424
38680,0.014361949869589734
38681,0.10075356068255499
38682,0.12282405427029144
38683,0.3747283344259416
38684,0.5051698005929114
38685,0.0
38686,0.08326725717225646
38687,0.0
38688,0.04442944700801975
38689,0.3073873258082563
38690,0.0
38691,0.08217202264973746
38692,0.16063562902684878
38693,0.0
38694,0.0084647658185018
38695,0.19426767277565357
38696,0.3838640425570504
38697,0.12287606485621469
38698,0.040377058512230064
38699,0.07128933058230093
38700,0.06724645822616021
38701,0.0022044077628604235
38702,0.0
38703,0.023319151916102905
38704,0.11398577843534471
38705,0.18892678338673782
38706,0.08559410114880993
38707,0.09011450653089852
38708,0.015236968812878952
38709,0.06307796963400292
38710,0.05466253190184713
38711,0.2151762174628706
38712,0.06734985932511965
38713,0.07998991970670553
38714,0.0
38715,0.05147773856587647
38716,0.016556997937529436
38717,0.04068602017453186
38718,0.016447364463161068
38719,0.024241125359595654
38720,0.06761348014864281
38721,0.05330754867567745
38722,0.09858807058969885
38723,0.5080117208689845
38724,0.35072293128008425
38725,0.017931451152847357
38726,0.018616530424662787
38727,0.0
38728,0.11205992017385813
38729,0.037200659465294876
38730,0.0277068598204229
38731,0.007099141013542998
38732,0.03793060199704734
38733,0.14269722473968147
38734,0.03505081404926832
38735,0.0349807557590075
38736,0.05355809663432817
38737,0.04334819680419429
38738,0.07123731161207786
38739,0.12597493566489618
38740,0.1859341345479802
38741,0.05822036249864886
38742,0.04929439066345183
38743,0.03499870954022838
38744,0.03468119604291684
38745,0.07104055654070805
38746,0.048465662105617695
38747,0.0
38748,0.3087126738475976
38749,0.032674295411849436
38750,0.3887675432667341
38751,0.04298024425587404
38752,0.09555307333815174
38753,0.07373220403121829
38754,0.033240002332277314
38755,0.06422831464805324
38756,0.0
38757,0.020740245590288538
38758,0.0280445987104419
38759,0.019372708838903158
38760,0.10349229977539691
38761,0.005592580730621095
38762,0.06561001658213589
38763,0.04728595543935528
38764,0.05312205824261929
38765,0.14129899939816434
38766,0.3373533293691633
38767,0.059830663374136527
38768,0.013731477051055879
38769,0.10619342233569534
38770,0.019707566037840723
38771,0.029028268526109104
38772,0.13459574249531545
38773,0.05839245841834873
38774,0.08564559480194928
38775,0.005830908430957437
38776,0.08599779984020282
38777,0.018625021292898558
38778,0.0
38779,0.0
38780,0.1060165193780577
38781,0.0
38782,0.025851452339833287
38783,0.03760272713861092
38784,0.008696323966366768
38785,0.024630524579685856
38786,0.05185760249013864
38787,0.04540405676119486
38788,0.06524483739799672
38789,0.08398450696358953
38790,0.06841853862240584
38791,0.15552908939990737
38792,0.17697588415426166
38793,0.25371210301315616
38794,0.0036522915468152595
38795,0.08111049561600386
38796,0.05109546429894914
38797,0.04244711564354988
38798,0.06403627489422882
38799,0.054621978341393006
38800,0.010018107666401477
38801,0.0
38802,0.019743211286971978
38803,0.0
38804,0.016432548618130923
38805,0.13050534179092452
38806,0.021275170246598325
38807,0.049820725918792066
38808,0.27340952409752955
38809,0.05221976793165438
38810,0.08431975621784234
38811,0.3873525821028188
38812,0.06618305196563741
38813,0.06912484951283698
38814,0.026629780865140153
38815,0.048470781069524634
38816,0.039490996444390004
38817,0.0778062455287113
38818,0.036538761876225234
38819,0.0
38820,0.0
38821,0.21722160234744797
38822,0.08719030920981174
38823,0.030690232639730964
38824,0.013284194059385333
38825,0.014489830032702634
38826,0.0
38827,0.02219344066388257
38828,0.06279428826138206
38829,0.3694593270302924
38830,0.04316729615176405
38831,0.039050146800575905
38832,0.061439312272656026
38833,1.0
38834,0.10028299827444799
38835,0.005520469206934609
38836,0.07105213803849998
38837,0.04170970725750148
38838,0.16636845147195134
38839,0.33426263253474664
38840,0.06974739244730391
38841,0.0
38842,0.031570659537845505
38843,0.04612633785649404
38844,0.07425634392773754
38845,0.15221494136240374
38846,0.01942285395522743
38847,0.11685175925843504
38848,0.03068361183735064
38849,0.07133895633104677
38850,0.003414812302261211
38851,0.017519239119766012
38852,0.07298330742454838
38853,0.04842483990143266
38854,0.015938810227616885
38855,0.05933383641228696
38856,0.0637174052468732
38857,0.23605224872951364
38858,0.06003630791644986
38859,0.022635099468483
38860,0.04942087904211972
38861,0.1065249484145035
38862,0.1389956982341937
38863,0.04152989421325033
38864,0.06536562518355518
38865,0.01637903324962236
38866,0.007474515947136466
38867,0.05357921247149819
38868,0.5964149587152624
38869,0.006504781889830885
38870,0.14785182839370756
38871,0.2805729101710559
38872,0.11202927315266778
38873,0.0
38874,0.0
38875,0.026892569830953356
38876,0.009139207563021338
38877,0.20485813381762769
38878,0.20998990623720512
38879,0.06124871616592733
38880,0.04349186489883076
38881,0.08470008613427982
38882,0.1146919199336945
38883,0.08153463578525807
38884,0.1835336931413866
38885,0.20559931805819845
38886,0.06931267000715255
38887,0.01988327841279207
38888,0.11917599710146952
38889,0.04967065904983698
38890,0.2418093489023534
38891,0.8860736945842251
38892,0.2373474544282011
38893,0.0
38894,0.0
38895,0.19237333126837713
38896,0.04351059768845697
38897,0.005120534404769335
38898,0.019079936518719507
38899,0.05346749584811958
38900,0.0
38901,0.04189977534181835
38902,0.6977720180812355
38903,0.0424260832400085
38904,0.05093533635473875
38905,0.24280953296084273
38906,0.10124575291582731
38907,0.15106278784392113
38908,0.22546539335871904
38909,0.24554407215495927
38910,0.012808205255581979
38911,0.11541604530033879
38912,0.14437756818530603
38913,0.08351269065113308
38914,1.0
38915,0.3266002076675578
38916,0.28255072136606807
38917,0.0
38918,0.09492707895430375
38919,0.09541561330699812
38920,0.0
38921,0.0
38922,0.06467884721538336
38923,0.0
38924,0.0
38925,0.0772061759458129
38926,0.07603730058189516
38927,0.06397880748475522
38928,0.05208633492988989
38929,0.09982617156374402
38930,0.04744238219731599
38931,0.10134193640925811
38932,0.11189161197407035
38933,0.0437055426569356
38934,0.23329624954561137
38935,0.0
38936,0.031331932391691734
38937,1.0
38938,0.9779875802143089
38939,0.541955801734266
38940,0.0
38941,0.11247482437111081
38942,0.5946417507450384
38943,0.07496985184834873
38944,0.020279707096692957
38945,0.05402971899023966
38946,0.053782330393344076
38947,0.030619847229210902
38948,0.013076790613944232
38949,0.5132110235841053
38950,0.027861663425319313
38951,0.011808771071326704
38952,0.04952516513614898
38953,0.07087485214909178
38954,0.028027738344141774
38955,0.052192486111884005
38956,0.22820005783830605
38957,0.11769097690011979
38958,0.14376231631716235
38959,0.0889165150673191
38960,0.03009963975370391
38961,1.0
38962,0.9504230939199713
38963,0.3968270567751549
38964,0.08043470981116622
38965,0.016395233529573186
38966,0.5028070745922233
38967,0.07952568623047249
38968,0.18130796922878442
38969,0.08371327883509064
38970,0.13563932827156838
38971,0.017193501020832003
38972,0.1339411849016289
38973,0.05407357079644619
38974,0.04134341242008407
38975,0.2527947197777495
38976,0.36494981175209656
38977,0.716659668931834
38978,0.09692319091002222
38979,0.09476786635882006
38980,0.022720627286435403
38981,0.02645119049620592
38982,0.09455889733270093
38983,0.04698129102361051
38984,0.01854294323665847
38985,0.10536438817257672
38986,0.14599284736779816
38987,0.04962641810125911
38988,0.11297166151805525
38989,0.006338007635510471
38990,0.9649344167184717
38991,0.9937406913514248
38992,0.9938339594552439
38993,0.00263205312500983
38994,0.09340599827770367
38995,0.09471453294462508
38996,0.0
38997,0.46013733598324025
38998,0.0
38999,0.004603537450462898
39000,0.02024965347270936
39001,0.04942287741611425
39002,0.028356257781641348
39003,0.34877234650028816
39004,1.0
39005,0.03837221395197316
39006,0.0669511820512202
39007,0.05154755467402469
39008,0.07514200333618869
39009,0.030289098901231708
39010,0.17483261461784946
39011,0.06135123910430183
39012,0.05782221949508177
39013,0.06893649200140925
39014,0.13867016824152226
39015,0.12156216432306544
39016,0.0
39017,0.04310831854454924
39018,0.29069288194739024
39019,0.2688094163355409
39020,0.12685844716089423
39021,0.07537059387451692
39022,0.05682564741891139
39023,0.13396066643429352
39024,0.041457082792358504
39025,0.0
39026,0.0
39027,0.02054921888677847
39028,0.04049517254487354
39029,0.16735169978183048
39030,0.33300270971678414
39031,0.1610447404404572
39032,0.0736184990027517
39033,0.1756104011020237
39034,0.136795671215799
39035,0.08583860086113983
39036,0.8348593923397508
39037,0.040826228242769054
39038,0.01963108389983236
39039,0.012502985374947291
39040,0.14982349558631175
39041,0.1693696505881257
39042,0.24288914453430954
39043,0.30286592497588427
39044,0.19581756093764602
39045,0.05776359983554757
39046,1.0
39047,0.14963282397247135
39048,0.06256203159205895
39049,0.2190998690675532
39050,0.0
39051,0.011625415853086244
39052,0.3550672068206536
39053,0.03991610318176274
39054,0.01364698502965681
39055,0.01724268616783437
39056,0.03413429301391208
39057,0.0424086637203877
39058,0.19696286998413734
39059,0.20810880334827364
39060,0.1865656187071836
39061,0.18067348197449348
39062,0.10726742984109905
39063,0.11502152371547886
39064,0.2337661102384324
39065,0.02604126829766113
39066,0.16339960876627166
39067,0.0964495661431642
39068,0.034842715555075524
39069,0.4992530510186162
39070,0.19008430217923358
39071,0.017732743722529656
39072,0.42612035140725046
39073,0.18608422598666693
39074,0.07932966491483043
39075,0.09456243742648726
39076,0.027316567023191074
39077,0.03305725706472558
39078,0.01581823283815884
39079,0.04076683588687517
39080,0.04000018952343378
39081,0.05055467402438874
39082,0.08789786396957722
39083,0.21815986082100566
39084,0.7933034908298757
39085,0.21025057179872683
39086,0.1733842074232183
39087,0.32779435756254605
39088,0.08396257617094101
39089,0.002219756101555664
39090,0.050919155038688456
39091,0.03639128701490983
39092,0.09512052018727192
39093,0.2298926808874249
39094,0.04912355646137099
39095,0.06533904056662235
39096,0.0
39097,0.1559390329457276
39098,0.006733434881063573
39099,0.013387543105471508
39100,0.0
39101,0.02481150981756264
39102,0.0
39103,0.010260848913484664
39104,0.010857395883062164
39105,0.016538962314975515
39106,0.04153896798933571
39107,0.008766882007226903
39108,0.25131094856529024
39109,0.16120958960491588
39110,0.16337096031465215
39111,0.47916585062819944
39112,0.5122567914511086
39113,0.17984125801988232
39114,0.07859394750517187
39115,0.0442797531073108
39116,0.001333109580234916
39117,0.05414994658829916
39118,0.09647546846677857
39119,0.03691784991620752
39120,1.0
39121,0.060247013903441275
39122,0.0
39123,0.050841698383684686
39124,0.06878596226085332
39125,0.17672996306964
39126,0.013209774548022716
39127,0.019191393595981873
39128,0.0036883871913016932
39129,0.022773697590084383
39130,0.014422268822515093
39131,0.012054836856802328
39132,0.019202340735891152
39133,0.0456304974162907
39134,0.04491315317817823
39135,0.6645736440832
39136,0.19801974707000944
39137,0.20098696252036582
39138,1.0
39139,0.21337503187659407
39140,0.3453308151737272
39141,0.10294176958311994
39142,0.0
39143,0.023177450675398482
39144,0.01623698195762235
39145,0.009681672330087085
39146,0.01951518357378242
39147,0.06031750808211435
39148,0.34184931231730026
39149,0.1643304433096107
39150,0.2543026149374855
39151,0.016040128358802315
39152,0.15325645937760493
39153,0.12056071455964
39154,0.0917374982862333
39155,0.07159973265451354
39156,0.05747649353360605
39157,0.0
39158,0.0
39159,0.010073355007791362
39160,0.09881565065072677
39161,1.0
39162,0.1693995991387802
39163,1.0
39164,0.3626905736289508
39165,0.181484578812763
39166,0.12383037341402928
39167,0.09374673058447336
39168,0.006381633857465231
39169,0.027922134370005916
39170,0.0
39171,0.016653742653460632
39172,0.11241143532389204
39173,0.09998240589214828
39174,0.020165087861417946
39175,0.16648982841353607
39176,0.02501633016208606
39177,0.07923244078060576
39178,0.27383178582397066
39179,0.05469051756605139
39180,0.05860749848106638
39181,0.2019774156180558
39182,0.08346811688918565
39183,0.12246388865434997
39184,0.04868986750276906
39185,0.19136731625465903
39186,0.1492105889440134
39187,0.013430103265442915
39188,0.027038895731857557
39189,0.0583321230237044
39190,0.06461557094260727
39191,0.0037407082263127087
39192,0.07058721054159599
39193,0.0
39194,0.1606355033483297
39195,0.04036108576206996
39196,0.0033207294215583526
39197,0.06232337641223853
39198,0.040833470588025694
39199,0.02156720956192198
39200,0.018000142405239176
39201,0.1652491134968154
39202,0.17998414830513662
39203,0.8358782747734333
39204,0.16570190121086908
39205,0.0
39206,0.017803486936623234
39207,0.02081529999029029
39208,0.0
39209,0.06080981395088971
39210,0.12118219544787888
39211,0.13762138177423186
39212,0.007263822132886484
39213,0.053414454214831805
39214,0.0
39215,0.02625444878555642
39216,0.05445447838571147
39217,0.05099300849917386
39218,0.044169966970222976
39219,0.346853494798931
39220,0.0
39221,0.0
39222,0.03509986589103443
39223,0.04721108038922247
39224,0.05832747098872245
39225,0.5161672645161758
39226,0.23659318152682043
39227,0.0025773214087915853
39228,0.2187092448918347
39229,0.05910765375750321
39230,0.023009577819815
39231,0.0938802429883094
39232,0.17228147910857988
39233,0.007980642861554966
39234,0.2414481650884913
39235,0.010852085345499675
39236,0.09954049922066778
39237,0.03544563848591985
39238,0.03740396380497867
39239,0.008141020047711351
39240,0.0
39241,0.05947657341228591
39242,0.27080318028896555
39243,0.024601136591612772
39244,0.0029242506154675
39245,0.010835837630604505
39246,0.043098589442534446
39247,0.05821625889932505
39248,0.19526570929198414
39249,0.0436040244312966
39250,0.18622598394431872
39251,0.04995090677691608
39252,0.041467074405466466
39253,0.008433913084570631
39254,0.05443497321482824
39255,0.018449743279816272
39256,0.24254665461155236
39257,0.24995893148582643
39258,0.03267905891940073
39259,0.05605959315565242
39260,0.34004071345522613
39261,0.8192188963049055
39262,0.15537041753868472
39263,0.13327346500401166
39264,0.0037352650426942906
39265,0.06428308696542039
39266,0.08308694879610945
39267,0.11540108490376012
39268,0.09893861946556412
39269,0.08850402839855082
39270,0.08512590916452321
39271,1.0
39272,0.08482115965345514
39273,0.11958046278417096
39274,0.061095518765605226
39275,0.0
39276,0.0994479149814933
39277,0.41786664215982855
39278,0.045766596180906643
39279,0.1788315825954021
39280,0.0
39281,0.1645449862138293
39282,0.0060116241962233224
39283,0.034241538454954604
39284,0.014236508874398743
39285,0.0
39286,0.0004802676056661419
39287,0.06310688407692062
39288,0.08026154706925319
39289,0.015843071043510765
39290,0.04427400753542015
39291,0.0
39292,0.0
39293,0.24053671384216707
39294,0.04029854842369164
39295,0.057517740385081034
39296,0.0
39297,0.0854530260925582
39298,0.07240560353863949
39299,0.0443539659103309
39300,1.0
39301,0.03851730545037948
39302,0.14928553300143144
39303,0.05087232503803638
39304,0.030259741127883003
39305,0.023133551682293103
39306,0.014698011946175364
39307,0.0051967557315402545
39308,0.007728443483829211
39309,0.4205847580772101
39310,0.004665535835005991
39311,0.002040579278925435
39312,0.0
39313,0.14018590298555345
39314,0.01955605160162025
39315,0.13240479540841557
39316,0.012149719653726875
39317,0.0522722029944991
39318,0.3233417719901985
39319,0.0
39320,0.0
39321,0.002255728062098013
39322,0.015088278822043444
39323,0.03833962693497579
39324,0.13755292145065137
39325,0.05064259580005493
39326,0.0
39327,0.0
39328,0.04776451010966806
39329,0.18476850675188053
39330,0.06074214618616085
39331,0.019378673332550223
39332,0.05686462961185823
39333,0.0
39334,0.0443954799044387
39335,0.07131117654723475
39336,0.18831976812320325
39337,0.09393369087866561
39338,0.0
39339,0.006032856782630001
39340,0.010060698712182375
39341,0.00978430957094762
39342,0.011141226902657553
39343,0.0033874763805853115
39344,0.0
39345,0.048273370228726714
39346,0.10542434680226036
39347,0.07218321685986469
39348,0.08920159771473339
39349,0.18169654112405054
39350,0.2343162912751318
39351,0.00794127941449324
39352,0.016040141992743572
39353,0.028799433523946427
39354,0.02825853121837328
39355,0.011629411441010182
39356,0.0
39357,0.016446582902543052
39358,0.012864149693906384
39359,0.007148731502012005
39360,0.0
39361,0.013273378564939904
39362,0.08561608737139106
39363,0.0178529836676091
39364,0.07279107319943386
39365,0.15424938642478803
39366,0.04048253364823516
39367,0.017228363176798597
39368,0.0
39369,0.10268141142190519
39370,0.003885555001909822
39371,0.32646048952111706
39372,0.02087257205618795
39373,0.04741630652717426
39374,0.07506159608286402
39375,0.0
39376,0.08078171594362246
39377,0.04264661047873308
39378,0.0039967288112248926
39379,0.11844026847968393
39380,0.02045918038916359
39381,0.149879920818231
39382,0.21443784119224868
39383,0.0
39384,0.01573029937661055
39385,0.007311178185278753
39386,0.0
39387,0.011421765092567687
39388,0.024975758755209247
39389,0.0
39390,0.16479307323970957
39391,0.14462053635429206
39392,0.29395841292096037
39393,0.009993092397392607
39394,0.010791520911628516
39395,0.04685098373167986
39396,0.02495021211534902
39397,0.0
39398,0.05708275119232582
39399,0.03242989481588356
39400,0.3424952476801077
39401,0.21743143927761957
39402,0.024543976444262938
39403,0.11834878450145643
39404,0.0
39405,0.0
39406,0.0
39407,0.0
39408,0.0
39409,0.0035152788307858344
39410,0.021864619628139535
39411,0.0
39412,0.008043144153869785
39413,0.05833867188912445
39414,0.014988177760593819
39415,0.060955512629205726
39416,0.007313100167856937
39417,0.0
39418,0.05257689340809662
39419,0.1982357749361037
39420,0.012329513739512481
39421,0.1693452194105212
39422,0.044769924882172775
39423,0.20441931381218595
39424,0.2509702334069679
39425,0.029459111397980457
39426,0.0
39427,0.18296972361635214
39428,0.1168224103734656
39429,0.22527937025984893
39430,0.05724054641225991
39431,0.12470699629731401
39432,0.043528258189749036
39433,0.0
39434,0.0
39435,0.0
39436,0.20296406800570327
39437,0.0
39438,1.0
39439,0.09188171127267951
39440,0.04312855626692361
39441,0.18662826954329562
39442,0.10402669682828435
39443,0.0
39444,0.009204267231379714
39445,0.11855337752498674
39446,0.11578320558564603
39447,0.6421215892738569
39448,0.5556275098437823
39449,0.04905230194114228
39450,0.07312902951460008
39451,0.19428024205011837
39452,0.20467758669668232
39453,0.0
39454,0.0
39455,0.026369413128383017
39456,0.05460247379731562
39457,0.14879923825553235
39458,0.24047347241245265
39459,0.10707018796809388
39460,0.1993899531122563
39461,0.6950828134824911
39462,0.17911175533441243
39463,0.0
39464,0.4019447446472084
39465,0.1117295001258067
39466,0.1325203564655885
39467,0.02085964887042761
39468,0.0054440288806070465
39469,0.03765620953994712
39470,0.11838771611987871
39471,0.08536469000048136
39472,0.09388956027481354
39473,0.1462889557330577
39474,0.17856118408143823
39475,0.19311355774006006
39476,0.04897012907480248
39477,0.03853642266486892
39478,0.08140157586826485
39479,0.05347423742391519
39480,0.06428349826849027
39481,0.03302765624048464
39482,0.0
39483,0.0
39484,0.12296215637460846
39485,0.23577854706017046
39486,0.3174058758370949
39487,0.021687702052076638
39488,0.0
39489,0.4780768579651058
39490,0.10900293911107375
39491,0.06638097960489016
39492,0.34835726403275447
39493,0.3595722312800984
39494,0.0
39495,0.056523131926988636
39496,0.08885886005115237
39497,0.008049432192279278
39498,0.022773580944810357
39499,0.058676985911965754
39500,0.010633758332485043
39501,0.09994339520804865
39502,0.34226132144234817
39503,0.35200310557592573
39504,0.0
39505,0.0
39506,0.10534317443775328
39507,0.11859482621907945
39508,0.3619904471068175
39509,0.007488555180580428
39510,0.21250752026291103
39511,0.0
39512,0.257561418186188
39513,0.5121595990933004
39514,0.13393674979105888
39515,0.010691477755292741
39516,0.041180462687745216
39517,0.0048444296876036345
39518,0.07491634241579477
39519,0.0
39520,0.020986508677460634
39521,0.12676990722687592
39522,0.11839662680368525
39523,0.08432745598200404
39524,0.13796779750393073
39525,0.04473798417533867
39526,0.0
39527,0.03123316820747323
39528,0.026329906204692572
39529,0.019524951435646136
39530,0.16831893893330413
39531,0.06890559620176157
39532,0.06908316603095929
39533,0.00517695317043168
39534,0.06672578827700129
39535,0.041593866065586564
39536,0.014272538090916154
39537,0.02279551673984786
39538,0.06068817640639371
39539,0.056543239228930536
39540,0.05345841375008595
39541,0.4712766850704267
39542,0.40100715008204546
39543,0.0354151766584528
39544,0.008323605878662522
39545,0.07525812879540146
39546,0.022124062594467038
39547,0.0
39548,0.07943201448799225
39549,0.004516507682855312
39550,0.2516207261685901
39551,0.054601103202991816
39552,0.04798530343202199
39553,0.045976132399299076
39554,0.0
39555,0.031593850551174876
39556,0.05439446487553623
39557,0.07912600932930512
39558,0.18363927323874737
39559,0.108963319763397
39560,0.04298242402157931
39561,0.03613125128354108
39562,0.03513972972863006
39563,0.05030119971994444
39564,0.06679346101626234
39565,0.0
39566,0.3279793842153981
39567,0.029714938559618778
39568,0.43756030401733387
39569,0.053987691562157526
39570,0.0033478329618934614
39571,0.07344831764365498
39572,0.04790054777600798
39573,0.047121199991738305
39574,0.00902098402105599
39575,0.027758120539825796
39576,0.007186857822954118
39577,0.018084134731775423
39578,0.026186159628922255
39579,0.030606520354515554
39580,0.09991534001461871
39581,0.02771944020663528
39582,0.061380029521227654
39583,0.04053707631381231
39584,0.09102988053301778
39585,0.17954087251033773
39586,0.3288295584955732
39587,0.055074775797800166
39588,0.1132607644840991
39589,0.015787134172105307
39590,0.015613418467815384
39591,0.13618670832525406
39592,0.09788618516577201
39593,0.03335899498483703
39594,0.0
39595,0.09492464574579795
39596,0.020420833872760984
39597,0.0
39598,0.009755963920478321
39599,0.14261362369991903
39600,0.0
39601,0.030826765453822295
39602,0.016067249222207286
39603,0.04015964166381102
39604,0.019035291602704764
39605,0.04842333681674286
39606,0.05420840872604305
39607,0.07545846194238431
39608,0.04794122235156082
39609,0.17758695372230315
39610,0.0802263264750463
39611,0.20493548336032827
39612,0.0
39613,0.08300427930645277
39614,0.004532142971117172
39615,0.044050793766512254
39616,0.05774226098648158
39617,0.04921269031252475
39618,0.0015301849701386146
39619,7.203342124847292e-05
39620,0.04137444821033346
39621,0.014248403838009429
39622,0.0
39623,0.04569324055930863
39624,0.05090796658199147
39625,0.07272309851063812
39626,0.04916886716614239
39627,0.32470967234739523
39628,0.08420667005178899
39629,0.09417629180539756
39630,0.3953508826328994
39631,0.08827181635479754
39632,0.06706450716253666
39633,0.07801088146682834
39634,0.06417325659714768
39635,0.06507296558902007
39636,0.0917279107565097
39637,0.02799690103655219
39638,0.020762649602379883
39639,0.21531889723410097
39640,0.03584796426944333
39641,0.03500964756274488
39642,0.051011071720241684
39643,0.07489814927746322
39644,0.01707940390594127
39645,0.015452108005306765
39646,0.08721567840472971
39647,0.6399144773951152
39648,0.10303595750918748
39649,0.01287371276486506
39650,0.03624755152429549
39651,1.0
39652,0.07976572834797921
39653,0.0
39654,0.06694569753365937
39655,0.04794488263662918
39656,0.19361516822344155
39657,0.37595753497982254
39658,0.06305156228914723
39659,0.0
39660,0.0311392243338682
39661,0.05628357200379853
39662,0.05957020921452011
39663,0.18489977721706033
39664,0.06171486516282135
39665,0.07729537998088776
39666,0.015180947992561884
39667,0.018317243436182257
39668,0.02629092045233872
39669,0.05827240531629032
39670,0.05069304174988739
39671,0.011826138330105939
39672,0.06731846054846762
39673,0.08219370500599599
39674,0.26831400676949835
39675,0.05798056217332684
39676,0.024846752879824942
39677,0.059884072350907834
39678,0.12265807993057148
39679,0.1901509962220745
39680,0.06680156604947274
39681,0.026323919005696035
39682,0.0
39683,0.06033807439005466
39684,0.5952788693815682
39685,0.006389104965523842
39686,0.17255306357479802
39687,0.32832063585377874
39688,0.07416089443781004
39689,0.02387284404257114
39690,0.0
39691,0.02720134626042342
39692,0.024405348064705353
39693,0.24524506656499517
39694,0.19976711610193154
39695,0.04179861404868902
39696,0.05974592673736994
39697,0.09687133779169521
39698,0.0760910960429604
39699,0.09811074631267534
39700,0.16368192528672873
39701,0.22690039457495714
39702,0.1012115171097955
39703,0.03250738803991994
39704,0.13333196197948055
39705,0.043404768418862066
39706,0.22678551318425397
39707,0.7778517394702316
39708,0.026671649061002355
39709,0.26958666940671044
39710,0.018354309886534893
39711,0.20404295971855693
39712,0.0007772013053869906
39713,0.02131459510356318
39714,0.06871867208965808
39715,0.0
39716,0.03415408118631897
39717,0.5696277364442232
39718,0.04617633297708548
39719,0.06955080043664741
39720,0.21858482335468743
39721,0.11091483379453425
39722,0.15250218489501943
39723,0.219318532626873
39724,0.24755899297099523
39725,0.0003970795942591421
39726,0.12302095367715836
39727,0.07605411479880324
39728,0.05008172402484232
39729,1.0
39730,0.3904190563940702
39731,0.3563728195941793
39732,0.02422870374155693
39733,0.14559163844805542
39734,0.04980174485088058
39735,0.021212076200249536
39736,0.0005461317190758252
39737,0.0
39738,0.04418350217286305
39739,0.0
39740,0.01723459395944688
39741,0.1020869701184693
39742,0.09160957315456122
39743,0.02441116632261387
39744,0.059723502640873935
39745,0.08460847413505891
39746,0.05472274541998253
39747,0.08455750841174325
39748,0.08608013329879037
39749,0.05923057938438266
39750,0.19518452700968886
39751,0.0
39752,0.04846341185950894
39753,1.0
39754,0.9769158067271024
39755,0.6392478426893445
39756,0.010022428681857347
39757,0.008307365070030536
39758,0.11321294221310452
39759,0.5475012997857377
39760,0.09674211009198119
39761,0.0
39762,0.07317490683997684
39763,0.05052711456201118
39764,0.018212436933752903
39765,0.47702441018460484
39766,0.04350518971122742
39767,0.03433379537743475
39768,0.08229339062831055
39769,0.04266863192414749
39770,0.05086169624754321
39771,0.03864725861335053
39772,0.31770614125320734
39773,0.09812456977082147
39774,0.09842893706536647
39775,0.0756232046007425
39776,0.053436401229367936
39777,1.0
39778,0.9636916388366802
39779,0.42602754968294937
39780,0.04210981856506224
39781,0.0
39782,0.0
39783,0.49693983098525835
39784,0.04408364834731388
39785,0.20112701780997647
39786,0.07357461888850157
39787,0.1417347150220836
39788,0.01591127857673108
39789,0.112116528986392
39790,0.05872169740154531
39791,0.08396646771432896
39792,0.2401636928092451
39793,0.4597334075699829
39794,0.697042097545023
39795,0.1348268027838577
39796,0.08825198774246053
39797,0.048754119568045574
39798,0.02715979950897143
39799,0.043855552574503555
39800,0.05997398308081042
39801,0.032269618425595274
39802,0.039591748258728306
39803,0.09464759598378276
39804,0.14299782114659815
39805,0.13972537380096475
39806,0.0
39807,0.9715336559990148
39808,0.9883118933136283
39809,1.0
39810,0.04462457545619025
39811,0.16464619954189316
39812,0.01224176648042034
39813,0.44730720595452744
39814,0.0
39815,0.0
39816,0.02652225918265209
39817,0.019488903135002345
39818,0.039912175058523035
39819,0.05650093086123586
39820,0.33981574979107254
39821,1.0
39822,0.02924979435106821
39823,0.056623433165129154
39824,0.04943418267724565
39825,0.08321251279073597
39826,0.04885553543518966
39827,0.09216200009558057
39828,0.07281159699730498
39829,0.03489501909650009
39830,0.10302309936106728
39831,0.05782419213689056
39832,0.11140370624265215
39833,0.2790069384976216
39834,0.20178316810389865
39835,0.12537807232316123
39836,0.033515166662982106
39837,0.05463254948874203
39838,0.02971722293257752
39839,0.14663245984847595
39840,0.031359335744424344
39841,0.013151276346055158
39842,0.03373285326738498
39843,0.0
39844,0.006624881492381868
39845,0.02851665261208059
39846,0.02556158651087438
39847,0.18279929938222161
39848,0.35290248000204655
39849,0.11362846220697607
39850,0.11109349714919883
39851,0.1317642927926062
39852,0.12310618793532524
39853,0.10457996501663909
39854,0.9553087680086194
39855,0.04681888310707441
39856,0.015914720747495933
39857,0.18286560314088707
39858,0.10119656894550136
39859,0.19911147668361023
39860,0.3578506048330494
39861,0.18142955462121943
39862,0.04428084909428441
39863,1.0
39864,0.08500319689631927
39865,0.0
39866,0.056372914266052294
39867,0.15508347500208702
39868,0.013358695233006453
39869,0.5453865166059365
39870,0.01587718240360961
39871,0.014217658192492278
39872,0.01628789295801693
39873,0.02794090059725052
39874,0.03914582730751424
39875,0.17280552910385027
39876,0.23446389004046633
39877,0.18784098754210124
39878,0.1786165167022964
39879,0.08512315388289056
39880,0.13069036987704755
39881,0.2441794821930007
39882,0.006088234529774289
39883,0.10921425003410724
39884,0.12306325443277037
39885,0.06956184576826113
39886,0.3710661302655021
39887,0.24502795348375928
39888,0.4069004718288392
39889,0.24677453816399744
39890,0.05752428696512806
39891,0.07089193286626412
39892,0.09485071449733225
39893,0.01237123091257619
39894,0.0
39895,0.015792907190159966
39896,0.04616057070995035
39897,0.03193655283064596
39898,0.05049195142128825
39899,0.06238492480460996
39900,0.3078126140775798
39901,0.8119690528455178
39902,0.23191383905464077
39903,0.1757192185236156
39904,0.3607170428821611
39905,0.0742998763826066
39906,0.08352842438807796
39907,0.042330685093862765
39908,0.11302004308807273
39909,0.3256918014465714
39910,0.05171657811534986
39911,0.02028446654281499
39912,0.0508572569482481
39913,0.13290483571622805
39914,0.0
39915,0.026712137149429292
39916,0.0
39917,0.0
39918,0.016651562522865065
39919,0.017450797171242816
39920,0.022617396126034313
39921,0.04931150542744012
39922,0.1878058387319856
39923,0.04437721884151417
39924,0.1579520063255391
39925,0.44167629381536516
39926,0.45791996516913125
39927,0.1975255799981937
39928,0.11352946672545766
39929,0.05958058753727497
39930,0.02391256667440157
39931,0.06447162272326487
39932,0.11639147771041891
39933,0.05635785623179068
39934,1.0
39935,0.03466228813712788
39936,0.002142061185478231
39937,0.07115085934601828
39938,0.08246204307325142
39939,0.18906116115463603
39940,0.07116136419355344
39941,0.04910718107073908
39942,0.015044233863465819
39943,0.019495881266555853
39944,0.00882200475881691
39945,0.010846136896626274
39946,0.010167475366757219
39947,0.05934353046324309
39948,0.06734346276315596
39949,0.7321459736998897
39950,0.21709323545345935
39951,0.243638038724133
39952,1.0
39953,0.24029573889955164
39954,0.37076089554973335
39955,0.13146340628720832
39956,0.003449325828685874
39957,0.02436724500630857
39958,0.0
39959,0.050114394030077156
39960,0.0
39961,0.06159532064573734
39962,0.3253443026756945
39963,0.11192373625174615
39964,0.23575812416706038
39965,0.032305450909840515
39966,0.12349546292768962
39967,0.08573037707101598
39968,0.11450414242723639
39969,0.13147723192355446
39970,0.051954901256508625
39971,0.0
39972,0.019923588776658865
39973,0.08074467571941975
39974,1.0
39975,0.17674844107753593
39976,1.0
39977,0.37279770882226015
39978,0.17068244503940058
39979,0.10715036235749265
39980,0.09433734168509864
39981,0.030776099613681412
39982,0.03080933929110974
39983,0.0
39984,0.058509825436959456
39985,0.026077278263625606
39986,0.1906031794322138
39987,0.03308320717805398
39988,0.07553679304879764
39989,0.24750341264652861
39990,0.04088123925378962
39991,0.06198760985796704
39992,0.16376875316810072
39993,0.0
39994,0.07367396303602737
39995,0.09838460211069033
39996,0.036050848217620876
39997,0.17977426510693215
39998,0.018009348333178653
39999,0.1547368893687448
40000,0.08418318400386192
40001,0.0
40002,0.06916959855574385
40003,0.07302840177526498
40004,0.06466345331420538
40005,0.0
40006,0.13841904794010282
40007,0.01796936196514983
40008,0.0
40009,0.07406733817851427
40010,0.03181843043780716
40011,0.044227644500352936
40012,0.020491483550904275
40013,0.18681671723716803
40014,0.1843458479519669
40015,0.8577882442779885
40016,0.18240127802790992
40017,0.021820699104206313
40018,0.0
40019,0.026694433639606642
40020,0.07301179700369906
40021,0.06553538881598624
40022,0.1627977934705667
40023,0.0
40024,0.056408961656565434
40025,0.0
40026,0.061771662142754806
40027,0.05237066606653743
40028,0.3483714511747031
40029,0.0
40030,0.0
40031,0.0192672484171723
40032,0.04495636439509532
40033,0.03218444060013198
40034,0.4677526938974274
40035,0.2584435545169472
40036,0.18204269742349782
40037,0.02613425227308281
40038,0.0
40039,0.07931569076530062
40040,0.1922993570665538
40041,0.012303994235766169
40042,0.20105924038358167
40043,0.003267065058815985
40044,0.011263759830379172
40045,0.09900533430296528
40046,0.04070669932648963
40047,0.03444997811158648
40048,0.007684119886384311
40049,0.037744271229200106
40050,0.35542484248495987
40051,0.025668847575362138
40052,0.006348000082977232
40053,0.0077108411211205385
40054,0.0
40055,0.049861372312785826
40056,0.28404697710533744
40057,0.023345091533017056
40058,0.17085439733136812
40059,0.06894689673437085
40060,0.042746605194204756
40061,0.0
40062,0.01834726797414786
40063,0.0288968692249863
40064,0.00884347787665037
40065,0.3104755828303454
40066,0.19209542500666987
40067,0.0
40068,0.04834881669013699
40069,0.027522565375967433
40070,0.0
40071,0.3522765921780143
40072,0.9764930079879391
40073,0.13214647200335797
40074,0.14388085357595448
40075,0.002421706385618458
40076,0.08045766826070115
40077,0.11800561738952463
40078,0.07303192312373408
40079,0.10387353223019058
40080,0.07109031695887294
40081,0.09555830759278018
40082,1.0
40083,0.15029281838850017
40084,0.08816340951281672
40085,0.04323611761896364
40086,0.016301083475573065
40087,0.05961379255359698
40088,0.13496510097544578
40089,0.32105474153884256
40090,0.07975102578718749
40091,0.2082228793934595
40092,0.028695775199826534
40093,0.13577564762973315
40094,0.00988729595204217
40095,0.055063432396811156
40096,0.01724003219243117
40097,0.0
40098,0.012066092255804952
40099,0.05863631022650669
40100,0.05209600338122013
40101,0.0009654803019341886
40102,0.005759865074409328
40103,0.09484160863565386
40104,0.006779777088668429
40105,0.203020820405385
40106,0.06138897427423394
40107,0.032855509254021566
40108,0.023090068762870227
40109,0.043511613287827225
40110,0.103181374184761
40111,0.07514949656848056
40112,0.0
40113,0.01114086486394775
40114,1.0
40115,0.09967851629514837
40116,0.04698800130065935
40117,0.02935902913060507
40118,0.05637207896690975
40119,0.0
40120,0.3614295173061169
40121,0.0010398977688733898
40122,0.0
40123,0.0
40124,0.0
40125,0.16989326387451367
40126,0.09847482319175763
40127,0.2316838769779464
40128,0.010315523126017336
40129,0.003316321110701099
40130,0.0
40131,0.019332826597277135
40132,0.0508020750442138
40133,0.09011687295965111
40134,0.03354532706621511
40135,0.0
40136,0.018859699952682746
40137,0.019809112881416454
40138,0.1475550503885121
40139,0.04884346358963895
40140,0.07311970019766115
40141,0.007452821199928026
40142,0.016811892853807044
40143,0.07285475570315028
40144,0.10172695923562274
40145,0.06754902752745057
40146,0.18331250258006543
40147,0.0025093456266054746
40148,0.0092080882146784
40149,0.0
40150,0.006169415204556568
40151,0.0
40152,0.016454927503288773
40153,0.0
40154,0.0
40155,0.0035921477649689306
40156,0.08116364113459476
40157,0.08429114540205006
40158,0.04768996188591178
40159,0.0034361085521837304
40160,0.0963196217692319
40161,0.2949183429598707
40162,0.0
40163,0.01004464488676099
40164,0.01751247197755085
40165,0.0
40166,0.01623457490010952
40167,0.01035044938814913
40168,0.0
40169,0.042187394026608135
40170,0.0
40171,0.020468008752315386
40172,0.13212674514558762
40173,0.012993098721413448
40174,0.01290144126066133
40175,0.0034149458174355385
40176,0.012156695952269772
40177,0.0
40178,0.11843860648727382
40179,0.33945425398270673
40180,0.025499368869364884
40181,0.027577555848517798
40182,0.03172984148227581
40183,0.05769552316040086
40184,0.030476182561489616
40185,0.0
40186,0.10569084197087408
40187,0.018800848013300436
40188,0.10354263267361243
40189,0.158002361976164
40190,0.0
40191,0.014744931824237096
40192,0.012596186958715304
40193,0.041327522106979785
40194,0.017210907399619117
40195,0.01244802112330304
40196,0.04618854743448913
40197,0.0
40198,0.1540297118404986
40199,0.09319102960680187
40200,0.2521496609673585
40201,0.006802364900438273
40202,0.015947082070583943
40203,0.0
40204,0.0033564101919460795
40205,0.03978804036686837
40206,0.013989855428676541
40207,0.0885958673499888
40208,0.2898653760549858
40209,0.1939231756052617
40210,0.09456541033236462
40211,0.0
40212,0.0
40213,0.0
40214,0.0
40215,0.02403918540462272
40216,0.0
40217,0.047457908389135155
40218,0.0
40219,0.00815782025070879
40220,0.0
40221,0.008011061071282584
40222,0.07612284613236675
40223,0.0013407635715905137
40224,0.01842561293669255
40225,0.0
40226,0.040388503705917934
40227,0.0
40228,0.17987632355807118
40229,0.0
40230,0.0
40231,0.1845342741544164
40232,0.1854465523533583
40233,0.0
40234,0.20365732789971208
40235,0.22540616649485412
40236,0.0
40237,0.07728810337815761
40238,0.043702861549348104
40239,0.0
40240,0.0
40241,0.0
40242,0.11356133458766118
40243,0.9170885445075913
40244,0.11002709559462866
40245,0.0
40246,0.12588825500884104
40247,0.11173328807055385
40248,0.026661200524972097
40249,0.020776521061465776
40250,0.017385914410343418
40251,0.17122337324841055
40252,0.10296166770508049
40253,0.6004744698537295
40254,0.39385782893418053
40255,0.0
40256,0.03578867592480636
40257,0.09747874677799258
40258,0.2341713833452858
40259,0.0
40260,0.03988132468779336
40261,0.21707316740581722
40262,0.03772610904296238
40263,0.17117573833515373
40264,0.0964882161146849
40265,0.3040795113437464
40266,0.6987210472827392
40267,0.1891188328358476
40268,0.0
40269,0.5380077195885461
40270,0.04384797755605573
40271,0.10192850513786027
40272,0.0
40273,0.03179183880221664
40274,0.1345949287448163
40275,0.07153988133769958
40276,0.11347538031560032
40277,0.15302087966476535
40278,0.0
40279,0.12480928121557529
40280,0.21441767921860203
40281,0.05255260379053445
40282,0.032476672767118964
40283,0.10001720084946576
40284,0.013887277581756187
40285,0.030053871732522594
40286,0.09998917322559137
40287,0.25062543201181137
40288,0.3045736833169736
40289,0.034190143354667725
40290,0.24510930722840107
40291,0.2015034316178979
40292,0.2080195511079826
40293,0.3465684451859668
40294,0.3700883538585537
40295,0.0
40296,0.11265179080177222
40297,0.08753702593258376
40298,0.0
40299,0.034561554977282506
40300,0.0
40301,0.03169311095741956
40302,0.061190547558741204
40303,0.09432037589451303
40304,0.10658979002925976
40305,0.3308719531191629
40306,0.3624108827492711
40307,0.024698985624482347
40308,0.0843076560986863
40309,0.030553903349241893
40310,0.33564918133698607
40311,0.05175445255479721
40312,0.09054116202628892
40313,0.011749363946596494
40314,0.042176775508450656
40315,0.18499623353639252
40316,0.5490682912811264
40317,0.14391317930544328
40318,0.00021221055513422708
40319,0.003624428328113372
40320,0.06457455743937582
40321,0.044013450546809524
40322,0.0
40323,0.1365418612903579
40324,0.1792510122649364
40325,0.09607347749574426
40326,0.11501713899002791
40327,0.06277820010178262
40328,0.039532086385044365
40329,0.04155692565316362
40330,0.012791513736186248
40331,0.19514079159302725
40332,0.07959812787626999
40333,0.07065418675270803
40334,0.008739671470999617
40335,0.06502760996450707
40336,0.024196800746566178
40337,0.006053778195400891
40338,0.042202259736043995
40339,0.00538514731053623
40340,0.04584280433051456
40341,0.089079468652595
40342,0.5577739116072138
40343,0.36299528487345956
40344,0.0
40345,0.04928412566169997
40346,0.0
40347,0.028286716517759047
40348,0.06462596721276796
40349,0.0
40350,0.07617632246061266
40351,0.018349108321027718
40352,0.2100890771826669
40353,0.029980580656159495
40354,0.0443646676648892
40355,0.03111924668627151
40356,0.052035481648022415
40357,0.0382907257530264
40358,0.1458127752324361
40359,0.17453631872865677
40360,0.055218900315775234
40361,0.06488460594019314
40362,0.04000838089766221
40363,0.030824387051539975
40364,0.03579018328175844
40365,0.03629828430673227
40366,0.2775560218275789
40367,0.0562889828440657
40368,0.4666881734920973
40369,0.06047942181685304
40370,0.07851521133262886
40371,0.026698240635853812
40372,0.030862510546891726
40373,0.027800018516748376
40374,0.08305576107949855
40375,0.08246480296731196
40376,0.06630743298733865
40377,0.05401988099321345
40378,0.1694999211289919
40379,0.32742160323890573
40380,0.0824299166697541
40381,0.02458780164012073
40382,0.08158604811761447
40383,0.005184008615108177
40384,0.14738234702365183
40385,0.013129600078666537
40386,0.07589637636714947
40387,0.015905409685193734
40388,0.0783327909476667
40389,0.014210517504648532
40390,0.00597288655886125
40391,0.0
40392,0.003491014484964654
40393,0.18329346435538169
40394,0.0
40395,0.041663249163009064
40396,0.0
40397,0.030606357526658384
40398,0.02411018237171987
40399,0.06011277438627096
40400,0.07531122771964081
40401,0.07296101827976069
40402,0.050131040475914594
40403,0.20011625867147453
40404,0.12046085637865274
40405,0.24575216194725813
40406,0.0
40407,0.09195098213648294
40408,0.05783632792773427
40409,0.0
40410,0.04426188996506785
40411,0.015927885498039966
40412,0.039168085838410104
40413,0.02408396883103679
40414,0.020864331408538772
40415,0.05421145042290376
40416,0.024580108414584415
40417,0.03366366158841547
40418,0.05385582533652525
40419,0.04761542903237807
40420,0.2558042045689589
40421,0.07195223235118275
40422,0.11151704560342893
40423,0.5674151388759527
40424,0.07556123935627154
40425,0.08482309256471238
40426,0.0646573876464205
40427,0.08244634400515861
40428,0.06432658734664809
40429,0.0995627468942088
40430,0.03580542889858083
40431,0.00836887585821191
40432,0.23545187812579765
40433,0.09597027091223971
40434,0.032210087542216756
40435,0.056720614089908444
40436,0.03720043563737755
40437,0.012115231472940455
40438,0.06527614792128303
40439,0.3579680246311134
40440,0.0775704018317432
40441,0.03586943522842304
40442,0.05770291872572105
40443,1.0
40444,0.057564619374913584
40445,0.0033556778003550726
40446,0.08231008558516556
40447,0.07505799365154904
40448,0.16271743471035285
40449,0.3622381126673147
40450,0.05497534325123866
40451,0.023472484114502982
40452,0.03236923210687181
40453,0.017805162273732494
40454,0.05320585335947991
40455,0.16944589657775766
40456,0.04344212877861654
40457,0.057981506816975246
40458,0.0
40459,0.03816303854123833
40460,0.01867880760908916
40461,0.007380918572983441
40462,0.016269374908089315
40463,0.061630015975222156
40464,0.05625226732175006
40465,0.018505931715402726
40466,0.11529821367951433
40467,0.08270873094122357
40468,0.2731305358157117
40469,0.06877017141902916
40470,0.01923393990954707
40471,0.055278035465219644
40472,0.1507893326686179
40473,0.18494073570542086
40474,0.07293798735561667
40475,0.057390772866335184
40476,0.0
40477,0.053997165227749326
40478,0.49784053499566566
40479,0.020002466936982398
40480,0.20247844178563232
40481,0.39112090668628957
40482,0.09491401222345756
40483,0.02785385862762252
40484,0.043048506734603566
40485,0.2022499976817353
40486,0.18773576354736957
40487,0.05470369200923998
40488,0.05574877734833535
40489,0.1090453500165547
40490,0.09437675030367139
40491,0.09939343697196
40492,0.12329250315227419
40493,0.2592719346205602
40494,0.03209320732626806
40495,0.03064127171512852
40496,0.12680670783818115
40497,0.030392789185773875
40498,0.15192156426231762
40499,0.885004022789289
40500,0.043290229841367565
40501,0.19383421903995993
40502,0.0
40503,0.02511694512211456
40504,0.17117181811611998
40505,0.04566033222827814
40506,0.03244607940822248
40507,0.004848956807668254
40508,0.02579565102396733
40509,0.6078108828215651
40510,0.04414647753486333
40511,0.08263489223906247
40512,0.22395851960574711
40513,0.08027508015706236
40514,0.19550910034010505
40515,0.2644781776005719
40516,0.23715803895367354
40517,0.0
40518,0.14485909385221377
40519,0.0717751401321346
40520,0.06210043525470257
40521,0.9931272346751843
40522,0.32458510070135843
40523,0.3389101778222212
40524,0.012347150273895989
40525,0.19347656967454158
40526,0.0
40527,0.05134230891880958
40528,0.0
40529,0.023114227452258097
40530,0.01788115823704165
40531,0.008961097086695829
40532,0.0832276948335147
40533,0.07393487102404918
40534,0.06276384601335958
40535,0.05353865657341095
40536,0.0813368588896179
40537,0.04427667745220493
40538,0.08477349366568769
40539,0.09258175548475131
40540,0.0
40541,0.1050808729249567
40542,0.19635903213577022
40543,0.014558566627898176
40544,1.0
40545,0.9891001627021462
40546,0.7750604958366901
40547,0.0296883898475251
40548,0.16976459518981526
40549,0.42883035500514266
40550,0.13234412548047764
40551,0.047292997588651
40552,0.0
40553,0.041922699669257844
40554,0.04327812815486131
40555,0.03967193358323885
40556,0.0
40557,0.4691829508199371
40558,0.030790702687851713
40559,0.02176123155420238
40560,0.07558331643130056
40561,0.05122294006984203
40562,0.04422891004941032
40563,0.017715296659787917
40564,0.2223595664700179
40565,0.05389140459365136
40566,0.18931455602326178
40567,0.06766016393929954
40568,0.10677606867627906
40569,1.0
40570,0.9778904459823261
40571,0.39686098159199557
40572,0.03530117875684613
40573,0.0
40574,0.0
40575,0.5465900244720889
40576,0.05082333879188601
40577,0.2531392309518614
40578,0.044807616615890875
40579,0.127267000776638
40580,0.11358162728064673
40581,0.08295245232625152
40582,0.08031780281979023
40583,0.24014290867830998
40584,0.394770090679453
40585,0.7194027433976263
40586,0.11297979075063988
40587,0.1128379444637984
40588,0.02742830445244496
40589,0.04488353605003343
40590,0.05268103159418741
40591,0.06860517827108181
40592,0.03468700719424207
40593,0.024375115051692594
40594,0.10708001473061843
40595,0.11462568404224205
40596,0.03852512413388763
40597,0.047306924794475146
40598,0.0
40599,0.9509790524828403
40600,1.0
40601,0.9914315189632836
40602,0.04389053557563233
40603,0.10218992231037635
40604,0.0
40605,0.37718322239288765
40606,0.0
40607,0.01182042306919182
40608,0.009802866727046012
40609,0.041778607237621855
40610,0.05023360449414376
40611,0.3261900772830821
40612,1.0
40613,0.028610052941919435
40614,0.05175587039050563
40615,0.03546953731956621
40616,0.09697702521926958
40617,0.03573849691393524
40618,0.0964792692390458
40619,0.05329705483866594
40620,0.04342524823869935
40621,0.10448474889588852
40622,0.04390752574934711
40623,0.08145172233187943
40624,0.017911990120962583
40625,0.24961582451918476
40626,0.1646086672746968
40627,0.12127780688742228
40628,0.028643649187820124
40629,0.019528230766728365
40630,0.020380061626029344
40631,0.024187988496549226
40632,0.09667240088410486
40633,0.015303858738417558
40634,0.01809968725421757
40635,0.04875973487750715
40636,0.002523469035740054
40637,0.016357618632538366
40638,0.039340405737288184
40639,0.05102814456077168
40640,0.17201479571245334
40641,0.35697204773371444
40642,0.10010368897654577
40643,0.03863650249638877
40644,0.12303337792749214
40645,0.1122400121227854
40646,0.10562981681786998
40647,0.9367153660342692
40648,0.05925744596895264
40649,0.024907602185474862
40650,0.03679478493171478
40651,0.19011415816067787
40652,0.11293525677530428
40653,0.2037639552928665
40654,0.3475721939713623
40655,0.1458611032709125
40656,0.09955413727542056
40657,1.0
40658,0.15099506896641604
40659,0.0
40660,0.0799468235550845
40661,0.17628192479282315
40662,0.004864185920957449
40663,0.011426324465546997
40664,0.7151445971750643
40665,0.01770782802453702
40666,0.01493418141201138
40667,0.01081557267985998
40668,0.04000242742550529
40669,0.08772750353410724
40670,0.2241899141803146
40671,0.21529086949892698
40672,0.1821154167727865
40673,0.17246396597922348
40674,0.09639982969626598
40675,0.10187987751478428
40676,0.204403840645898
40677,0.08935785173803572
40678,0.11201396923066825
40679,0.04727517653548011
40680,0.5119747478282801
40681,0.2188126075861741
40682,0.019605310818929036
40683,0.3179990248925354
40684,0.2710955033813489
40685,0.05499375860887127
40686,0.07756889512689552
40687,0.05658447706709677
40688,0.0
40689,0.0
40690,0.0
40691,0.049356745912136346
40692,0.061301590726925786
40693,0.07934677122253755
40694,0.09143230128299207
40695,0.31132257706380045
40696,0.7990605416565164
40697,0.17560512422688979
40698,0.20115867733330664
40699,0.36024799919586437
40700,0.10113158920096929
40701,0.0
40702,0.04783457641342739
40703,0.07116548265071732
40704,0.14714027300739194
40705,0.22012744020909475
40706,0.061123563804283826
40707,0.004813430514783524
40708,0.01562083650241276
40709,0.14228128815684854
40710,0.0031750942245143843
40711,0.02425622264066604
40712,0.0
40713,0.006455389533970246
40714,0.0
40715,0.015969826286808767
40716,0.0
40717,0.014212284043149314
40718,0.02105318220476908
40719,0.01368437943463301
40720,0.05314673883386038
40721,0.18752649043207673
40722,0.10022937186800211
40723,0.16475218957392984
40724,0.471600074222857
40725,0.4595690245498544
40726,0.20277487284947543
40727,0.12574844773392
40728,0.058477654639601216
40729,0.017361229938297057
40730,0.04967589216723102
40731,0.06963381090656828
40732,1.0
40733,0.04028962985586332
40734,0.024925851702015358
40735,0.04220071802292308
40736,0.02522706194499067
40737,0.1698574505751539
40738,0.05757797927214406
40739,0.03124790153306181
40740,0.0
40741,0.031053579244198087
40742,0.01156250176742474
40743,0.04973039846440178
40744,0.058276958783346045
40745,0.5311133617989475
40746,0.24531370410755532
40747,0.23179981175257822
40748,1.0
40749,0.1956930512956141
40750,0.31679710805132055
40751,0.15482875707774735
40752,0.0
40753,0.004822328275060248
40754,0.019111531103713535
40755,0.0
40756,0.07279143951840607
40757,0.3232893914208613
40758,0.1378400028965002
40759,0.19314216914352092
40760,0.0
40761,0.10066291987630444
40762,0.06793619419717635
40763,0.09935793555164271
40764,0.13493358609233402
40765,0.06453747945012034
40766,0.0
40767,0.011722528991720141
40768,0.08214879092239637
40769,1.0
40770,0.1749441917469633
40771,1.0
40772,0.44582555137661906
40773,0.10589120654473604
40774,0.09682716264063024
40775,0.06449193526739674
40776,0.025863240691096103
40777,0.0
40778,0.06712510896356663
40779,0.0
40780,0.0
40781,0.07920022746405518
40782,0.06245612668441678
40783,0.03537198933444707
40784,0.11334044484616854
40785,0.0
40786,0.032135440142022215
40787,0.2035483772185541
40788,0.022693636574108892
40789,0.0547025523204914
40790,0.19178904258498947
40791,0.0
40792,0.0
40793,0.06433751999749385
40794,0.1121187576409442
40795,0.06793637923079121
40796,0.18404997949119026
40797,0.13172116725942706
40798,0.042740167227769875
40799,0.04824526258920335
40800,0.06523123237597828
40801,0.07973030278152683
40802,0.06848282102928459
40803,0.0
40804,0.07041983835995011
40805,0.0
40806,0.09626573225149135
40807,0.01534350185378219
40808,0.05862271701184433
40809,0.03501335239826424
40810,0.023855254635597224
40811,0.020037962630362054
40812,0.14288699672503463
40813,0.2175356634149308
40814,0.9895694079419382
40815,0.24368892836809422
40816,0.0
40817,0.07964095153600433
40818,0.023211448519551967
40819,0.061180040900624996
40820,0.10069307689044664
40821,0.0034506334296701604
40822,0.0
40823,0.0
40824,0.0
40825,0.0
40826,0.0748152073453224
40827,0.04582042981181646
40828,0.2770921899359117
40829,0.0
40830,0.0
40831,0.01300940342435277
40832,0.05198866939278135
40833,0.07448285049746542
40834,0.37148516295745193
40835,0.30940719326427457
40836,0.00034409608815625005
40837,0.19642826219512508
40838,0.010161809717902148
40839,0.012352956760310401
40840,0.057635394043055344
40841,0.18520766288866503
40842,0.033473209911693065
40843,0.1648499802038588
40844,0.0014846888330854997
40845,0.0992293401331518
40846,0.05364737988560163
40847,0.030586869100541796
40848,0.020927178822634607
40849,0.010558343778277548
40850,0.054847714329014655
40851,0.30235269548089844
40852,0.01827992426644381
40853,0.012174875925403643
40854,0.015916987875743107
40855,0.0
40856,0.036455742679704195
40857,0.2072796160738593
40858,0.0
40859,0.17262761990114103
40860,0.06260558520174535
40861,0.0
40862,0.03750658779280019
40863,0.0
40864,0.28623514124625443
40865,0.0
40866,0.1738134250896049
40867,0.007444065726304471
40868,0.025754422202196463
40869,0.0345275904310452
40870,0.0
40871,0.43348973868485813
40872,0.992392586514463
40873,0.09541430941733554
40874,0.12352867708267289
40875,0.005943008374849798
40876,0.0969129775659378
40877,0.0797299868946506
40878,0.07114934872554533
40879,0.10033209655564611
40880,0.07035218184987252
40881,0.10115621671166083
40882,1.0
40883,0.10171748627166251
40884,0.0
40885,0.06751059728152367
40886,0.05393873847812604
40887,0.0077600046320097
40888,0.03621144551931281
40889,0.11234239224035807
40890,0.34468328491254324
40891,0.0008603390380918678
40892,0.24077219919330492
40893,0.1702731569165618
40894,0.02756347945788268
40895,0.06163386152589271
40896,0.01138299563632458
40897,0.04954185793058858
40898,0.056630011358653046
40899,0.08393540758252192
40900,0.013542755968569168
40901,0.05049579646349287
40902,0.0
40903,0.1957329828170513
40904,0.04985167273789421
40905,0.05433924797066398
40906,0.020877241643340795
40907,0.0
40908,0.0414079754428432
40909,0.0833213303881359
40910,0.0
40911,0.007696848720621441
40912,1.0
40913,0.07541820220463574
40914,0.04752265682610073
40915,0.05194646885846709
40916,0.03445562522642715
40917,0.03947058047205665
40918,0.006978922231775159
40919,0.014014956159761694
40920,0.0
40921,0.25896280642497954
40922,0.002871766108235193
40923,0.0
40924,0.0
40925,0.19542266591078222
40926,0.008475948860287469
40927,0.10021253479289535
40928,0.04616518982855926
40929,0.03995077027363129
40930,0.21226724515638026
40931,0.003177399899945037
40932,0.0246895903236251
40933,0.016051809638268102
40934,0.012473828266532837
40935,0.02975344445366614
40936,0.12294282673638819
40937,0.04627323388696713
40938,0.0
40939,0.0
40940,0.032098398561256826
40941,0.08895015645446103
40942,0.06516165852691166
40943,0.026450232657737393
40944,0.019794407983007658
40945,0.016803072061064152
40946,0.06515441564799095
40947,0.0
40948,0.07041280928174667
40949,0.12191330469536091
40950,0.14957115298933377
40951,0.004915942069632361
40952,0.015306554951850949
40953,0.0482855973760893
40954,0.03459477739543467
40955,0.08446458965502725
40956,0.017883044125291764
40957,0.13706923694072304
40958,0.30004722442266274
40959,0.0
40960,0.002524158116133012
40961,0.012917458646355342
40962,0.02882324370286308
40963,0.0
40964,0.030837619592628606
40965,0.03178231888594031
40966,0.0
40967,0.030655521674566585
40968,0.10452683690372903
40969,0.04143411263446142
40970,0.030341293266167343
40971,0.005901279599623778
40972,0.017138958367069246
40973,0.04166540765420003
40974,0.36547283647452816
40975,0.04587129699779802
40976,0.00804182624996619
40977,0.046307755901321405
40978,0.04406379615038609
40979,0.015346517349637828
40980,0.010045726816790357
40981,0.11515564274861802
40982,0.007704723944304503
40983,0.11399011877782732
40984,0.0
40985,0.1479921447533685
40986,0.0
40987,0.06136176317058381
40988,0.008366840402684601
40989,0.0
40990,0.02437031883988944
40991,0.14524455429632394
40992,0.10447684068450352
40993,0.18700920054156167
40994,0.011645276348900507
40995,0.054802701968693
40996,0.02960554905607602
40997,0.04497244043015853
40998,0.34758769358704017
40999,0.2113733109363772
41000,0.08015718219827152
41001,0.0
41002,0.0
41003,0.0
41004,0.05384458091094971
41005,0.03019071424154685
41006,0.0
41007,0.0
41008,0.16508173407229318
41009,0.0
41010,0.009563070826757121
41011,0.25599630939872886
41012,0.13608701368713041
41013,0.0
41014,0.0
41015,0.14570026423606114
41016,0.2249392829048372
41017,0.0
41018,0.0729384265130682
41019,0.031167544426329137
41020,0.0
41021,0.1348803011286201
41022,0.0
41023,0.8162233387923988
41024,0.13040785760794327
41025,0.06810771335495246
41026,0.11079770966901274
41027,0.015092556068933024
41028,0.03750641789947075
41029,0.0
41030,0.0
41031,0.3516089506773414
41032,0.431164235855737
41033,0.0
41034,0.0819572789269441
41035,0.01273819473907502
41036,0.13660725194242607
41037,0.24470706321031468
41038,0.002539721789815292
41039,0.0129872359459603
41040,0.02580292348731777
41041,0.09519544031987152
41042,0.1777073599743528
41043,0.09958445582208326
41044,0.1861083550233746
41045,0.3417103894094265
41046,0.18388850726556866
41047,0.33488843053921263
41048,0.06877943303240094
41049,0.08540713758156096
41050,0.011187971293069868
41051,0.044080041296964564
41052,0.11067407851748566
41053,0.0
41054,0.08904228663605386
41055,0.03197322263269006
41056,0.0
41057,0.016124453037473584
41058,0.0
41059,0.17408771761236183
41060,0.06191345802230841
41061,0.040067473123321505
41062,0.11044711516619665
41063,0.04469655059531407
41064,0.026687182238812942
41065,0.025273599484344385
41066,0.24965077119791834
41067,0.26759585493934507
41068,0.04728198764981041
41069,0.0
41070,0.2121585320202446
41071,0.16548965092537196
41072,0.11061296966275655
41073,0.14192976363678672
41074,0.33264160336869436
41075,0.07655248170966568
41076,0.043251392679582
41077,0.06370827910942946
41078,0.01594387374235399
41079,0.021707613950480827
41080,0.09024261618820284
41081,0.18227308499523437
41082,0.3630602926843171
41083,0.01188179410095715
41084,0.049859043388660186
41085,0.061397606052756
41086,0.0
41087,0.03497676751397844
41088,0.2626330993961864
41089,0.03635744210365647
41090,0.060176196644421254
41091,0.04162221004012529
41092,0.12761376666828184
41093,0.4047494256562689
41094,0.14937187344037833
41095,0.0
41096,0.0
41097,0.03953805761620299
41098,0.10009349528336357
41099,0.1243828070179938
41100,0.1655123315357368
41101,0.14610192192668486
41102,0.12015372856062535
41103,0.024671785973520117
41104,0.0741058345262729
41105,0.049523159649169333
41106,0.0489431169704191
41107,0.03515324901704372
41108,0.16636625690644877
41109,0.08286571342606404
41110,0.0795013310874972
41111,0.001672798320731427
41112,0.04570938456471466
41113,0.02783603220070862
41114,0.030696456379887365
41115,0.04114547365401023
41116,0.0038359779599229497
41117,0.026252537426765195
41118,0.0
41119,0.06033426134723436
41120,0.7066146021810448
41121,0.4018113873740282
41122,0.02631832429774218
41123,0.015034564364388905
41124,0.09410895172048275
41125,0.050206796854100996
41126,0.004659806288361018
41127,0.07576054377474246
41128,0.0
41129,0.0314329629291717
41130,0.23788065837649625
41131,0.0027037389854883145
41132,0.04310261761999358
41133,0.0547225291375742
41134,0.040158022087388535
41135,0.05056004791208096
41136,0.0944312678696506
41137,0.18141924324022424
41138,0.051899348433677585
41139,0.04409140679973608
41140,0.020674575038072122
41141,0.013610380308072807
41142,0.050914894114368156
41143,0.02373376840521688
41144,0.3675987347970611
41145,0.02617518453321579
41146,0.39051864264630004
41147,0.10466195718892642
41148,0.03662052155868217
41149,0.022415092955518943
41150,0.04215673358106233
41151,0.053210526985075286
41152,0.0
41153,0.01786036775610101
41154,0.06708538758277184
41155,0.041862919302298365
41156,0.06635534824707603
41157,0.0652756026242008
41158,0.07607095738107472
41159,0.09579371347400013
41160,0.3388532824654816
41161,0.10124886383790706
41162,0.02086980558416382
41163,0.08458937605752816
41164,0.021490436015711892
41165,0.012165418325088715
41166,0.1786918667142577
41167,0.013677333666048844
41168,0.07129618467853974
41169,0.0
41170,0.04870204466513487
41171,0.00642984045692819
41172,0.0
41173,0.0
41174,0.16070876869334041
41175,0.05165189622869531
41176,0.012865416164655353
41177,0.008346697893576553
41178,0.027225490471492475
41179,0.05354172774429388
41180,0.06529891474170954
41181,0.08309165228788232
41182,0.0641030882895939
41183,0.18927557873691037
41184,0.08526933034203432
41185,0.18687374962827374
41186,0.0
41187,0.10115232158604204
41188,0.03309979260184277
41189,0.031660971382443975
41190,0.054612068931150545
41191,0.005885456779311884
41192,0.030917514208529267
41193,0.00578163417839055
41194,0.07057026579099838
41195,0.011912849397255055
41196,0.07176019124928204
41197,0.0
41198,0.051738897993145794
41199,0.05361969346961461
41200,0.1806375328550062
41201,0.043783074418667314
41202,0.09541608052908486
41203,0.7795138783533737
41204,0.06089769002602844
41205,0.06849473208405026
41206,0.06212856073962324
41207,0.055812232021250005
41208,0.05009640961375922
41209,0.09232065277134492
41210,0.04957243157473785
41211,0.0
41212,0.2143977402842174
41213,0.04246374606312834
41214,0.03134020488981183
41215,0.07103698772585727
41216,0.04906767226477125
41217,0.0017167555892011195
41218,0.04579659248051606
41219,0.34941890549596766
41220,0.07318075228753528
41221,0.025886773972399343
41222,0.07501891417845136
41223,1.0
41224,0.07580498489355823
41225,0.0
41226,0.05470790071949055
41227,0.03640042230419502
41228,0.16570601412287292
41229,0.35993050240747393
41230,0.07362349508456181
41231,0.025241596333249704
41232,0.04445677965588935
41233,0.07049398471463417
41234,0.11209284185254521
41235,0.10114888927150611
41236,0.059946540412481604
41237,0.05847396447640886
41238,0.020120840163714827
41239,0.011295941580509384
41240,0.022282942190968623
41241,0.034668652343039105
41242,0.08329523320588954
41243,0.04606260967608232
41244,0.0300405696943007
41245,0.08147830172476835
41246,0.1313491923056175
41247,0.2784137485597482
41248,0.07548930441587134
41249,0.01946189380572568
41250,0.05783731209709739
41251,0.11330924226030638
41252,0.21232798687448756
41253,0.05158673291991341
41254,0.05984174063181111
41255,0.0
41256,0.027629356674100717
41257,0.5445409764825695
41258,0.1509013719053835
41259,0.41778625410895875
41260,0.06567228123063701
41261,0.0006005162022922162
41262,0.009877984270713278
41263,0.04602575883852165
41264,0.033468081371875
41265,0.18542418226389049
41266,0.18628068757084615
41267,0.03864586325958341
41268,0.0756751253562763
41269,0.13602883553395043
41270,0.09799305859364914
41271,0.08899708706365309
41272,0.16482139995251818
41273,0.19491439888316314
41274,0.06509809534085251
41275,0.03653891621213194
41276,0.13346214700764522
41277,0.027285826578299317
41278,0.1317440545824048
41279,0.795459833399929
41280,0.02695189466598652
41281,0.24106759598284347
41282,0.021187033528744348
41283,0.14319508956252883
41284,0.012010247560141098
41285,0.06442366452755541
41286,0.047623182103703705
41287,5.977457316582294e-05
41288,0.024579960069107416
41289,0.6088206054712763
41290,0.04346391551592621
41291,0.05841417310984785
41292,0.24520912213811363
41293,0.11206378071508748
41294,0.13780168450385127
41295,0.26670692985333455
41296,0.23383260889236274
41297,0.0
41298,0.16599436386057448
41299,0.11207938818300964
41300,0.059255147793655004
41301,1.0
41302,0.3441377314672648
41303,0.35158295170857023
41304,0.042093864207287
41305,0.18996442380944226
41306,0.047606861767013384
41307,0.005390888460082738
41308,0.01764033853475408
41309,0.06895371316750146
41310,0.06302195753670659
41311,0.022637112948921952
41312,0.03613663573450716
41313,0.05861628866672066
41314,0.04991882649132886
41315,0.09620120649780162
41316,0.10154981678902289
41317,0.0
41318,0.03685666466910873
41319,0.17196009105569654
41320,0.0
41321,0.08461904448413693
41322,1.0
41323,0.9671769380107075
41324,0.6996732659538677
41325,0.10591996608975922
41326,0.4839350120224928
41327,0.14043420694867867
41328,0.044020339118994216
41329,0.03846943144249285
41330,0.04505833540433033
41331,0.04005525022643446
41332,0.0
41333,0.38372287732850097
41334,0.01678130682547907
41335,0.036788519924252305
41336,0.08590457607727112
41337,0.033513518182207505
41338,0.003580790349524983
41339,0.022469567195430272
41340,0.20285711790068636
41341,0.05112815990880762
41342,0.0
41343,0.10058944900332514
41344,0.10023962911915621
41345,0.04663265121606329
41346,1.0
41347,0.9323226262149632
41348,0.5914507177253917
41349,0.04066098565357821
41350,0.0
41351,0.0
41352,0.6037555856044287
41353,0.03830701701234496
41354,0.3422292934609699
41355,0.06005595482456898
41356,0.11191096952736558
41357,0.013627724746388015
41358,0.06282458085227895
41359,0.07287423860926459
41360,0.08326678174388275
41361,0.1876524335736347
41362,0.3837933712854326
41363,0.7242234155394063
41364,0.12220396279231063
41365,0.11257903276143026
41366,0.034520766168726416
41367,0.015572840410724934
41368,0.054621108960880495
41369,0.06496643034386777
41370,0.05117553616513696
41371,0.0
41372,0.12257829839873997
41373,0.13164991502920054
41374,0.007975261798308016
41375,0.09625184674876655
41376,0.0
41377,1.0
41378,1.0
41379,1.0
41380,0.050869447683123084
41381,0.0750927511477668
41382,0.5441769789678381
41383,0.02168771472020072
41384,0.01945297973081572
41385,0.022994649168064225
41386,0.0490200445461219
41387,0.031454598415168664
41388,0.3385073975441036
41389,1.0
41390,0.03356336971845584
41391,0.04782183177788696
41392,0.037261535693144755
41393,0.08503516968298211
41394,0.054270168483506
41395,0.1043612148819783
41396,0.054168449406691625
41397,0.04737210638474789
41398,0.05984048885637772
41399,0.11871091230245104
41400,0.15412696653261246
41401,0.0
41402,0.21907247597061763
41403,0.25513588703410456
41404,0.08718606413758734
41405,0.05135716534406725
41406,0.014901339214097363
41407,0.038365399831200436
41408,0.04483099451570323
41409,0.01780146534541917
41410,0.016758813731887763
41411,0.025418421215721704
41412,0.0
41413,0.013734778361649711
41414,0.02781802506675592
41415,0.05825698792824446
41416,0.17583177822143922
41417,0.5283560103623771
41418,0.09544554932833914
41419,0.11278430609747504
41420,0.10569448104555472
41421,0.10096684075376641
41422,0.11138447297223815
41423,0.7257804672625635
41424,0.05639070225882988
41425,0.0
41426,0.09077327261842388
41427,0.1313173698202426
41428,0.23098615776356837
41429,0.503596099629233
41430,0.16542081743650633
41431,0.0783881965041339
41432,1.0
41433,0.1624787718208745
41434,0.0
41435,0.112503463471609
41436,0.20848380584896084
41437,0.008764921930102506
41438,0.0
41439,0.8275820180623624
41440,0.04244526091345297
41441,0.016262577239981132
41442,0.01337859563963438
41443,0.015186141707345238
41444,0.09606667110074417
41445,0.1975856271287117
41446,0.17689749972868501
41447,0.18185772492959568
41448,0.15711761826895784
41449,0.07046660782539552
41450,0.11542497774772925
41451,0.2498379746766426
41452,0.0
41453,0.15460954845755986
41454,0.05171133902070903
41455,0.006467314722523957
41456,0.7187362723007552
41457,0.2354613339386327
41458,0.008259970667874513
41459,0.3101887271313867
41460,0.33332298087761364
41461,0.044524831553523575
41462,0.07554906412556374
41463,0.13291869675111542
41464,0.0
41465,0.015074135062923436
41466,0.03776803150403035
41467,0.05803263563325428
41468,0.07527167530696596
41469,0.07558812534626336
41470,0.2339425750697766
41471,0.7299770722237586
41472,0.2098225560773107
41473,0.17963121226633372
41474,0.36314572153195407
41475,0.09420717319430064
41476,0.0062849200000374165
41477,0.0792527767055817
41478,0.10427322778478906
41479,0.12552544695288187
41480,0.19676747846019638
41481,0.057128597560600666
41482,0.030482565674298624
41483,0.01375240461408393
41484,0.09538591009488775
41485,0.0
41486,0.0193567961434384
41487,0.007304916958878392
41488,0.008825486893723544
41489,0.008958738325497153
41490,0.0
41491,0.006560214551035744
41492,0.0
41493,0.013672185752489468
41494,0.021850278303871266
41495,0.015086328415983587
41496,0.04599534709627502
41497,0.187410514813533
41498,0.1269470701078936
41499,0.1869965988918508
41500,0.4624292143293511
41501,0.4127857296472827
41502,0.21787222440996196
41503,0.13410394447757357
41504,0.06559808345965011
41505,0.058851318129191144
41506,0.009977204697964079
41507,0.04361330797589243
41508,1.0
41509,0.044635892457016615
41510,0.037710765786140285
41511,0.024854830711080016
41512,0.17524065269459893
41513,0.0
41514,0.0
41515,0.009612860074909104
41516,0.0
41517,0.017708659452428353
41518,0.031367808560973556
41519,0.055066736016886275
41520,0.5683284815605056
41521,0.22191459119094994
41522,0.21217551895190706
41523,1.0
41524,0.21785536962622315
41525,0.3718898875540392
41526,0.14648724544153835
41527,0.03622086602553187
41528,0.0
41529,0.005394263127218695
41530,0.009269795965025302
41531,0.04103014683740101
41532,0.040378090231396976
41533,0.34602174368188476
41534,0.0453723241183709
41535,0.2914930530414685
41536,0.024976663209024027
41537,0.1495750024826873
41538,0.13038493863916217
41539,0.08888368159239705
41540,0.12199541275918521
41541,0.057022413405474155
41542,0.011957137640002242
41543,0.08218427563500016
41544,1.0
41545,0.2013536786525037
41546,1.0
41547,0.36569919872714585
41548,0.1623577471257309
41549,0.07955898270558455
41550,0.05309889914236749
41551,0.028707603223354704
41552,0.006720132141094919
41553,0.0
41554,0.0
41555,0.05819529142335794
41556,0.09347051389956709
41557,0.04265884172069221
41558,0.15023701057953937
41559,0.04325882703631749
41560,0.34751727289740686
41561,0.04493388467799352
41562,0.0
41563,0.05850573174309189
41564,0.23218595417166266
41565,0.01360032429325054
41566,0.0
41567,0.16055187286000921
41568,0.11187064122515313
41569,0.06454037528403421
41570,0.20940621283416505
41571,0.10790019557579385
41572,0.08764090017822401
41573,0.0
41574,0.042035870752733365
41575,0.10468286296268878
41576,0.03792140665746943
41577,0.0
41578,0.08165581658281554
41579,0.0
41580,0.03538915812395452
41581,0.03615373191287539
41582,0.05157448612538098
41583,0.027706961771187165
41584,0.0242683158182843
41585,0.006415724364162066
41586,0.04488006172707847
41587,0.1640763851448627
41588,0.19650281715488113
41589,1.0
41590,0.2582246055217487
41591,0.0
41592,0.00514380604441274
41593,0.0
41594,0.0
41595,0.04295604165558318
41596,0.11330707736504483
41597,0.0
41598,0.0
41599,0.001859355382758342
41600,0.0
41601,0.011402027675622903
41602,0.0726703238344113
41603,0.0490476169000328
41604,0.22613524390996348
41605,0.0
41606,0.0
41607,0.011815051981455873
41608,0.05096848554173067
41609,0.053699090051239455
41610,0.44371092269405155
41611,0.3276381839825364
41612,0.0027000836420306333
41613,0.2119631961847387
41614,0.02538812179356615
41615,0.01222798495601976
41616,0.056730148228100234
41617,0.15453482147074185
41618,0.049614985612511334
41619,0.21307838765562262
41620,0.01172265109021297
41621,0.025451392242926658
41622,0.010292653749065123
41623,0.08266104043442257
41624,0.04568552059787003
41625,0.01858907470626272
41626,0.02073681080599583
41627,0.01846235767762477
41628,0.030415266961713906
41629,0.35863383155110945
41630,0.0442847885719054
41631,0.0
41632,0.0034423658954132307
41633,0.02292482795887629
41634,0.07458551079733543
41635,0.2673013199410643
41636,0.0
41637,0.1606369631754929
41638,0.051617973097541216
41639,0.0011700457088322275
41640,0.05613281907390565
41641,0.04585476774648723
41642,0.0
41643,0.34376446753991874
41644,0.18422169183697684
41645,0.012808492446349835
41646,0.0291538822337653
41647,0.025190622370708654
41648,0.0014057949103974696
41649,0.3865104429632432
41650,0.9736257157738467
41651,0.10589709990410885
41652,0.17247713730584932
41653,0.014221632986243911
41654,0.09504684355238041
41655,0.03328838181814183
41656,0.08422672389564692
41657,0.05320163130612742
41658,0.08412455055955795
41659,0.16547871320006916
41660,1.0
41661,0.03944943518629731
41662,0.006601865576111104
41663,0.047771835775124165
41664,0.0767200208671035
41665,0.34158178522731086
41666,0.012096782145885492
41667,0.2513170782396206
41668,0.2282795844496863
41669,0.014987812402719305
41670,0.05945089942276981
41671,0.012056649370324121
41672,0.01939931837871025
41673,0.053970604126106714
41674,0.10708819308146678
41675,0.01580098571498435
41676,0.05187864162354953
41677,0.0172762924316077
41678,0.2374106562691324
41679,0.07447459652054689
41680,0.0673117765557541
41681,0.0
41682,0.0
41683,0.061545952878426555
41684,0.06839978880974522
41685,0.021269554303512857
41686,1.0
41687,0.012051341950327291
41688,0.11898001165625419
41689,0.035508564055698126
41690,0.042497779574309544
41691,0.030272444870204872
41692,0.014451392601408125
41693,0.007261710414137007
41694,0.0
41695,0.1970305667625833
41696,0.018611839798084978
41697,0.004366036328464912
41698,0.21462717576069978
41699,0.06795599546283498
41700,0.0
41701,0.050264907697733355
41702,0.2425261481111975
41703,0.0077829125529092725
41704,0.04810175390829955
41705,0.2475080174086247
41706,0.04895360318054188
41707,0.0
41708,0.006177002857293632
41709,0.0646888083249294
41710,0.1421202772257289
41711,0.00736703961811798
41712,0.06474631562076405
41713,0.02416957827182778
41714,0.030047940510665328
41715,0.10477748234368793
41716,0.17142840308900142
41717,0.0
41718,0.0
41719,0.005897499391034581
41720,0.01173791216434231
41721,0.0
41722,0.003446746673458498
41723,0.01021558404204809
41724,0.0
41725,0.0334788958384664
41726,0.01978511677934312
41727,0.09258413595002045
41728,0.16441496282630677
41729,0.24768385339206414
41730,0.0
41731,0.01627473361335765
41732,0.005167056411599724
41733,0.005707271420357154
41734,0.015973483668491852
41735,0.021285915463959755
41736,0.0052265557715811505
41737,0.0
41738,0.0
41739,0.03129684511780204
41740,0.015096508839619511
41741,0.022395667273496678
41742,0.0
41743,0.10762752998021238
41744,0.050143929910828985
41745,0.026111517737703763
41746,0.06552021170077024
41747,0.003174325743729696
41748,0.37193889006579717
41749,0.06534067822583502
41750,0.03067927151658997
41751,0.06438715942619026
41752,0.029718503293177982
41753,0.02180780894709135
41754,0.05752910838847383
41755,0.009141785493789188
41756,0.13892601407266958
41757,0.15054834918939533
41758,0.0
41759,0.0
41760,0.0005676335371426587
41761,0.030887661017218068
41762,0.0
41763,0.0
41764,0.0
41765,0.12042275940309971
41766,0.07857343326367791
41767,0.0
41768,0.2559313002658621
41769,0.01518797894031211
41770,0.0
41771,0.03969374453060846
41772,0.03594993493888939
41773,0.32847870241981936
41774,0.1457413862118292
41775,0.0024341380927758037
41776,0.08725178239965113
41777,0.0
