Index,demand
0,0.038796034123
1,0.025884463391
2,0.032557718115
3,0.038829726496
4,0.068393601163
5,0.018679502117
6,0.046536764611
7,0.102699578214
8,0.053286327879
9,0.085092164340
10,0.046725153066
11,0.230200316745
12,0.231150628673
13,0.049002048069
14,0.136676297196
15,0.042255082273
16,0.147699012701
17,0.045070929945
18,0.086914874496
19,0.053748235514
20,0.016570806969
21,0.021778442573
22,0.103805518522
23,0.050613436080
24,0.499362353340
25,0.097856859631
26,0.032453630205
27,0.116117123879
28,0.035778589128
29,0.016451819563
30,0.021360052501
31,0.033699402224
32,0.026512272978
33,0.080532251520
34,0.299339218606
35,0.460054840184
36,0.040174472575
37,0.035992930855
38,0.077775442018
39,0.115398726257
40,0.016837518629
41,0.011222433928
42,0.022847987477
43,0.050103461567
44,0.023442194740
45,0.037835409372
46,0.049782127270
47,0.401441163008
48,0.063367274510
49,0.073237018937
50,0.326930668696
51,0.043934180491
52,0.019880451017
53,0.248403751814
54,0.024286709245
55,0.053025978041
56,0.120257714168
57,0.028920560410
58,0.030050027966
59,0.046179602925
60,0.015217438691
61,0.058270989994
62,0.125891069982
63,0.048901781812
64,0.023126384329
65,0.351147500455
66,0.028083030930
67,0.036606534006
68,0.037121415448
69,0.039494012839
70,0.031177995095
71,0.033340074773
72,0.013132781806
73,0.071530201410
74,0.031207530534
75,0.030484961344
76,0.042792705912
77,0.096926966048
78,0.121626327707
79,0.032012235744
80,0.027816692324
81,0.016174170627
82,0.018460487382
83,0.154686468301
84,0.055957368820
85,0.044390309359
86,0.154253920616
87,0.389539643003
88,0.059821611928
89,0.028517676716
90,0.018267435448
91,0.037410495253
92,0.081087480673
93,0.107080816317
94,0.187717649140
95,0.022905716566
96,0.044703860231
97,0.034670209687
98,0.015676778858
99,0.014068331667
100,0.027465449784
101,0.037288132007
102,0.027871453590
103,0.147139495329
104,0.044869018520
105,0.032563002478
106,0.028899062178
107,0.072321083288
108,0.476395002158
109,0.027967234070
110,0.023360587021
111,0.032105579068
112,0.051622353787
113,0.044527684467
114,0.026382180357
115,0.100656525132
116,0.122206870818
117,0.078975076537
118,0.071090879012
119,0.038883319431
120,0.024560164876
121,0.028678997559
122,0.028115573838
123,0.034429039943
124,0.011776408944
125,0.040257417913
126,0.068065551933
127,0.214070274172
128,0.030404099148
129,0.064092874015
130,0.038972004586
131,0.024184842455
132,0.020452742240
133,0.028982872268
134,0.045743154928
135,0.028529597836
136,0.072260506420
137,0.141177358821
138,0.241386454245
139,0.049904400173
140,0.046320601593
141,0.072907793416
142,0.046413375061
143,0.019552708782
144,0.067384829052
145,0.022282049568
146,0.022373056761
147,0.023453081609
148,0.103783532166
149,0.035991372755
150,0.020342713901
151,0.028344923298
152,0.062082989288
153,0.062583129869
154,0.151214833617
155,0.151042119997
156,0.216751254136
157,0.058931255523
158,0.052748410140
159,0.023322159167
160,0.047596556494
161,0.042656298824
162,0.071697354328
163,0.040889533593
164,0.628380663262
165,0.118345608441
166,0.024705446057
167,0.111253660888
168,0.049043512658
169,0.048910629539
170,0.024585114864
171,0.020922473599
172,0.016231424732
173,0.036489170131
174,0.022026956993
175,0.024965519304
176,0.059096807690
177,0.038018535491
178,0.090410031498
179,0.056556648593
180,0.113130237997
181,0.216627575647
182,0.346088280441
183,0.082163540234
184,0.033928793366
185,0.069796703183
186,0.022991991963
187,0.035271868117
188,0.015007046184
189,0.049208558377
190,0.046742372390
191,0.130000383589
192,0.066878266067
193,0.082694371164
194,0.045422320181
195,0.067350271152
196,0.028010995360
197,0.021115619057
198,0.096541940691
199,0.030917674612
200,0.044250099403
201,0.030404217756
202,0.015369150924
203,0.021305349874
204,0.043690185399
205,0.060502089144
206,0.074907695372
207,0.120756099606
208,0.109608788670
209,0.173974469943
210,0.117806205621
211,0.108293743496
212,0.020410921002
213,0.087641197169
214,0.046582122800
215,0.016095878745
216,0.053545286382
217,0.091760637867
218,0.028808680762
219,0.029235696547
220,0.050907432366
221,0.041847280416
222,0.020131847423
223,0.050247869004
224,0.076863031054
225,0.037135028749
226,0.066700897653
227,0.025839442587
228,0.020532395052
229,0.056501988839
230,0.039209004681
231,0.029850967259
232,0.060965664493
233,0.132250003447
234,0.320005853310
235,0.127018641961
236,0.128984401157
237,0.075054030069
238,0.081388153616
239,0.088812152225
240,0.088040843877
241,0.058508898937
242,0.027909459785
243,0.273228599968
244,0.073022100092
245,0.075711667152
246,0.040857529578
247,0.068338223189
248,0.023570694489
249,0.026452147906
250,0.013398627636
251,0.020564533146
252,0.025158854298
253,0.052799975979
254,0.116424984740
255,0.061353008150
256,0.047174396477
257,0.127878077498
258,0.571280603474
259,0.103663115976
260,0.022812044216
261,0.215409353231
262,0.061526333426
263,0.336800048946
264,0.159490152720
265,0.077800688960
266,0.020277232701
267,0.057482880203
268,0.050566939357
269,0.083358890606
270,0.218257836737
271,0.060342543662
272,0.316499404912
273,0.080594347194
274,0.056584712347
275,0.017953983808
276,0.021155975482
277,0.048200380698
278,0.061596366907
279,0.029045966321
280,0.139524189015
281,0.224285312352
282,0.143465882909
283,0.084350099744
284,0.039881845196
285,0.104994276901
286,0.177292059168
287,0.246066496312
288,0.056739842310
289,0.069741424133
290,0.022761894284
291,0.064247682226
292,0.510430940333
293,0.025033035835
294,0.063770567272
295,0.303505487729
296,0.243592791032
297,0.012388614129
298,0.017661545580
299,0.033635760438
300,0.058498415917
301,0.144456614216
302,0.214119789128
303,0.113789619671
304,0.108201400951
305,0.243504711370
306,0.210759840754
307,0.129111124096
308,0.234559541720
309,0.355487495587
310,0.065300499254
311,0.024661015559
312,0.043798481157
313,0.080122032389
314,0.058841574478
315,0.205281419671
316,0.740681973447
317,0.010647114609
318,0.074145080123
319,0.369302055068
320,0.016652008860
321,0.041345430008
322,0.263874235481
323,0.013319033443
324,0.045705168808
325,0.081770532834
326,0.029688538740
327,0.035234171548
328,0.197324007275
329,0.077958298691
330,0.094739193239
331,0.186373608774
332,0.173450186742
333,0.244235874990
334,0.273122695333
335,0.131995316340
336,0.034019804592
337,0.268187198839
338,0.217996301256
339,0.140040584401
340,0.693783233106
341,0.377568491773
342,0.292010210361
343,0.029909253031
344,0.086785290448
345,0.063054557894
346,0.027532748360
347,0.014244526609
348,0.018554518686
349,0.050912871602
350,0.014324846528
351,0.018424030783
352,0.021733060246
353,0.085598884594
354,0.134019478376
355,0.094262036820
356,0.111636591114
357,0.083309373069
358,0.145114594127
359,0.109068352542
360,0.022662968066
361,0.140369210739
362,0.240916547507
363,0.030221548018
364,0.079836229685
365,0.700407844064
366,0.768369889629
367,0.436337235125
368,0.012263875198
369,0.025438179214
370,0.021888450128
371,0.028089749158
372,0.288953873986
373,0.064302126369
374,0.020208722519
375,0.047269822740
376,0.022792040508
377,0.056551897804
378,0.057318164525
379,0.062720823402
380,0.023946666654
381,0.261631257366
382,0.022603777297
383,0.053976949477
384,0.126803019301
385,0.100969715639
386,0.060463000947
387,0.060526383544
388,0.096287727438
389,0.121124833144
390,0.035750652195
391,0.109112866016
392,0.080974730240
393,0.129825858443
394,0.746888933144
395,0.788703290649
396,0.466479854805
397,0.108346912845
398,0.021902818588
399,0.118221109762
400,0.066057479498
401,0.249358624020
402,0.060423207829
403,0.050451086057
404,0.026718867625
405,0.042455442933
406,0.118969831935
407,0.213234657753
408,0.076501236132
409,0.531258419806
410,0.257186064231
411,0.151438114896
412,0.151343289077
413,0.091495462284
414,0.060855043331
415,0.137114968573
416,0.043554762754
417,0.045841418503
418,0.018837192523
419,0.095299662654
420,0.092175641046
421,0.033656285574
422,0.074522003231
423,0.027758755705
424,0.752156953422
425,0.971672080506
426,0.787785877903
427,0.034420947271
428,0.031993566268
429,0.223078817902
430,0.152238987398
431,0.026665265310
432,0.015105606040
433,0.021045155351
434,0.022743355952
435,0.060579349281
436,0.108463157320
437,0.070139043563
438,0.395825838650
439,0.571179920880
440,0.088809898581
441,0.109530224785
442,0.143693891831
443,0.241457267805
444,0.074034157169
445,0.233808770369
446,0.102159407108
447,0.027579687066
448,0.059562323101
449,0.099426832726
450,0.101973079821
451,0.055473331017
452,0.027157807421
453,0.287530603553
454,0.362921610053
455,0.141454547229
456,0.065768703783
457,0.036547517342
458,0.221220212222
459,0.074473057377
460,0.273173080575
461,0.028965531576
462,0.035565700141
463,0.037678218779
464,0.018935841826
465,0.024103871423
466,0.062127249018
467,0.048293934920
468,0.254140385122
469,0.704648307288
470,0.386628587603
471,0.350624494889
472,0.112847998706
473,0.183330876293
474,0.219226130230
475,0.478411683268
476,0.100629061659
477,0.033385324052
478,0.040313609092
479,0.026655762114
480,0.211297335062
481,0.143582484699
482,0.059560341721
483,0.266856437946
484,0.273819493014
485,0.246865772199
486,0.953792343555
487,0.085500656625
488,0.024829480611
489,0.132181074549
490,0.205148115105
491,0.026348299286
492,0.067655486575
493,0.408944127098
494,0.011076230189
495,0.073147059627
496,0.041586530089
497,0.054217789433
498,0.067025815955
499,0.222095273781
500,0.445437083177
501,0.353974529812
502,0.559596143559
503,0.365542354123
504,0.164949430475
505,0.158378130048
506,0.247262767790
507,0.022086065572
508,0.024625450193
509,0.117626032317
510,0.078671249264
511,0.061300115959
512,0.200927909950
513,0.179960741521
514,0.556345462320
515,0.191303734414
516,0.010884646087
517,0.065649658326
518,0.126233719964
519,0.083848572029
520,0.049698529218
521,0.017974793001
522,0.014436596720
523,0.019347677823
524,0.036360421535
525,0.053601326191
526,0.094897588812
527,0.121560374198
528,0.135133321368
529,0.445520971406
530,0.690524186814
531,0.466294936712
532,0.369068086758
533,0.593774966028
534,0.097636506576
535,0.018628522177
536,0.042541687887
537,0.049607167632
538,0.119419096913
539,0.185275308134
540,0.061286749938
541,0.032512619263
542,0.067590273005
543,0.149488163887
544,0.024301956343
545,0.013726271016
546,0.037566855885
547,0.121873862899
548,0.020854074049
549,0.019218005109
550,0.041824446979
551,0.026779953192
552,0.013740970015
553,0.036256453017
554,0.089753769280
555,0.057147615803
556,0.077873945063
557,0.247335820762
558,0.336948788925
559,0.344130195619
560,0.853082530437
561,0.682791563710
562,0.372310934370
563,0.069289937634
564,0.028449820212
565,0.016284909958
566,0.062260530989
567,0.113523098712
568,0.019665215047
569,0.040473166946
570,0.485548034826
571,0.063189930134
572,0.024463041078
573,0.077842712499
574,0.050989404647
575,0.081118731595
576,0.058804476810
577,0.056945931742
578,0.025251123571
579,0.054918300808
580,0.020361396421
581,0.016383826890
582,0.033227696937
583,0.094115525759
584,0.122949745590
585,0.518076036023
586,0.356450258833
587,0.214727693829
588,0.832761579919
589,0.378225174255
590,0.468496162806
591,0.118923393307
592,0.041714166681
593,0.027336419052
594,0.033264567892
595,0.056823968659
596,0.055542975465
597,0.039853417496
598,0.056456243950
599,0.406936674871
600,0.120749000449
601,0.257226618988
602,0.052641000826
603,0.082087762566
604,0.135421081255
605,0.129710089564
606,0.235440611468
607,0.035288407326
608,0.028273795299
609,0.044893883372
610,0.157055165031
611,0.519966158910
612,0.338378880603
613,0.357942708891
614,0.156082378054
615,0.363088739336
616,0.154590798190
617,0.076641659015
618,0.023382483698
619,0.071691320841
620,0.033849024638
621,0.105360506835
622,0.238038481437
623,0.042617871773
624,0.264256263985
625,0.037361351339
626,0.067226147790
627,0.170634737258
628,0.059527831813
629,0.021537242843
630,0.110022991899
631,0.155432284068
632,0.047443592588
633,0.218976642733
634,0.241885513157
635,0.080428659704
636,0.088276423107
637,0.030632873349
638,0.078288596208
639,0.094981953223
640,0.070744092806
641,0.093836797813
642,0.202960514457
643,0.051648973753
644,0.041993727572
645,0.017467882141
646,0.139489144591
647,0.019642011846
648,0.021322115461
649,0.078064173187
650,0.039463453327
651,0.039353455069
652,0.127963680429
653,0.051897282144
654,0.081512458515
655,0.016575859037
656,0.077466387018
657,0.155683231949
658,0.361189679931
659,0.412730961713
660,0.023554052006
661,0.019009784778
662,0.021624772972
663,0.029527013514
664,0.086517370306
665,0.021598747281
666,0.063236276161
667,0.102637965655
668,0.023555491637
669,0.034898159138
670,0.022203158000
671,0.023659903004
672,0.079501595743
673,0.099382169970
674,0.277122146650
675,0.020938319025
676,0.024909013480
677,0.063150705786
678,0.061104081368
679,0.102479889765
680,0.258550184932
681,0.030142492567
682,0.018520835861
683,0.012961083742
684,0.087222245535
685,0.029878516480
686,0.026239795089
687,0.072125860488
688,0.115927587071
689,0.044145812340
690,0.022722787964
691,0.020417452239
692,0.245718120951
693,0.016419650644
694,0.032028142324
695,0.210277018445
696,0.074255913204
697,0.055074863342
698,0.023250477307
699,0.038972213098
700,0.075348985173
701,0.358405008276
702,0.036013448943
703,0.018000258807
704,0.022205300390
705,0.059188849610
706,0.065435804831
707,0.127860425538
708,0.076738345154
709,0.167323271858
710,0.093655750808
711,0.034547337518
712,0.037082539923
713,0.040054337013
714,0.034966269292
715,0.169872078995
716,0.018027516162
717,0.022182499630
718,0.097468866407
719,0.027573691711
720,0.118751755011
721,0.050335294940
722,0.019859448869
723,0.271568126574
724,0.533001689785
725,0.218017055517
726,0.029707894800
727,0.062485137972
728,0.026860880685
729,0.076156762924
730,0.067127229638
731,0.064136325029
732,0.662922592518
733,0.080541223691
734,0.023032877020
735,0.075271316225
736,0.078715062542
737,0.043574874824
738,0.118424012563
739,0.417092024468
740,0.076293849805
741,0.097961748929
742,0.036554765182
743,0.022997554136
744,0.024624079528
745,0.097276291603
746,0.026593663724
747,0.011631849407
748,0.024832976817
749,0.056666677950
750,0.037776869166
751,0.024938007254
752,0.038440968185
753,0.018310879630
754,0.103662840765
755,0.035338480892
756,0.029086723692
757,0.021674951845
758,0.044002684664
759,0.077939119603
760,0.091628309458
761,0.023559894707
762,0.057249644477
763,0.471700174131
764,0.055135419173
765,0.089712407575
766,0.041457209685
767,0.044269383833
768,0.049487969364
769,0.177586335775
770,0.039299969035
771,0.019379127197
772,0.015697084396
773,0.054299246215
774,0.093079367149
775,0.020685636198
776,0.201072640719
777,0.051861611000
778,0.029133954864
779,0.046318579497
780,0.292124275239
781,0.025375032600
782,0.028868511909
783,0.022345477200
784,0.044481738250
785,0.049111188755
786,0.218422980967
787,0.067867246611
788,0.010528479328
789,0.018994271682
790,0.077781286181
791,0.145654204253
792,0.085767180688
793,0.088380042863
794,0.070177759378
795,0.027085727837
796,0.034120506007
797,0.091363802472
798,0.240478741282
799,0.092893847835
800,0.016006722437
801,0.026738891452
802,0.024321897151
803,0.014927595407
804,0.028287627769
805,0.018484678218
806,0.027037461756
807,0.011941270468
808,0.017212873320
809,0.016168350606
810,0.022635295894
811,0.027648936674
812,0.061054488780
813,0.049982787466
814,0.124353002282
815,0.011260844521
816,0.014575604729
817,0.100491995529
818,0.132071774882
819,0.055330595988
820,0.026618265806
821,0.014309052436
822,0.022557486378
823,0.029962095240
824,0.014767269948
825,0.025009878596
826,0.011425605576
827,0.017191268596
828,0.014267235883
829,0.013472931799
830,0.075320652924
831,0.040789041801
832,0.015915172837
833,0.015897206084
834,0.015220603813
835,0.016886118379
836,0.016529207441
837,0.063516861497
838,0.033175820356
839,0.047342186991
840,0.013078333762
841,0.029959205581
842,0.016283136304
843,0.088835379237
844,0.020011114876
845,0.016229927919
846,0.015576703245
847,0.098386298506
848,0.044847026975
849,0.045776231534
850,0.059746104346
851,0.011704772105
852,0.066421177026
853,0.019589443031
854,0.015164900126
855,0.044901352446
856,0.050719773017
857,0.112290141563
858,0.028513732767
859,0.040716112887
860,0.030481218643
861,0.025063375777
862,0.011760146732
863,0.019355489908
864,0.018967563847
865,0.016339274192
866,0.026298129109
867,0.015622567563
868,0.021349652319
869,0.050626451873
870,0.027916524267
871,0.127857241090
872,0.021461351588
873,0.029683657414
874,0.023932034664
875,0.016813459672
876,0.023021533925
877,0.051862617351
878,0.021798352187
879,0.013079481130
880,0.028382674534
881,0.014386773284
882,0.014807055041
883,0.038923158132
884,0.092849928714
885,0.020969830062
886,0.079156265528
887,0.026713497779
888,0.044601805328
889,0.027766217640
890,0.051381162191
891,0.025746319302
892,0.064104999260
893,0.019011328449
894,0.041715203380
895,0.036577133395
896,0.037263061904
897,0.118103337298
898,0.052051148584
899,0.047561365422
900,0.080980734694
901,0.136175403901
902,0.241841937027
903,0.025564678668
904,0.052282059567
905,0.134972339978
906,0.051579183605
907,0.331537602520
908,0.043807713758
909,0.086859606020
910,0.057958063987
911,0.012690482427
912,0.016425501180
913,0.217281188294
914,0.044540799210
915,0.515274893292
916,0.105912507136
917,0.038185000200
918,0.104708995722
919,0.031751009210
920,0.024851641690
921,0.027526966629
922,0.020350811509
923,0.018521473247
924,0.083813409851
925,0.098972237798
926,0.189946921007
927,0.441964102855
928,0.050428756019
929,0.032744292495
930,0.030058811215
931,0.097148922342
932,0.117627341120
933,0.023123232795
934,0.046087461813
935,0.022706220606
936,0.043184810600
937,0.045985619249
938,0.391323625959
939,0.072301793163
940,0.095258861598
941,0.313653884630
942,0.052130571784
943,0.406357503444
944,0.024075090907
945,0.052663184532
946,0.148181513965
947,0.028205990859
948,0.028290110852
949,0.042951191667
950,0.011748356140
951,0.066948880716
952,0.126196614313
953,0.060854647127
954,0.022692258233
955,0.040412052531
956,0.261671151702
957,0.029009854189
958,0.028569792213
959,0.037868489766
960,0.039377821061
961,0.046800550331
962,0.028757394048
963,0.031335505343
964,0.067958637705
965,0.041736744687
966,0.031226025641
967,0.039692474882
968,0.098804160373
969,0.145144916049
970,0.017380875182
971,0.011657984390
972,0.016771899024
973,0.173675886929
974,0.204797067355
975,0.025217008302
976,0.045644742166
977,0.157533395161
978,0.288046245776
979,0.059983193718
980,0.031983646999
981,0.027327904846
982,0.017099828774
983,0.012491691810
984,0.041034334896
985,0.015354180571
986,0.082751107709
987,0.236568393682
988,0.281024963919
989,0.042263689313
990,0.031058228853
991,0.015265737038
992,0.013664682477
993,0.036787989169
994,0.031568810812
995,0.142773777147
996,0.019984593065
997,0.040287269701
998,0.026573804012
999,0.034026072438
1000,0.074227492318
1001,0.462831613337
1002,0.014836283727
1003,0.029591620463
1004,0.020664111944
1005,0.028445594787
1006,0.054999742319
1007,0.043570716256
1008,0.024376236150
1009,0.091419582354
1010,0.122068254171
1011,0.076765744999
1012,0.073498134286
1013,0.038626762815
1014,0.016060374082
1015,0.029135408024
1016,0.028562881360
1017,0.033816733148
1018,0.011876465069
1019,0.036766958013
1020,0.065014497727
1021,0.218889483435
1022,0.028769242191
1023,0.066429945996
1024,0.042674355066
1025,0.023621486622
1026,0.021332044894
1027,0.027759556933
1028,0.044940424249
1029,0.027676803701
1030,0.074971460126
1031,0.143074973392
1032,0.192516297562
1033,0.046330318910
1034,0.052110422687
1035,0.041679254120
1036,0.078561648700
1037,0.052075467275
1038,0.020731321484
1039,0.058766829901
1040,0.023963645542
1041,0.023723682106
1042,0.098787482077
1043,0.033636588288
1044,0.022032052386
1045,0.029222351568
1046,0.068060250791
1047,0.065384254644
1048,0.212680830799
1049,0.213767822405
1050,0.217341456453
1051,0.061316911696
1052,0.053299678317
1053,0.024053989382
1054,0.050319781697
1055,0.044293883634
1056,0.068814537676
1057,0.036752664207
1058,0.600252689613
1059,0.113882174341
1060,0.017725893527
1061,0.109780684642
1062,0.045002100721
1063,0.051890384115
1064,0.021458977812
1065,0.022136289941
1066,0.015606272751
1067,0.041755627747
1068,0.025320378983
1069,0.016303424737
1070,0.022525155313
1071,0.023749759439
1072,0.062802617405
1073,0.034154472713
1074,0.089864076277
1075,0.057289708544
1076,0.115487835968
1077,0.170970407221
1078,0.338037399271
1079,0.081331355066
1080,0.033607123515
1081,0.073493000709
1082,0.022487625697
1083,0.034165710058
1084,0.021251867729
1085,0.052898231210
1086,0.043641789727
1087,0.120634058381
1088,0.057985521107
1089,0.077772320732
1090,0.042703963790
1091,0.068194169108
1092,0.029248778787
1093,0.027032219069
1094,0.019507026327
1095,0.099459457984
1096,0.015535930919
1097,0.032530213071
1098,0.043637509713
1099,0.026877091004
1100,0.014409655836
1101,0.016517179084
1102,0.022273068975
1103,0.043538915961
1104,0.058806119155
1105,0.080610906330
1106,0.117742234608
1107,0.105704980658
1108,0.170081266343
1109,0.107394709729
1110,0.129782316004
1111,0.022518729245
1112,0.087114205956
1113,0.016696120447
1114,0.047474946504
1115,0.015531746330
1116,0.052110828632
1117,0.091605960102
1118,0.032934044155
1119,0.028710116460
1120,0.052000639218
1121,0.040554197535
1122,0.019552960963
1123,0.047363035420
1124,0.073431189359
1125,0.034170687591
1126,0.069630376520
1127,0.025720702196
1128,0.018531334930
1129,0.058316098935
1130,0.018634340583
1131,0.036954054134
1132,0.033488514716
1133,0.062985121924
1134,0.129885445169
1135,0.384739903568
1136,0.123505612296
1137,0.126909150184
1138,0.072398798224
1139,0.079948167692
1140,0.089705300323
1141,0.085828381403
1142,0.058909541061
1143,0.017792444646
1144,0.027466293780
1145,0.282814411306
1146,0.073209860367
1147,0.067333023758
1148,0.042573269241
1149,0.065039055568
1150,0.022004200747
1151,0.030619035272
1152,0.013364808369
1153,0.025216791069
1154,0.056022895040
1155,0.127059352305
1156,0.060918175616
1157,0.045853384649
1158,0.129207242497
1159,0.603334098360
1160,0.100720830820
1161,0.021257539335
1162,0.211716404043
1163,0.068786330853
1164,0.247442406722
1165,0.239703222765
1166,0.079049551455
1167,0.060841472613
1168,0.043201432323
1169,0.083852036313
1170,0.206047094541
1171,0.059992358126
1172,0.227911810816
1173,0.074620900249
1174,0.060251852838
1175,0.020917897575
1176,0.014023198285
1177,0.019230061653
1178,0.023087020154
1179,0.049600404281
1180,0.061278144975
1181,0.028269726188
1182,0.139116922465
1183,0.155942822733
1184,0.143620055893
1185,0.080955355789
1186,0.038654628428
1187,0.099077442264
1188,0.228260052124
1189,0.244634005359
1190,0.062904151601
1191,0.015399460729
1192,0.072265813696
1193,0.023729959416
1194,0.064803307227
1195,0.508997780269
1196,0.027883620313
1197,0.072924888787
1198,0.305190917686
1199,0.244134456298
1200,0.018344113919
1201,0.019087847549
1202,0.033255217066
1203,0.060123368068
1204,0.132200490517
1205,0.147802665062
1206,0.114314319283
1207,0.106056785722
1208,0.249399196791
1209,0.218730720256
1210,0.138973230485
1211,0.234151864821
1212,0.358604769552
1213,0.068804235245
1214,0.023823470068
1215,0.045779900498
1216,0.077749532553
1217,0.054162816865
1218,0.200901887925
1219,0.751594250618
1220,0.010918835076
1221,0.082334061238
1222,0.380991611279
1223,0.016453175429
1224,0.036887178195
1225,0.265466913100
1226,0.023134518655
1227,0.013899437956
1228,0.045626520238
1229,0.080168309533
1230,0.031083401301
1231,0.037967497457
1232,0.011028131624
1233,0.198580863279
1234,0.077503944334
1235,0.097508199639
1236,0.185676580115
1237,0.141971776474
1238,0.249764827237
1239,0.363797087708
1240,0.243458959830
1241,0.033718063908
1242,0.243011429977
1243,0.223328480580
1244,0.143093697153
1245,0.700911118356
1246,0.357834632698
1247,0.287283440065
1248,0.011646436995
1249,0.029766593196
1250,0.075533823117
1251,0.052520005210
1252,0.025701367225
1253,0.020611141959
1254,0.014428054165
1255,0.054168201305
1256,0.021621200255
1257,0.022127937160
1258,0.087001997984
1259,0.122632713079
1260,0.100904342032
1261,0.114146629803
1262,0.081927793972
1263,0.153040663917
1264,0.114514879122
1265,0.024900484605
1266,0.122013385560
1267,0.233704112744
1268,0.030374729580
1269,0.075760600980
1270,0.722802611720
1271,0.787314016774
1272,0.453890096991
1273,0.012225996530
1274,0.027174470456
1275,0.020997203109
1276,0.029949461034
1277,0.287547451252
1278,0.069146754612
1279,0.020654897150
1280,0.052823370149
1281,0.014204795903
1282,0.053245113698
1283,0.057880690494
1284,0.065208917196
1285,0.021656374855
1286,0.262958141431
1287,0.022301149193
1288,0.055080496291
1289,0.123444525958
1290,0.092339525072
1291,0.062999742881
1292,0.063411809136
1293,0.105444591608
1294,0.126361956621
1295,0.035215504226
1296,0.109700017246
1297,0.083177453473
1298,0.121456771733
1299,0.749993789751
1300,0.784301988221
1301,0.494224494336
1302,0.023777727286
1303,0.095946519305
1304,0.025480454891
1305,0.236578910759
1306,0.065792536530
1307,0.182596247440
1308,0.051074347845
1309,0.053105667118
1310,0.027170550748
1311,0.048854838908
1312,0.138112249708
1313,0.217751581024
1314,0.101197877966
1315,0.534296415091
1316,0.261580713616
1317,0.149012625397
1318,0.145076473951
1319,0.099011257538
1320,0.058542059988
1321,0.136163290045
1322,0.047016066185
1323,0.042757505970
1324,0.020114574883
1325,0.089778092969
1326,0.089996817895
1327,0.034688021552
1328,0.077336536373
1329,0.028546181933
1330,0.743118946973
1331,0.970893285006
1332,0.788947615926
1333,0.031884174839
1334,0.216011552462
1335,0.246880299808
1336,0.027928922812
1337,0.020605839424
1338,0.020090853981
1339,0.058335319836
1340,0.108756751602
1341,0.068675646861
1342,0.411609661590
1343,0.587266379359
1344,0.080684270851
1345,0.112567900158
1346,0.137352856549
1347,0.166197567722
1348,0.069958567465
1349,0.329231962762
1350,0.091739286509
1351,0.029113863010
1352,0.060630013229
1353,0.094154427040
1354,0.105291925444
1355,0.053303578986
1356,0.381117136018
1357,0.369123899498
1358,0.153758420989
1359,0.069063906016
1360,0.032770431822
1361,0.156541708247
1362,0.017057560839
1363,0.073857857814
1364,0.185307058426
1365,0.027022098166
1366,0.035488874062
1367,0.037628017156
1368,0.017817832848
1369,0.023740743732
1370,0.062216944144
1371,0.047840089701
1372,0.337729781239
1373,0.732348235224
1374,0.367671716012
1375,0.286372481986
1376,0.107977788657
1377,0.169092466217
1378,0.221995100921
1379,0.460588763982
1380,0.100860557988
1381,0.028933420079
1382,0.042033944099
1383,0.025899037842
1384,0.139078903493
1385,0.220032932633
1386,0.052553252742
1387,0.268110096498
1388,0.262343460415
1389,0.248103762871
1390,0.959075759560
1391,0.079059592265
1392,0.028055136087
1393,0.124539898015
1394,0.144252942545
1395,0.026668075512
1396,0.063555580463
1397,0.418036356111
1398,0.074814809899
1399,0.046020381146
1400,0.055624154837
1401,0.064471588060
1402,0.165192654054
1403,0.393993709863
1404,0.281227750958
1405,0.586783846617
1406,0.378207859178
1407,0.168620087996
1408,0.201735349894
1409,0.249611249506
1410,0.024194882208
1411,0.113864542314
1412,0.083966749612
1413,0.060127537160
1414,0.283139164250
1415,0.236176190036
1416,0.048794817245
1417,0.535474320172
1418,0.249228396254
1419,0.011617629480
1420,0.062576064325
1421,0.119361310759
1422,0.083720825475
1423,0.053114143105
1424,0.017596980430
1425,0.014066812382
1426,0.018804853536
1427,0.035459757414
1428,0.054981855798
1429,0.092740281501
1430,0.119140536444
1431,0.138716040308
1432,0.452381654060
1433,0.705549868184
1434,0.462756785017
1435,0.381937905531
1436,0.635549471634
1437,0.098928104605
1438,0.017562339047
1439,0.040263230759
1440,0.054732951147
1441,0.118448736212
1442,0.185094011009
1443,0.063279909543
1444,0.030898996859
1445,0.058626585110
1446,0.149956896094
1447,0.028034641282
1448,0.035700723803
1449,0.115608627144
1450,0.018831754950
1451,0.040466484280
1452,0.023685747196
1453,0.022704399055
1454,0.014413923438
1455,0.038456499024
1456,0.087785769348
1457,0.057007018836
1458,0.079682894953
1459,0.248125049431
1460,0.277644820394
1461,0.343205892670
1462,0.809915560320
1463,0.681193425897
1464,0.372794118483
1465,0.067748915907
1466,0.027416159247
1467,0.017647272876
1468,0.060320102097
1469,0.114010283028
1470,0.017927520097
1471,0.036285169825
1472,0.557313873440
1473,0.059383195680
1474,0.025451168578
1475,0.073758366343
1476,0.051540272152
1477,0.082642044703
1478,0.050345999040
1479,0.056642367254
1480,0.024493942375
1481,0.052851916098
1482,0.033033634274
1483,0.095858424547
1484,0.123162588226
1485,0.525408473412
1486,0.379234029329
1487,0.214977098973
1488,0.839969008083
1489,0.363538221515
1490,0.493075375856
1491,0.127141686072
1492,0.041978586058
1493,0.027594454294
1494,0.033282451558
1495,0.053513749766
1496,0.057701308189
1497,0.037730338625
1498,0.054318147156
1499,0.479629534423
1500,0.114780170930
1501,0.333832111259
1502,0.052968976054
1503,0.082848324880
1504,0.128348328128
1505,0.115952644795
1506,0.157550218733
1507,0.033557862784
1508,0.041489709377
1509,0.221294706897
1510,0.537732955477
1511,0.348135867703
1512,0.466826104587
1513,0.152383635430
1514,0.366338068054
1515,0.142877283390
1516,0.073088078955
1517,0.031671749460
1518,0.070457298247
1519,0.035671661162
1520,0.096693109031
1521,0.242542212187
1522,0.038546891928
1523,0.260852432542
1524,0.039486441549
1525,0.068715874399
1526,0.184693499893
1527,0.061468515059
1528,0.022091335476
1529,0.113744199560
1530,0.155813497342
1531,0.047068055919
1532,0.218931171003
1533,0.182558357638
1534,0.080343415297
1535,0.090546647971
1536,0.027903710356
1537,0.082902164566
1538,0.097966668522
1539,0.067071203851
1540,0.095069377381
1541,0.203485402290
1542,0.049906095965
1543,0.039169780201
1544,0.136034010440
1545,0.019404140358
1546,0.024641954497
1547,0.073647935617
1548,0.035970924987
1549,0.038256268435
1550,0.136658112251
1551,0.054532810462
1552,0.080627223788
1553,0.014591046456
1554,0.077051690202
1555,0.171827120869
1556,0.360592371153
1557,0.313802926329
1558,0.026081639342
1559,0.022823723803
1560,0.094664183767
1561,0.020238456178
1562,0.060339754591
1563,0.095060217909
1564,0.019156162234
1565,0.033234577186
1566,0.021552538355
1567,0.028722193806
1568,0.034338284232
1569,0.079208103596
1570,0.098124471719
1571,0.278641470768
1572,0.019590004365
1573,0.024231809324
1574,0.066993798097
1575,0.058910696481
1576,0.106216183656
1577,0.279162327981
1578,0.029633268232
1579,0.017848426349
1580,0.013247382010
1581,0.089254491066
1582,0.029665503536
1583,0.022873304288
1584,0.075296357408
1585,0.115655378230
1586,0.040807414194
1587,0.017077106804
1588,0.015384229919
1589,0.181342460867
1590,0.016499322990
1591,0.018455239268
1592,0.032022153543
1593,0.152466045487
1594,0.067589550742
1595,0.053489574706
1596,0.022110764874
1597,0.037820172706
1598,0.078341101825
1599,0.277050141958
1600,0.035232858919
1601,0.019804033560
1602,0.022292642858
1603,0.054106267509
1604,0.064692397702
1605,0.128081814398
1606,0.067788854321
1607,0.184017899149
1608,0.089879079556
1609,0.033005007251
1610,0.021995484765
1611,0.040282208950
1612,0.042339501044
1613,0.229141732170
1614,0.017168127800
1615,0.021613323347
1616,0.097771226347
1617,0.027236946008
1618,0.113825899718
1619,0.050226537339
1620,0.019385870609
1621,0.018309513895
1622,0.276523834679
1623,0.557318638428
1624,0.140695162882
1625,0.031575331651
1626,0.061182356212
1627,0.032288186733
1628,0.027625922778
1629,0.079023577108
1630,0.066687283790
1631,0.061267607073
1632,0.660986598883
1633,0.072238442834
1634,0.019840747862
1635,0.079884040697
1636,0.079001769699
1637,0.045019821552
1638,0.108004177104
1639,0.419483595677
1640,0.071640477834
1641,0.110611726657
1642,0.032375750500
1643,0.026719911172
1644,0.025395619082
1645,0.023248176145
1646,0.099583964790
1647,0.025407020879
1648,0.023447935783
1649,0.058134219207
1650,0.035841754658
1651,0.024246040553
1652,0.039785338872
1653,0.018059520167
1654,0.017592189732
1655,0.100046825944
1656,0.026951411615
1657,0.023857078321
1658,0.043444392076
1659,0.075541232466
1660,0.084967271857
1661,0.026352133971
1662,0.056315809810
1663,0.481716089411
1664,0.052736637060
1665,0.074535883968
1666,0.042032166752
1667,0.045536716118
1668,0.051584773248
1669,0.018940129826
1670,0.026731991583
1671,0.250015489755
1672,0.036448235455
1673,0.020502035182
1674,0.055200280681
1675,0.090096066902
1676,0.018636961775
1677,0.015673330079
1678,0.204859421821
1679,0.051090769589
1680,0.025814649553
1681,0.043028668173
1682,0.350848730702
1683,0.028842218157
1684,0.012860280595
1685,0.022287139264
1686,0.015082809549
1687,0.046020251386
1688,0.012241178794
1689,0.047630771413
1690,0.119032107455
1691,0.067379533366
1692,0.010297197445
1693,0.027319873738
1694,0.020023923010
1695,0.080792068045
1696,0.204865722419
1697,0.086021414431
1698,0.082986212889
1699,0.062384364714
1700,0.025628159933
1701,0.043247513586
1702,0.025773940048
1703,0.088419532165
1704,0.247625629333
1705,0.098867015757
1706,0.015759496246
1707,0.027205971824
1708,0.024889912894
1709,0.016061976586
1710,0.026702231256
1711,0.018055082443
1712,0.026011296429
1713,0.013453673189
1714,0.017809902352
1715,0.025094539377
1716,0.066651783195
1717,0.054050129638
1718,0.128422748639
1719,0.010985544710
1720,0.014729024163
1721,0.101803622379
1722,0.015471817362
1723,0.129561005351
1724,0.010862736605
1725,0.025447852687
1726,0.021097866184
1727,0.028338685891
1728,0.015109613086
1729,0.021914648795
1730,0.017688746363
1731,0.014372387808
1732,0.013570602425
1733,0.074580021198
1734,0.041757516392
1735,0.015271377100
1736,0.054989611110
1737,0.017373053360
1738,0.010155696005
1739,0.016201057637
1740,0.016085254939
1741,0.080515796185
1742,0.035560395370
1743,0.049703241803
1744,0.013373414155
1745,0.016339747482
1746,0.031403940803
1747,0.013223277520
1748,0.017538246368
1749,0.022620334852
1750,0.091971715979
1751,0.019112566279
1752,0.016130641183
1753,0.015921004445
1754,0.101850764671
1755,0.047855797473
1756,0.047735515059
1757,0.064566600948
1758,0.011478395456
1759,0.072281622620
1760,0.019232605121
1761,0.014643387961
1762,0.047321355753
1763,0.016284663738
1764,0.053683774998
1765,0.104042830658
1766,0.021863822480
1767,0.031141135426
1768,0.038366256150
1769,0.031930594897
1770,0.020949585567
1771,0.015399269009
1772,0.019966161564
1773,0.019320153391
1774,0.013716168061
1775,0.016319499127
1776,0.027193490135
1777,0.016093087138
1778,0.015745556535
1779,0.023559701435
1780,0.049219018374
1781,0.027444977930
1782,0.014510808897
1783,0.113587374786
1784,0.029225296252
1785,0.023478999797
1786,0.028998412607
1787,0.012617390705
1788,0.023574245778
1789,0.056172780344
1790,0.020867529579
1791,0.013393332293
1792,0.029391949713
1793,0.016869007148
1794,0.014591019549
1795,0.044064823634
1796,0.041993434387
1797,0.109473233454
1798,0.012586841779
1799,0.021571401682
1800,0.088111679256
1801,0.020813583236
1802,0.041883707475
1803,0.025319776087
1804,0.030057839459
1805,0.038501482741
1806,0.062158737182
1807,0.019413292380
1808,0.039273732767
1809,0.048884141185
1810,0.038342120610
1811,0.105236827903
1812,0.064960254571
1813,0.035971236450
1814,0.077324618837
1815,0.055870873148
1816,0.243482759882
1817,0.238435619008
1818,0.141132908102
1819,0.041686393075
1820,0.150427724366
1821,0.039642433668
1822,0.082923452932
1823,0.050297852766
1824,0.030325252513
1825,0.017758532253
1826,0.106094506037
1827,0.048656473336
1828,0.526027552616
1829,0.096524892133
1830,0.040323778185
1831,0.107575581563
1832,0.035364473928
1833,0.011920167745
1834,0.014033047666
1835,0.024175109086
1836,0.026657004232
1837,0.030170780805
1838,0.016991835203
1839,0.022012905636
1840,0.088881959163
1841,0.102855145992
1842,0.317108430181
1843,0.451199524697
1844,0.045424691894
1845,0.077755519520
1846,0.095564269678
1847,0.016343083519
1848,0.012323557664
1849,0.049955031550
1850,0.047747636530
1851,0.049262596260
1852,0.406652750490
1853,0.071957466954
1854,0.104092863090
1855,0.461160035322
1856,0.048956800875
1857,0.408260785229
1858,0.024126542568
1859,0.056566465955
1860,0.125328318308
1861,0.030884473754
1862,0.025269856412
1863,0.040389077659
1864,0.013008184403
1865,0.028123072530
1866,0.066260481575
1867,0.108682480717
1868,0.055442125972
1869,0.040604562993
1870,0.273595956188
1871,0.032824384903
1872,0.037493991304
1873,0.039257770283
1874,0.053381101578
1875,0.029022625329
1876,0.029125020247
1877,0.067095771099
1878,0.033398170039
1879,0.112251406672
1880,0.024846725239
1881,0.129857326722
1882,0.045784436643
1883,0.030863249385
1884,0.015534140432
1885,0.206976723376
1886,0.067573581502
1887,0.046891649449
1888,0.177940617189
1889,0.364279579685
1890,0.011733940299
1891,0.063047139214
1892,0.030996995363
1893,0.026941110749
1894,0.017462711788
1895,0.038053536390
1896,0.012401163554
1897,0.066194052348
1898,0.079537291450
1899,0.126443008806
1900,0.275084633700
1901,0.020249535000
1902,0.046475212577
1903,0.037097976411
1904,0.036694447208
1905,0.030279306597
1906,0.155653153753
1907,0.020375854749
1908,0.045656524634
1909,0.046671636520
1910,0.029130646078
1911,0.085301738634
1912,0.439385018762
1913,0.032264111601
1914,0.021577214105
1915,0.027975426056
1916,0.056138691575
1917,0.052344734955
1918,0.021311538643
1919,0.091357231375
1920,0.126925210717
1921,0.077564470707
1922,0.082321367137
1923,0.038771932260
1924,0.010902658271
1925,0.030298707001
1926,0.028916610494
1927,0.034232719523
1928,0.036210299151
1929,0.069744181519
1930,0.215848684199
1931,0.029355233219
1932,0.066710362316
1933,0.041813484985
1934,0.024475165939
1935,0.021843801485
1936,0.028595232066
1937,0.043925704299
1938,0.026674119111
1939,0.074608114957
1940,0.144872345761
1941,0.344252115657
1942,0.050732925269
1943,0.056530460204
1944,0.044618090649
1945,0.075384140692
1946,0.038076997890
1947,0.019561267530
1948,0.061277402718
1949,0.021853363652
1950,0.023226360368
1951,0.107029059192
1952,0.034059854339
1953,0.024211549341
1954,0.030958362583
1955,0.073249338799
1956,0.066210925970
1957,0.206748459230
1958,0.142864982223
1959,0.152805957662
1960,0.057268744052
1961,0.057768299733
1962,0.023053354069
1963,0.051385567096
1964,0.043265464067
1965,0.073460545400
1966,0.036876016268
1967,0.609230167898
1968,0.195580966078
1969,0.027623825029
1970,0.117964867512
1971,0.050812157835
1972,0.050241046278
1973,0.024921279406
1974,0.021664795710
1975,0.015703297410
1976,0.043028894955
1977,0.025998024843
1978,0.023046955714
1979,0.025228847233
1980,0.066463863075
1981,0.040438562926
1982,0.088047421461
1983,0.055708217269
1984,0.113909705681
1985,0.221923115369
1986,0.277814026071
1987,0.089245541321
1988,0.033675003667
1989,0.077538381132
1990,0.023197344968
1991,0.010791675719
1992,0.021530114083
1993,0.050817339189
1994,0.041664051349
1995,0.114980275343
1996,0.070017967615
1997,0.085882873488
1998,0.045676470414
1999,0.067211059853
2000,0.030384995901
2001,0.027345115640
2002,0.018441558465
2003,0.099530546983
2004,0.015568140439
2005,0.046930873012
2006,0.034074814774
2007,0.016161615837
2008,0.023007723146
2009,0.047424393799
2010,0.058093790081
2011,0.078386459751
2012,0.120613765535
2013,0.105427922527
2014,0.226031213404
2015,0.117398048676
2016,0.120510907960
2017,0.022457924146
2018,0.081434304037
2019,0.016569612843
2020,0.047513235418
2021,0.050274224719
2022,0.085666035856
2023,0.029207184982
2024,0.028419988571
2025,0.053403212663
2026,0.046797626540
2027,0.015483890805
2028,0.048831026285
2029,0.075176696208
2030,0.035230319947
2031,0.064240134604
2032,0.024657286047
2033,0.026061580730
2034,0.057105266294
2035,0.018241683751
2036,0.037210439540
2037,0.030855018971
2038,0.066560961720
2039,0.133647179676
2040,0.393899741175
2041,0.124954609082
2042,0.125565195286
2043,0.072927097623
2044,0.084235350693
2045,0.085657464440
2046,0.085527852591
2047,0.060695836688
2048,0.014108280060
2049,0.026281169871
2050,0.352897005259
2051,0.069896475227
2052,0.070548303776
2053,0.042358418503
2054,0.074177687317
2055,0.026973099101
2056,0.026737153290
2057,0.025483281751
2058,0.053008079805
2059,0.143319863644
2060,0.061536984214
2061,0.049154918425
2062,0.128454424088
2063,0.519453312476
2064,0.106316838100
2065,0.021816245514
2066,0.122156718499
2067,0.066363372262
2068,0.250288543254
2069,0.252053947811
2070,0.078855759945
2071,0.059093427883
2072,0.038263578057
2073,0.088248061799
2074,0.149264085410
2075,0.060425926029
2076,0.217605990068
2077,0.077076925468
2078,0.057057522011
2079,0.021128456766
2080,0.019171788902
2081,0.023500688263
2082,0.053531828669
2083,0.059016685306
2084,0.028514819832
2085,0.133862923146
2086,0.142750960735
2087,0.144159162673
2088,0.083812526025
2089,0.037526805568
2090,0.095802628629
2091,0.172399389975
2092,0.245374765913
2093,0.058963319035
2094,0.013735862634
2095,0.067017036913
2096,0.024722952923
2097,0.061057002742
2098,0.511571858028
2099,0.027827844098
2100,0.064933054902
2101,0.309412965167
2102,0.238856187718
2103,0.015893277097
2104,0.017434377386
2105,0.017715893269
2106,0.035047349924
2107,0.059589386166
2108,0.140361487888
2109,0.153524428679
2110,0.112251547629
2111,0.096238883681
2112,0.248303705397
2113,0.168668388482
2114,0.132064985674
2115,0.169384113669
2116,0.273435378175
2117,0.069229856204
2118,0.045707341675
2119,0.075627007648
2120,0.062073054933
2121,0.198108521954
2122,0.747766511661
2123,0.013055519895
2124,0.010592691453
2125,0.085538792084
2126,0.375934865757
2127,0.035405729625
2128,0.258120959526
2129,0.013715315766
2130,0.043692731652
2131,0.086906037935
2132,0.032080349256
2133,0.036232380290
2134,0.194417456182
2135,0.075910678837
2136,0.095934303489
2137,0.235424639827
2138,0.147675594056
2139,0.188111284104
2140,0.354146331408
2141,0.153355095228
2142,0.039945542696
2143,0.247154638342
2144,0.134170240714
2145,0.141241504874
2146,0.705254033641
2147,0.355475740479
2148,0.285409677479
2149,0.011504150076
2150,0.030515774933
2151,0.076398091823
2152,0.018454145115
2153,0.065501075224
2154,0.027030575604
2155,0.021940548642
2156,0.015639444349
2157,0.056934676317
2158,0.015363347698
2159,0.017545399287
2160,0.024401279903
2161,0.092145707796
2162,0.127629682961
2163,0.097315281561
2164,0.107524707061
2165,0.080388868556
2166,0.216442655939
2167,0.209489792985
2168,0.024773826989
2169,0.113533807799
2170,0.227029610007
2171,0.029476195544
2172,0.079172226809
2173,0.722197620874
2174,0.793770990313
2175,0.458511125996
2176,0.012252021176
2177,0.026162782572
2178,0.019527389931
2179,0.032230072062
2180,0.285588779594
2181,0.069357620461
2182,0.019142796900
2183,0.014186726404
2184,0.058933962979
2185,0.061455009287
2186,0.061306971121
2187,0.024024789391
2188,0.264016496476
2189,0.022742250254
2190,0.054493839702
2191,0.121445317378
2192,0.102022789494
2193,0.061832692584
2194,0.064819207162
2195,0.115948472566
2196,0.124380425582
2197,0.036882852052
2198,0.094808749718
2199,0.081379735624
2200,0.123584626354
2201,0.760828721473
2202,0.798898324836
2203,0.514835531561
2204,0.023476176767
2205,0.094781175351
2206,0.025358060094
2207,0.014654536290
2208,0.128834088377
2209,0.061453890156
2210,0.178032831334
2211,0.059597749608
2212,0.042977238172
2213,0.025890602253
2214,0.047263400813
2215,0.128991664328
2216,0.224822391211
2217,0.092928623510
2218,0.526750672240
2219,0.266474283943
2220,0.221661643720
2221,0.153805673050
2222,0.098245554750
2223,0.060093687662
2224,0.136816754046
2225,0.049757365191
2226,0.044592376385
2227,0.022639706244
2228,0.097077524856
2229,0.089102182429
2230,0.040008931921
2231,0.074830366072
2232,0.026934023970
2233,0.750329538667
2234,0.971925734220
2235,0.799782909945
2236,0.031380798671
2237,0.031549165122
2238,0.224609314224
2239,0.152219439593
2240,0.027292738870
2241,0.014649800789
2242,0.019985609042
2243,0.020368835273
2244,0.064397578934
2245,0.111675812740
2246,0.073988117901
2247,0.394383903060
2248,0.612401854151
2249,0.084676715519
2250,0.100729124043
2251,0.143268206568
2252,0.175003857663
2253,0.069346578850
2254,0.325116031349
2255,0.102307034492
2256,0.031673819031
2257,0.063460488749
2258,0.091571812756
2259,0.098962316161
2260,0.057610470065
2261,0.025231428648
2262,0.293254774646
2263,0.373095950977
2264,0.222665145472
2265,0.076779867792
2266,0.034331933181
2267,0.155093162864
2268,0.017074362385
2269,0.074772772888
2270,0.183564398143
2271,0.026889252960
2272,0.034994124722
2273,0.038717806878
2274,0.018063017511
2275,0.022598771331
2276,0.060657530558
2277,0.045652933591
2278,0.259564998963
2279,0.747033445772
2280,0.286769855246
2281,0.283933580376
2282,0.118716627151
2283,0.242257193638
2284,0.160172453251
2285,0.450257241510
2286,0.093069225784
2287,0.035528582164
2288,0.039011582307
2289,0.028520067059
2290,0.139205279252
2291,0.128674672125
2292,0.063108681318
2293,0.207378113357
2294,0.348665197545
2295,0.247081609692
2296,0.959195592453
2297,0.088372325121
2298,0.029511912398
2299,0.125296873854
2300,0.138392594586
2301,0.065417665211
2302,0.397934627642
2303,0.077341468066
2304,0.046281058192
2305,0.052983437241
2306,0.062936546850
2307,0.165079369901
2308,0.395729842932
2309,0.354320209342
2310,0.576617309576
2311,0.385352376308
2312,0.166398872595
2313,0.156598943445
2314,0.244993485010
2315,0.023924337955
2316,0.108791377856
2317,0.077667319730
2318,0.059035642703
2319,0.278176102962
2320,0.249079100485
2321,0.049644324784
2322,0.546946323819
2323,0.251100409695
2324,0.057380420386
2325,0.135131759183
2326,0.084767325028
2327,0.051507775004
2328,0.016474522023
2329,0.014186834247
2330,0.018751171218
2331,0.036568313013
2332,0.054494802081
2333,0.092509628036
2334,0.120780696267
2335,0.132016050077
2336,0.386929169904
2337,0.743359474713
2338,0.452799288083
2339,0.280517104225
2340,0.620226487667
2341,0.099004182246
2342,0.041093608959
2343,0.054631342925
2344,0.110717442168
2345,0.180127647652
2346,0.064537466307
2347,0.028227720166
2348,0.014732303698
2349,0.063169715870
2350,0.157971801092
2351,0.036420026332
2352,0.128603127485
2353,0.018601811821
2354,0.038275355731
2355,0.024974456074
2356,0.022493680393
2357,0.014635577456
2358,0.038862686360
2359,0.095410273052
2360,0.059920256134
2361,0.082769079289
2362,0.250629200849
2363,0.265709459624
2364,0.345625874684
2365,0.835779961222
2366,0.655862549156
2367,0.384398247455
2368,0.068294537141
2369,0.028438210630
2370,0.018273487762
2371,0.062297405686
2372,0.118846341671
2373,0.019892725149
2374,0.015893148458
2375,0.034226575904
2376,0.554715107461
2377,0.055941972199
2378,0.024998796667
2379,0.073244342319
2380,0.052058573595
2381,0.077406682551
2382,0.046518653196
2383,0.064254766476
2384,0.047983455696
2385,0.019950855648
2386,0.017333013404
2387,0.033928175623
2388,0.097092863374
2389,0.110402546698
2390,0.570395451098
2391,0.361846858542
2392,0.154790231371
2393,0.830482596218
2394,0.379829369749
2395,0.479617953779
2396,0.119131414037
2397,0.038990857518
2398,0.026179014552
2399,0.053822362673
2400,0.059615417398
2401,0.058225196290
2402,0.478784115137
2403,0.119727612518
2404,0.261800971555
2405,0.051713951315
2406,0.096510019685
2407,0.128467109625
2408,0.123829952518
2409,0.153631078274
2410,0.033237928039
2411,0.031897876769
2412,0.044513003547
2413,0.158579616311
2414,0.547346898787
2415,0.352424326746
2416,0.473397294574
2417,0.227463745186
2418,0.376376656274
2419,0.142734833292
2420,0.079673452510
2421,0.026620392062
2422,0.015425455913
2423,0.035052078126
2424,0.018365115683
2425,0.071002096755
2426,0.035935332764
2427,0.105615819548
2428,0.161783248463
2429,0.043170765138
2430,0.266032163411
2431,0.034748836168
2432,0.067323481003
2433,0.236717553791
2434,0.058324662155
2435,0.014295748199
2436,0.020543388258
2437,0.118760938820
2438,0.151636078124
2439,0.047711397774
2440,0.218730943981
2441,0.180391511826
2442,0.078667107404
2443,0.081516954422
2444,0.082663027508
2445,0.092160971395
2446,0.065592701378
2447,0.102829494409
2448,0.126914874361
2449,0.051064840885
2450,0.042148142961
2451,0.019732206770
2452,0.131340162358
2453,0.017848485974
2454,0.020390042677
2455,0.070473930276
2456,0.013341946207
2457,0.036630756318
2458,0.038081884800
2459,0.129417373452
2460,0.051722464833
2461,0.081314817701
2462,0.014903977440
2463,0.076585855303
2464,0.148489019230
2465,0.366922753839
2466,0.412010791619
2467,0.023844724577
2468,0.085734782620
2469,0.020852947503
2470,0.067967471773
2471,0.090817930129
2472,0.020448609110
2473,0.034394842917
2474,0.021240888348
2475,0.029559670368
2476,0.022693289527
2477,0.019385216649
2478,0.041814522570
2479,0.089324674366
2480,0.099668168636
2481,0.341127003121
2482,0.019753338084
2483,0.062011284820
2484,0.061961984867
2485,0.109443668029
2486,0.269283402738
2487,0.036414588835
2488,0.023816605474
2489,0.089707972706
2490,0.022266538352
2491,0.074544291914
2492,0.197868643488
2493,0.038204911420
2494,0.018748382534
2495,0.023691521489
2496,0.017016647978
2497,0.252094942877
2498,0.026975474186
2499,0.016094831398
2500,0.032473263915
2501,0.156421160330
2502,0.067123886366
2503,0.054438416857
2504,0.023642943000
2505,0.038066974103
2506,0.079610577068
2507,0.220206503397
2508,0.035890515954
2509,0.018413516472
2510,0.021086399770
2511,0.053907540765
2512,0.063162909568
2513,0.139073326940
2514,0.073832688087
2515,0.234796731423
2516,0.091808376523
2517,0.033673682622
2518,0.038711844539
2519,0.042057138500
2520,0.033773165674
2521,0.169019268561
2522,0.017442880362
2523,0.021595951597
2524,0.107860033224
2525,0.026549213691
2526,0.123473066465
2527,0.053586067088
2528,0.017668144313
2529,0.270572957817
2530,0.556578639563
2531,0.150363607400
2532,0.031520047266
2533,0.023758679644
2534,0.060050286539
2535,0.035638002401
2536,0.031914300300
2537,0.074061541400
2538,0.064716902091
2539,0.053979250793
2540,0.675653494629
2541,0.075194337891
2542,0.021969600809
2543,0.073225248593
2544,0.081141600887
2545,0.019423960653
2546,0.036393331944
2547,0.111131215900
2548,0.412838638968
2549,0.067380630601
2550,0.101479169421
2551,0.032126043676
2552,0.025922995545
2553,0.024894041642
2554,0.098401511214
2555,0.025349855668
2556,0.024481022200
2557,0.009652464442
2558,0.055654355196
2559,0.037467541907
2560,0.039690679983
2561,0.016570515044
2562,0.099954422657
2563,0.038260103370
2564,0.030119334951
2565,0.021255598207
2566,0.045905901558
2567,0.080680326578
2568,0.077729001320
2569,0.027579663816
2570,0.053231118936
2571,0.475917693805
2572,0.054934073221
2573,0.078576832303
2574,0.041791180274
2575,0.045938615766
2576,0.045240941812
2577,0.051631037464
2578,0.015615571338
2579,0.025742521318
2580,0.253687553475
2581,0.037526566379
2582,0.020596471836
2583,0.058722218775
2584,0.082229740542
2585,0.021140658713
2586,0.016093086067
2587,0.116978140833
2588,0.051556026509
2589,0.023245215137
2590,0.049830047712
2591,0.362830638163
2592,0.028093023713
2593,0.012899895339
2594,0.023115976731
2595,0.015955152143
2596,0.044354995378
2597,0.012265372429
2598,0.050078202744
2599,0.110648018288
2600,0.068296504705
2601,0.020938561278
2602,0.081388534397
2603,0.139653770602
2604,0.082356139770
2605,0.079575705096
2606,0.059765646728
2607,0.050291426107
2608,0.025262550578
2609,0.085090906151
2610,0.245194972836
2611,0.093106030350
2612,0.015768809922
2613,0.026738918355
2614,0.026316178211
2615,0.015087820277
2616,0.027313209543
2617,0.018384342163
2618,0.027866877781
2619,0.014537086785
2620,0.017415348945
2621,0.022963446226
2622,0.026658768116
2623,0.065655389187
2624,0.048610813127
2625,0.113949454681
2626,0.011930081986
2627,0.014740171749
2628,0.095727757300
2629,0.015102521963
2630,0.135111533296
2631,0.020743289612
2632,0.010199670230
2633,0.024188859525
2634,0.021023278474
2635,0.032785222758
2636,0.013452439464
2637,0.027206956643
2638,0.013686000183
2639,0.017595241314
2640,0.013577782344
2641,0.078191025321
2642,0.021181699226
2643,0.039823651404
2644,0.016427303626
2645,0.051756187453
2646,0.017767683401
2647,0.015462154564
2648,0.017588746348
2649,0.084723275998
2650,0.033343504431
2651,0.051190677816
2652,0.012620680572
2653,0.017267827824
2654,0.031271885635
2655,0.086725636575
2656,0.017657642022
2657,0.016038321805
2658,0.100704554918
2659,0.049466354674
2660,0.057224835244
2661,0.019839943468
2662,0.012356767064
2663,0.065332711178
2664,0.020783341203
2665,0.013945750617
2666,0.056625918689
2667,0.016849664813
2668,0.057381821694
2669,0.094022960509
2670,0.022304586161
2671,0.031038521831
2672,0.031879827729
2673,0.039447989637
2674,0.030013127414
2675,0.021801296604
2676,0.013267238871
2677,0.014269502661
2678,0.017950681903
2679,0.019469388506
2680,0.016335060268
2681,0.028827586919
2682,0.016445116062
2683,0.018892379397
2684,0.048838089991
2685,0.123784017611
2686,0.023113870736
2687,0.054791418939
2688,0.026581890796
2689,0.014273084750
2690,0.027366374864
2691,0.023442724014
2692,0.019433444633
2693,0.044483787590
2694,0.046645328920
2695,0.112368507479
2696,0.021103731302
2697,0.084618962300
2698,0.048426546643
2699,0.031739098204
2700,0.025644293315
2701,0.032266093303
2702,0.067335686597
2703,0.048393678863
2704,0.103241500954
2705,0.067902663661
2706,0.051578972851
2707,0.029643994174
2708,0.084984726973
2709,0.122791086408
2710,0.328672846654
2711,0.025458527373
2712,0.037310068349
2713,0.048102227839
2714,0.127745957304
2715,0.161948947949
2716,0.044648024886
2717,0.112861222586
2718,0.058947958031
2719,0.032885633917
2720,0.039338644023
2721,0.015874172178
2722,0.015785749819
2723,0.221475726706
2724,0.049794974438
2725,0.585928382509
2726,0.093259523032
2727,0.054070130944
2728,0.232464033311
2729,0.031885195381
2730,0.011860281177
2731,0.024378984392
2732,0.028254680899
2733,0.032064428005
2734,0.018621859831
2735,0.018686291609
2736,0.084377844996
2737,0.114859670160
2738,0.425009806906
2739,0.442586068683
2740,0.041749828501
2741,0.030923589760
2742,0.099903009670
2743,0.127550726236
2744,0.012167979218
2745,0.052964699175
2746,0.029351513440
2747,0.045525087526
2748,0.030175576582
2749,0.325599677245
2750,0.068114311332
2751,0.325343799204
2752,0.455445654793
2753,0.045659127703
2754,0.337969564534
2755,0.014880840203
2756,0.022903918616
2757,0.057455036650
2758,0.137643915241
2759,0.034682768783
2760,0.023177704608
2761,0.045056929895
2762,0.016742117909
2763,0.014085508002
2764,0.069472977301
2765,0.111781490944
2766,0.067624583854
2767,0.019663262398
2768,0.039499274815
2769,0.321505667833
2770,0.030668758678
2771,0.027055186682
2772,0.039651844355
2773,0.043423261431
2774,0.028916614377
2775,0.076070441890
2776,0.033207995237
2777,0.134434702316
2778,0.029133972196
2779,0.247021718181
2780,0.029225794022
2781,0.028812074142
2782,0.014495928357
2783,0.425513158809
2784,0.072586745871
2785,0.051288803083
2786,0.278758372138
2787,0.286627254706
2788,0.063633201386
2789,0.037747345333
2790,0.018463499076
2791,0.025538980997
2792,0.023944410424
2793,0.019433208017
2794,0.012620802856
2795,0.036273603809
2796,0.012452222665
2797,0.052788642182
2798,0.058765564967
2799,0.078983868464
2800,0.245257473196
2801,0.270307770410
2802,0.045306091522
2803,0.033743471658
2804,0.035433396391
2805,0.030185248814
2806,0.172104877072
2807,0.043452601092
2808,0.048369342205
2809,0.031588302421
2810,0.089057838395
2811,0.441704165425
2812,0.031086030424
2813,0.021175716432
2814,0.030647744049
2815,0.056241299900
2816,0.051646740021
2817,0.023480579054
2818,0.017387498310
2819,0.093525592239
2820,0.140718965938
2821,0.081472329699
2822,0.074214041844
2823,0.041558739252
2824,0.031115763328
2825,0.030741449092
2826,0.033677220315
2827,0.047099307889
2828,0.069872651641
2829,0.146722911034
2830,0.033600847779
2831,0.063895834564
2832,0.043009054630
2833,0.024210163566
2834,0.021411261471
2835,0.027884824792
2836,0.042804513196
2837,0.021131266799
2838,0.071130079896
2839,0.230532972072
2840,0.240883326783
2841,0.052533037838
2842,0.050534517118
2843,0.043048683610
2844,0.070333599425
2845,0.043478717546
2846,0.021132052685
2847,0.061967273508
2848,0.021744157465
2849,0.022370494426
2850,0.104405959370
2851,0.034396705636
2852,0.025280814382
2853,0.029386178221
2854,0.011547476689
2855,0.065853936753
2856,0.063878125412
2857,0.211774651765
2858,0.144154568380
2859,0.217576115509
2860,0.059872918488
2861,0.061189956775
2862,0.023173909641
2863,0.053074127379
2864,0.049756291415
2865,0.067091986914
2866,0.034281373866
2867,0.599728761183
2868,0.116281617831
2869,0.016629599670
2870,0.113975643679
2871,0.049293045782
2872,0.046589347131
2873,0.024795919627
2874,0.049869762891
2875,0.027483131140
2876,0.018752944737
2877,0.023834950715
2878,0.024394452140
2879,0.064868194257
2880,0.043050004009
2881,0.086802561062
2882,0.058508048471
2883,0.113702140514
2884,0.218299149007
2885,0.344816472934
2886,0.082908803904
2887,0.032865688682
2888,0.073128763299
2889,0.025473969863
2890,0.033504914368
2891,0.012346717723
2892,0.021059235791
2893,0.047657330205
2894,0.042710188596
2895,0.121693285667
2896,0.058326991371
2897,0.090256531363
2898,0.045332565272
2899,0.072048926391
2900,0.034700685158
2901,0.026255913120
2902,0.018997228666
2903,0.098812026112
2904,0.016831200712
2905,0.029340876695
2906,0.048695334199
2907,0.033664869313
2908,0.016400761143
2909,0.022582007371
2910,0.047040856158
2911,0.061469884807
2912,0.078009810914
2913,0.121777794441
2914,0.107883122865
2915,0.212056016992
2916,0.120578466654
2917,0.112267299329
2918,0.024884071184
2919,0.093113578356
2920,0.046700959812
2921,0.049386653707
2922,0.083523887163
2923,0.026720433746
2924,0.053186447154
2925,0.038998994803
2926,0.045063067072
2927,0.071691055953
2928,0.032660765501
2929,0.056922727062
2930,0.023298866971
2931,0.025321740257
2932,0.022742351985
2933,0.059873564953
2934,0.019148186581
2935,0.037807423300
2936,0.033718867617
2937,0.064028537126
2938,0.132971818100
2939,0.393579409850
2940,0.127578758205
2941,0.208123088549
2942,0.072052643384
2943,0.080527247068
2944,0.089953285844
2945,0.086101265167
2946,0.060741374177
2947,0.017879846697
2948,0.013398439577
2949,0.024789546474
2950,0.284883146909
2951,0.075752862490
2952,0.072234390441
2953,0.047258749719
2954,0.071142759402
2955,0.024239249684
2956,0.027629891316
2957,0.013435297383
2958,0.025985329103
2959,0.057479316402
2960,0.136077623224
2961,0.062494155507
2962,0.048311406028
2963,0.125157992825
2964,0.563242371171
2965,0.102851552951
2966,0.022849083660
2967,0.134480205132
2968,0.065118683291
2969,0.244225438382
2970,0.172258273052
2971,0.081057282181
2972,0.019322595708
2973,0.059935423275
2974,0.098453499238
2975,0.206673428018
2976,0.067603614430
2977,0.220225537196
2978,0.080332489658
2979,0.053708567578
2980,0.018708767190
2981,0.014077689912
2982,0.017728682893
2983,0.025259191464
2984,0.048038696452
2985,0.061373058896
2986,0.027458906865
2987,0.129186651732
2988,0.222011612202
2989,0.141289401146
2990,0.090708100626
2991,0.038217217142
2992,0.082071953608
2993,0.177860707215
2994,0.244703283570
2995,0.060358140274
2996,0.014219282782
2997,0.064010939744
2998,0.023095937577
2999,0.066905901006
3000,0.507729545981
3001,0.028398173623
3002,0.055649326268
3003,0.365008437961
3004,0.239101110097
3005,0.014374151689
3006,0.017929089462
3007,0.017919691621
3008,0.035314811252
3009,0.057115560948
3010,0.132532865791
3011,0.220684978896
3012,0.110141847971
3013,0.109515400491
3014,0.248332058866
3015,0.222433667110
3016,0.127534720944
3017,0.159079719565
3018,0.354621989277
3019,0.067554003110
3020,0.012579632254
3021,0.024206793788
3022,0.045064158332
3023,0.092304387640
3024,0.062318056317
3025,0.201944675341
3026,0.759477851103
3027,0.010289013370
3028,0.071748048950
3029,0.375005153945
3030,0.015961769920
3031,0.035171140144
3032,0.257981907594
3033,0.013725440652
3034,0.041745612977
3035,0.078127458953
3036,0.030553092417
3037,0.045577677675
3038,0.213625767985
3039,0.075352496494
3040,0.096339083309
3041,0.178324503475
3042,0.160641208057
3043,0.173898600273
3044,0.363199215545
3045,0.146159578512
3046,0.036192200218
3047,0.247681479895
3048,0.214521027554
3049,0.146038686766
3050,0.724317703750
3051,0.358226601965
3052,0.267450959054
3053,0.011615368022
3054,0.030437109632
3055,0.077819076604
3056,0.021184395399
3057,0.058433478302
3058,0.020796193923
3059,0.013992488598
3060,0.055932829034
3061,0.015390091098
3062,0.017950197788
3063,0.024679967034
3064,0.089030657932
3065,0.128041172713
3066,0.100169353565
3067,0.113635896853
3068,0.089519743475
3069,0.217886212982
3070,0.109502883038
3071,0.022100280680
3072,0.116728485334
3073,0.149605490239
3074,0.028799987804
3075,0.070431331128
3076,0.723672076593
3077,0.802741678423
3078,0.470201844526
3079,0.011709151206
3080,0.026453646495
3081,0.035477494639
3082,0.275972638042
3083,0.073785454244
3084,0.049338188795
3085,0.014147382128
3086,0.058941523058
3087,0.061960199592
3088,0.064847804891
3089,0.021008109090
3090,0.265313850068
3091,0.023085666509
3092,0.054924908696
3093,0.115960210683
3094,0.099800535071
3095,0.066390261595
3096,0.064445437210
3097,0.117143311297
3098,0.211460946752
3099,0.035070256090
3100,0.100971532532
3101,0.076584241539
3102,0.124647311175
3103,0.769854336907
3104,0.801696320109
3105,0.521787997015
3106,0.023179185237
3107,0.209102509781
3108,0.014620448421
3109,0.141712988604
3110,0.062768225680
3111,0.239906150981
3112,0.062012251795
3113,0.044635505485
3114,0.024645787176
3115,0.054826774535
3116,0.121745678836
3117,0.224148336635
3118,0.104774500323
3119,0.528068997712
3120,0.272003283384
3121,0.169334756265
3122,0.154595381514
3123,0.101461773572
3124,0.060451659180
3125,0.134897637736
3126,0.049809286915
3127,0.046872839370
3128,0.111912314144
3129,0.086875340415
3130,0.044270596446
3131,0.081576590540
3132,0.750625858933
3133,0.971056324110
3134,0.809749885663
3135,0.037045383966
3136,0.039301885487
3137,0.169754488462
3138,0.017243292016
3139,0.154094456080
3140,0.026352529425
3141,0.021828395337
3142,0.021983561502
3143,0.067110879684
3144,0.118401533371
3145,0.071988037331
3146,0.389162496826
3147,0.646943849365
3148,0.082807652756
3149,0.101756872005
3150,0.142413733400
3151,0.175877569353
3152,0.068891234219
3153,0.228735141035
3154,0.108344191931
3155,0.028468130288
3156,0.064689511568
3157,0.092362226620
3158,0.105511511611
3159,0.054601658528
3160,0.290732609707
3161,0.383707251310
3162,0.226276994184
3163,0.075941781797
3164,0.037166009374
3165,0.152982301235
3166,0.016849909218
3167,0.077038318224
3168,0.192768619395
3169,0.029906686924
3170,0.036681358795
3171,0.041004488606
3172,0.019291223966
3173,0.025305245905
3174,0.059932165473
3175,0.048126553181
3176,0.270835676823
3177,0.726578910806
3178,0.283561018087
3179,0.274552547345
3180,0.116710651057
3181,0.169989498526
3182,0.168346430489
3183,0.452174350130
3184,0.097385000186
3185,0.037167873805
3186,0.042056205894
3187,0.028759675189
3188,0.144392220944
3189,0.129730438244
3190,0.065287697808
3191,0.197163900185
3192,0.358924602980
3193,0.256405998960
3194,0.961317186738
3195,0.196847895653
3196,0.025802408303
3197,0.113434298919
3198,0.145912265199
3199,0.026592498141
3200,0.062719368355
3201,0.285401763078
3202,0.075716228055
3203,0.044917362669
3204,0.049907294759
3205,0.066049492593
3206,0.218131827487
3207,0.395680103169
3208,0.274211747155
3209,0.580034022806
3210,0.289214373219
3211,0.165436186072
3212,0.160307944691
3213,0.250172573116
3214,0.021470258672
3215,0.023472985619
3216,0.111365812059
3217,0.079337833010
3218,0.058961040771
3219,0.219195963013
3220,0.249910001526
3221,0.052048350259
3222,0.513869101242
3223,0.257696175891
3224,0.058061306646
3225,0.125353039284
3226,0.080738211239
3227,0.052860955401
3228,0.014345597803
3229,0.034873974951
3230,0.054190793357
3231,0.092181924518
3232,0.118917334471
3233,0.137873311588
3234,0.297373623719
3235,0.712855055081
3236,0.451112443657
3237,0.360611422573
3238,0.576896905250
3239,0.099634527268
3240,0.045556340828
3241,0.057706781479
3242,0.121695285198
3243,0.239033924622
3244,0.068596459460
3245,0.029065945219
3246,0.063455582436
3247,0.147412818141
3248,0.119505051753
3249,0.024160660852
3250,0.017345426172
3251,0.034657412870
3252,0.025363243249
3253,0.022994931355
3254,0.015220951657
3255,0.038766737572
3256,0.091163702260
3257,0.056431272005
3258,0.084052069107
3259,0.186761832954
3260,0.275531722189
3261,0.342526222969
3262,0.771811605935
3263,0.664087944929
3264,0.281363261917
3265,0.070392601493
3266,0.027020092070
3267,0.019989212374
3268,0.063792564561
3269,0.125106101746
3270,0.020255468813
3271,0.016046149477
3272,0.040152751614
3273,0.485262679833
3274,0.059277801650
3275,0.022890114544
3276,0.071855067859
3277,0.048723978398
3278,0.084287066867
3279,0.050772100167
3280,0.059190371153
3281,0.023557734450
3282,0.047687279922
3283,0.020439550137
3284,0.018125051578
3285,0.036724667058
3286,0.096076247456
3287,0.113998331217
3288,0.510546935972
3289,0.364216765348
3290,0.143413173128
3291,0.793237727937
3292,0.450982628830
3293,0.485219931478
3294,0.102344789845
3295,0.043297812968
3296,0.032632985013
3297,0.052447885163
3298,0.054356188188
3299,0.031181306552
3300,0.059701567147
3301,0.491486712009
3302,0.120029357754
3303,0.263141894046
3304,0.054047687689
3305,0.094426160609
3306,0.135096181426
3307,0.115919967204
3308,0.159474734891
3309,0.033701997086
3310,0.031160580046
3311,0.011216258937
3312,0.049341090822
3313,0.166961271139
3314,0.565819781654
3315,0.341484443618
3316,0.469409759452
3317,0.166684633599
3318,0.365185914407
3319,0.142598520550
3320,0.076782358226
3321,0.025965795383
3322,0.015555879639
3323,0.031145565976
3324,0.019551958913
3325,0.070528965276
3326,0.101934516086
3327,0.179447692700
3328,0.045503014945
3329,0.201423711615
3330,0.036462570291
3331,0.067982104463
3332,0.246574641957
3333,0.055191812919
3334,0.015031583243
3335,0.020231482280
3336,0.119812781744
3337,0.153081703898
3338,0.048543516313
3339,0.159432331350
3340,0.242743100522
3341,0.078465874126
3342,0.088220480891
3343,0.030240769653
3344,0.076399448647
3345,0.100690334999
3346,0.064662533036
3347,0.099970995071
3348,0.121547382894
3349,0.047194743480
3350,0.042365175358
3351,0.019097609232
3352,0.144039319834
3353,0.017720960327
3354,0.066550083906
3355,0.036242237278
3356,0.037395561287
3357,0.213528095221
3358,0.051648393633
3359,0.081893287170
3360,0.075686177133
3361,0.158613299491
3362,0.355649915436
3363,0.416402747352
3364,0.026838747265
3365,0.015297875584
3366,0.020857699359
3367,0.031355441731
3368,0.087903121365
3369,0.067226566058
3370,0.091686460812
3371,0.019505851586
3372,0.033098073474
3373,0.021208453036
3374,0.028808207357
3375,0.024573281910
3376,0.034941298241
3377,0.084864657335
3378,0.099795882678
3379,0.342951044572
3380,0.022801915190
3381,0.025062076265
3382,0.063758182459
3383,0.064769621728
3384,0.110809875702
3385,0.276408739513
3386,0.037733900532
3387,0.016529804269
3388,0.014378979845
3389,0.090234648642
3390,0.029490812646
3391,0.022643239530
3392,0.081496521756
3393,0.101478040822
3394,0.043939711142
3395,0.023562280766
3396,0.016208124134
3397,0.253813020549
3398,0.016757661119
3399,0.030896208837
3400,0.152961669738
3401,0.068739686959
3402,0.058009980949
3403,0.022518007910
3404,0.035759052053
3405,0.076779354814
3406,0.278526647253
3407,0.034515621102
3408,0.016607815248
3409,0.021910005687
3410,0.056179970858
3411,0.063138273579
3412,0.128340947046
3413,0.076533454552
3414,0.183359438872
3415,0.095601330166
3416,0.037179378259
3417,0.027133744350
3418,0.040899454274
3419,0.044786100061
3420,0.037799449687
3421,0.172882259990
3422,0.017806420467
3423,0.104413912972
3424,0.027883844399
3425,0.116772816132
3426,0.053463608485
3427,0.020161858115
3428,0.017955956386
3429,0.276538616215
3430,0.558672385270
3431,0.221918318374
3432,0.033793608757
3433,0.056366496624
3434,0.035476044707
3435,0.031234361962
3436,0.076294668781
3437,0.066870332045
3438,0.063881402291
3439,0.684033243199
3440,0.079333641606
3441,0.073772913999
3442,0.073495102667
3443,0.035434284740
3444,0.103698072122
3445,0.432396114832
3446,0.071372806650
3447,0.095400167482
3448,0.029745587041
3449,0.024999878156
3450,0.098153896607
3451,0.024882495972
3452,0.024216148597
3453,0.010300041087
3454,0.057798893492
3455,0.042441383160
3456,0.042449712934
3457,0.019076129851
3458,0.017927210015
3459,0.097803334887
3460,0.039708876050
3461,0.030061344965
3462,0.043751381625
3463,0.078652110462
3464,0.069847501219
3465,0.027115864564
3466,0.054039331492
3467,0.501051253898
3468,0.056540464082
3469,0.076756438905
3470,0.038618797470
3471,0.042675557763
3472,0.042551850092
3473,0.051943013185
3474,0.017515991056
3475,0.257188642801
3476,0.039493885388
3477,0.011507341050
3478,0.014174216670
3479,0.021436879528
3480,0.052565721286
3481,0.084068222064
3482,0.016060711512
3483,0.119433965709
3484,0.050008396082
3485,0.046215266535
3486,0.285438106722
3487,0.024999500889
3488,0.022890581351
3489,0.045893475490
3490,0.012298581075
3491,0.047130195548
3492,0.120509288109
3493,0.070060806277
3494,0.011017224625
3495,0.026053673516
3496,0.020949904873
3497,0.012804614444
3498,0.086510416019
3499,0.125786711122
3500,0.076530677487
3501,0.080953687041
3502,0.060803423995
3503,0.020967102058
3504,0.046999388400
3505,0.025955360116
3506,0.084690715489
3507,0.190289319642
3508,0.101521863371
3509,0.015823484882
3510,0.031119608071
3511,0.025298098054
3512,0.027722459241
3513,0.018431223933
3514,0.028596020920
3515,0.012203310588
3516,0.013562643031
3517,0.014884358838
3518,0.022402030573
3519,0.028446066398
3520,0.065711562751
3521,0.054380215273
3522,0.123388367745
3523,0.107672040121
3524,0.139031354327
3525,0.016503305428
3526,0.025625528308
3527,0.016034888491
3528,0.021146112070
3529,0.030794908322
3530,0.013365267586
3531,0.024501236097
3532,0.027438561521
3533,0.016953981178
3534,0.019910125926
3535,0.069498469924
3536,0.022232895259
3537,0.039743055634
3538,0.050554453432
3539,0.016871873117
3540,0.016026829224
3541,0.078491083152
3542,0.037697409337
3543,0.046362042300
3544,0.018444965241
3545,0.031335648142
3546,0.016842631669
3547,0.020992821023
3548,0.080990379196
3549,0.022664650396
3550,0.012195776989
3551,0.016126854837
3552,0.125767683832
3553,0.039762968593
3554,0.052231097377
3555,0.058178652157
3556,0.019905199200
3557,0.076661079018
3558,0.019265794294
3559,0.014188073004
3560,0.012950092240
3561,0.056093848556
3562,0.019034972607
3563,0.055258931790
3564,0.022471387093
3565,0.110529500043
3566,0.023501025922
3567,0.033551259775
3568,0.027950556853
3569,0.021903378730
3570,0.016707032358
3571,0.018610591145
3572,0.019790687862
3573,0.013833312634
3574,0.016469676838
3575,0.030193011873
3576,0.016721904789
3577,0.025103342901
3578,0.047973856556
3579,0.122813835022
3580,0.022231472182
3581,0.030507001279
3582,0.016546477564
3583,0.022245025812
3584,0.050881892953
3585,0.024059144174
3586,0.015965664097
3587,0.027277696237
3588,0.025099095270
3589,0.019098765123
3590,0.047483181298
3591,0.099353218291
3592,0.021520749716
3593,0.074827528281
3594,0.015940632206
3595,0.039107025184
3596,0.029825456897
3597,0.035211870390
3598,0.068068422537
3599,0.051305701283
3600,0.040213203234
3601,0.041756596440
3602,0.105490733178
3603,0.069887357142
3604,0.014911952622
3605,0.057296506633
3606,0.054165667973
3607,0.029690869380
3608,0.084251106856
3609,0.331093451841
3610,0.322546367415
3611,0.024254639065
3612,0.051275777962
3613,0.331354910876
3614,0.043016508226
3615,0.255362118022
3616,0.053185200624
3617,0.214905311390
3618,0.063423287676
3619,0.030342240287
3620,0.041381484258
3621,0.017883229840
3622,0.015835738514
3623,0.219672103550
3624,0.059583944528
3625,0.544764708073
3626,0.096975276967
3627,0.143279875521
3628,0.035053739131
3629,0.024057504651
3630,0.033517576158
3631,0.031872982327
3632,0.019176287980
3633,0.019573980160
3634,0.084932206863
3635,0.093031221144
3636,0.452105364786
3637,0.467539779444
3638,0.035892747176
3639,0.031355376799
3640,0.112172523125
3641,0.228844771315
3642,0.012153234936
3643,0.054099783709
3644,0.027502078816
3645,0.048740443764
3646,0.050076036779
3647,0.414432998845
3648,0.067705514136
3649,0.332814302439
3650,0.429363628488
3651,0.067135821128
3652,0.412529075303
3653,0.014870618703
3654,0.060235704500
3655,0.265252033814
3656,0.036465531283
3657,0.031785600971
3658,0.044659057517
3659,0.022186781159
3660,0.031995897904
3661,0.054681260411
3662,0.122485200504
3663,0.058163196839
3664,0.033404282490
3665,0.048479630632
3666,0.260727674859
3667,0.032219626270
3668,0.024631967094
3669,0.035431040227
3670,0.041681009854
3671,0.048660294134
3672,0.031262212924
3673,0.029709838563
3674,0.068208497219
3675,0.080598435473
3676,0.032517417034
3677,0.035492785127
3678,0.137359569754
3679,0.029922756312
3680,0.244068833461
3681,0.027042292775
3682,0.014430656174
3683,0.016758010792
3684,0.025074516466
3685,0.434466781868
3686,0.068834522842
3687,0.050186234856
3688,0.207018179917
3689,0.394005992327
3690,0.011855585453
3691,0.067940191790
3692,0.032982988588
3693,0.018596862359
3694,0.022370932195
3695,0.025702091034
3696,0.018686786566
3697,0.014063692244
3698,0.033371941416
3699,0.012533517835
3700,0.062958916169
3701,0.063097481691
3702,0.084047581847
3703,0.254339605875
3704,0.294369273791
3705,0.044248564672
3706,0.032031067791
3707,0.024610470515
3708,0.033852498039
3709,0.025697332945
3710,0.150275159206
3711,0.017471943113
3712,0.039689627737
3713,0.056016511561
3714,0.108553070146
3715,0.494292360355
3716,0.027043632838
3717,0.029250802452
3718,0.054600995824
3719,0.049349638921
3720,0.023617802238
3721,0.097663826862
3722,0.140831020362
3723,0.074619721026
3724,0.077480965598
3725,0.042497417593
3726,0.022466559463
3727,0.031563266082
3728,0.031680399712
3729,0.038404229430
3730,0.041278193744
3731,0.071014965837
3732,0.216700896018
3733,0.032293876211
3734,0.066639662618
3735,0.042815177461
3736,0.024525313862
3737,0.023551391222
3738,0.027890485404
3739,0.047222616976
3740,0.021150830627
3741,0.075321011190
3742,0.149223884721
3743,0.256756926620
3744,0.056091686769
3745,0.047288994685
3746,0.041989727957
3747,0.072999712359
3748,0.051116401567
3749,0.022305988599
3750,0.066197681714
3751,0.022406839229
3752,0.023472674844
3753,0.111418397931
3754,0.038750449132
3755,0.026152167824
3756,0.027332260976
3757,0.071312162321
3758,0.069220508847
3759,0.154197769164
3760,0.150065027979
3761,0.146539949380
3762,0.060916344160
3763,0.061193620649
3764,0.022705164412
3765,0.051757290967
3766,0.043506497001
3767,0.074229025685
3768,0.034253307631
3769,0.606778248854
3770,0.097542103537
3771,0.026251202758
3772,0.020421920828
3773,0.113311485248
3774,0.047224509500
3775,0.048684038849
3776,0.024170915641
3777,0.019963165417
3778,0.044427108076
3779,0.016616595236
3780,0.023815966883
3781,0.024064701870
3782,0.063823035912
3783,0.042334095557
3784,0.091905137002
3785,0.060231381875
3786,0.116430482267
3787,0.217775654793
3788,0.351757005046
3789,0.085482877199
3790,0.033350240841
3791,0.074873299489
3792,0.022750275836
3793,0.033770206071
3794,0.053272515873
3795,0.045119570910
3796,0.124350695447
3797,0.069247201741
3798,0.077279926408
3799,0.043131952956
3800,0.066031802674
3801,0.028349690294
3802,0.021102751679
3803,0.105877984440
3804,0.017501096884
3805,0.027663915491
3806,0.046227632193
3807,0.016466803776
3808,0.022031758946
3809,0.046533695807
3810,0.060767234933
3811,0.079349201768
3812,0.121070826775
3813,0.108136653043
3814,0.218661653234
3815,0.109638452406
3816,0.119886917417
3817,0.023808146831
3818,0.092752884362
3819,0.045580904752
3820,0.056717211880
3821,0.085257458076
3822,0.028014163887
3823,0.029171729944
3824,0.054239066421
3825,0.043584001172
3826,0.019170805722
3827,0.039714528384
3828,0.069469376950
3829,0.030096478759
3830,0.058328420477
3831,0.024725034369
3832,0.023278145314
3833,0.064218551321
3834,0.019173441965
3835,0.037670925334
3836,0.036757569117
3837,0.061417404163
3838,0.136191664957
3839,0.400482093443
3840,0.123824011485
3841,0.125265709994
3842,0.071897500288
3843,0.084297436230
3844,0.080118349221
3845,0.090816588777
3846,0.061635313994
3847,0.014374726850
3848,0.012954538981
3849,0.025619812717
3850,0.285493462174
3851,0.078027399140
3852,0.067563425168
3853,0.047654391665
3854,0.073011249863
3855,0.024393095446
3856,0.030635379510
3857,0.013516752953
3858,0.023215974374
3859,0.058624501478
3860,0.134774791381
3861,0.061907252684
3862,0.046722944941
3863,0.121390529262
3864,0.587624993895
3865,0.101873339295
3866,0.022812679925
3867,0.209749356613
3868,0.063826951262
3869,0.198292419617
3870,0.181459389003
3871,0.082301800138
3872,0.016226993227
3873,0.055792676276
3874,0.036880775469
3875,0.093986326771
3876,0.151758811181
3877,0.066217437551
3878,0.220615493755
3879,0.070418998797
3880,0.059607179105
3881,0.020166788922
3882,0.014115571995
3883,0.023922374878
3884,0.046248426762
3885,0.063360327930
3886,0.029880045713
3887,0.131554210680
3888,0.149362793741
3889,0.137930822371
3890,0.087131239494
3891,0.039842019865
3892,0.095698300572
3893,0.189780688056
3894,0.250374080067
3895,0.059882587024
3896,0.066915768987
3897,0.063680255432
3898,0.522759875463
3899,0.026892485850
3900,0.055510786035
3901,0.306263873148
3902,0.238026309321
3903,0.017451742603
3904,0.018260970288
3905,0.015182792457
3906,0.034447626115
3907,0.061873956706
3908,0.144450030268
3909,0.218092005816
3910,0.112988149941
3911,0.105303596564
3912,0.249502059846
3913,0.172021472896
3914,0.135596823453
3915,0.161294666579
3916,0.348622733909
3917,0.069557646894
3918,0.024974692637
3919,0.048576912785
3920,0.093383842502
3921,0.058615471215
3922,0.268147740078
3923,0.776353139430
3924,0.011108018539
3925,0.077888191236
3926,0.372089308765
3927,0.017530294275
3928,0.041743908657
3929,0.261201296373
3930,0.013772903824
3931,0.044463085629
3932,0.085421289807
3933,0.030767056601
3934,0.046482533974
3935,0.013263060499
3936,0.281460543025
3937,0.080200508817
3938,0.097641934390
3939,0.184787091776
3940,0.165200797625
3941,0.239716798611
3942,0.358672247681
3943,0.156099881201
3944,0.038249147878
3945,0.260733927235
3946,0.132422539102
3947,0.142071632703
3948,0.714813089938
3949,0.357602224367
3950,0.272020585171
3951,0.011641758560
3952,0.029136254339
3953,0.080005856590
3954,0.057747884822
3955,0.023627980936
3956,0.016250173533
3957,0.020404863717
3958,0.014153887561
3959,0.060942660514
3960,0.017391178926
3961,0.024835011879
3962,0.089332770478
3963,0.120633356950
3964,0.096889742895
3965,0.116761956253
3966,0.085642294977
3967,0.219909133018
3968,0.211288814501
3969,0.023059634331
3970,0.124152475920
3971,0.233980886952
3972,0.027839258422
3973,0.083958200420
3974,0.750450111502
3975,0.809889656185
3976,0.488753439786
3977,0.026172151940
3978,0.040847565304
3979,0.285480633461
3980,0.070242421077
3981,0.044218777520
3982,0.015072658282
3983,0.063213098156
3984,0.057713449260
3985,0.063869214524
3986,0.021004641602
3987,0.263914256553
3988,0.023176606341
3989,0.054202235742
3990,0.124380493770
3991,0.097775715476
3992,0.063511151549
3993,0.064840590228
3994,0.129346390820
3995,0.212748651353
3996,0.033961538347
3997,0.101233946791
3998,0.073623097186
3999,0.122903983097
4000,0.786555320654
4001,0.795875694412
4002,0.531765652509
4003,0.025110666189
4004,0.203836063225
4005,0.022636011836
4006,0.142937866562
4007,0.067150585196
4008,0.240777383419
4009,0.059056668443
4010,0.044082831026
4011,0.026804765581
4012,0.059326441785
4013,0.123834950040
4014,0.216734759440
4015,0.094384481720
4016,0.496668105515
4017,0.287808432762
4018,0.160627815891
4019,0.152851392993
4020,0.100042806035
4021,0.058048011481
4022,0.136080168416
4023,0.052671086994
4024,0.044415961855
4025,0.014297112977
4026,0.119939294722
4027,0.191362903355
4028,0.043822475879
4029,0.078292413772
4030,0.027496641419
4031,0.769851517836
4032,0.972198508760
4033,0.824461318118
4034,0.042318161985
4035,0.034871533226
4036,0.173691220512
4037,0.018623139722
4038,0.178572592319
4039,0.027895701751
4040,0.024020551879
4041,0.019608845679
4042,0.063525959383
4043,0.114008802295
4044,0.069614219126
4045,0.392430512456
4046,0.644331500159
4047,0.083019323342
4048,0.111997914814
4049,0.145883868144
4050,0.235857018589
4051,0.073372504232
4052,0.233561321977
4053,0.101513964063
4054,0.029974032448
4055,0.070579703010
4056,0.094737666549
4057,0.099829826604
4058,0.063788854773
4059,0.384266548739
4060,0.373730667690
4061,0.161710982641
4062,0.071076592205
4063,0.032085759493
4064,0.154980671810
4065,0.080315150152
4066,0.195489195477
4067,0.028234355898
4068,0.034718466030
4069,0.042711905688
4070,0.024093964952
4071,0.065582946139
4072,0.052068211720
4073,0.260174742989
4074,0.728609106382
4075,0.282824978101
4076,0.282184564274
4077,0.116491443295
4078,0.184558204702
4079,0.225770762807
4080,0.447499021156
4081,0.091761998079
4082,0.036425164221
4083,0.038020399532
4084,0.028061074982
4085,0.149833079757
4086,0.139420653173
4087,0.070305586941
4088,0.270567978160
4089,0.282625546913
4090,0.180193703320
4091,0.965667221133
4092,0.089552958481
4093,0.025348474205
4094,0.114350254519
4095,0.145075866781
4096,0.027076482373
4097,0.059086779529
4098,0.197606540801
4099,0.081595941476
4100,0.042979609386
4101,0.051131873528
4102,0.066487379890
4103,0.150791139362
4104,0.462973295327
4105,0.273839250726
4106,0.570312375242
4107,0.384308384502
4108,0.165963552458
4109,0.159634104100
4110,0.338520546313
4111,0.020038279687
4112,0.023775680435
4113,0.120770572058
4114,0.078569501692
4115,0.057994753899
4116,0.293267805880
4117,0.238288608358
4118,0.050885476389
4119,0.508849083181
4120,0.263559328038
4121,0.057221872095
4122,0.110090048404
4123,0.091158120823
4124,0.053446524299
4125,0.016790561276
4126,0.014274761516
4127,0.020429118374
4128,0.031005114579
4129,0.053091040726
4130,0.093705532108
4131,0.125099379206
4132,0.138127426609
4133,0.380437376359
4134,0.716299299461
4135,0.459767126986
4136,0.285036316390
4137,0.625967391716
4138,0.106714444396
4139,0.049338452977
4140,0.059896010950
4141,0.121124975022
4142,0.178214445342
4143,0.060041071905
4144,0.028995889016
4145,0.062898034698
4146,0.152609194637
4147,0.023953480716
4148,0.041149770696
4149,0.117701400336
4150,0.023003528665
4151,0.035851429391
4152,0.026728614348
4153,0.014061626958
4154,0.037315868626
4155,0.092601649316
4156,0.059332837915
4157,0.080723240121
4158,0.194354584211
4159,0.193948986855
4160,0.345064990370
4161,0.809784158980
4162,0.635838003583
4163,0.379862624117
4164,0.064720102904
4165,0.014097178822
4166,0.027607163331
4167,0.019689181514
4168,0.065943931583
4169,0.124594267616
4170,0.015890367322
4171,0.036570519089
4172,0.512282586274
4173,0.055612368011
4174,0.022845715785
4175,0.071007407708
4176,0.047485471693
4177,0.101117059942
4178,0.050110913762
4179,0.057647697813
4180,0.020053398084
4181,0.034762610263
4182,0.096562251901
4183,0.116741849623
4184,0.555280719960
4185,0.374395783428
4186,0.147195939578
4187,0.794728325574
4188,0.378921002397
4189,0.468337689401
4190,0.115414132958
4191,0.043782726308
4192,0.025669878071
4193,0.032077454711
4194,0.049792261990
4195,0.053245797927
4196,0.031756262675
4197,0.060668976035
4198,0.476494426246
4199,0.120612754810
4200,0.348072899031
4201,0.055304435747
4202,0.097505170403
4203,0.140034805403
4204,0.113559486843
4205,0.166786685655
4206,0.033040079518
4207,0.031634902407
4208,0.011573743954
4209,0.043951069182
4210,0.152838799642
4211,0.572816573466
4212,0.346305840848
4213,0.478023879264
4214,0.166438654477
4215,0.352078545492
4216,0.151425602565
4217,0.075052092572
4218,0.026049408276
4219,0.016563948796
4220,0.031157733454
4221,0.015538069473
4222,0.072445031889
4223,0.107335274823
4224,0.169224477882
4225,0.046850683273
4226,0.199409825157
4227,0.032563758232
4228,0.075701350920
4229,0.237146878025
4230,0.048046512317
4231,0.013866393659
4232,0.022324228255
4233,0.117135950267
4234,0.154105799112
4235,0.046372946283
4236,0.160817180926
4237,0.244813895819
4238,0.084820594585
4239,0.090621438716
4240,0.028746041162
4241,0.084551876637
4242,0.095934120851
4243,0.068568721690
4244,0.103247934191
4245,0.121356394685
4246,0.047144551879
4247,0.040548381561
4248,0.023352048543
4249,0.131499967356
4250,0.018298301248
4251,0.065045699155
4252,0.038252367605
4253,0.037922095149
4254,0.134314091267
4255,0.051146353668
4256,0.078413351826
4257,0.015548924812
4258,0.071001485230
4259,0.160516204286
4260,0.343837345415
4261,0.437465849595
4262,0.033573583693
4263,0.015347775647
4264,0.018590192213
4265,0.020596987152
4266,0.029273632171
4267,0.087464309037
4268,0.021979411261
4269,0.074553595214
4270,0.101937739355
4271,0.023112730767
4272,0.032553757576
4273,0.021897257709
4274,0.028518983569
4275,0.023283195301
4276,0.086859606738
4277,0.101408709014
4278,0.296395232557
4279,0.021824445026
4280,0.026368317204
4281,0.063532805802
4282,0.062448469969
4283,0.096767029611
4284,0.293802376238
4285,0.040521024668
4286,0.019504872103
4287,0.097328187244
4288,0.029166987560
4289,0.022523141085
4290,0.086314419849
4291,0.105204438200
4292,0.040350622844
4293,0.015230902988
4294,0.021529699403
4295,0.018245659253
4296,0.248063342942
4297,0.031121474880
4298,0.151167989619
4299,0.074799050578
4300,0.054784788938
4301,0.023366657462
4302,0.037968096665
4303,0.078490260586
4304,0.271707977251
4305,0.036773488589
4306,0.018213677855
4307,0.020322809592
4308,0.056643771131
4309,0.059593344216
4310,0.215194768508
4311,0.079462992936
4312,0.235068034975
4313,0.110353628572
4314,0.031279995846
4315,0.043918777978
4316,0.041707985070
4317,0.034333231746
4318,0.239149409001
4319,0.018178438186
4320,0.112225322457
4321,0.027805754555
4322,0.122950402205
4323,0.050888893706
4324,0.018611534654
4325,0.271459767934
4326,0.362337331720
4327,0.150916932046
4328,0.032907916300
4329,0.062792390498
4330,0.032494602657
4331,0.031606555669
4332,0.075968204892
4333,0.064254249444
4334,0.062009912185
4335,0.676678080091
4336,0.078706004232
4337,0.073125857221
4338,0.074523228106
4339,0.033929088415
4340,0.125316832592
4341,0.413910763222
4342,0.065204906346
4343,0.104862351070
4344,0.032389147803
4345,0.025324046648
4346,0.015291417396
4347,0.024811704844
4348,0.099751721170
4349,0.025614018652
4350,0.022544785763
4351,0.058712982427
4352,0.039528175602
4353,0.024461649268
4354,0.043414798206
4355,0.018449571880
4356,0.109919313637
4357,0.033435968330
4358,0.040347927827
4359,0.085786500560
4360,0.085380232466
4361,0.025989963009
4362,0.057611156459
4363,0.504083960578
4364,0.059710709214
4365,0.091343157398
4366,0.038987490716
4367,0.040792802692
4368,0.042964227352
4369,0.054413209553
4370,0.024661287753
4371,0.348985445700
4372,0.038420045718
4373,0.011566133390
4374,0.023796711141
4375,0.055896340530
4376,0.086334059935
4377,0.018716472046
4378,0.112987131108
4379,0.052985788489
4380,0.025831466271
4381,0.014346194841
4382,0.044096731401
4383,0.349957186314
4384,0.028278500089
4385,0.028031918312
4386,0.012914969181
4387,0.024227214728
4388,0.044406678361
4389,0.013221697093
4390,0.051550022158
4391,0.127500884409
4392,0.077229126337
4393,0.017733060347
4394,0.026413752162
4395,0.020382385315
4396,0.087372569617
4397,0.133824843039
4398,0.081159017281
4399,0.090866218611
4400,0.073010286802
4401,0.023026523270
4402,0.048201843435
4403,0.025025137293
4404,0.087214755242
4405,0.186877294578
4406,0.106241342487
4407,0.015824547142
4408,0.013773965269
4409,0.031571305238
4410,0.025245028007
4411,0.026014984195
4412,0.027830866831
4413,0.013765505135
4414,0.013656004152
4415,0.015841944624
4416,0.022586959232
4417,0.028226235261
4418,0.066638820825
4419,0.053825717093
4420,0.129849057594
4421,0.105689735812
4422,0.153096318406
4423,0.011627465330
4424,0.026915986673
4425,0.015805173649
4426,0.021421284347
4427,0.029730186164
4428,0.024638019980
4429,0.016785923058
4430,0.017664307176
4431,0.013824765236
4432,0.069332997982
4433,0.038888836011
4434,0.054024037626
4435,0.017012913416
4436,0.016108472652
4437,0.017071243172
4438,0.077975605011
4439,0.033789065543
4440,0.041539791572
4441,0.012634696440
4442,0.018145948318
4443,0.030203248674
4444,0.023046682684
4445,0.104080365135
4446,0.016769714779
4447,0.018568974916
4448,0.132452058948
4449,0.053377885920
4450,0.052104571846
4451,0.064348715868
4452,0.073419761867
4453,0.019008075856
4454,0.014167368917
4455,0.013133080018
4456,0.062856033723
4457,0.017765068009
4458,0.062361179821
4459,0.014869140016
4460,0.115379993580
4461,0.021759507363
4462,0.034328912574
4463,0.027909944875
4464,0.015208327608
4465,0.018666410123
4466,0.032227910460
4467,0.016002356828
4468,0.019163580428
4469,0.032339578684
4470,0.052361954436
4471,0.029729984494
4472,0.126696116922
4473,0.021466773894
4474,0.029378149583
4475,0.012413430582
4476,0.022832065417
4477,0.053115955221
4478,0.022347575945
4479,0.015194103923
4480,0.027501396211
4481,0.020735804381
4482,0.014282085102
4483,0.015485113571
4484,0.021666045208
4485,0.045052103413
4486,0.066392204927
4487,0.118673482463
4488,0.019650821452
4489,0.081890736834
4490,0.020251055146
4491,0.023838226760
4492,0.039166557836
4493,0.031451645004
4494,0.028819752582
4495,0.035742306833
4496,0.063654848431
4497,0.018334997842
4498,0.044570011006
4499,0.047216382302
4500,0.046143731560
4501,0.098321432973
4502,0.066269812013
4503,0.052536877348
4504,0.032366733428
4505,0.078116867556
4506,0.056814134443
4507,0.240667609169
4508,0.316008881712
4509,0.032816934006
4510,0.058431749786
4511,0.258017452406
4512,0.043644756871
4513,0.164350294012
4514,0.055512581904
4515,0.123804022654
4516,0.066066730805
4517,0.044500722169
4518,0.015928878779
4519,0.017785699375
4520,0.233346434459
4521,0.066489347423
4522,0.588464219337
4523,0.098061895056
4524,0.112816069691
4525,0.038952812036
4526,0.023320837209
4527,0.033464323157
4528,0.030687218338
4529,0.019000440145
4530,0.019463416741
4531,0.202497748726
4532,0.093383069819
4533,0.472438171217
4534,0.461891751501
4535,0.041330731305
4536,0.033406580429
4537,0.128658730036
4538,0.136058407307
4539,0.055085153951
4540,0.032332357215
4541,0.049286451976
4542,0.056690514632
4543,0.419382603743
4544,0.199494583216
4545,0.140983279539
4546,0.448376505944
4547,0.192732051938
4548,0.418310029871
4549,0.059843691727
4550,0.271316846476
4551,0.043351976198
4552,0.037928762867
4553,0.040339061911
4554,0.033651862593
4555,0.035692997505
4556,0.200757040171
4557,0.112740172439
4558,0.064456550563
4559,0.022845286556
4560,0.055811118373
4561,0.193856066410
4562,0.026015105044
4563,0.042297469594
4564,0.052024959326
4565,0.050464668793
4566,0.029940157281
4567,0.033981760508
4568,0.064700053415
4569,0.082234636270
4570,0.032810347302
4571,0.042776701119
4572,0.233523995899
4573,0.029503009185
4574,0.242582045433
4575,0.040282348285
4576,0.026200151027
4577,0.011994981833
4578,0.017624882443
4579,0.440068035080
4580,0.055993070655
4581,0.029674744945
4582,0.054418300952
4583,0.192160824024
4584,0.425491988202
4585,0.012426039395
4586,0.069001889386
4587,0.042323973213
4588,0.022147046241
4589,0.018812288957
4590,0.032790705526
4591,0.012752104286
4592,0.058321687452
4593,0.061396103820
4594,0.086749003814
4595,0.255916050232
4596,0.392025168068
4597,0.021043591918
4598,0.044679283174
4599,0.041079792137
4600,0.020901281856
4601,0.013970857172
4602,0.036426535623
4603,0.027845991296
4604,0.157803931538
4605,0.018985576808
4606,0.040255427068
4607,0.054144123895
4608,0.032838102302
4609,0.116142913574
4610,0.516692580900
4611,0.034515877306
4612,0.024213731804
4613,0.029989538449
4614,0.060721414499
4615,0.048245037887
4616,0.028073709765
4617,0.022932233005
4618,0.016634834718
4619,0.089153156335
4620,0.226305358242
4621,0.081728979547
4622,0.075332978257
4623,0.051405435545
4624,0.021664861795
4625,0.032415752604
4626,0.030486799396
4627,0.041234133295
4628,0.062440467058
4629,0.068628042482
4630,0.218303565181
4631,0.031426026065
4632,0.064221093037
4633,0.043872563995
4634,0.025585687774
4635,0.023890199321
4636,0.026391367344
4637,0.045858915698
4638,0.028516266509
4639,0.074472272799
4640,0.150861302819
4641,0.244902162777
4642,0.052164651438
4643,0.045886966833
4644,0.038178243930
4645,0.086522183682
4646,0.054501540924
4647,0.021891190909
4648,0.067030690680
4649,0.024904565522
4650,0.024113631567
4651,0.013009798737
4652,0.111028444011
4653,0.036160912515
4654,0.025009073998
4655,0.030317324147
4656,0.073062513830
4657,0.069352256355
4658,0.207541408230
4659,0.151568422012
4660,0.220466927945
4661,0.062411969452
4662,0.057327631706
4663,0.022359617289
4664,0.056050738255
4665,0.044449852266
4666,0.078454283525
4667,0.035225145206
4668,0.608833607538
4669,0.198913231779
4670,0.025498432766
4671,0.103470071970
4672,0.051181120744
4673,0.048632742968
4674,0.024523034673
4675,0.020206351615
4676,0.014407287122
4677,0.056434900259
4678,0.018583331275
4679,0.022851072384
4680,0.024366761333
4681,0.077351521771
4682,0.042969157268
4683,0.088621544730
4684,0.059082909243
4685,0.114442431492
4686,0.216952545239
4687,0.353806977535
4688,0.083303050065
4689,0.035484391954
4690,0.076114248733
4691,0.023044448959
4692,0.038747881733
4693,0.058938223712
4694,0.047045751940
4695,0.123083815342
4696,0.063159340349
4697,0.094886498657
4698,0.046325770194
4699,0.060357668551
4700,0.028500395892
4701,0.018623153710
4702,0.114854564099
4703,0.019879714087
4704,0.027076232687
4705,0.050886007937
4706,0.028345906832
4707,0.016422534167
4708,0.024552016365
4709,0.043806069650
4710,0.065237314304
4711,0.077279035229
4712,0.119405107672
4713,0.106326713597
4714,0.224234590813
4715,0.114235652548
4716,0.123811520429
4717,0.023309097800
4718,0.089858736798
4719,0.016646178507
4720,0.047357305825
4721,0.057963590194
4722,0.087908118837
4723,0.028432170947
4724,0.027445772962
4725,0.055725236791
4726,0.045056367287
4727,0.017706046162
4728,0.051874135815
4729,0.074110769566
4730,0.029584342811
4731,0.062870280550
4732,0.014882579096
4733,0.021917633672
4734,0.021457377781
4735,0.069362501138
4736,0.019518404546
4737,0.039631857595
4738,0.044144180565
4739,0.063694202666
4740,0.139608389196
4741,0.410512466633
4742,0.122496051250
4743,0.130427840567
4744,0.071514447662
4745,0.081876315671
4746,0.089738800779
4747,0.091865522804
4748,0.060342518090
4749,0.014602228550
4750,0.026752454512
4751,0.271718366909
4752,0.073970289351
4753,0.070490699468
4754,0.047463192551
4755,0.071676169764
4756,0.026686197790
4757,0.029500275166
4758,0.013687650833
4759,0.022285468492
4760,0.024748318253
4761,0.056934839798
4762,0.145661756468
4763,0.063391914958
4764,0.048564367901
4765,0.123118167143
4766,0.651921586944
4767,0.101984973813
4768,0.216210160968
4769,0.065794301661
4770,0.242772257921
4771,0.167228894768
4772,0.083320235322
4773,0.057686012185
4774,0.046085715076
4775,0.092555108689
4776,0.213359236623
4777,0.059402988921
4778,0.166054496906
4779,0.079480123297
4780,0.058833554497
4781,0.018026817279
4782,0.023193545815
4783,0.044100560335
4784,0.062398167552
4785,0.029421220382
4786,0.137603088821
4787,0.154150130514
4788,0.143669766529
4789,0.091775522201
4790,0.039023621808
4791,0.092692871124
4792,0.177574322637
4793,0.252116024204
4794,0.062077909417
4795,0.067760056588
4796,0.023165640511
4797,0.015057318678
4798,0.064993806402
4799,0.525302995182
4800,0.030841426829
4801,0.070457628863
4802,0.381479901999
4803,0.241861799696
4804,0.016620892450
4805,0.016908450527
4806,0.033503554074
4807,0.064340871235
4808,0.152415425792
4809,0.218536466081
4810,0.111368413994
4811,0.107882889363
4812,0.245234022551
4813,0.181308080329
4814,0.128976538041
4815,0.152348360091
4816,0.281655874836
4817,0.071686091074
4818,0.049714320016
4819,0.090942440900
4820,0.060048011926
4821,0.261135877961
4822,0.799132278114
4823,0.011806900902
4824,0.078725818077
4825,0.377560415068
4826,0.019077827735
4827,0.041175887008
4828,0.258053228597
4829,0.023472099578
4830,0.013663547745
4831,0.045604074114
4832,0.081119784173
4833,0.030752691438
4834,0.048667071519
4835,0.282810585939
4836,0.075566746296
4837,0.092041829081
4838,0.191618823888
4839,0.160607604449
4840,0.173035054774
4841,0.368477531325
4842,0.254162815435
4843,0.177430519406
4844,0.220796314418
4845,0.140089893827
4846,0.748554727908
4847,0.364106207567
4848,0.294064237626
4849,0.013401897001
4850,0.028722305160
4851,0.099690183064
4852,0.074354399941
4853,0.011218952151
4854,0.015768541773
4855,0.013770291427
4856,0.058419124972
4857,0.017660847117
4858,0.025500908091
4859,0.089725029230
4860,0.129008548628
4861,0.101156483621
4862,0.117942071722
4863,0.086694375546
4864,0.225136221822
4865,0.123214755316
4866,0.023802339874
4867,0.127532294312
4868,0.164663593228
4869,0.028194300394
4870,0.083720307606
4871,0.802196028339
4872,0.842680635633
4873,0.516667220707
4874,0.012225073525
4875,0.028613020261
4876,0.046397645552
4877,0.284543092537
4878,0.072837375473
4879,0.041032865089
4880,0.014030989728
4881,0.060862118603
4882,0.067769798098
4883,0.067201365241
4884,0.021076359652
4885,0.268617623921
4886,0.023397603512
4887,0.052785332014
4888,0.118723475101
4889,0.103689067880
4890,0.064452906247
4891,0.065013957072
4892,0.125433956263
4893,0.214754401862
4894,0.038707381058
4895,0.109060348507
4896,0.083328694071
4897,0.125709067198
4898,0.848089263914
4899,0.822670037640
4900,0.539870533332
4901,0.022638614128
4902,0.103690941223
4903,0.019114664880
4904,0.014673557717
4905,0.149762181480
4906,0.061197386255
4907,0.246003220544
4908,0.050054042128
4909,0.055899869680
4910,0.025530525708
4911,0.065424955731
4912,0.134114731012
4913,0.170771036501
4914,0.098658562107
4915,0.482877386258
4916,0.287759758212
4917,0.160909114536
4918,0.154922220623
4919,0.099169704236
4920,0.060281151738
4921,0.132667101833
4922,0.052119163089
4923,0.043131647127
4924,0.121249722365
4925,0.103857057865
4926,0.048180402279
4927,0.093893355613
4928,0.029846506086
4929,0.793812337519
4930,0.972282281988
4931,0.865393047323
4932,0.054696597485
4933,0.041747388915
4934,0.224824261093
4935,0.164849335801
4936,0.027456462738
4937,0.023213781317
4938,0.021832304177
4939,0.061741488309
4940,0.103051073196
4941,0.072406307091
4942,0.389038625079
4943,0.646274738238
4944,0.082420287913
4945,0.112129570182
4946,0.143876631496
4947,0.181323517871
4948,0.074031713743
4949,0.234160103867
4950,0.217449283350
4951,0.029029315540
4952,0.069839122953
4953,0.086198804947
4954,0.104546262817
4955,0.057365749924
4956,0.026137963022
4957,0.375060142861
4958,0.383968141311
4959,0.229385278570
4960,0.081911947303
4961,0.032765490506
4962,0.159218198658
4963,0.016954364404
4964,0.080422436026
4965,0.198124346541
4966,0.032211889765
4967,0.035046992257
4968,0.041855422029
4969,0.018481146891
4970,0.024269356046
4971,0.064603610229
4972,0.049565846884
4973,0.338109128164
4974,0.650063406763
4975,0.283372881027
4976,0.272360958233
4977,0.117216152115
4978,0.184661318685
4979,0.169240125338
4980,0.480815030705
4981,0.084324526444
4982,0.030674739821
4983,0.039949137713
4984,0.028092923986
4985,0.146596697903
4986,0.227605584407
4987,0.072733008925
4988,0.211511223029
4989,0.272561143483
4990,0.183877987667
4991,0.967115623016
4992,0.097551962729
4993,0.027630522524
4994,0.121833215858
4995,0.144405420905
4996,0.028601896529
4997,0.059423540545
4998,0.191133462393
4999,0.079172369693
5000,0.040955193621
5001,0.051924487555
5002,0.063547458391
5003,0.155094079423
5004,0.411246068023
5005,0.274790957628
5006,0.573379965518
5007,0.284741428415
5008,0.165625984597
5009,0.159774363832
5010,0.257551917353
5011,0.024851435754
5012,0.121332135102
5013,0.077714750897
5014,0.057789968522
5015,0.301927907563
5016,0.248851191120
5017,0.055069231413
5018,0.557758241644
5019,0.262007951403
5020,0.064262639877
5021,0.116631684908
5022,0.088516119165
5023,0.052153266086
5024,0.015576963540
5025,0.020798764566
5026,0.033519483934
5027,0.060829284692
5028,0.095022343171
5029,0.122808231738
5030,0.130375402067
5031,0.294178577292
5032,0.736044445657
5033,0.453554153134
5034,0.287444487267
5035,0.619877170310
5036,0.115003816522
5037,0.019932536043
5038,0.048103901933
5039,0.051624010137
5040,0.217812968995
5041,0.171354610260
5042,0.060279645130
5043,0.026882305174
5044,0.070105756956
5045,0.148322450852
5046,0.024127837714
5047,0.036563643977
5048,0.118441739700
5049,0.022652237145
5050,0.036571219453
5051,0.025149666006
5052,0.015881428674
5053,0.036914611948
5054,0.088889538796
5055,0.059509185518
5056,0.082833767609
5057,0.248959322158
5058,0.191909924428
5059,0.345293663047
5060,0.812706545295
5061,0.641131680565
5062,0.371120563055
5063,0.069146890632
5064,0.014580529161
5065,0.027209427753
5066,0.016910559789
5067,0.057906978824
5068,0.122211323975
5069,0.016628716238
5070,0.035137250664
5071,0.650354624425
5072,0.060885241142
5073,0.022984172502
5074,0.074513489241
5075,0.052704462859
5076,0.086896617972
5077,0.047971168086
5078,0.060084950082
5079,0.023468895271
5080,0.020346887576
5081,0.015965817515
5082,0.034921839614
5083,0.092804211303
5084,0.113689612549
5085,0.570581832533
5086,0.355642091672
5087,0.155254046069
5088,0.816793456168
5089,0.369969644825
5090,0.470279315227
5091,0.123824349683
5092,0.025419044919
5093,0.029084490395
5094,0.052823518616
5095,0.053507442642
5096,0.068187916455
5097,0.488987842515
5098,0.212672265937
5099,0.267056414348
5100,0.047777866353
5101,0.095904262975
5102,0.136523499122
5103,0.125542415520
5104,0.166083507340
5105,0.032459747296
5106,0.029901515860
5107,0.010833242458
5108,0.047904072468
5109,0.157105311179
5110,0.627116654494
5111,0.338451585442
5112,0.541040358548
5113,0.224830660130
5114,0.279308751971
5115,0.152096238896
5116,0.087429200000
5117,0.025845426600
5118,0.016366331177
5119,0.031668207505
5120,0.070679618396
5121,0.034414180124
5122,0.114970230684
5123,0.169011873645
5124,0.045709588913
5125,0.191219429316
5126,0.028708566281
5127,0.070893165489
5128,0.317595464663
5129,0.057681786369
5130,0.014271736330
5131,0.021651975983
5132,0.106794816992
5133,0.152416272900
5134,0.043614993173
5135,0.221505478829
5136,0.182850396987
5137,0.084075571944
5138,0.091881408604
5139,0.026262187898
5140,0.084653788338
5141,0.097253773255
5142,0.074011743661
5143,0.099920010554
5144,0.123756129692
5145,0.048603169628
5146,0.041027423985
5147,0.018995416574
5148,0.213590660962
5149,0.018156878213
5150,0.018986976378
5151,0.077495142524
5152,0.047583417346
5153,0.040691015611
5154,0.128792456450
5155,0.052060920371
5156,0.078221602124
5157,0.016334404275
5158,0.071321153316
5159,0.160759858030
5160,0.350275282667
5161,0.434809614605
5162,0.044920598396
5163,0.029372601140
5164,0.089759932406
5165,0.069639256277
5166,0.103147295498
5167,0.019128382780
5168,0.034682434989
5169,0.021683770660
5170,0.027086519258
5171,0.021571617924
5172,0.019395331507
5173,0.082464490398
5174,0.102495426062
5175,0.360076326414
5176,0.019225537698
5177,0.025889589074
5178,0.060523749409
5179,0.063971044017
5180,0.092279630120
5181,0.368983341805
5182,0.045607151787
5183,0.014427073979
5184,0.097625106018
5185,0.029732351627
5186,0.022694306701
5187,0.084275921404
5188,0.101233656747
5189,0.037173363772
5190,0.020444460801
5191,0.186849257726
5192,0.026300766081
5193,0.017116386367
5194,0.030726017080
5195,0.158459227842
5196,0.077789363821
5197,0.052362289310
5198,0.024042449836
5199,0.038607601885
5200,0.077782434887
5201,0.276595340645
5202,0.038923461453
5203,0.017910842689
5204,0.019706970016
5205,0.055409393626
5206,0.061882055865
5207,0.210009841948
5208,0.077311183834
5209,0.168970615144
5210,0.100339954547
5211,0.030876067405
5212,0.043054470217
5213,0.044536571924
5214,0.035906637517
5215,0.173714816730
5216,0.018837916197
5217,0.022058413816
5218,0.128791584744
5219,0.028046531463
5220,0.126008519942
5221,0.053282361227
5222,0.020339736154
5223,0.022058672597
5224,0.273982368744
5225,0.574954278749
5226,0.150169135992
5227,0.052501895327
5228,0.018493550682
5229,0.062892095765
5230,0.029728843685
5231,0.029789462040
5232,0.082590352626
5233,0.065885395573
5234,0.061594413771
5235,0.699175771586
5236,0.026672910643
5237,0.079314730287
5238,0.021052064223
5239,0.069965409352
5240,0.070931510402
5241,0.023350026059
5242,0.033004167538
5243,0.110261984693
5244,0.424496285254
5245,0.071397609985
5246,0.106428665422
5247,0.026620193982
5248,0.030696320661
5249,0.025363009313
5250,0.092639634794
5251,0.026158945010
5252,0.023179417892
5253,0.055634914897
5254,0.045392158480
5255,0.024996301216
5256,0.023599065553
5257,0.050259873595
5258,0.018672728249
5259,0.117115327137
5260,0.030554176670
5261,0.021352339981
5262,0.044587429523
5263,0.082107348563
5264,0.084271452285
5265,0.026533092777
5266,0.060561229353
5267,0.535719203485
5268,0.062146020358
5269,0.087961912599
5270,0.043976640240
5271,0.052314543038
5272,0.025574549783
5273,0.354675091076
5274,0.040881353126
5275,0.021742873824
5276,0.055868297897
5277,0.101534698048
5278,0.019153706355
5279,0.106052177846
5280,0.047569992423
5281,0.023542891488
5282,0.044409912447
5283,0.341111455789
5284,0.028393184233
5285,0.010976918877
5286,0.023845773647
5287,0.019324989841
5288,0.048222318848
5289,0.012599436557
5290,0.047763136481
5291,0.140076134574
5292,0.075787813886
5293,0.024541366773
5294,0.019796057414
5295,0.088450596502
5296,0.112919691245
5297,0.086077608551
5298,0.085632363131
5299,0.070912917204
5300,0.025203987227
5301,0.046923010053
5302,0.025081414743
5303,0.082459678906
5304,0.253007074193
5305,0.110820109772
5306,0.013400144713
5307,0.032771601360
5308,0.024051392812
5309,0.015020541461
5310,0.027138621691
5311,0.019230931564
5312,0.028674413821
5313,0.011485292608
5314,0.013834045261
5315,0.016099583053
5316,0.023144259022
5317,0.028034372246
5318,0.066140812594
5319,0.064318372726
5320,0.126124244254
5321,0.011497337042
5322,0.013975607983
5323,0.016627466009
5324,0.114826440177
5325,0.019075844962
5326,0.158243850974
5327,0.015941786413
5328,0.019333646675
5329,0.028092299297
5330,0.014719651711
5331,0.014558414210
5332,0.021526387236
5333,0.029449661025
5334,0.029612640708
5335,0.016423971657
5336,0.017781634235
5337,0.084379371230
5338,0.025468038662
5339,0.035410602250
5340,0.060751003603
5341,0.017723811309
5342,0.017983866514
5343,0.088178700068
5344,0.032585654213
5345,0.042407189849
5346,0.030465862849
5347,0.024365625214
5348,0.096533981777
5349,0.015849601343
5350,0.017495031852
5351,0.143451854836
5352,0.059129455963
5353,0.056835796413
5354,0.066039587169
5355,0.020496478884
5356,0.087017093701
5357,0.020430636019
5358,0.013384005095
5359,0.073619706153
5360,0.017898210584
5361,0.052291974840
5362,0.121892594856
5363,0.022501571472
5364,0.033095668575
5365,0.043774708593
5366,0.027719779396
5367,0.023098182843
5368,0.019142763984
5369,0.019184118695
5370,0.016575916140
5371,0.033821072207
5372,0.016872043944
5373,0.020135628833
5374,0.034881755763
5375,0.056965327660
5376,0.028703843532
5377,0.017763425813
5378,0.017454089045
5379,0.127717601344
5380,0.021205217261
5381,0.022150858944
5382,0.023920380067
5383,0.052899778966
5384,0.023795824524
5385,0.013669429925
5386,0.029733576543
5387,0.023406214088
5388,0.020131051660
5389,0.019032519164
5390,0.023247329912
5391,0.045847210725
5392,0.079078341158
5393,0.132330426587
5394,0.018581502775
5395,0.079025051325
5396,0.021639527317
5397,0.020913237171
5398,0.016344047691
5399,0.030527411132
5400,0.060708882901
5401,0.025460824373
5402,0.037525163507
5403,0.073553292355
5404,0.018128678693
5405,0.040174883817
5406,0.049705247953
5407,0.053241229671
5408,0.107388494987
5409,0.068865232104
5410,0.066906737003
5411,0.033644288931
5412,0.078263333506
5413,0.317980403663
5414,0.328001563971
5415,0.034181076846
5416,0.061283515661
5417,0.262807259202
5418,0.040168297062
5419,0.261963404688
5420,0.052277400509
5421,0.101977727317
5422,0.064058359253
5423,0.056308041497
5424,0.015630108713
5425,0.019775745268
5426,0.017166041696
5427,0.016190735496
5428,0.236669968333
5429,0.056918404169
5430,0.605000897876
5431,0.117233187449
5432,0.062153028811
5433,0.247351993236
5434,0.034664304554
5435,0.023426465010
5436,0.024388292205
5437,0.033518630362
5438,0.028592651350
5439,0.019916408618
5440,0.209348408546
5441,0.090117903421
5442,0.467440759632
5443,0.492482490805
5444,0.033840699723
5445,0.096444096883
5446,0.135742811982
5447,0.015188043180
5448,0.011236761378
5449,0.058172351535
5450,0.031794081116
5451,0.044898414433
5452,0.052769038413
5453,0.416654923304
5454,0.091075380688
5455,0.248056184791
5456,0.489952902111
5457,0.196756454690
5458,0.020363033132
5459,0.421619965690
5460,0.057698339272
5461,0.272635812328
5462,0.044001696363
5463,0.039397556056
5464,0.038996160250
5465,0.028667669274
5466,0.067005937718
5467,0.119920432065
5468,0.030892333201
5469,0.054976008660
5470,0.355987838696
5471,0.034133488556
5472,0.026857887320
5473,0.039569886811
5474,0.047294989533
5475,0.047088314645
5476,0.030035151955
5477,0.034589123720
5478,0.066281230317
5479,0.086137622991
5480,0.035619576667
5481,0.042145966282
5482,0.222709343131
5483,0.026056878799
5484,0.241651569319
5485,0.036490788061
5486,0.027702875321
5487,0.024456365741
5488,0.017033453456
5489,0.019616095758
5490,0.445223703310
5491,0.052684601095
5492,0.189776106541
5493,0.311847029141
5494,0.013811439644
5495,0.069538045611
5496,0.042752280358
5497,0.030307889006
5498,0.017891724586
5499,0.017195623470
5500,0.035459128626
5501,0.012802949456
5502,0.074783203887
5503,0.059868811822
5504,0.093119490890
5505,0.253025862987
5506,0.278147744335
5507,0.021155182785
5508,0.044965725335
5509,0.036310739429
5510,0.015930939627
5511,0.023132530768
5512,0.033987643830
5513,0.029064426958
5514,0.254976628862
5515,0.017754802121
5516,0.038764376051
5517,0.017127962188
5518,0.055550716138
5519,0.028577693723
5520,0.225517604632
5521,0.516777996197
5522,0.033440143119
5523,0.023745803580
5524,0.029592806374
5525,0.061815665067
5526,0.046680031726
5527,0.028551340913
5528,0.022479804570
5529,0.017149302678
5530,0.098609709404
5531,0.230356353932
5532,0.085571643302
5533,0.074718427751
5534,0.049879549336
5535,0.025113471985
5536,0.031736266562
5537,0.028890330157
5538,0.037989283118
5539,0.054239068226
5540,0.067428526164
5541,0.216989438603
5542,0.031163336393
5543,0.067293597684
5544,0.044671210137
5545,0.023754379480
5546,0.021746465937
5547,0.027977462828
5548,0.043579902381
5549,0.021704980194
5550,0.029595100645
5551,0.078197100539
5552,0.151041647473
5553,0.198637666065
5554,0.048546088774
5555,0.048671163381
5556,0.037858740637
5557,0.083995762787
5558,0.052104362458
5559,0.022279996079
5560,0.063063060828
5561,0.020264684070
5562,0.013076689625
5563,0.111739072013
5564,0.036632581790
5565,0.024181848711
5566,0.028043612586
5567,0.070290116911
5568,0.067965684822
5569,0.151387864592
5570,0.162961182314
5571,0.223938081688
5572,0.062033496043
5573,0.057848715294
5574,0.023055744724
5575,0.052384133646
5576,0.047170381271
5577,0.089016433771
5578,0.040053191881
5579,0.605820933265
5580,0.105340897369
5581,0.121527935923
5582,0.048266055813
5583,0.051788300629
5584,0.023902713051
5585,0.019369956378
5586,0.014850444063
5587,0.020184927526
5588,0.050543580378
5589,0.026112846918
5590,0.020494834098
5591,0.023436502527
5592,0.025551522381
5593,0.075620473356
5594,0.043795543735
5595,0.092277380830
5596,0.059113245878
5597,0.113823544238
5598,0.217216173771
5599,0.356659216646
5600,0.083546959605
5601,0.032431558049
5602,0.073044377529
5603,0.022853298468
5604,0.032641312823
5605,0.049248304933
5606,0.049660238572
5607,0.120387258394
5608,0.067239391232
5609,0.094177573230
5610,0.045981260043
5611,0.067349323011
5612,0.031990956822
5613,0.027502858356
5614,0.116085572258
5615,0.020770616910
5616,0.028290176028
5617,0.051836480425
5618,0.026986200906
5619,0.016744788718
5620,0.023793884132
5621,0.043565024382
5622,0.061355514519
5623,0.078019883232
5624,0.116653735060
5625,0.110633310258
5626,0.215868509784
5627,0.108123994249
5628,0.117387592721
5629,0.022543114018
5630,0.097178169033
5631,0.015902886451
5632,0.044395554492
5633,0.057518503456
5634,0.087282657060
5635,0.024409286849
5636,0.028252222023
5637,0.054545974017
5638,0.047696170355
5639,0.050440598800
5640,0.073370914470
5641,0.063511480157
5642,0.014948274272
5643,0.021367466797
5644,0.025036077500
5645,0.068416384051
5646,0.039174196148
5647,0.047700107546
5648,0.063646851137
5649,0.137844895336
5650,0.421911094483
5651,0.121686523458
5652,0.137222387066
5653,0.076045229455
5654,0.206748120953
5655,0.085392239017
5656,0.089827897937
5657,0.059794622813
5658,0.017540447399
5659,0.022611709761
5660,0.272792776471
5661,0.079795001516
5662,0.075080394864
5663,0.046694558828
5664,0.072289501700
5665,0.023961001208
5666,0.030067161407
5667,0.013795743112
5668,0.020782762699
5669,0.025021316339
5670,0.057842344493
5671,0.146063627305
5672,0.063752592888
5673,0.045572702466
5674,0.130978800405
5675,0.627861866742
5676,0.101718571754
5677,0.021392540454
5678,0.216454578875
5679,0.068215828442
5680,0.238418830501
5681,0.168140720711
5682,0.080362807165
5683,0.018135598069
5684,0.068875266907
5685,0.093277825773
5686,0.151846581219
5687,0.060184766977
5688,0.157567519597
5689,0.070037117811
5690,0.060005533515
5691,0.018262727824
5692,0.024005026094
5693,0.046983917237
5694,0.063717470984
5695,0.029633027797
5696,0.140076206541
5697,0.155859071398
5698,0.141846218526
5699,0.092264607378
5700,0.038249613091
5701,0.098528979169
5702,0.186190344592
5703,0.255016855842
5704,0.064462960460
5705,0.072702772727
5706,0.025194564142
5707,0.065658439092
5708,0.520298472319
5709,0.028685206245
5710,0.077828988094
5711,0.367614863524
5712,0.244187760289
5713,0.016256859206
5714,0.018051727676
5715,0.033247135753
5716,0.063096829883
5717,0.148860101078
5718,0.217197973670
5719,0.111845225467
5720,0.108728216962
5721,0.252975043925
5722,0.161405985163
5723,0.132778567448
5724,0.160931559540
5725,0.283961090743
5726,0.069634666484
5727,0.045150754488
5728,0.094707251324
5729,0.058943501470
5730,0.267360269952
5731,0.824034451363
5732,0.011183355416
5733,0.085936897833
5734,0.349096339019
5735,0.018413427979
5736,0.043675161527
5737,0.258189048902
5738,0.021339902018
5739,0.047561160279
5740,0.082562635986
5741,0.032385542404
5742,0.035882845022
5743,0.015937027219
5744,0.294671136116
5745,0.070209436344
5746,0.097823756199
5747,0.186265461328
5748,0.160537062202
5749,0.188916192465
5750,0.362622929743
5751,0.253895884074
5752,0.038079106037
5753,0.261759529525
5754,0.313190300638
5755,0.221439930620
5756,0.758064436460
5757,0.359870704647
5758,0.395756768385
5759,0.032376922769
5760,0.102982014364
5761,0.078870351079
5762,0.024732881577
5763,0.011306370469
5764,0.016368580707
5765,0.020801258763
5766,0.014344537406
5767,0.057147157686
5768,0.012807020373
5769,0.017677178502
5770,0.025597422546
5771,0.089875250470
5772,0.128963768094
5773,0.095337699598
5774,0.109612553875
5775,0.090564508384
5776,0.230632942196
5777,0.122450741862
5778,0.023667552195
5779,0.120637480076
5780,0.231981914695
5781,0.202985154553
5782,0.809813773455
5783,0.864638170226
5784,0.534387820850
5785,0.012163068174
5786,0.025651120643
5787,0.020467166507
5788,0.045656672016
5789,0.292417284976
5790,0.071929721983
5791,0.041482739445
5792,0.014147167266
5793,0.065105078417
5794,0.070043168321
5795,0.064687820503
5796,0.020893993251
5797,0.274755150760
5798,0.023481251221
5799,0.058099384637
5800,0.118023791789
5801,0.099397174099
5802,0.059569944098
5803,0.067368858403
5804,0.130233900569
5805,0.127849690743
5806,0.036151362893
5807,0.095913455745
5808,0.102255050165
5809,0.128913835163
5810,0.842075192712
5811,0.825643284435
5812,0.531633270347
5813,0.024158423542
5814,0.204198416272
5815,0.020546708979
5816,0.153884408264
5817,0.072925241155
5818,0.239005549172
5819,0.067976490060
5820,0.026411793974
5821,0.063548637255
5822,0.130858911031
5823,0.226902306177
5824,0.099422706750
5825,0.501664392219
5826,0.295921142262
5827,0.157821023778
5828,0.157682659652
5829,0.100312012874
5830,0.062827352938
5831,0.135031604278
5832,0.051293373844
5833,0.047478591400
5834,0.123286975434
5835,0.106631384676
5836,0.051417361321
5837,0.095832277506
5838,0.026165616620
5839,0.792240391025
5840,0.972365486440
5841,0.860891715874
5842,0.052764760711
5843,0.038726348270
5844,0.327152504073
5845,0.183864446300
5846,0.028361536465
5847,0.021116978509
5848,0.021989826310
5849,0.062414781012
5850,0.096285246288
5851,0.071991666539
5852,0.446168220718
5853,0.652017706914
5854,0.087293217978
5855,0.114185185978
5856,0.145846724421
5857,0.177436926009
5858,0.071044245641
5859,0.233593653173
5860,0.104979609417
5861,0.027515814559
5862,0.066658476982
5863,0.091459969538
5864,0.097051205886
5865,0.056471835912
5866,0.384379191196
5867,0.375010836598
5868,0.233248839508
5869,0.088667765646
5870,0.037188898215
5871,0.158116663766
5872,0.080198626871
5873,0.193610020910
5874,0.029460996855
5875,0.037645951446
5876,0.037424663105
5877,0.018821130652
5878,0.024181008062
5879,0.061182739017
5880,0.047943647312
5881,0.258928852548
5882,0.643131667789
5883,0.439406255290
5884,0.276816459858
5885,0.120048978197
5886,0.172180284837
5887,0.228638954134
5888,0.531937605201
5889,0.205862217336
5890,0.032813243331
5891,0.044210279731
5892,0.028086895685
5893,0.148258239212
5894,0.224213470862
5895,0.077778849715
5896,0.197546796562
5897,0.278140876963
5898,0.195361666739
5899,0.967127415368
5900,0.091102776994
5901,0.026559134564
5902,0.124571033850
5903,0.142741478879
5904,0.030609366827
5905,0.063514733354
5906,0.191705381462
5907,0.072966209378
5908,0.046659169798
5909,0.054283309715
5910,0.062483987923
5911,0.159319278136
5912,0.404157056723
5913,0.279454261020
5914,0.569346184071
5915,0.371979983840
5916,0.171413531904
5917,0.163582250223
5918,0.251872080535
5919,0.123798643146
5920,0.077184094287
5921,0.063335616352
5922,0.415106868688
5923,0.346414593092
5924,0.052227528207
5925,0.549380305895
5926,0.345258311880
5927,0.067837473692
5928,0.123612318790
5929,0.085625874762
5930,0.050880193757
5931,0.014973560340
5932,0.019052954297
5933,0.035563793087
5934,0.058764664599
5935,0.099818052913
5936,0.121197335042
5937,0.132551543104
5938,0.299586378145
5939,0.745687378162
5940,0.496941941562
5941,0.382091562908
5942,0.550334426457
5943,0.107312673666
5944,0.047576547683
5945,0.059176109059
5946,0.116459899577
5947,0.242265804010
5948,0.066529278833
5949,0.026998849920
5950,0.016110679655
5951,0.071602597929
5952,0.154489500186
5953,0.028415053913
5954,0.039625344915
5955,0.112131629928
5956,0.021177181704
5957,0.035682726280
5958,0.025607707906
5959,0.015364927870
5960,0.037341736147
5961,0.088966183644
5962,0.063170522363
5963,0.082801827949
5964,0.253476934968
5965,0.273147715896
5966,0.346976304424
5967,0.798392590923
5968,0.644703672898
5969,0.292563265185
5970,0.083186847751
5971,0.014145348469
5972,0.028016227859
5973,0.018604174698
5974,0.056607861430
5975,0.115717605111
5976,0.016363823164
5977,0.034874332317
5978,0.612434905810
5979,0.202482605864
5980,0.022901908556
5981,0.071347932088
5982,0.052133504216
5983,0.098765115554
5984,0.048497401456
5985,0.064241627865
5986,0.023370465257
5987,0.048393495079
5988,0.021241515923
5989,0.017104686624
5990,0.034609174271
5991,0.097416601125
5992,0.114708948931
5993,0.564406681053
5994,0.367111780332
5995,0.157663116741
5996,0.823737313697
5997,0.368027093682
5998,0.460235333920
5999,0.219622734156
6000,0.041962644729
6001,0.026071116898
6002,0.029407323993
6003,0.052465849593
6004,0.053170705847
6005,0.032680655519
6006,0.069352760377
6007,0.481369086251
6008,0.215982804577
6009,0.261300828690
6010,0.048234545026
6011,0.090144504695
6012,0.134095395229
6013,0.119716590736
6014,0.164914687184
6015,0.033639421147
6016,0.029449429196
6017,0.046970768944
6018,0.157624327003
6019,0.594267693733
6020,0.355006872832
6021,0.485539018995
6022,0.163554182679
6023,0.285807336218
6024,0.153257076901
6025,0.089951338441
6026,0.069266350749
6027,0.033399259415
6028,0.114950501601
6029,0.169495223811
6030,0.038291755729
6031,0.265765890964
6032,0.035033577107
6033,0.066629057361
6034,0.240556584448
6035,0.064025955788
6036,0.023231425556
6037,0.110091712126
6038,0.150386603231
6039,0.047320456325
6040,0.012829916250
6041,0.221070323129
6042,0.173406291160
6043,0.081692029143
6044,0.090470986902
6045,0.024815113392
6046,0.081486478870
6047,0.091870029952
6048,0.069912894447
6049,0.112095457204
6050,0.112822705922
6051,0.052744735127
6052,0.040018920624
6053,0.023046498372
6054,0.314562000206
6055,0.018212036085
6056,0.019064834592
6057,0.082913264340
6058,0.048260072777
6059,0.041075611061
6060,0.125173172589
6061,0.055198702871
6062,0.078112461567
6063,0.016926097435
6064,0.066126025254
6065,0.158764032403
6066,0.360086220947
6067,0.432817451153
6068,0.045116019103
6069,0.019960421635
6070,0.030281847348
6071,0.083228798102
6072,0.021227172581
6073,0.069812199202
6074,0.111878825654
6075,0.022508959967
6076,0.036103225230
6077,0.021387079598
6078,0.029281285619
6079,0.021283732033
6080,0.085802939125
6081,0.102796465417
6082,0.361228457275
6083,0.020777170495
6084,0.025319618821
6085,0.060783128118
6086,0.065824196432
6087,0.102899249151
6088,0.373810415904
6089,0.041522966711
6090,0.095379036770
6091,0.028382925657
6092,0.023928704307
6093,0.075095129637
6094,0.120871072064
6095,0.042654588370
6096,0.023000992489
6097,0.016511831628
6098,0.254889529637
6099,0.025342263283
6100,0.017335454964
6101,0.031649272271
6102,0.136955118879
6103,0.071206590075
6104,0.053337672396
6105,0.023705284663
6106,0.038715601469
6107,0.075714317073
6108,0.333416118992
6109,0.036422863166
6110,0.011423586902
6111,0.015283973977
6112,0.020731512844
6113,0.056081237319
6114,0.060718982069
6115,0.220842530642
6116,0.072564001981
6117,0.234416219365
6118,0.100788863477
6119,0.033403750917
6120,0.045339890794
6121,0.039835688883
6122,0.033522858985
6123,0.227528363940
6124,0.133777685941
6125,0.027455484761
6126,0.126390365945
6127,0.054955330937
6128,0.017236472220
6129,0.020065742004
6130,0.274509058534
6131,0.508565235190
6132,0.147548922442
6133,0.048424851657
6134,0.066883698111
6135,0.028788272451
6136,0.030516905121
6137,0.083751806283
6138,0.074578588916
6139,0.072634868122
6140,0.731950999898
6141,0.076818833349
6142,0.020010583770
6143,0.073370579371
6144,0.064813756090
6145,0.021396235289
6146,0.033805342499
6147,0.129146256892
6148,0.416951233147
6149,0.075939868817
6150,0.102028439678
6151,0.023941010285
6152,0.017020631806
6153,0.025845953817
6154,0.099958279646
6155,0.025554785334
6156,0.021878142991
6157,0.057185415317
6158,0.041681437855
6159,0.023342074931
6160,0.025899683091
6161,0.049764489977
6162,0.018622886417
6163,0.114259506839
6164,0.030651250649
6165,0.029399458567
6166,0.027047489809
6167,0.042548792235
6168,0.082798105121
6169,0.086853829675
6170,0.029141948744
6171,0.061448745653
6172,0.501889799928
6173,0.059450323402
6174,0.086741237822
6175,0.049981835230
6176,0.051517114868
6177,0.025664542412
6178,0.348828986007
6179,0.039153350491
6180,0.017154594309
6181,0.014893431211
6182,0.014730274634
6183,0.053400237426
6184,0.099993531731
6185,0.021217322987
6186,0.015494464663
6187,0.108382398306
6188,0.048610134518
6189,0.042751050984
6190,0.355402817859
6191,0.036236398096
6192,0.031215129774
6193,0.023489561613
6194,0.018391176326
6195,0.054332630761
6196,0.011754403650
6197,0.048323440378
6198,0.141746219586
6199,0.074728805345
6200,0.025812722485
6201,0.022006743892
6202,0.080915421016
6203,0.127156361684
6204,0.085778620515
6205,0.084040682396
6206,0.082398153166
6207,0.025593178776
6208,0.050984857357
6209,0.022403332562
6210,0.089113486997
6211,0.256299655120
6212,0.117996156323
6213,0.033750636477
6214,0.023978929313
6215,0.016425926320
6216,0.028102730002
6217,0.020371013104
6218,0.029152816020
6219,0.012539797138
6220,0.019372928705
6221,0.014080494676
6222,0.023408037240
6223,0.026074645226
6224,0.067628195227
6225,0.063414603242
6226,0.134842165914
6227,0.011504822561
6228,0.013677136986
6229,0.107237461345
6230,0.015975794692
6231,0.152592242353
6232,0.016965552469
6233,0.027876377323
6234,0.015700766387
6235,0.014461563079
6236,0.024075828995
6237,0.030080520448
6238,0.024941774395
6239,0.029120627843
6240,0.017882370817
6241,0.081597770064
6242,0.023648119339
6243,0.040593584605
6244,0.016557825391
6245,0.056803430674
6246,0.018245490396
6247,0.016020142974
6248,0.017530161907
6249,0.089161214577
6250,0.033314658444
6251,0.041781821417
6252,0.013285515500
6253,0.011690481593
6254,0.018266789486
6255,0.031807818291
6256,0.013666305738
6257,0.017334647803
6258,0.023282895337
6259,0.100206852704
6260,0.021911937348
6261,0.019762658052
6262,0.158485522807
6263,0.052104822864
6264,0.055429341330
6265,0.058914664819
6266,0.020444969778
6267,0.084064977592
6268,0.021820903063
6269,0.014033148884
6270,0.080338363309
6271,0.018770880867
6272,0.065190274046
6273,0.118620688799
6274,0.022405483361
6275,0.017917053974
6276,0.032875693538
6277,0.032024895013
6278,0.029232622873
6279,0.021720586250
6280,0.016227529347
6281,0.015929115361
6282,0.019083877846
6283,0.019416334227
6284,0.014908640212
6285,0.016467596661
6286,0.033378768141
6287,0.015328499057
6288,0.034785321540
6289,0.064426205201
6290,0.149124215152
6291,0.030699270803
6292,0.029276923405
6293,0.026047632474
6294,0.059377969437
6295,0.025181628539
6296,0.014540822286
6297,0.028151106873
6298,0.025519397100
6299,0.021967918400
6300,0.013595022915
6301,0.015284406833
6302,0.045784488725
6303,0.090403899254
6304,0.131345017568
6305,0.018657440581
6306,0.078877957296
6307,0.017563335865
6308,0.029388012862
6309,0.068051947529
6310,0.036820765608
6311,0.064745940727
6312,0.017619723424
6313,0.045516549094
6314,0.054372229104
6315,0.045162570412
6316,0.052676535608
6317,0.102155436831
6318,0.061144536912
6319,0.015299158974
6320,0.089581114650
6321,0.033186006386
6322,0.079509808211
6323,0.058813880417
6324,0.312769720173
6325,0.333727004076
6326,0.059026370283
6327,0.351320716475
6328,0.054393928441
6329,0.279785981032
6330,0.217503389649
6331,0.120576254755
6332,0.059587527966
6333,0.068032410551
6334,0.016467425009
6335,0.025026698157
6336,0.016377049221
6337,0.241067783736
6338,0.065019391452
6339,0.683458946648
6340,0.137457070569
6341,0.139710866121
6342,0.038845092288
6343,0.023737691878
6344,0.024547089787
6345,0.036907988187
6346,0.019578956988
6347,0.048656908204
6348,0.099570516036
6349,0.127021222343
6350,0.519485757410
6351,0.504196161451
6352,0.050635151543
6353,0.047549821010
6354,0.117416832235
6355,0.134433422722
6356,0.016284391111
6357,0.012330337894
6358,0.025271632752
6359,0.057261751312
6360,0.030061764640
6361,0.044263364066
6362,0.070371156366
6363,0.031083442261
6364,0.427245091518
6365,0.096515596464
6366,0.251736107725
6367,0.544672337219
6368,0.093498179568
6369,0.017969220706
6370,0.447953595908
6371,0.022363345199
6372,0.063726072350
6373,0.270422178273
6374,0.048443890602
6375,0.044700754551
6376,0.043867603327
6377,0.037881206236
6378,0.038195764529
6379,0.210368666261
6380,0.114841253759
6381,0.039765137360
6382,0.047039958372
6383,0.355822830416
6384,0.039920519823
6385,0.028537719636
6386,0.051955420166
6387,0.045101852923
6388,0.057416993752
6389,0.026141174565
6390,0.069945905614
6391,0.095638702118
6392,0.033650824582
6393,0.048611337737
6394,0.124813411020
6395,0.332525286085
6396,0.044063831012
6397,0.028970169678
6398,0.017736444233
6399,0.015753245917
6400,0.017122569642
6401,0.030564206333
6402,0.455564760405
6403,0.091697809566
6404,0.060004640517
6405,0.273700808834
6406,0.422399168968
6407,0.071226117681
6408,0.042340098384
6409,0.029705079069
6410,0.016586667139
6411,0.012865606588
6412,0.034571419504
6413,0.017521891875
6414,0.082047105896
6415,0.057338617129
6416,0.082941713930
6417,0.337029687669
6418,0.395013673504
6419,0.019906409790
6420,0.305871916541
6421,0.041551165809
6422,0.015936427196
6423,0.033878795840
6424,0.028093700298
6425,0.256067894989
6426,0.018258095896
6427,0.038556347551
6428,0.017040854192
6429,0.037485711949
6430,0.031833260192
6431,0.125061866373
6432,0.531860309366
6433,0.015700317332
6434,0.045399672889
6435,0.040710670990
6436,0.057657197884
6437,0.051455523617
6438,0.023403875639
6439,0.017021780724
6440,0.088174606568
6441,0.152459469721
6442,0.085518365704
6443,0.062617932089
6444,0.051888517577
6445,0.024588047802
6446,0.035145701930
6447,0.029937230894
6448,0.038315296282
6449,0.066817718395
6450,0.067888786433
6451,0.214414540571
6452,0.029943294276
6453,0.068720099975
6454,0.039543358616
6455,0.024336478155
6456,0.021349513353
6457,0.028891115888
6458,0.043198011881
6459,0.017337958905
6460,0.076713216637
6461,0.021818920557
6462,0.026685031332
6463,0.074206012679
6464,0.165072963316
6465,0.188088332382
6466,0.047425445285
6467,0.049544628155
6468,0.040399684545
6469,0.092125949229
6470,0.057581085702
6471,0.020531080521
6472,0.067658941511
6473,0.026737554532
6474,0.022302865790
6475,0.023728471020
6476,0.123690620629
6477,0.035001763148
6478,0.024855004160
6479,0.029254286998
6480,0.071619809509
6481,0.070763522913
6482,0.209001060940
6483,0.222180084010
6484,0.145805433666
6485,0.059928328083
6486,0.058815765193
6487,0.023088150537
6488,0.055402613760
6489,0.049470723884
6490,0.014502197801
6491,0.015735540176
6492,0.084861483115
6493,0.044693036444
6494,0.612777267063
6495,0.122804795147
6496,0.023902843525
6497,0.016906497846
6498,0.104850794505
6499,0.038234929828
6500,0.059027148217
6501,0.023492275458
6502,0.020852828477
6503,0.015456539397
6504,0.050453666659
6505,0.019992728159
6506,0.024357008729
6507,0.026160277764
6508,0.077287329877
6509,0.044543626005
6510,0.090947537852
6511,0.061137107588
6512,0.116889877534
6513,0.217752625063
6514,0.365714622112
6515,0.085441009070
6516,0.033976879227
6517,0.073818861192
6518,0.022764493951
6519,0.038073694248
6520,0.068819113865
6521,0.058568238806
6522,0.113627356635
6523,0.055563512194
6524,0.101666568341
6525,0.048557359671
6526,0.069869670517
6527,0.030581126645
6528,0.027900083791
6529,0.023061829036
6530,0.126157644775
6531,0.018350807167
6532,0.028940560351
6533,0.053010917891
6534,0.029991878816
6535,0.016736817828
6536,0.019130180601
6537,0.043750471015
6538,0.061186891243
6539,0.080041677286
6540,0.115093770724
6541,0.105894749746
6542,0.320632879641
6543,0.120755938354
6544,0.125371309428
6545,0.023501522200
6546,0.096871674906
6547,0.016488875671
6548,0.046312308721
6549,0.056360600963
6550,0.090100944671
6551,0.024790176019
6552,0.024920031767
6553,0.051341338108
6554,0.047265807865
6555,0.054575407546
6556,0.060787438478
6557,0.037077668244
6558,0.060942959259
6559,0.016025442633
6560,0.025490188007
6561,0.068881526822
6562,0.019870096503
6563,0.042781842187
6564,0.056215984638
6565,0.062946207568
6566,0.136444174824
6567,0.431184411396
6568,0.121544406399
6569,0.129507214982
6570,0.069529441632
6571,0.084101660295
6572,0.089942821156
6573,0.086708682502
6574,0.061214740890
6575,0.017448209829
6576,0.026106381713
6577,0.287431189069
6578,0.080661027322
6579,0.079475306999
6580,0.049952144375
6581,0.072841555221
6582,0.022147015672
6583,0.025353950908
6584,0.057907178968
6585,0.145215522605
6586,0.064278048164
6587,0.046254281280
6588,0.129755552348
6589,0.645446737168
6590,0.093377970143
6591,0.022661292955
6592,0.310271023894
6593,0.065480882189
6594,0.243415897935
6595,0.254926753565
6596,0.082494184253
6597,0.058307326826
6598,0.088219635429
6599,0.163692608817
6600,0.063498495896
6601,0.148757880510
6602,0.076225478577
6603,0.012979090534
6604,0.063554600242
6605,0.018146483218
6606,0.024892245896
6607,0.047123885641
6608,0.060594543182
6609,0.031653857307
6610,0.136606849516
6611,0.152573895543
6612,0.135774323141
6613,0.087038311057
6614,0.037083650584
6615,0.098911066821
6616,0.181843265990
6617,0.259612065726
6618,0.060582741429
6619,0.014114523924
6620,0.065777935621
6621,0.025052340998
6622,0.019047604175
6623,0.068743534620
6624,0.529660173811
6625,0.031161898545
6626,0.088844749871
6627,0.371752164901
6628,0.240096445339
6629,0.020560425463
6630,0.017724822364
6631,0.019333613849
6632,0.033916495024
6633,0.061213139097
6634,0.220943414850
6635,0.224979257937
6636,0.111418595066
6637,0.108410707170
6638,0.249576684162
6639,0.171013742142
6640,0.134305093762
6641,0.162672594248
6642,0.352929311916
6643,0.070531156485
6644,0.023873577684
6645,0.050667690757
6646,0.088651653244
6647,0.058470451551
6648,0.353924658846
6649,0.858843030102
6650,0.011636751909
6651,0.085463871495
6652,0.368137883342
6653,0.017610259755
6654,0.043893500599
6655,0.254678307517
6656,0.016782464670
6657,0.047025304041
6658,0.078256556553
6659,0.031406514443
6660,0.051785533773
6661,0.416453770537
6662,0.076198858093
6663,0.096135344976
6664,0.255111926823
6665,0.162813898602
6666,0.248319425897
6667,0.351733050329
6668,0.253671644565
6669,0.183096127563
6670,0.316098438117
6671,0.224004419508
6672,0.801300106740
6673,0.372494216936
6674,0.393618996523
6675,0.016153588412
6676,0.032743470762
6677,0.113926762348
6678,0.077381698267
6679,0.023478837113
6680,0.023886846756
6681,0.014522354882
6682,0.057008781050
6683,0.012818959795
6684,0.017749011780
6685,0.026131071273
6686,0.092607192910
6687,0.128202147586
6688,0.098134369965
6689,0.105215063452
6690,0.086266848149
6691,0.220331563911
6692,0.127172161418
6693,0.022869604523
6694,0.111727490083
6695,0.174961064792
6696,0.028765189137
6697,0.198323069116
6698,0.867849301287
6699,0.899214372944
6700,0.532841516018
6701,0.012393547805
6702,0.025646468420
6703,0.025866077979
6704,0.049830326587
6705,0.287946855449
6706,0.078708121171
6707,0.018784155900
6708,0.045210078206
6709,0.014641010036
6710,0.057663998421
6711,0.065822929957
6712,0.064019709046
6713,0.023525582058
6714,0.277244939227
6715,0.027437050860
6716,0.056600085139
6717,0.125750580665
6718,0.099686607336
6719,0.066667869694
6720,0.065001217436
6721,0.137376561416
6722,0.219608792392
6723,0.013950082119
6724,0.035555325066
6725,0.098382893364
6726,0.104703097485
6727,0.209826237346
6728,0.887195983358
6729,0.829377634635
6730,0.587167845477
6731,0.025724479052
6732,0.207825172804
6733,0.021218422197
6734,0.265556711153
6735,0.074832229857
6736,0.250064592312
6737,0.055671796701
6738,0.066239973864
6739,0.026704824171
6740,0.079107806185
6741,0.124691117943
6742,0.213918877474
6743,0.104938138231
6744,0.534540473203
6745,0.298210730764
6746,0.163637696037
6747,0.162292163332
6748,0.101391413857
6749,0.065198058581
6750,0.140636491642
6751,0.055386123940
6752,0.046535058441
6753,0.115227391942
6754,0.108792197874
6755,0.047062837439
6756,0.092265025899
6757,0.027638394422
6758,0.831514055167
6759,0.972447552112
6760,0.893928257800
6761,0.073210316151
6762,0.042129393085
6763,0.222407917022
6764,0.019669359818
6765,0.173285458479
6766,0.027835606666
6767,0.014712097906
6768,0.022558719294
6769,0.022074443559
6770,0.063332315656
6771,0.109407594567
6772,0.070441768507
6773,0.382523513986
6774,0.641321336452
6775,0.086028549934
6776,0.113311533458
6777,0.144992636891
6778,0.179241508176
6779,0.069871545096
6780,0.331999055738
6781,0.111745038669
6782,0.028523509932
6783,0.065604938772
6784,0.092466872459
6785,0.109856639377
6786,0.058596342498
6787,0.028859789445
6788,0.373615292499
6789,0.376166256360
6790,0.232902104937
6791,0.080318830300
6792,0.038540924854
6793,0.154951494642
6794,0.084081520451
6795,0.269210691892
6796,0.030515099671
6797,0.040254728695
6798,0.037992841573
6799,0.022693836112
6800,0.061298659693
6801,0.048545424717
6802,0.263008106910
6803,0.654745763257
6804,0.386891589500
6805,0.273826133852
6806,0.123083929993
6807,0.177135808803
6808,0.228024176282
6809,0.567343841721
6810,0.206209025027
6811,0.032350507391
6812,0.040755382807
6813,0.028532630559
6814,0.140704067923
6815,0.152003689653
6816,0.083372522618
6817,0.279240449488
6818,0.274097853462
6819,0.177307403569
6820,0.967336634280
6821,0.202081227154
6822,0.026428259189
6823,0.206712043868
6824,0.140699736925
6825,0.027620014553
6826,0.066708550882
6827,0.200496857444
6828,0.071867254706
6829,0.046932804637
6830,0.054954194369
6831,0.066386243900
6832,0.156803463790
6833,0.411407606631
6834,0.270160715048
6835,0.554708605655
6836,0.431874413895
6837,0.164702868916
6838,0.166906797639
6839,0.254609101908
6840,0.128496477449
6841,0.075871220489
6842,0.060819985590
6843,0.416233686774
6844,0.252797144034
6845,0.050516756209
6846,0.549038547582
6847,0.339129871920
6848,0.015941614685
6849,0.066567435351
6850,0.116024935177
6851,0.081180635577
6852,0.051343045445
6853,0.015181229464
6854,0.022375740462
6855,0.039005210962
6856,0.057675769653
6857,0.093910997435
6858,0.122086141411
6859,0.123565283606
6860,0.380522265946
6861,0.752080583431
6862,0.529739086855
6863,0.377511862790
6864,0.609482260796
6865,0.103400731762
6866,0.051487800521
6867,0.057369146445
6868,0.121176131819
6869,0.169988222748
6870,0.064581189576
6871,0.028964406567
6872,0.071437366559
6873,0.151753760750
6874,0.026419728909
6875,0.031995368182
6876,0.114977495698
6877,0.017569792676
6878,0.038965210187
6879,0.026885138451
6880,0.015856351068
6881,0.037567749578
6882,0.094276960263
6883,0.059903910882
6884,0.087163400494
6885,0.246433473578
6886,0.263999687663
6887,0.350004208488
6888,0.737824344176
6889,0.618091995907
6890,0.383753555757
6891,0.086221662909
6892,0.013225723959
6893,0.033565439302
6894,0.017789123087
6895,0.059178762597
6896,0.119365249787
6897,0.021290327362
6898,0.652263964238
6899,0.199900137602
6900,0.024903886080
6901,0.074304046264
6902,0.049719166589
6903,0.089109145650
6904,0.048603446723
6905,0.064122593891
6906,0.048206501925
6907,0.020394165147
6908,0.017326094163
6909,0.036026278221
6910,0.090061334106
6911,0.116732082834
6912,0.538015322563
6913,0.374344983309
6914,0.147913007638
6915,0.833015349385
6916,0.435346061929
6917,0.466416656550
6918,0.121137399755
6919,0.038981297051
6920,0.026609414138
6921,0.028135913537
6922,0.051998815375
6923,0.057531702359
6924,0.033485003863
6925,0.062389241699
6926,0.477066107891
6927,0.218821817795
6928,0.355487870380
6929,0.047680600382
6930,0.093400205609
6931,0.131918073399
6932,0.134972058835
6933,0.150007927844
6934,0.037738618729
6935,0.030121211324
6936,0.048487279985
6937,0.226154037312
6938,0.596698861628
6939,0.350091588176
6940,0.565494581973
6941,0.229992021336
6942,0.356596369858
6943,0.163469416179
6944,0.085409688506
6945,0.021466506943
6946,0.033660357911
6947,0.069337540760
6948,0.033350220331
6949,0.117981434956
6950,0.165209669590
6951,0.051637004152
6952,0.336818999559
6953,0.035050993320
6954,0.067424010198
6955,0.320518715438
6956,0.064165551437
6957,0.010624271304
6958,0.023124546428
6959,0.113549548767
6960,0.212564580797
6961,0.047049138088
6962,0.216898927523
6963,0.248464252042
6964,0.083092446920
6965,0.093226286845
6966,0.024557742998
6967,0.080846818471
6968,0.094675241129
6969,0.066666422387
6970,0.101614239500
6971,0.110579259824
6972,0.053324984642
6973,0.042998862446
6974,0.019789545690
6975,0.221889739140
6976,0.018289300451
6977,0.084154905989
6978,0.044542584789
6979,0.041361294767
6980,0.125313605854
6981,0.050334905920
6982,0.072644935918
6983,0.015447332298
6984,0.071408773368
6985,0.160687213650
6986,0.358463770098
6987,0.440846256106
6988,0.058230225195
6989,0.014149332453
6990,0.029718748487
6991,0.092053782523
6992,0.019891317087
6993,0.065652701097
6994,0.110047859515
6995,0.019196100475
6996,0.037566141073
6997,0.021270566599
6998,0.022305974411
6999,0.021423880990
7000,0.080448514793
7001,0.106435243208
7002,0.356570552866
7003,0.021947176679
7004,0.063591313009
7005,0.062662519156
7006,0.105274958074
7007,0.377656407093
7008,0.056728900387
7009,0.016877752022
7010,0.014463992234
7011,0.113756722235
7012,0.031050593940
7013,0.024188314161
7014,0.073300435499
7015,0.199902366024
7016,0.047320752682
7017,0.022684445648
7018,0.015475943250
7019,0.251097629898
7020,0.015770845939
7021,0.033260405057
7022,0.136599727086
7023,0.067101066016
7024,0.053788844121
7025,0.024198724557
7026,0.036613856262
7027,0.075717661031
7028,0.279801699225
7029,0.036535935839
7030,0.011486096972
7031,0.016217980526
7032,0.022414113319
7033,0.059957861357
7034,0.064797185659
7035,0.217686047633
7036,0.071055685464
7037,0.228840050278
7038,0.098256604559
7039,0.031502560278
7040,0.042387973644
7041,0.043468777999
7042,0.032106599624
7043,0.236055486094
7044,0.022206408279
7045,0.129467750053
7046,0.026528651758
7047,0.122175194324
7048,0.051438562366
7049,0.017758902806
7050,0.020092633442
7051,0.275243419798
7052,0.510093324908
7053,0.220447703833
7054,0.056786125874
7055,0.018779243999
7056,0.070915524551
7057,0.027651096446
7058,0.032135193094
7059,0.088642533907
7060,0.072390878235
7061,0.074801036849
7062,0.761262990129
7063,0.075475238551
7064,0.021631542773
7065,0.075233891415
7066,0.075660666838
7067,0.022302414483
7068,0.034939926690
7069,0.116488240907
7070,0.433053444381
7071,0.075592146931
7072,0.120169842157
7073,0.030373947815
7074,0.015776730712
7075,0.024232732976
7076,0.100055803318
7077,0.024571727314
7078,0.024827080355
7079,0.062381074589
7080,0.044035900671
7081,0.023230791320
7082,0.026124488123
7083,0.055598735886
7084,0.019888393438
7085,0.118320689173
7086,0.030778766364
7087,0.030559889712
7088,0.022677046196
7089,0.043272414260
7090,0.084408066448
7091,0.087913349395
7092,0.027355990864
7093,0.058128262848
7094,0.615034345339
7095,0.059063487925
7096,0.088583842097
7097,0.048949551096
7098,0.045202696385
7099,0.052234400855
7100,0.016784383592
7101,0.274940352486
7102,0.039639058051
7103,0.014002569642
7104,0.019560000236
7105,0.051551429295
7106,0.099921852489
7107,0.020808068119
7108,0.107167106077
7109,0.051500629154
7110,0.026163079082
7111,0.045271682363
7112,0.365667615565
7113,0.034366724138
7114,0.028886245829
7115,0.023223678367
7116,0.018136871906
7117,0.048469879785
7118,0.046736296949
7119,0.013774042961
7120,0.137809934657
7121,0.076317261382
7122,0.022672876810
7123,0.083790877784
7124,0.144122728172
7125,0.084262485584
7126,0.094879746742
7127,0.073170533655
7128,0.026185554611
7129,0.051669329286
7130,0.023765582289
7131,0.213013060461
7132,0.259563767375
7133,0.112025509348
7134,0.012438143153
7135,0.016060406688
7136,0.035571226585
7137,0.025519931482
7138,0.018096451928
7139,0.029034995572
7140,0.029028406355
7141,0.011929892216
7142,0.019709831609
7143,0.013901970808
7144,0.017392311376
7145,0.024365634950
7146,0.024379568723
7147,0.066128828878
7148,0.061809273771
7149,0.130924924770
7150,0.013762179062
7151,0.128717586269
7152,0.160573770271
7153,0.019125022679
7154,0.028547591521
7155,0.016416976944
7156,0.015775665713
7157,0.021762817032
7158,0.030333367925
7159,0.026611684669
7160,0.027940289651
7161,0.016681785635
7162,0.018104195581
7163,0.015021891313
7164,0.014163842738
7165,0.082513784039
7166,0.024255642857
7167,0.043034911994
7168,0.016965449873
7169,0.018913563752
7170,0.050743162621
7171,0.016836250252
7172,0.018440115330
7173,0.106181808400
7174,0.034612748373
7175,0.046062718542
7176,0.013889377948
7177,0.011656713778
7178,0.018654207445
7179,0.029611264380
7180,0.013524534105
7181,0.023654967149
7182,0.092053997040
7183,0.021635546188
7184,0.012320603612
7185,0.015879752408
7186,0.153943130492
7187,0.055009944935
7188,0.063826812479
7189,0.064305178634
7190,0.084664891706
7191,0.021838049764
7192,0.013541740322
7193,0.011620274873
7194,0.081043017573
7195,0.019504083028
7196,0.070376440813
7197,0.013795265672
7198,0.123616257865
7199,0.024886866554
7200,0.017714941797
7201,0.036087215590
7202,0.029369447000
7203,0.041297256795
7204,0.030515542532
7205,0.022613390213
7206,0.019502082886
7207,0.019546788106
7208,0.014001072272
7209,0.017767309890
7210,0.032201931872
7211,0.015406741284
7212,0.020402472221
7213,0.012757356538
7214,0.037944575099
7215,0.063061680367
7216,0.032355778298
7217,0.014368330506
7218,0.137601826160
7219,0.027861142687
7220,0.029273525905
7221,0.012563480495
7222,0.016832026184
7223,0.025899153353
7224,0.061910012127
7225,0.026082280127
7226,0.031818339530
7227,0.019060789797
7228,0.013507568973
7229,0.015822870184
7230,0.024456846862
7231,0.044516815242
7232,0.105234531522
7233,0.141109708568
7234,0.089465952174
7235,0.018907681946
7236,0.031377994586
7237,0.031630511435
7238,0.063531751300
7239,0.029327252407
7240,0.037235313669
7241,0.060679264432
7242,0.021855384683
7243,0.044651115368
7244,0.059185951904
7245,0.040987890357
7246,0.053361367426
7247,0.101989502773
7248,0.069309229019
7249,0.015468254142
7250,0.053817839014
7251,0.039636187634
7252,0.109549056172
7253,0.083791637301
7254,0.057848583045
7255,0.248060206857
7256,0.325162944095
7257,0.026899469773
7258,0.056920350400
7259,0.265214664507
7260,0.056440459595
7261,0.377615204504
7262,0.085310293904
7263,0.137729337874
7264,0.062067892036
7265,0.029079302678
7266,0.073123430052
7267,0.032246221601
7268,0.016385560014
7269,0.017750126006
7270,0.159335884232
7271,0.052326668860
7272,0.707610411299
7273,0.141082331016
7274,0.059130502978
7275,0.040641164083
7276,0.124795753310
7277,0.042572847328
7278,0.023494756180
7279,0.028242247088
7280,0.042828544294
7281,0.031190415631
7282,0.018266874078
7283,0.021880475596
7284,0.045906676856
7285,0.111828615850
7286,0.123259816612
7287,0.530339861627
7288,0.505860836340
7289,0.055787352088
7290,0.045891333837
7291,0.231419378229
7292,0.151857467407
7293,0.027625841947
7294,0.055523928417
7295,0.034683546064
7296,0.043494452355
7297,0.069324121416
7298,0.431621130016
7299,0.087916418791
7300,0.323125525862
7301,0.511052457048
7302,0.081456479220
7303,0.014112808327
7304,0.468330823290
7305,0.067601125828
7306,0.271239179276
7307,0.050673519802
7308,0.051735983387
7309,0.043241158380
7310,0.042291775612
7311,0.212600932223
7312,0.123682879902
7313,0.087065928587
7314,0.027073169986
7315,0.066422518109
7316,0.377891525615
7317,0.043052351407
7318,0.027781638600
7319,0.050711089551
7320,0.044878312669
7321,0.059308102816
7322,0.040466470449
7323,0.055614153798
7324,0.096945186068
7325,0.035417793087
7326,0.050291490382
7327,0.224668198365
7328,0.181341072875
7329,0.039665282281
7330,0.029514567715
7331,0.012298242806
7332,0.014672089949
7333,0.444674022769
7334,0.084673205461
7335,0.064021123438
7336,0.407592881023
7337,0.437107160614
7338,0.071123610643
7339,0.048694163490
7340,0.024070319578
7341,0.017593236297
7342,0.033505107675
7343,0.015345237598
7344,0.067284091967
7345,0.060111078155
7346,0.020641329898
7347,0.074725703800
7348,0.264816382933
7349,0.402812845355
7350,0.015883630441
7351,0.019655206891
7352,0.048313855990
7353,0.045464575765
7354,0.020593787848
7355,0.020877896042
7356,0.040299957890
7357,0.030510614090
7358,0.254834295162
7359,0.018447438741
7360,0.043417160103
7361,0.012874162596
7362,0.057246910073
7363,0.032322811309
7364,0.028877135125
7365,0.133715993721
7366,0.532364893238
7367,0.053225338909
7368,0.053881690246
7369,0.024275046548
7370,0.034491931577
7371,0.054756084546
7372,0.052876380410
7373,0.020482713798
7374,0.022598238050
7375,0.017393472032
7376,0.104201392766
7377,0.138516069723
7378,0.081303757746
7379,0.065490080264
7380,0.054799902732
7381,0.024966884648
7382,0.032940670235
7383,0.030533792758
7384,0.038040956246
7385,0.070746301966
7386,0.066701520564
7387,0.213564225113
7388,0.032319640741
7389,0.064807315101
7390,0.042953549441
7391,0.026574013273
7392,0.023257383569
7393,0.030080471615
7394,0.045633187065
7395,0.021825675326
7396,0.031554790987
7397,0.083154178116
7398,0.158391231819
7399,0.265350845669
7400,0.049629694904
7401,0.049365298447
7402,0.044425493964
7403,0.083594710090
7404,0.052443522851
7405,0.022001221713
7406,0.063398173507
7407,0.025586336291
7408,0.022590135716
7409,0.028718399904
7410,0.130592821012
7411,0.036962813514
7412,0.025218495663
7413,0.028994360822
7414,0.070064132105
7415,0.070891552351
7416,0.159656041226
7417,0.145439272271
7418,0.216816349994
7419,0.062232640616
7420,0.058570261559
7421,0.023650556577
7422,0.057750545907
7423,0.049329194626
7424,0.015769803443
7425,0.087731631757
7426,0.045579721789
7427,0.606627879090
7428,0.112885725445
7429,0.029274880175
7430,0.107591730249
7431,0.041239482448
7432,0.059441154365
7433,0.023842238743
7434,0.022165129587
7435,0.015795664956
7436,0.057350364650
7437,0.027226253733
7438,0.017140872364
7439,0.022754639858
7440,0.026745605144
7441,0.080257189656
7442,0.041857488886
7443,0.200173226910
7444,0.062956887420
7445,0.120599963663
7446,0.320178117391
7447,0.360224262118
7448,0.088376935847
7449,0.037939690662
7450,0.077607582692
7451,0.024895373833
7452,0.036043463986
7453,0.013772594537
7454,0.080303247674
7455,0.056548149767
7456,0.105808485445
7457,0.060922187006
7458,0.112115124983
7459,0.048535860787
7460,0.065454354175
7461,0.029237490151
7462,0.027050982072
7463,0.023234263234
7464,0.140514601033
7465,0.017220367700
7466,0.027067226643
7467,0.057951945976
7468,0.030814307581
7469,0.016566920659
7470,0.020946701484
7471,0.052259169572
7472,0.061826207955
7473,0.079456242375
7474,0.118517656939
7475,0.104098517264
7476,0.224379998309
7477,0.118231877591
7478,0.139407412754
7479,0.023936596785
7480,0.098420697253
7481,0.049230008201
7482,0.056891975151
7483,0.091836638331
7484,0.030421111983
7485,0.056926030202
7486,0.055201046166
7487,0.052113322102
7488,0.069753760682
7489,0.035980107634
7490,0.062128257208
7491,0.015957859933
7492,0.024477736191
7493,0.018568088364
7494,0.023557521283
7495,0.070366341820
7496,0.018791222288
7497,0.041374824149
7498,0.062051368659
7499,0.062828651795
7500,0.140821075951
7501,0.429432187864
7502,0.125434119913
7503,0.129625657284
7504,0.075865257924
7505,0.089409038581
7506,0.087869014551
7507,0.091002652291
7508,0.063222297223
7509,0.025342168333
7510,0.288626238513
7511,0.081366101829
7512,0.075085485794
7513,0.049381244587
7514,0.067322668466
7515,0.022157083535
7516,0.018952321854
7517,0.025720896931
7518,0.059078149829
7519,0.155228315509
7520,0.067203000057
7521,0.051377777922
7522,0.126620828668
7523,0.663183793245
7524,0.101083800168
7525,0.023584107017
7526,0.312609371132
7527,0.067229232336
7528,0.245344575886
7529,0.262876153480
7530,0.080196414930
7531,0.055058273011
7532,0.040650162683
7533,0.077602858980
7534,0.147099184368
7535,0.062830156999
7536,0.163010189923
7537,0.077173957963
7538,0.058812914799
7539,0.018872776164
7540,0.018190763260
7541,0.047780338201
7542,0.067192426104
7543,0.028210224913
7544,0.136031672114
7545,0.154411026226
7546,0.142753457953
7547,0.085232973986
7548,0.039929743579
7549,0.106683367456
7550,0.167517482368
7551,0.257958051842
7552,0.063707144353
7553,0.014740700500
7554,0.070316397797
7555,0.024663525434
7556,0.068700647763
7557,0.506860336471
7558,0.027352475858
7559,0.087718936515
7560,0.371615349441
7561,0.246055300394
7562,0.013249241156
7563,0.018241370725
7564,0.015168050350
7565,0.017513313893
7566,0.034446376287
7567,0.059672661523
7568,0.155899246473
7569,0.156169516233
7570,0.200960524986
7571,0.110686138220
7572,0.242266800252
7573,0.228022102958
7574,0.120637183994
7575,0.234396957997
7576,0.348390032622
7577,0.079679143821
7578,0.054433071733
7579,0.087226212557
7580,0.059502398139
7581,0.280496355759
7582,0.896523295164
7583,0.012030433560
7584,0.088292230390
7585,0.359574031775
7586,0.014766126623
7587,0.048373292459
7588,0.257394693724
7589,0.021239333610
7590,0.016816801462
7591,0.047823750105
7592,0.082918561123
7593,0.030372919650
7594,0.046805771279
7595,0.304676483691
7596,0.079025109911
7597,0.098936101365
7598,0.245028322201
7599,0.157426661395
7600,0.180249938965
7601,0.358629635713
7602,0.173523556724
7603,0.035733374943
7604,0.271456661474
7605,0.313936599711
7606,0.215901558656
7607,0.833343890465
7608,0.387159745927
7609,0.302093318475
7610,0.011863473521
7611,0.030922632233
7612,0.115700445126
7613,0.080115825669
7614,0.020840918104
7615,0.014356695031
7616,0.012984321839
7617,0.057065180331
7618,0.018840950958
7619,0.026674450926
7620,0.090785042440
7621,0.125221539157
7622,0.098619805381
7623,0.110052421576
7624,0.087347321209
7625,0.227169494210
7626,0.126309878440
7627,0.024631701996
7628,0.121989470671
7629,0.235147520852
7630,0.028286467138
7631,0.208078963152
7632,0.900934253516
7633,0.924481739328
7634,0.591852787016
7635,0.012150758550
7636,0.025481209090
7637,0.059168299057
7638,0.289800395848
7639,0.074752774848
7640,0.043691119544
7641,0.056849271460
7642,0.064678320009
7643,0.065593639820
7644,0.020716772930
7645,0.355729796546
7646,0.027057884410
7647,0.053258295237
7648,0.120167471258
7649,0.101134685572
7650,0.067015336602
7651,0.067515725854
7652,0.227111573280
7653,0.226877279081
7654,0.014126081768
7655,0.037689818688
7656,0.200695152349
7657,0.105201109260
7658,0.129079853042
7659,0.916501037811
7660,0.853179981333
7661,0.582843300171
7662,0.015033844099
7663,0.024126262087
7664,0.209090132956
7665,0.019294228817
7666,0.167905933183
7667,0.072381025349
7668,0.249820978159
7669,0.054147404323
7670,0.070212123571
7671,0.026521544738
7672,0.081334781290
7673,0.130864535705
7674,0.167015928077
7675,0.112663899721
7676,0.544184490523
7677,0.292578572322
7678,0.230000128846
7679,0.172247272183
7680,0.099916570473
7681,0.062615402986
7682,0.134072026582
7683,0.053349779135
7684,0.046767907625
7685,0.018348463439
7686,0.122182475029
7687,0.114726485441
7688,0.045263749081
7689,0.103016200241
7690,0.030554644205
7691,0.880707633347
7692,0.972527896400
7693,0.928853750066
7694,0.080168953489
7695,0.042765464814
7696,0.324170070576
7697,0.020919586845
7698,0.187755342348
7699,0.026548809708
7700,0.020375766813
7701,0.023031997306
7702,0.064014672225
7703,0.109908137565
7704,0.072659254130
7705,0.438959981955
7706,0.730734656578
7707,0.087087304646
7708,0.114808548743
7709,0.147082865694
7710,0.244218479514
7711,0.068612481372
7712,0.336365173711
7713,0.116579389410
7714,0.031893735230
7715,0.070686678444
7716,0.079337416283
7717,0.103805926634
7718,0.056192181241
7719,0.026785176222
7720,0.371128944423
7721,0.368639589312
7722,0.230828107623
7723,0.077466928820
7724,0.037402692379
7725,0.158864435017
7726,0.075932572847
7727,0.274441093733
7728,0.033610000977
7729,0.036503875255
7730,0.040006798702
7731,0.020025612363
7732,0.028300767093
7733,0.059548333445
7734,0.050381049589
7735,0.264250692585
7736,0.676588833499
7737,0.435113043900
7738,0.279831291642
7739,0.111057499120
7740,0.184504867443
7741,0.225152205851
7742,0.561494471938
7743,0.090979396946
7744,0.032255579408
7745,0.045033473532
7746,0.030021009765
7747,0.143125592168
7748,0.159182297890
7749,0.090464935362
7750,0.395417324950
7751,0.271208153359
7752,0.180798358006
7753,0.967444290120
7754,0.101528246433
7755,0.024709860794
7756,0.125399720494
7757,0.145200268253
7758,0.025144426154
7759,0.065303841551
7760,0.298018866709
7761,0.079127137623
7762,0.046997830796
7763,0.056694902689
7764,0.066673769094
7765,0.216427020444
7766,0.413709933034
7767,0.279362042345
7768,0.546040294212
7769,0.461949258360
7770,0.171496817392
7771,0.162740359136
7772,0.344881494742
7773,0.025676921112
7774,0.131047822404
7775,0.076890317571
7776,0.057954447948
7777,0.405261903961
7778,0.346927122136
7779,0.053081979361
7780,0.530873025306
7781,0.353648784948
7782,0.069312765766
7783,0.114340602017
7784,0.086126489101
7785,0.055721328378
7786,0.015373243511
7787,0.020544571578
7788,0.035426957443
7789,0.053578781935
7790,0.095246663237
7791,0.121576017717
7792,0.132071042558
7793,0.386128670026
7794,0.747614539049
7795,0.497457996560
7796,0.362393909546
7797,0.626235950913
7798,0.109721048120
7799,0.020871622260
7800,0.050784522843
7801,0.062094244546
7802,0.112957462014
7803,0.240572920081
7804,0.061176064691
7805,0.031292709180
7806,0.071275884069
7807,0.149487783730
7808,0.026982308539
7809,0.033705297839
7810,0.111400312868
7811,0.018938145832
7812,0.046711636597
7813,0.027045499764
7814,0.016319573299
7815,0.036257026289
7816,0.089745947829
7817,0.058727867537
7818,0.085423051362
7819,0.240884178972
7820,0.261952678969
7821,0.344642815301
7822,0.723912262665
7823,0.639943941442
7824,0.281880361272
7825,0.094390536008
7826,0.013232801708
7827,0.030320930790
7828,0.018629039428
7829,0.061229320471
7830,0.116843217285
7831,0.018294219061
7832,0.016103365054
7833,0.033687754619
7834,0.783636306678
7835,0.194850715393
7836,0.022279324797
7837,0.071502042482
7838,0.054438015365
7839,0.096333954752
7840,0.054819765938
7841,0.058685134971
7842,0.022106414544
7843,0.049955552652
7844,0.020272065371
7845,0.036336611649
7846,0.093368642654
7847,0.118571532845
7848,0.552843251196
7849,0.360491825593
7850,0.211186151609
7851,0.866825573652
7852,0.424107242952
7853,0.480855499699
7854,0.140881324371
7855,0.037753639385
7856,0.027407824285
7857,0.027618535496
7858,0.050673732911
7859,0.057815336714
7860,0.033488265429
7861,0.067391475071
7862,0.497211306334
7863,0.211389678293
7864,0.353560990914
7865,0.046997021545
7866,0.089624056818
7867,0.136143517006
7868,0.130327373691
7869,0.156083154097
7870,0.037639296067
7871,0.030873188940
7872,0.048514287821
7873,0.217709078634
7874,0.618205329390
7875,0.356338696205
7876,0.580196879786
7877,0.167983726456
7878,0.366162319620
7879,0.159809670065
7880,0.088954795726
7881,0.027365437571
7882,0.017213519248
7883,0.018282925607
7884,0.017208583775
7885,0.071159496107
7886,0.034493708172
7887,0.110845975251
7888,0.155336130682
7889,0.079863559584
7890,0.202836425957
7891,0.033226672236
7892,0.068362949650
7893,0.311731081296
7894,0.058229597167
7895,0.011182631950
7896,0.015959260108
7897,0.021109534789
7898,0.109874832350
7899,0.211738726600
7900,0.045177983475
7901,0.318201078031
7902,0.240662674674
7903,0.077695990287
7904,0.093692829342
7905,0.024253110918
7906,0.093981927403
7907,0.099545460390
7908,0.063027973735
7909,0.103515530605
7910,0.114330866705
7911,0.050178100299
7912,0.022132118830
7913,0.313943022274
7914,0.018258178217
7915,0.094591953242
7916,0.012961676405
7917,0.043442499917
7918,0.041226345912
7919,0.129165227759
7920,0.051943155897
7921,0.080946482307
7922,0.014808008202
7923,0.079689018835
7924,0.170460578167
7925,0.349029687446
7926,0.441692982000
7927,0.070742134693
7928,0.016068983317
7929,0.019462170313
7930,0.031319428647
7931,0.089349029269
7932,0.068109558187
7933,0.115936432958
7934,0.019756113083
7935,0.039593594004
7936,0.021753521807
7937,0.025574195371
7938,0.021899056118
7939,0.019475509270
7940,0.032435615025
7941,0.084265371098
7942,0.100921257953
7943,0.359498716769
7944,0.024267848665
7945,0.025959983017
7946,0.063393030405
7947,0.062768377379
7948,0.112724032802
7949,0.375819062395
7950,0.065802992254
7951,0.025751917538
7952,0.116490572654
7953,0.031915651600
7954,0.079716695534
7955,0.210896755418
7956,0.048584580294
7957,0.022591904615
7958,0.016725290722
7959,0.191708288957
7960,0.016608430511
7961,0.031656673299
7962,0.149251985516
7963,0.070918702203
7964,0.055069044128
7965,0.024275616495
7966,0.039785379560
7967,0.078881282053
7968,0.277869294790
7969,0.034351170054
7970,0.016282710167
7971,0.022240133874
7972,0.057152234909
7973,0.066545305742
7974,0.218195697274
7975,0.071192591339
7976,0.184714479955
7977,0.106401009892
7978,0.032106900274
7979,0.035146923188
7980,0.042666616989
7981,0.034664740855
7982,0.180393605473
7983,0.021977700432
7984,0.132835097315
7985,0.025690347577
7986,0.124888905012
7987,0.054148413576
7988,0.017766764587
7989,0.019235096592
7990,0.278173102546
7991,0.500297237707
7992,0.221592892938
7993,0.063644847452
7994,0.021823648619
7995,0.067954882990
7996,0.031412336603
7997,0.033242580323
7998,0.086608371062
7999,0.076640990829
8000,0.078799053737
8001,0.838968862533
8002,0.023948978670
8003,0.081268234901
8004,0.022369061911
8005,0.069961315602
8006,0.074235940695
8007,0.021235131433
8008,0.038220930955
8009,0.125802037289
8010,0.449430962105
8011,0.065633814062
8012,0.118071139575
8013,0.035620315434
8014,0.040126220050
8015,0.017865873849
8016,0.024755336418
8017,0.099701735550
8018,0.026768021497
8019,0.025774653152
8020,0.063829211856
8021,0.046119431628
8022,0.025307601189
8023,0.060139788680
8024,0.018608870723
8025,0.130440820208
8026,0.035370797385
8027,0.033706301750
8028,0.026118001234
8029,0.044478242107
8030,0.076090560649
8031,0.094488054750
8032,0.027386399250
8033,0.026453897430
8034,0.060859680325
8035,0.671352544092
8036,0.060810345575
8037,0.088087703855
8038,0.046196424222
8039,0.045459437941
8040,0.047384587766
8041,0.049145123958
8042,0.401243879807
8043,0.040901182799
8044,0.021192348199
8045,0.051083555261
8046,0.111343845789
8047,0.020374218945
8048,0.107213741488
8049,0.048443801459
8050,0.022441898421
8051,0.047558813804
8052,0.351242230330
8053,0.024720296022
8054,0.027188403549
8055,0.014924910569
8056,0.022152169061
8057,0.053681344157
8058,0.013768341306
8059,0.048619727989
8060,0.236312814641
8061,0.074110097146
8062,0.080422335782
8063,0.151140584885
8064,0.095840568233
8065,0.084679172541
8066,0.072641053003
8067,0.043247756589
8068,0.208097981681
8069,0.250140952801
8070,0.129275235462
8071,0.012542702317
8072,0.013596665939
8073,0.033895709921
8074,0.026232203166
8075,0.017153620089
8076,0.028776924372
8077,0.020602198810
8078,0.030408833699
8079,0.013181042673
8080,0.019672606187
8081,0.013963345523
8082,0.023118784976
8083,0.014481904568
8084,0.025896730236
8085,0.071143812536
8086,0.058310429589
8087,0.132723874178
8088,0.115321984941
8089,0.172311789399
8090,0.018853029740
8091,0.012748910356
8092,0.029415963919
8093,0.015957544821
8094,0.015653387102
8095,0.030018891677
8096,0.025701066536
8097,0.027594911520
8098,0.016919372488
8099,0.015170815902
8100,0.015563811692
8101,0.090198546781
8102,0.043145770121
8103,0.014122241406
8104,0.057677229791
8105,0.016702686304
8106,0.018067542300
8107,0.016647877968
8108,0.113791777893
8109,0.033786064389
8110,0.050785819486
8111,0.013659834131
8112,0.011745709607
8113,0.018049662271
8114,0.030579420351
8115,0.013523455612
8116,0.098359901456
8117,0.012198394020
8118,0.157090372313
8119,0.057167751160
8120,0.063332703764
8121,0.062939144808
8122,0.017738432271
8123,0.084728459024
8124,0.021883385490
8125,0.014256811967
8126,0.086358009689
8127,0.017805808288
8128,0.078133017060
8129,0.014758342067
8130,0.131145564446
8131,0.024257809555
8132,0.027409290517
8133,0.040353997917
8134,0.024460609821
8135,0.020583034798
8136,0.019453603951
8137,0.016417054092
8138,0.032776602841
8139,0.016719015208
8140,0.017872462664
8141,0.036518257447
8142,0.057006936379
8143,0.031411601397
8144,0.160587413574
8145,0.029456790555
8146,0.013272739867
8147,0.017020549843
8148,0.025372437722
8149,0.059650226053
8150,0.024964400392
8151,0.014730718991
8152,0.031693320219
8153,0.019617893933
8154,0.011542652561
8155,0.118682952032
8156,0.142491186107
8157,0.018743831040
8158,0.019797079504
8159,0.084388043022
8160,0.018773478907
8161,0.016706211436
8162,0.036061604132
8163,0.065028620084
8164,0.043367989884
8165,0.048976948694
8166,0.095927901181
8167,0.061453044446
8168,0.048242893625
8169,0.111733822301
8170,0.036513805830
8171,0.070565694545
8172,0.066903526306
8173,0.249245642775
8174,0.336348558034
8175,0.268123692382
8176,0.051496250634
8177,0.275880691042
8178,0.219493910697
8179,0.232959401862
8180,0.060558616197
8181,0.029155253006
8182,0.022384228692
8183,0.067276764869
8184,0.017426693024
8185,0.028900875820
8186,0.015687411277
8187,0.249131037254
8188,0.061192076705
8189,0.692182558083
8190,0.240739198294
8191,0.062275866322
8192,0.039922350339
8193,0.239002360012
8194,0.040690603769
8195,0.022853506922
8196,0.042858652914
8197,0.032892608142
8198,0.019182316155
8199,0.021434684765
8200,0.052779819186
8201,0.104658494340
8202,0.124659604407
8203,0.512033923409
8204,0.497169966052
8205,0.046859299075
8206,0.047952383181
8207,0.226423944582
8208,0.239149611773
8209,0.017904144251
8210,0.052646259438
8211,0.034262528199
8212,0.041215750552
8213,0.060292503469
8214,0.039224821144
8215,0.421049796759
8216,0.098083413619
8217,0.162010050238
8218,0.509220304562
8219,0.087050912737
8220,0.018157101859
8221,0.456710951599
8222,0.063973498519
8223,0.426302024216
8224,0.050291720409
8225,0.043443887870
8226,0.042717792472
8227,0.041472613813
8228,0.039635663471
8229,0.069716421902
8230,0.122237677309
8231,0.084773502610
8232,0.035151155310
8233,0.034642619903
8234,0.051852635959
8235,0.366549411522
8236,0.043889834282
8237,0.051208770072
8238,0.040010669389
8239,0.048748941636
8240,0.040309955409
8241,0.040430284550
8242,0.056349346507
8243,0.091172321987
8244,0.035854617001
8245,0.056730335011
8246,0.116169271304
8247,0.340078958320
8248,0.042450598513
8249,0.030407268870
8250,0.012287021158
8251,0.025879624516
8252,0.462207238334
8253,0.080177071286
8254,0.059255416811
8255,0.396579875927
8256,0.313044407938
8257,0.018031060998
8258,0.013158875895
8259,0.073570426351
8260,0.047300811700
8261,0.024096456066
8262,0.028953255769
8263,0.016770956204
8264,0.032685588232
8265,0.066387705662
8266,0.052559855801
8267,0.082074261959
8268,0.173903459725
8269,0.424335490995
8270,0.021208898733
8271,0.046242443982
8272,0.015911534847
8273,0.023623958128
8274,0.039176617874
8275,0.029190921870
8276,0.255229788585
8277,0.017140008883
8278,0.044237634944
8279,0.017857458471
8280,0.062145568370
8281,0.043930361580
8282,0.032951397238
8283,0.120542446498
8284,0.512789533026
8285,0.050026540139
8286,0.054325246238
8287,0.024614874187
8288,0.032226620473
8289,0.063521364418
8290,0.051811343980
8291,0.015676024169
8292,0.025508149154
8293,0.017144555776
8294,0.102603904784
8295,0.138399255724
8296,0.075253611737
8297,0.058246896727
8298,0.053142837638
8299,0.022120416579
8300,0.033609025481
8301,0.030395199571
8302,0.037557164519
8303,0.072979296603
8304,0.072983662393
8305,0.217247136579
8306,0.031693991005
8307,0.067985107339
8308,0.039900354100
8309,0.027528455853
8310,0.023326414742
8311,0.030577825231
8312,0.044534230479
8313,0.030782835635
8314,0.079786652822
8315,0.169235173804
8316,0.180411250475
8317,0.051003976096
8318,0.054728808680
8319,0.043368703136
8320,0.086557453759
8321,0.059096551163
8322,0.021037835242
8323,0.062153289495
8324,0.022485737103
8325,0.024920740582
8326,0.031690089221
8327,0.142108458985
8328,0.035749271441
8329,0.025023474248
8330,0.029366361336
8331,0.071113333147
8332,0.064406856614
8333,0.213795287963
8334,0.215244805169
8335,0.224016684560
8336,0.062377563682
8337,0.055660266238
8338,0.024850909958
8339,0.061341326564
8340,0.045848943146
8341,0.017140770189
8342,0.097766204017
8343,0.044748801883
8344,0.611890390769
8345,0.118553285222
8346,0.025788574325
8347,0.094522861993
8348,0.038260416023
8349,0.051819248260
8350,0.022622808250
8351,0.015877473014
8352,0.019272601223
8353,0.061814031183
8354,0.020473438703
8355,0.024589113675
8356,0.025396600689
8357,0.077167596938
8358,0.039277440409
8359,0.095453770385
8360,0.060715510709
8361,0.115348147458
8362,0.324527703140
8363,0.353176579110
8364,0.085336481815
8365,0.034201999099
8366,0.083776503194
8367,0.025415772741
8368,0.032196218403
8369,0.022136738473
8370,0.015170909007
8371,0.070654829069
8372,0.057249836388
8373,0.118266708424
8374,0.058760989767
8375,0.104203935012
8376,0.042504146384
8377,0.066461502659
8378,0.026454227756
8379,0.021772154227
8380,0.118045311546
8381,0.016816874140
8382,0.029615241672
8383,0.052804413974
8384,0.017053023870
8385,0.022208877697
8386,0.047524149999
8387,0.065602608272
8388,0.081665429736
8389,0.205507733550
8390,0.104102564487
8391,0.226701851985
8392,0.120660184496
8393,0.135296585144
8394,0.023263529476
8395,0.091725113137
8396,0.017890164697
8397,0.051595755487
8398,0.018203329929
8399,0.059364958569
8400,0.088684795519
8401,0.030984378405
8402,0.027124596802
8403,0.063053713824
8404,0.055809867644
8405,0.050750983951
8406,0.072173965686
8407,0.035256920385
8408,0.065781341501
8409,0.019691270546
8410,0.017548370983
8411,0.071553959557
8412,0.041341856575
8413,0.062205563657
8414,0.061719441354
8415,0.142611648683
8416,0.417731819235
8417,0.120866539037
8418,0.128126086883
8419,0.076675439360
8420,0.209541666350
8421,0.084702160521
8422,0.090601012050
8423,0.062357859386
8424,0.026964193517
8425,0.285409770175
8426,0.078265107344
8427,0.070406091208
8428,0.047637084719
8429,0.074693097091
8430,0.022427305656
8431,0.029414392501
8432,0.020643705483
8433,0.026415129610
8434,0.057846083184
8435,0.155683309574
8436,0.065815743949
8437,0.050303872897
8438,0.126818917565
8439,0.659586918098
8440,0.103128432228
8441,0.022613619413
8442,0.212807249635
8443,0.067968709045
8444,0.245711585888
8445,0.267088105601
8446,0.080624201016
8447,0.017926071717
8448,0.069907777905
8449,0.039697201390
8450,0.083637632414
8451,0.153962510095
8452,0.062982099712
8453,0.162283180031
8454,0.073066344037
8455,0.060789425929
8456,0.018613627843
8457,0.025279714228
8458,0.050207000610
8459,0.061449488421
8460,0.028326933300
8461,0.136675458800
8462,0.156448314790
8463,0.145128725459
8464,0.096979024679
8465,0.040220185499
8466,0.098842839370
8467,0.172737473793
8468,0.252194884345
8469,0.060866416559
8470,0.014765424829
8471,0.074134955306
8472,0.071964403641
8473,0.513351869676
8474,0.027747895888
8475,0.089116785029
8476,0.369814233852
8477,0.242549751388
8478,0.017075383177
8479,0.016904910031
8480,0.020841387813
8481,0.036677256632
8482,0.058616011085
8483,0.156431323090
8484,0.226830571522
8485,0.015454150976
8486,0.111626258502
8487,0.109081829797
8488,0.255088360519
8489,0.167016991460
8490,0.129816567649
8491,0.227443760044
8492,0.360083783992
8493,0.083669449977
8494,0.055584393961
8495,0.087111614118
8496,0.060534025088
8497,0.270240233125
8498,0.871818525429
8499,0.011491423524
8500,0.081056700255
8501,0.382145087097
8502,0.017144423476
8503,0.050455219586
8504,0.340826743886
8505,0.015077363718
8506,0.049657463044
8507,0.080392023572
8508,0.033633678763
8509,0.045391431450
8510,0.417019881451
8511,0.078816516751
8512,0.095465223681
8513,0.250574462140
8514,0.166211397639
8515,0.250144569113
8516,0.360876422659
8517,0.255488127528
8518,0.035914132372
8519,0.252101844942
8520,0.213571406295
8521,0.127704254213
8522,0.804036688747
8523,0.375475019044
8524,0.390165411384
8525,0.012368146138
8526,0.030214601233
8527,0.114385860364
8528,0.019563526739
8529,0.090622364340
8530,0.024268226821
8531,0.019444903915
8532,0.015650761867
8533,0.014631335531
8534,0.015274760272
8535,0.056542185576
8536,0.019773278525
8537,0.027106272799
8538,0.089015272865
8539,0.124746032494
8540,0.102566896076
8541,0.111639076192
8542,0.084087883906
8543,0.225359980209
8544,0.224853864683
8545,0.024828451284
8546,0.117354825430
8547,0.162746802397
8548,0.034527080569
8549,0.203068523930
8550,0.865475219326
8551,0.896650155119
8552,0.583374754251
8553,0.012190552831
8554,0.025416859649
8555,0.021135095246
8556,0.057008134228
8557,0.384994678517
8558,0.078163362511
8559,0.016184901403
8560,0.045584009897
8561,0.015197469744
8562,0.058903431098
8563,0.065790100310
8564,0.064567184003
8565,0.021718897983
8566,0.358003793542
8567,0.032237630069
8568,0.054658971199
8569,0.120477855439
8570,0.100577696079
8571,0.062921897484
8572,0.067408143584
8573,0.231137759232
8574,0.217441024623
8575,0.035618458979
8576,0.212000084599
8577,0.097094684855
8578,0.210751482084
8579,0.888808102047
8580,0.830297007713
8581,0.568437388176
8582,0.024386758392
8583,0.202908040367
8584,0.021637898223
8585,0.177746472592
8586,0.056033711537
8587,0.248599014874
8588,0.057671122511
8589,0.065717217036
8590,0.026686777396
8591,0.073731556431
8592,0.133495016521
8593,0.165783219805
8594,0.110183893602
8595,0.509155256089
8596,0.402957559799
8597,0.229261946654
8598,0.146968696208
8599,0.104854192315
8600,0.059077248068
8601,0.131285711705
8602,0.051846347494
8603,0.047788561938
8604,0.120761554958
8605,0.114155456520
8606,0.055409340870
8607,0.105665085279
8608,0.031242572561
8609,0.840444364110
8610,0.972606002800
8611,0.899164915080
8612,0.085512061303
8613,0.040310499457
8614,0.319268374567
8615,0.271344664067
8616,0.021312026547
8617,0.020912028766
8618,0.061090729281
8619,0.107308752878
8620,0.072141856520
8621,0.471423473617
8622,0.675814659984
8623,0.089620341165
8624,0.116365643227
8625,0.143377701911
8626,0.179674119633
8627,0.067670528705
8628,0.335359410154
8629,0.222894810845
8630,0.031266882765
8631,0.068155388825
8632,0.090922946960
8633,0.099778487043
8634,0.056303851612
8635,0.027376764356
8636,0.387126780806
8637,0.294300571507
8638,0.226939603275
8639,0.083776797464
8640,0.033229229729
8641,0.156574640928
8642,0.082513756150
8643,0.185852663375
8644,0.031136431265
8645,0.035487124028
8646,0.037911604553
8647,0.019422459140
8648,0.025992336985
8649,0.063086676698
8650,0.051634079712
8651,0.268394547717
8652,0.682734660104
8653,0.380968585101
8654,0.276517409325
8655,0.110927704345
8656,0.185010048160
8657,0.160952741165
8658,0.553937918084
8659,0.099564740317
8660,0.032767760599
8661,0.029003020932
8662,0.143628198223
8663,0.156224598047
8664,0.094097625611
8665,0.299946795387
8666,0.277398940016
8667,0.247591575448
8668,0.967549065400
8669,0.104981107929
8670,0.023429676423
8671,0.130451100976
8672,0.215465461629
8673,0.025941456341
8674,0.070887456072
8675,0.287580526286
8676,0.080635382086
8677,0.047072476146
8678,0.059011141694
8679,0.065229943903
8680,0.217400238664
8681,0.389395892771
8682,0.369402879308
8683,0.562308752063
8684,0.443400968182
8685,0.168834726821
8686,0.161588641974
8687,0.249398134038
8688,0.019827477385
8689,0.025352817433
8690,0.127499213799
8691,0.079102975836
8692,0.061324455975
8693,0.301884966035
8694,0.330364131315
8695,0.054946643394
8696,0.548655117355
8697,0.340013068969
8698,0.012009656632
8699,0.075465546056
8700,0.114338249987
8701,0.088084797952
8702,0.053797035880
8703,0.019105140444
8704,0.034313945382
8705,0.060060237628
8706,0.097544806105
8707,0.117429341235
8708,0.131860091565
8709,0.372563354213
8710,0.749618809957
8711,0.472535243104
8712,0.366606115216
8713,0.629259514097
8714,0.111189252326
8715,0.021851661895
8716,0.050004503289
8717,0.058358938173
8718,0.121193576261
8719,0.234475079682
8720,0.063199758926
8721,0.035157775128
8722,0.076488555804
8723,0.210811274487
8724,0.025899338017
8725,0.013797367805
8726,0.039281748869
8727,0.111194031875
8728,0.018474112245
8729,0.043657558024
8730,0.027267774859
8731,0.015172859287
8732,0.040687447748
8733,0.089405606826
8734,0.058356476110
8735,0.085601950680
8736,0.255640208804
8737,0.270476773055
8738,0.350695754284
8739,0.733365488345
8740,0.656828611274
8741,0.374012265706
8742,0.093590985287
8743,0.012274097585
8744,0.031869862523
8745,0.017712782146
8746,0.059386262716
8747,0.110814291949
8748,0.019966037638
8749,0.016394235590
8750,0.038363730150
8751,0.659117628311
8752,0.198293591079
8753,0.022192521378
8754,0.068715542579
8755,0.055802577233
8756,0.204209966338
8757,0.056318043424
8758,0.055285108075
8759,0.020626144825
8760,0.050583807167
8761,0.020489235156
8762,0.016309440234
8763,0.036603368301
8764,0.094315838549
8765,0.126040193057
8766,0.571875619109
8767,0.374094244636
8768,0.223973277683
8769,0.836591041811
8770,0.444558424239
8771,0.465308324742
8772,0.156184625912
8773,0.037393791229
8774,0.028096809008
8775,0.028118920492
8776,0.052775201573
8777,0.056806552183
8778,0.019408075719
8779,0.033175039942
8780,0.066736737855
8781,0.492374719369
8782,0.215341534312
8783,0.335468020948
8784,0.047556672199
8785,0.084287711937
8786,0.135767933791
8787,0.131082311882
8788,0.151286210649
8789,0.037393049592
8790,0.034190597568
8791,0.049100804974
8792,0.150164932715
8793,0.612552035501
8794,0.350137564577
8795,0.552815097370
8796,0.242864363178
8797,0.289695884976
8798,0.151565807528
8799,0.090121873985
8800,0.028696297365
8801,0.032795031653
8802,0.018245921281
8803,0.068616816802
8804,0.035222409204
8805,0.108782427730
8806,0.169066497950
8807,0.067305991400
8808,0.263156017147
8809,0.033658304807
8810,0.066765560436
8811,0.335168167715
8812,0.061483283454
8813,0.010608290677
8814,0.016551037839
8815,0.024868438613
8816,0.116802051100
8817,0.217761452665
8818,0.047758888976
8819,0.220754793620
8820,0.249660873136
8821,0.083702664305
8822,0.098087028007
8823,0.025710625391
8824,0.103800914636
8825,0.091302517962
8826,0.060395813153
8827,0.108269842141
8828,0.119901516833
8829,0.054532501989
8830,0.022255376465
8831,0.311079769803
8832,0.018293252376
8833,0.021358250308
8834,0.097821807443
8835,0.012949296871
8836,0.044180308084
8837,0.042575071136
8838,0.121273196594
8839,0.055776237082
8840,0.079910401218
8841,0.016082893903
8842,0.075492379118
8843,0.171002361538
8844,0.338841975959
8845,0.449407221668
8846,0.069052179246
8847,0.016061173550
8848,0.020320555990
8849,0.024816026163
8850,0.028832160464
8851,0.091425474153
8852,0.019861527867
8853,0.063662213049
8854,0.130905973856
8855,0.019032634078
8856,0.035104690906
8857,0.021875345960
8858,0.024482331197
8859,0.022321280652
8860,0.019420997156
8861,0.027737220451
8862,0.086602236371
8863,0.097334748441
8864,0.361097128129
8865,0.021314670850
8866,0.024132527305
8867,0.063274959030
8868,0.065302909498
8869,0.112338542219
8870,0.371390739905
8871,0.065079579293
8872,0.017058009914
8873,0.199221838317
8874,0.032300072199
8875,0.024606643238
8876,0.078232393119
8877,0.117026702742
8878,0.044805699650
8879,0.016377327690
8880,0.025735024154
8881,0.017513009680
8882,0.189446894471
8883,0.015449746073
8884,0.030951599792
8885,0.151914044733
8886,0.077573597716
8887,0.054278664039
8888,0.024082357468
8889,0.039819069485
8890,0.074518046238
8891,0.354964651874
8892,0.035834813821
8893,0.012170195106
8894,0.017118043289
8895,0.022376033777
8896,0.056993205670
8897,0.068089517343
8898,0.218810216355
8899,0.075648384371
8900,0.236478590105
8901,0.101824008161
8902,0.033494753574
8903,0.037699284240
8904,0.039149049445
8905,0.034072568586
8906,0.190377736607
8907,0.021994047927
8908,0.133918635003
8909,0.026618459952
8910,0.124815963875
8911,0.054338520462
8912,0.021780524240
8913,0.021407264685
8914,0.277302287376
8915,0.597923328849
8916,0.225333780878
8917,0.060798511516
8918,0.055763366027
8919,0.030468998779
8920,0.034726672114
8921,0.081632504365
8922,0.070902591831
8923,0.075421387840
8924,0.868784312814
8925,0.025490612373
8926,0.080855246360
8927,0.022286356800
8928,0.074612988505
8929,0.080077998740
8930,0.021682229247
8931,0.038352264506
8932,0.124913837513
8933,0.439642366564
8934,0.073672678078
8935,0.212471826823
8936,0.033506173555
8937,0.026591657740
8938,0.032228140403
8939,0.016526926448
8940,0.023027933875
8941,0.097829145337
8942,0.026922057009
8943,0.025612353443
8944,0.011718563253
8945,0.061675590993
8946,0.041550102798
8947,0.025498253263
8948,0.023020948587
8949,0.059302151275
8950,0.017447023603
8951,0.125933476974
8952,0.038520981015
8953,0.031173804400
8954,0.025277744556
8955,0.042082669537
8956,0.083501009094
8957,0.091057570523
8958,0.026898684954
8959,0.030496768958
8960,0.063587391074
8961,0.636482677594
8962,0.061654214308
8963,0.092271287020
8964,0.043586971451
8965,0.046406598194
8966,0.047498284578
8967,0.053485947456
8968,0.024630639295
8969,0.400426568031
8970,0.035429815524
8971,0.011582976829
8972,0.015770546515
8973,0.020230193305
8974,0.047836200907
8975,0.111086740741
8976,0.020561142967
8977,0.108148489668
8978,0.050446059726
8979,0.026989541682
8980,0.011026904818
8981,0.043412169044
8982,0.366628664745
8983,0.037624212649
8984,0.029975088266
8985,0.014253988149
8986,0.028162667009
8987,0.017553123205
8988,0.051694878625
8989,0.011391562874
8990,0.047545628189
8991,0.014064100769
8992,0.240419329202
8993,0.077454010840
8994,0.018419815118
8995,0.025050331321
8996,0.019541973220
8997,0.013875546029
8998,0.091620619555
8999,0.153402250833
9000,0.088343765694
9001,0.083480884589
9002,0.069001277024
9003,0.022866677670
9004,0.047747082481
9005,0.025752112195
9006,0.097681472809
9007,0.247521437783
9008,0.121029721322
9009,0.012532502665
9010,0.013558595121
9011,0.031859840873
9012,0.025080839749
9013,0.017310267071
9014,0.027431107763
9015,0.018548087069
9016,0.028944795935
9017,0.012710954157
9018,0.018613059526
9019,0.014027949432
9020,0.018018325361
9021,0.028652907082
9022,0.073291788718
9023,0.056740932321
9024,0.130809907100
9025,0.012307147759
9026,0.119402117374
9027,0.255168458886
9028,0.021041260151
9029,0.012094862514
9030,0.016850442655
9031,0.016476972075
9032,0.022484064185
9033,0.029671601038
9034,0.026039584223
9035,0.034420555070
9036,0.015060987934
9037,0.015358237799
9038,0.079790903837
9039,0.042770255884
9040,0.015787731493
9041,0.067640239547
9042,0.018506012503
9043,0.018308868898
9044,0.016684527287
9045,0.106833421959
9046,0.034328590869
9047,0.048129391227
9048,0.011838271571
9049,0.018151753488
9050,0.030828623706
9051,0.013566666182
9052,0.101574182142
9053,0.013403009727
9054,0.019125330924
9055,0.159248374485
9056,0.053164071673
9057,0.065019928548
9058,0.057765958726
9059,0.082443112900
9060,0.019950752352
9061,0.013995512551
9062,0.081523390758
9063,0.016995446438
9064,0.070352718285
9065,0.015219973519
9066,0.119404695571
9067,0.021137278560
9068,0.033887709248
9069,0.038475138403
9070,0.031506162159
9071,0.022828757676
9072,0.016359649668
9073,0.021210890658
9074,0.020950876614
9075,0.013915129228
9076,0.018405219863
9077,0.030549575650
9078,0.016591298111
9079,0.019341488633
9080,0.032918003725
9081,0.064063662714
9082,0.031999399328
9083,0.013743460938
9084,0.140355836310
9085,0.021004265752
9086,0.030413913019
9087,0.026805035973
9088,0.012570845975
9089,0.017876522081
9090,0.024616614746
9091,0.056615401500
9092,0.025566247640
9093,0.029927140703
9094,0.023007018589
9095,0.024881947016
9096,0.044553220674
9097,0.115622593299
9098,0.154183382439
9099,0.018671012264
9100,0.083477193507
9101,0.027993925385
9102,0.032738678544
9103,0.065473817925
9104,0.039346454702
9105,0.043919486519
9106,0.052345123625
9107,0.013517148205
9108,0.099481580939
9109,0.062087401380
9110,0.013915789620
9111,0.108768652384
9112,0.035019042777
9113,0.081208480764
9114,0.058329786056
9115,0.249450252685
9116,0.331383429165
9117,0.016985531879
9118,0.259741619049
9119,0.044346608845
9120,0.179266368699
9121,0.083751169777
9122,0.119710166890
9123,0.054358350861
9124,0.021840976046
9125,0.066544621546
9126,0.017545560343
9127,0.027711548069
9128,0.015239694214
9129,0.021675229906
9130,0.148636886843
9131,0.043215194923
9132,0.657253597004
9133,0.136761192789
9134,0.067969964152
9135,0.040253162826
9136,0.107324026736
9137,0.045210449866
9138,0.025218099526
9139,0.043371830696
9140,0.019191501581
9141,0.020079823473
9142,0.047376522967
9143,0.104017361998
9144,0.129726961030
9145,0.473868595948
9146,0.475745651017
9147,0.045313389480
9148,0.063819972558
9149,0.318565068033
9150,0.149952461575
9151,0.053610925334
9152,0.042697210274
9153,0.046191813097
9154,0.068028990426
9155,0.033861101922
9156,0.419082506930
9157,0.102069983348
9158,0.244244280997
9159,0.510512814232
9160,0.098831772136
9161,0.016616646993
9162,0.466602711868
9163,0.016419843437
9164,0.065540605534
9165,0.299931853450
9166,0.045515891141
9167,0.046860423645
9168,0.049632720110
9169,0.042476518416
9170,0.010934900979
9171,0.036944775757
9172,0.077120804081
9173,0.117206123893
9174,0.039310794710
9175,0.024403739419
9176,0.302989794678
9177,0.349320230889
9178,0.049181956599
9179,0.027018191159
9180,0.051628917283
9181,0.042930022786
9182,0.046612447914
9183,0.032239247992
9184,0.040935443846
9185,0.046889299025
9186,0.096419387233
9187,0.052933047884
9188,0.122799812343
9189,0.033836118242
9190,0.328014849604
9191,0.046406990177
9192,0.030594415934
9193,0.028467551711
9194,0.019034782188
9195,0.019326682566
9196,0.016768799860
9197,0.025794178576
9198,0.020095117315
9199,0.448446725916
9200,0.070231918706
9201,0.068218577972
9202,0.401068655061
9203,0.308440795484
9204,0.071707881442
9205,0.051907990453
9206,0.021679807974
9207,0.029668162265
9208,0.019837003753
9209,0.032235488886
9210,0.013355505082
9211,0.073418150729
9212,0.058204868782
9213,0.098036913538
9214,0.340125120036
9215,0.420093385932
9216,0.021364043887
9217,0.044491801266
9218,0.048504173208
9219,0.019291965032
9220,0.015147268766
9221,0.025893348102
9222,0.042465173354
9223,0.030863611958
9224,0.176351687095
9225,0.020165115178
9226,0.048274057182
9227,0.020738743501
9228,0.055551602380
9229,0.113157999089
9230,0.519341801218
9231,0.051902075298
9232,0.060084897094
9233,0.024254308526
9234,0.031985914554
9235,0.063495130331
9236,0.059905275993
9237,0.023089555777
9238,0.029645397667
9239,0.104839204673
9240,0.137972259557
9241,0.085319735561
9242,0.193586767107
9243,0.060280609298
9244,0.025387413985
9245,0.033220019573
9246,0.030348714468
9247,0.039449781833
9248,0.076224987424
9249,0.072035336283
9250,0.223131466872
9251,0.033075223956
9252,0.066922552862
9253,0.043025281499
9254,0.026359850906
9255,0.021421897543
9256,0.030335561482
9257,0.044586191745
9258,0.081878264965
9259,0.022908056906
9260,0.029755090070
9261,0.079992185017
9262,0.171165620782
9263,0.189936065855
9264,0.054208881950
9265,0.055832660084
9266,0.040558351445
9267,0.078633624021
9268,0.052685122605
9269,0.020703012984
9270,0.024999504040
9271,0.030648903457
9272,0.146538812056
9273,0.034370161098
9274,0.022738158748
9275,0.030185789461
9276,0.077472488195
9277,0.069403171004
9278,0.215399908989
9279,0.155314783767
9280,0.217818015825
9281,0.061957386605
9282,0.055639219383
9283,0.025368049305
9284,0.057718747872
9285,0.041610926441
9286,0.099843280651
9287,0.050794118912
9288,0.626651175387
9289,0.107230342662
9290,0.023978239606
9291,0.017424491629
9292,0.101734816906
9293,0.038453672725
9294,0.049458218329
9295,0.023284232652
9296,0.015839197544
9297,0.060352320138
9298,0.019152586933
9299,0.023459851020
9300,0.028803749703
9301,0.085105777901
9302,0.042297664527
9303,0.092970789017
9304,0.060132691631
9305,0.110437180082
9306,0.220995661026
9307,0.355656382810
9308,0.084978141560
9309,0.035738852343
9310,0.089022713318
9311,0.024264018997
9312,0.035089963211
9313,0.020694688896
9314,0.076694632569
9315,0.059912352997
9316,0.114222177753
9317,0.067304228207
9318,0.108508378252
9319,0.047047745728
9320,0.061645421197
9321,0.030456512813
9322,0.027147796745
9323,0.021547169873
9324,0.127835854324
9325,0.028334886866
9326,0.056570915050
9327,0.017184808838
9328,0.020592941684
9329,0.050255604995
9330,0.067745461744
9331,0.081728994426
9332,0.208740038381
9333,0.106698158377
9334,0.181474553532
9335,0.126236590364
9336,0.143746335173
9337,0.023277956029
9338,0.100554725187
9339,0.017763053378
9340,0.050176070094
9341,0.053027465510
9342,0.087836962337
9343,0.025723947233
9344,0.024961147952
9345,0.061019468149
9346,0.055427477653
9347,0.051952325327
9348,0.073834535451
9349,0.034404397189
9350,0.068455537482
9351,0.027044207365
9352,0.019993202754
9353,0.021358277324
9354,0.072434687035
9355,0.018722878652
9356,0.039438924104
9357,0.067823023491
9358,0.064319477567
9359,0.143670184630
9360,0.407656442724
9361,0.125805749478
9362,0.122045235214
9363,0.074243957142
9364,0.090398693555
9365,0.091566219988
9366,0.091706179881
9367,0.061218653776
9368,0.017269583099
9369,0.024810307777
9370,0.283233436020
9371,0.076783139497
9372,0.065156772563
9373,0.046768798860
9374,0.071519819817
9375,0.024184319669
9376,0.029278600112
9377,0.025190592397
9378,0.056716937109
9379,0.158967840643
9380,0.065935849446
9381,0.048305227715
9382,0.128264265375
9383,0.645640344665
9384,0.101115707210
9385,0.023038286028
9386,0.223531665458
9387,0.066358751469
9388,0.253971353395
9389,0.264181586721
9390,0.082312961381
9391,0.016181261161
9392,0.061683579351
9393,0.087294249826
9394,0.160359408825
9395,0.062134303823
9396,0.217681272050
9397,0.072798396149
9398,0.061701438638
9399,0.018465321837
9400,0.024656901618
9401,0.049436085439
9402,0.060801069505
9403,0.028423637620
9404,0.143902119462
9405,0.154931380517
9406,0.152093785996
9407,0.093679706881
9408,0.040281275119
9409,0.110686555257
9410,0.232192466591
9411,0.248270826059
9412,0.063132928369
9413,0.014669322122
9414,0.064516954322
9415,0.029139834722
9416,0.018406102342
9417,0.072817218429
9418,0.503011058532
9419,0.026678328101
9420,0.089255424184
9421,0.378176743393
9422,0.176944063191
9423,0.017297704315
9424,0.016789739353
9425,0.015163612013
9426,0.017147753562
9427,0.037153312533
9428,0.062986658310
9429,0.154813621981
9430,0.231874702492
9431,0.114325238407
9432,0.105352282053
9433,0.255570991136
9434,0.227060230068
9435,0.126409390206
9436,0.234534111921
9437,0.355520227325
9438,0.085843456647
9439,0.026005902437
9440,0.051429472869
9441,0.090136115287
9442,0.060947825913
9443,0.269909400051
9444,0.873059775639
9445,0.012716745973
9446,0.083203017542
9447,0.384538834995
9448,0.015936381991
9449,0.049475474095
9450,0.260990435495
9451,0.014268098545
9452,0.050551303160
9453,0.082812537839
9454,0.031633937989
9455,0.046180294627
9456,0.011886431404
9457,0.305930135398
9458,0.074313365999
9459,0.096702202872
9460,0.253500912664
9461,0.158210487296
9462,0.247793399338
9463,0.368023583032
9464,0.256879415672
9465,0.037673078850
9466,0.202329833403
9467,0.214338441533
9468,0.210872325406
9469,0.808604950516
9470,0.348160301980
9471,0.289585491344
9472,0.031106336447
9473,0.113001366451
9474,0.019564137594
9475,0.081937380384
9476,0.029139495318
9477,0.020223881166
9478,0.015115617401
9479,0.013907012359
9480,0.057421830293
9481,0.017040983740
9482,0.023045148966
9483,0.026800741041
9484,0.090518074189
9485,0.129092954444
9486,0.101106450477
9487,0.110916822112
9488,0.090959039243
9489,0.161264283158
9490,0.218356074522
9491,0.024949462400
9492,0.120759068426
9493,0.238565654578
9494,0.030161586581
9495,0.086954848680
9496,0.878212057009
9497,0.897635696571
9498,0.563836113780
9499,0.012370506666
9500,0.027785376587
9501,0.021651391857
9502,0.050978974628
9503,0.394123008123
9504,0.071733570434
9505,0.017027306302
9506,0.042737341540
9507,0.014862102171
9508,0.061761177464
9509,0.069385879114
9510,0.063129191309
9511,0.021367879580
9512,0.374537131804
9513,0.027524110385
9514,0.056278746739
9515,0.129692963406
9516,0.105602887182
9517,0.065286041501
9518,0.068830256290
9519,0.230318136301
9520,0.214315243667
9521,0.308891657010
9522,0.092192364045
9523,0.127808807631
9524,0.914251333353
9525,0.854359019079
9526,0.570142221030
9527,0.022227790066
9528,0.107014228070
9529,0.023723433532
9530,0.011571698596
9531,0.273224760483
9532,0.071939498463
9533,0.247687974226
9534,0.056865866569
9535,0.068510366050
9536,0.027227353110
9537,0.084685247954
9538,0.124491642693
9539,0.171067229121
9540,0.105264790802
9541,0.488631027548
9542,0.292626990418
9543,0.179847243639
9544,0.157857984349
9545,0.105038422845
9546,0.067231083470
9547,0.122161338973
9548,0.053229337370
9549,0.046619394497
9550,0.020393985858
9551,0.120779513950
9552,0.201118135606
9553,0.052159269835
9554,0.094267708159
9555,0.031705945982
9556,0.859646539760
9557,0.972681284200
9558,0.920146980088
9559,0.095097480290
9560,0.043630776599
9561,0.220942271112
9562,0.020396551003
9563,0.266003845459
9564,0.027691629061
9565,0.013259300726
9566,0.020838955618
9567,0.023676049045
9568,0.059899862844
9569,0.110239976995
9570,0.071049096030
9571,0.381406098614
9572,0.702052181190
9573,0.085903847459
9574,0.113667678370
9575,0.152436838791
9576,0.192171494762
9577,0.073450216678
9578,0.326340680416
9579,0.113128270285
9580,0.030909110290
9581,0.075412648261
9582,0.090547805948
9583,0.098518471517
9584,0.058100371067
9585,0.031815857374
9586,0.379016151489
9587,0.365704236515
9588,0.225145487791
9589,0.074919744647
9590,0.036241409725
9591,0.155065920848
9592,0.083506530414
9593,0.267657285462
9594,0.029014377654
9595,0.039932479593
9596,0.039650572130
9597,0.019787082123
9598,0.023192444487
9599,0.059232964015
9600,0.049254155003
9601,0.339991488641
9602,0.675109049147
9603,0.385430258289
9604,0.278133101028
9605,0.117522183088
9606,0.188022744536
9607,0.227759375750
9608,0.550023578616
9609,0.102187537935
9610,0.035601225330
9611,0.049322609110
9612,0.031552911882
9613,0.201067485282
9614,0.154627624383
9615,0.093013415925
9616,0.299076108794
9617,0.191954057937
9618,0.254118857658
9619,0.967650230620
9620,0.110446414649
9621,0.211226149611
9622,0.206511192587
9623,0.026107170089
9624,0.066070493557
9625,0.488069679658
9626,0.077893730912
9627,0.042063084275
9628,0.055791946893
9629,0.063875282019
9630,0.219809072608
9631,0.400384723367
9632,0.272771958050
9633,0.575515005084
9634,0.430440339255
9635,0.172929765691
9636,0.224716871957
9637,0.349755955900
9638,0.020507972662
9639,0.025104188287
9640,0.198062486496
9641,0.078698542234
9642,0.062279380479
9643,0.423497426178
9644,0.253414385826
9645,0.053253636403
9646,0.558713857543
9647,0.346996876971
9648,0.012065108185
9649,0.070752467413
9650,0.126139695522
9651,0.082925881805
9652,0.054624257399
9653,0.017633521259
9654,0.019911362666
9655,0.033519513379
9656,0.061694915009
9657,0.100680260608
9658,0.124235107931
9659,0.134358652761
9660,0.446456425917
9661,0.757586213528
9662,0.474831329822
9663,0.390336560720
9664,0.599841341991
9665,0.104739884159
9666,0.021255897183
9667,0.052478031712
9668,0.057407755236
9669,0.190087202203
9670,0.236644262270
9671,0.065349430841
9672,0.032433693431
9673,0.076390037838
9674,0.210967878610
9675,0.026770243279
9676,0.014152033373
9677,0.036103814077
9678,0.118119253081
9679,0.022307149636
9680,0.018060815795
9681,0.039892619413
9682,0.028264813241
9683,0.016013619667
9684,0.041331745989
9685,0.091339497071
9686,0.060591124229
9687,0.086022261760
9688,0.248049337696
9689,0.273592977105
9690,0.351832549563
9691,0.769676200618
9692,0.602982121857
9693,0.382591972395
9694,0.102952063010
9695,0.030532903173
9696,0.017625338635
9697,0.059455755252
9698,0.109833531084
9699,0.018428217264
9700,0.035400856294
9701,0.782387567360
9702,0.064381346279
9703,0.021344698432
9704,0.201163023153
9705,0.055678688201
9706,0.200896960255
9707,0.066726673054
9708,0.023505970467
9709,0.054565516343
9710,0.022283768431
9711,0.017739310312
9712,0.035239780484
9713,0.092995450129
9714,0.121914630332
9715,0.573169574775
9716,0.370538707123
9717,0.225268236764
9718,0.866027894152
9719,0.450098440862
9720,0.483910354596
9721,0.137704206149
9722,0.035695122823
9723,0.027274430162
9724,0.053983476334
9725,0.053310935587
9726,0.019253764521
9727,0.032173467678
9728,0.074043366219
9729,0.433289193682
9730,0.217299999223
9731,0.350429476193
9732,0.046523171830
9733,0.097784562725
9734,0.135811122890
9735,0.134450440902
9736,0.146615471666
9737,0.037864206628
9738,0.033227967358
9739,0.048232085777
9740,0.152983229681
9741,0.653992275117
9742,0.344888048934
9743,0.552001428492
9744,0.236764503117
9745,0.370342338911
9746,0.154342045060
9747,0.092495976721
9748,0.030882010765
9749,0.034255411017
9750,0.018562325190
9751,0.014917065508
9752,0.064858661433
9753,0.032590479349
9754,0.107063698792
9755,0.159239813630
9756,0.074854935596
9757,0.257346436372
9758,0.030805296940
9759,0.075116840398
9760,0.017905417077
9761,0.234935312932
9762,0.059103668284
9763,0.017242111302
9764,0.020542792579
9765,0.108500698481
9766,0.166793823740
9767,0.050532151494
9768,0.013329266955
9769,0.218532755229
9770,0.245932593415
9771,0.082654293905
9772,0.098105632285
9773,0.105466626017
9774,0.091978900423
9775,0.060787203281
9776,0.117692100629
9777,0.119573280278
9778,0.050359336177
9779,0.020416417360
9780,0.223003417564
9781,0.018930841608
9782,0.018466705245
9783,0.020439026687
9784,0.091593341767
9785,0.045173587894
9786,0.041832389001
9787,0.121823259992
9788,0.053880770487
9789,0.073658266974
9790,0.015965214047
9791,0.068885745487
9792,0.223798460170
9793,0.353686704091
9794,0.444898120023
9795,0.072372907747
9796,0.016366886609
9797,0.021537178613
9798,0.022173514880
9799,0.028141732280
9800,0.088335484576
9801,0.020682483899
9802,0.064949993259
9803,0.128115445359
9804,0.019315352480
9805,0.034005583470
9806,0.022871290677
9807,0.025077026153
9808,0.021684013342
9809,0.020382213846
9810,0.027826901888
9811,0.084569181607
9812,0.103531779204
9813,0.376988224479
9814,0.019798655069
9815,0.026531390160
9816,0.064421080124
9817,0.068099216756
9818,0.109446087740
9819,0.293084400200
9820,0.069896257766
9821,0.017943246589
9822,0.206830331894
9823,0.035495255097
9824,0.076157663631
9825,0.122629842640
9826,0.046376267557
9827,0.017224698173
9828,0.024357800388
9829,0.021463512977
9830,0.189689524777
9831,0.017747201730
9832,0.032384518328
9833,0.147249632820
9834,0.072416646011
9835,0.053577008910
9836,0.023215338032
9837,0.037921325390
9838,0.080558757727
9839,0.343482759734
9840,0.035935423500
9841,0.015447482273
9842,0.023243695691
9843,0.054739193168
9844,0.068645055875
9845,0.222342980217
9846,0.079664938267
9847,0.240008061576
9848,0.098950085607
9849,0.036047766724
9850,0.036369488609
9851,0.046454011284
9852,0.034839917884
9853,0.254975843859
9854,0.020560158387
9855,0.123351316567
9856,0.027478889286
9857,0.119748551964
9858,0.052550348128
9859,0.018130844972
9860,0.019550771235
9861,0.345717832904
9862,0.648433358762
9863,0.219836284572
9864,0.065467187386
9865,0.018977604911
9866,0.068283800665
9867,0.037053686472
9868,0.037405217467
9869,0.088742265998
9870,0.079692536663
9871,0.072042039371
9872,0.836532670916
9873,0.023807484012
9874,0.076334670978
9875,0.066725482891
9876,0.079860033993
9877,0.021230312923
9878,0.037713317230
9879,0.126368854429
9880,0.335436970591
9881,0.069318477323
9882,0.208766377098
9883,0.032370749240
9884,0.040052082704
9885,0.015405380656
9886,0.025068503781
9887,0.093489798148
9888,0.028937613298
9889,0.028480648462
9890,0.061973046485
9891,0.049521043689
9892,0.024276924274
9893,0.057312447296
9894,0.018674379072
9895,0.117182117851
9896,0.041881814840
9897,0.036619803902
9898,0.022636402343
9899,0.041946031063
9900,0.084380996687
9901,0.084874643535
9902,0.059616341588
9903,0.585825402338
9904,0.066831890695
9905,0.097215477027
9906,0.045551420510
9907,0.049730566005
9908,0.058094207066
9909,0.026232577331
9910,0.400038938213
9911,0.036252843730
9912,0.012417128453
9913,0.011942462908
9914,0.054359324967
9915,0.107792488598
9916,0.016420316273
9917,0.015769250605
9918,0.111240897981
9919,0.054915868151
9920,0.029664915133
9921,0.041872616279
9922,0.369693465317
9923,0.027401378826
9924,0.031913745775
9925,0.024813706825
9926,0.019053560469
9927,0.054360376593
9928,0.052264762282
9929,0.013033183748
9930,0.228960109307
9931,0.076158310089
9932,0.019901259947
9933,0.018793334546
9934,0.014294514125
9935,0.090882533302
9936,0.130002248189
9937,0.095428167298
9938,0.083353095108
9939,0.066677704755
9940,0.025151021525
9941,0.038998212501
9942,0.097024409413
9943,0.245181144853
9944,0.128591430982
9945,0.014560486249
9946,0.034188245307
9947,0.026693879008
9948,0.026984162129
9949,0.019019791057
9950,0.026867368018
9951,0.013223811289
9952,0.013156641717
9953,0.022486413993
9954,0.014159329563
9955,0.028480476197
9956,0.069098551612
9957,0.053071403296
9958,0.133761557024
9959,0.017299344939
9960,0.015953878186
9961,0.201889394143
9962,0.165418939175
9963,0.019059339255
9964,0.016266598455
9965,0.023477519103
9966,0.027708000259
9967,0.017164348603
9968,0.014403495720
9969,0.022732180534
9970,0.031248229695
9971,0.026061422159
9972,0.038968441121
9973,0.015551103402
9974,0.015579050996
9975,0.018487859916
9976,0.024921308284
9977,0.042556879153
9978,0.058837631702
9979,0.017560002673
9980,0.018268702854
9981,0.112876314466
9982,0.033316699178
9983,0.051363418821
9984,0.027593043814
9985,0.012763122045
9986,0.101150635443
9987,0.019643550039
9988,0.022413693199
9989,0.156989052767
9990,0.057219562010
9991,0.069698596472
9992,0.064681553364
9993,0.020885217906
9994,0.081086296419
9995,0.020324129272
9996,0.014131421417
9997,0.012072550360
9998,0.085212830759
9999,0.065538088586
10000,0.015710448276
10001,0.119756618141
10002,0.022578565758
10003,0.029113351729
10004,0.042535177634
10005,0.029741880912
10006,0.027763878968
10007,0.021077261368
10008,0.018941733813
10009,0.016438755333
10010,0.034469287175
10011,0.017159179728
10012,0.019304208073
10013,0.033142828472
10014,0.066596695132
10015,0.032633447691
10016,0.150606855810
10017,0.022585524312
10018,0.032825957944
10019,0.012315759362
10020,0.017203781212
10021,0.026071253943
10022,0.055791268624
10023,0.024133920331
10024,0.017219301291
10025,0.029625753544
10026,0.024005610368
10027,0.011547400658
10028,0.045447005003
10029,0.114092050545
10030,0.140782339534
10031,0.094336513901
10032,0.018435843907
10033,0.031657118756
10034,0.026511550390
10035,0.194660808045
10036,0.057810504305
10037,0.040324743450
10038,0.046443843626
10039,0.064681309824
10040,0.059110020109
10041,0.106732216139
10042,0.063198794177
10043,0.051864486453
10044,0.034855043628
10045,0.107281176265
10046,0.084019814883
10047,0.053473731937
10048,0.330745289515
10049,0.327165214718
10050,0.025511800048
10051,0.030409948832
10052,0.057827298245
10053,0.020571205416
10054,0.258603545147
10055,0.043167777448
10056,0.254842248127
10057,0.083384578685
10058,0.225486326612
10059,0.056262447179
10060,0.022215057907
10061,0.054634905191
10062,0.026034219460
10063,0.016328896813
10064,0.129142976616
10065,0.046297142062
10066,0.686019075015
10067,0.222287614173
10068,0.061089974286
10069,0.040303414672
10070,0.234515163908
10071,0.041587416575
10072,0.013856710062
10073,0.040708753851
10074,0.034767626571
10075,0.022413493557
10076,0.045618929660
10077,0.103629986905
10078,0.246183373352
10079,0.511993294465
10080,0.490695006390
10081,0.053478674567
10082,0.119549350877
10083,0.239661807346
10084,0.017443059662
10085,0.024714493006
10086,0.050426397208
10087,0.047241898238
10088,0.018125167319
10089,0.082078297024
10090,0.426505062742
10091,0.101663470004
10092,0.249636133096
10093,0.493754914825
10094,0.108558323351
10095,0.021281136675
10096,0.465683402714
10097,0.064458232353
10098,0.295359054494
10099,0.045567184734
10100,0.048916101934
10101,0.050820963058
10102,0.053946002760
10103,0.037450942060
10104,0.203351901858
10105,0.120080965175
10106,0.077052849157
10107,0.038163068122
10108,0.196428199455
10109,0.278934015559
10110,0.052316001670
10111,0.029877096863
10112,0.047187945273
10113,0.041383453014
10114,0.043878111877
10115,0.029651481934
10116,0.030758222595
10117,0.044235800978
10118,0.100173878509
10119,0.032731030276
10120,0.063350575002
10121,0.131437782910
10122,0.046266986780
10123,0.253869399361
10124,0.025220086383
10125,0.043815997355
10126,0.030193867963
10127,0.031413480591
10128,0.019302426323
10129,0.017999632655
10130,0.021267120467
10131,0.452173921757
10132,0.084503844493
10133,0.066224474878
10134,0.402854692056
10135,0.308142307256
10136,0.072062264868
10137,0.045641015037
10138,0.020619899277
10139,0.023985445020
10140,0.028493448350
10141,0.013772106025
10142,0.035079591551
10143,0.013620571158
10144,0.020377440001
10145,0.076532947280
10146,0.069496177218
10147,0.094387833169
10148,0.247768406366
10149,0.426198838976
10150,0.021389903372
10151,0.047064635153
10152,0.049251498332
10153,0.019692168395
10154,0.018011766927
10155,0.025486087965
10156,0.038468286941
10157,0.034271349861
10158,0.253766936189
10159,0.018702201838
10160,0.043358923794
10161,0.067146783303
10162,0.028309839501
10163,0.119997673105
10164,0.485426149693
10165,0.051811768804
10166,0.055607252252
10167,0.023375073427
10168,0.030440340610
10169,0.060949982387
10170,0.063421963482
10171,0.019621690226
10172,0.027881335413
10173,0.018332145075
10174,0.105686746400
10175,0.133302139570
10176,0.082573605885
10177,0.065623889846
10178,0.051946084067
10179,0.020829815742
10180,0.033251466071
10181,0.032640347673
10182,0.037212295239
10183,0.083568521743
10184,0.073636489287
10185,0.224000362983
10186,0.031918158624
10187,0.067375609790
10188,0.040429118341
10189,0.024874766518
10190,0.022586496307
10191,0.029302647145
10192,0.046411526802
10193,0.013253432571
10194,0.081623276375
10195,0.029181074054
10196,0.082437245194
10197,0.259754925109
10198,0.263249089553
10199,0.056349316094
10200,0.048175379109
10201,0.036245617529
10202,0.083095708117
10203,0.059407591644
10204,0.020537372812
10205,0.029841966437
10206,0.155265035053
10207,0.036817710486
10208,0.024225311138
10209,0.030346235971
10210,0.077706535323
10211,0.068941926364
10212,0.216135924545
10213,0.220157261459
10214,0.220553355160
10215,0.065596088355
10216,0.057289070345
10217,0.025902292162
10218,0.057578350610
10219,0.050644985900
10220,0.102504976537
10221,0.052557147896
10222,0.611832680358
10223,0.118775810102
10224,0.024229988645
10225,0.101350153724
10226,0.038199145217
10227,0.051742802095
10228,0.015547781482
10229,0.055231670798
10230,0.023905484536
10231,0.020209471784
10232,0.023678749598
10233,0.029083066154
10234,0.092809254935
10235,0.045193616380
10236,0.093988122500
10237,0.062803285319
10238,0.106027683451
10239,0.323574421955
10240,0.361382472537
10241,0.090279831606
10242,0.035581361948
10243,0.087119213637
10244,0.023807200608
10245,0.037717308336
10246,0.013586268761
10247,0.015546059818
10248,0.073282583259
10249,0.054465899046
10250,0.116093931575
10251,0.060440129722
10252,0.098498757781
10253,0.046200149116
10254,0.064982638193
10255,0.028096610464
10256,0.027077687225
10257,0.021136065593
10258,0.126119211612
10259,0.016298358944
10260,0.029018854491
10261,0.050626261927
10262,0.019152414656
10263,0.018489031837
10264,0.048650158841
10265,0.069669689851
10266,0.083059201329
10267,0.128006328733
10268,0.108077597312
10269,0.177797468729
10270,0.134470895366
10271,0.142472421355
10272,0.025119274761
10273,0.099378029194
10274,0.018146580681
10275,0.051875465754
10276,0.016450378301
10277,0.057219164098
10278,0.100996355614
10279,0.027011093496
10280,0.026055800577
10281,0.059580079640
10282,0.051956340236
10283,0.016024778187
10284,0.053797935839
10285,0.069604141762
10286,0.032408349819
10287,0.067119699557
10288,0.017063754889
10289,0.023652668843
10290,0.019371469952
10291,0.074449627055
10292,0.020818043289
10293,0.040933574083
10294,0.076918303570
10295,0.064357763577
10296,0.145840967344
10297,0.416322924610
10298,0.128342582317
10299,0.118699074796
10300,0.074810302128
10301,0.086157579462
10302,0.089344161106
10303,0.089892117098
10304,0.061076602635
10305,0.024746999865
10306,0.358931343923
10307,0.082616654748
10308,0.073090029790
10309,0.046427270250
10310,0.074801197322
10311,0.025452760939
10312,0.029635953343
10313,0.014523820715
10314,0.024517895146
10315,0.055026599391
10316,0.269901788478
10317,0.068434595735
10318,0.051211244864
10319,0.130792561919
10320,0.686803800212
10321,0.105066983485
10322,0.025377252466
10323,0.139478909226
10324,0.070682152161
10325,0.239178846681
10326,0.265765024758
10327,0.083063975617
10328,0.018626784686
10329,0.061698245802
10330,0.094002983744
10331,0.211609349116
10332,0.061261681543
10333,0.151740139670
10334,0.071119422522
10335,0.051755484549
10336,0.017351269738
10337,0.021125720168
10338,0.025418990631
10339,0.053594243594
10340,0.064907588139
10341,0.028702811844
10342,0.140707064636
10343,0.154886287728
10344,0.152162707638
10345,0.096289144309
10346,0.039366435465
10347,0.108521270010
10348,0.235519814995
10349,0.255122808037
10350,0.064011272728
10351,0.014696447984
10352,0.065385559964
10353,0.024729489210
10354,0.017643641106
10355,0.073580562497
10356,0.511965762939
10357,0.027744040879
10358,0.093206513903
10359,0.372130170514
10360,0.240814884478
10361,0.020083097695
10362,0.014493344227
10363,0.039638545055
10364,0.067900047944
10365,0.156885961029
10366,0.234016572263
10367,0.112633855149
10368,0.109421517557
10369,0.241713605250
10370,0.162899747587
10371,0.135208751407
10372,0.234778028295
10373,0.349807902319
10374,0.079140203791
10375,0.015331510649
10376,0.025793252626
10377,0.049393264550
10378,0.085909601327
10379,0.059264620194
10380,0.198655215314
10381,0.898491805756
10382,0.012878627424
10383,0.081490646888
10384,0.363092993149
10385,0.017580627126
10386,0.047772632476
10387,0.262967144973
10388,0.021125513264
10389,0.017028431453
10390,0.050549550664
10391,0.087786065444
10392,0.032179780181
10393,0.047644453714
10394,0.422327664083
10395,0.075553815912
10396,0.097374415168
10397,0.254231757198
10398,0.164056334344
10399,0.251902973863
10400,0.367477663195
10401,0.254561715693
10402,0.037997450023
10403,0.328961430410
10404,0.217384620086
10405,0.211909189619
10406,0.855154017058
10407,0.316913238127
10408,0.372014705653
10409,0.028375653763
10410,0.111160563074
10411,0.019642183393
10412,0.081744072988
10413,0.023586009273
10414,0.024510128523
10415,0.013741376869
10416,0.059215179800
10417,0.014903442967
10418,0.022446032331
10419,0.028742925934
10420,0.093043575988
10421,0.132349884721
10422,0.101239063322
10423,0.113395399684
10424,0.092530110460
10425,0.229831823497
10426,0.120017500701
10427,0.026634502604
10428,0.108479252359
10429,0.241339109550
10430,0.030026409011
10431,0.082277475755
10432,0.912676137738
10433,0.924463899222
10434,0.578429695426
10435,0.012409588145
10436,0.024272997707
10437,0.020032202355
10438,0.049180350263
10439,0.373471056138
10440,0.066303561521
10441,0.042919011093
10442,0.016586381431
10443,0.062237504168
10444,0.076867708142
10445,0.066156799518
10446,0.026173620234
10447,0.375486025688
10448,0.032163540521
10449,0.058457734159
10450,0.132066251580
10451,0.111538380346
10452,0.065279347562
10453,0.068163787723
10454,0.227920975527
10455,0.218230000245
10456,0.014475563832
10457,0.032541641067
10458,0.306566317724
10459,0.090575349565
10460,0.131360803134
10461,0.931748401360
10462,0.854201654010
10463,0.580986961908
10464,0.022043688448
10465,0.101767383269
10466,0.025826145358
10467,0.168465544264
10468,0.060595202921
10469,0.242064621054
10470,0.058496506969
10471,0.071343844939
10472,0.026512253099
10473,0.092322959271
10474,0.136941958395
10475,0.180494885775
10476,0.113177389571
10477,0.522592517492
10478,0.434413643802
10479,0.238290047706
10480,0.154217038225
10481,0.105670152083
10482,0.067806181841
10483,0.133753465755
10484,0.055568522129
10485,0.049385303981
10486,0.115713328329
10487,0.200736233552
10488,0.051488656859
10489,0.102340266273
10490,0.030437842350
10491,0.881022808773
10492,0.972753255144
10493,0.930854525340
10494,0.100815253462
10495,0.041923890409
10496,0.225593611019
10497,0.272596779598
10498,0.028010065911
10499,0.022976391063
10500,0.023843741562
10501,0.060110932195
10502,0.109248585513
10503,0.070914603641
10504,0.402893579578
10505,0.778219037496
10506,0.093150147906
10507,0.115290050253
10508,0.146580512817
10509,0.183839007188
10510,0.073920541235
10511,0.329010122402
10512,0.121041220157
10513,0.033422195599
10514,0.066906275734
10515,0.092351730047
10516,0.095968531814
10517,0.062544455820
10518,0.030120271336
10519,0.368780507532
10520,0.373807243387
10521,0.216995477749
10522,0.076054974315
10523,0.038541930369
10524,0.154712329215
10525,0.075447000148
10526,0.343119271282
10527,0.031181494614
10528,0.039492806147
10529,0.042250262464
10530,0.025961022361
10531,0.066902056903
10532,0.052126952715
10533,0.336315367500
10534,0.640913067521
10535,0.433954709664
10536,0.277525875500
10537,0.127718651833
10538,0.238088931193
10539,0.153357570111
10540,0.558670958219
10541,0.105449568224
10542,0.034303548183
10543,0.045788758445
10544,0.030115074766
10545,0.141106259026
10546,0.142831187116
10547,0.104138183488
10548,0.291921745401
10549,0.351068569601
10550,0.245578795148
10551,0.967747069616
10552,0.191009615527
10553,0.211702763321
10554,0.217464958821
10555,0.058899990045
10556,0.303696805861
10557,0.082974417319
10558,0.048346344773
10559,0.053787700308
10560,0.066547376690
10561,0.225873331037
10562,0.449058129921
10563,0.346588066970
10564,0.569287480688
10565,0.451883915382
10566,0.164020003502
10567,0.222639245895
10568,0.253344109942
10569,0.023635727186
10570,0.126658662218
10571,0.077295139869
10572,0.059046284191
10573,0.410123905928
10574,0.193977347429
10575,0.055260169419
10576,0.553497884261
10577,0.361523963194
10578,0.011988256646
10579,0.071196455839
10580,0.126284703660
10581,0.085552950780
10582,0.020868433815
10583,0.037148803788
10584,0.058278733373
10585,0.104540556426
10586,0.123026562500
10587,0.216446066432
10588,0.434679060646
10589,0.791582488952
10590,0.477213182886
10591,0.367807505925
10592,0.580661625242
10593,0.106712443041
10594,0.019671350530
10595,0.050943808293
10596,0.060467674251
10597,0.119418238132
10598,0.232722905311
10599,0.063100294304
10600,0.036620827474
10601,0.075974204351
10602,0.158817776761
10603,0.027071184740
10604,0.033352325737
10605,0.108780007307
10606,0.023743734226
10607,0.016988178426
10608,0.040438516179
10609,0.026224215915
10610,0.016505045933
10611,0.041882634245
10612,0.094155911532
10613,0.063158874583
10614,0.084999291647
10615,0.334500099479
10616,0.264897144632
10617,0.344192929716
10618,0.711596813831
10619,0.630790864928
10620,0.383961687481
10621,0.095011969693
10622,0.012546180084
10623,0.019971457010
10624,0.061592833759
10625,0.109649555851
10626,0.019832621245
10627,0.015720514695
10628,0.036240706981
10629,0.762347763677
10630,0.059205837150
10631,0.022756159626
10632,0.201222870988
10633,0.056800529819
10634,0.085955566208
10635,0.053841860278
10636,0.061141532531
10637,0.020785540931
10638,0.052576477937
10639,0.021027548282
10640,0.019235498082
10641,0.038046261587
10642,0.097915861948
10643,0.122317882254
10644,0.585294856242
10645,0.366601447521
10646,0.161307341885
10647,0.916829641087
10648,0.460116181386
10649,0.506157521173
10650,0.249172491390
10651,0.040818497639
10652,0.029243989510
10653,0.027822375338
10654,0.054245597092
10655,0.055163141193
10656,0.031725332993
10657,0.064536319682
10658,0.481460688850
10659,0.127875424353
10660,0.340078200185
10661,0.196504188988
10662,0.095265908798
10663,0.140492610241
10664,0.133874603128
10665,0.149166721238
10666,0.042995569916
10667,0.032807835480
10668,0.048923810662
10669,0.157712260449
10670,0.698971458709
10671,0.348425801798
10672,0.551757474812
10673,0.335488598175
10674,0.290196473256
10675,0.147017616661
10676,0.096592287937
10677,0.032622729460
10678,0.030965035430
10679,0.061525147814
10680,0.031261213926
10681,0.115277283537
10682,0.163125631350
10683,0.067974517922
10684,0.344008303109
10685,0.032389221638
10686,0.071077680552
10687,0.017892491929
10688,0.237217346408
10689,0.054099757879
10690,0.112363975827
10691,0.161005910866
10692,0.050311447731
10693,0.224403702385
10694,0.243099771710
10695,0.078807912117
10696,0.102779361413
10697,0.026594665348
10698,0.095506655147
10699,0.091995147267
10700,0.069391289315
10701,0.116242177720
10702,0.122600370377
10703,0.047024652152
10704,0.019430028416
10705,0.223423352137
10706,0.019053484568
10707,0.018427141229
10708,0.020884036677
10709,0.094548356794
10710,0.013543909313
10711,0.045943942845
10712,0.039448574599
10713,0.135066198292
10714,0.050400011759
10715,0.075557523929
10716,0.016503962668
10717,0.072154599945
10718,0.165619517956
10719,0.353834367421
10720,0.487803497241
10721,0.070054906440
10722,0.016250057751
10723,0.015735590092
10724,0.025515535196
10725,0.030463542516
10726,0.085302094669
10727,0.020897244819
10728,0.071888109467
10729,0.120089989975
10730,0.019313334886
10731,0.040800259695
10732,0.021055761107
10733,0.026843021181
10734,0.022465364464
10735,0.034522250882
10736,0.090220584492
10737,0.102843222074
10738,0.356141519746
10739,0.021023015592
10740,0.024917239187
10741,0.201823764822
10742,0.067937117708
10743,0.110140219853
10744,0.389264733256
10745,0.074434770668
10746,0.018155092287
10747,0.117359621049
10748,0.036749387701
10749,0.023563522146
10750,0.081757347290
10751,0.112619163448
10752,0.047039720205
10753,0.018008133354
10754,0.015879897518
10755,0.023225350068
10756,0.018782274560
10757,0.192623462599
10758,0.015866135068
10759,0.031566372174
10760,0.150382037542
10761,0.071098824702
10762,0.054774594836
10763,0.025255960016
10764,0.038862913860
10765,0.080346563070
10766,0.277113278286
10767,0.040434453219
10768,0.011473986826
10769,0.017410699651
10770,0.024214539558
10771,0.054055036551
10772,0.064667999298
10773,0.218308789084
10774,0.081004576937
10775,0.239316619104
10776,0.100199688558
10777,0.032138967573
10778,0.038228265218
10779,0.049240752752
10780,0.039945465834
10781,0.337397207927
10782,0.130541885170
10783,0.029170919144
10784,0.127724836763
10785,0.055874931619
10786,0.021138472895
10787,0.021699987443
10788,0.346180643764
10789,0.662753558996
10790,0.224164825634
10791,0.066706367634
10792,0.059607946504
10793,0.040135137582
10794,0.038326971175
10795,0.078461937634
10796,0.078823994816
10797,0.072446012528
10798,0.895325199637
10799,0.025026774497
10800,0.074651990378
10801,0.066923932989
10802,0.075021521346
10803,0.019683318836
10804,0.035533006539
10805,0.120418870634
10806,0.423315947513
10807,0.069600473995
10808,0.124761728855
10809,0.033830855379
10810,0.039203798237
10811,0.025642187971
10812,0.098537070308
10813,0.028710430404
10814,0.026714268555
10815,0.058024163985
10816,0.049476206875
10817,0.058707411598
10818,0.019785746556
10819,0.117880716512
10820,0.042281619698
10821,0.035666308045
10822,0.022945109338
10823,0.040883643695
10824,0.082042503883
10825,0.071833272503
10826,0.027224975877
10827,0.030275772392
10828,0.062728129904
10829,0.696958642820
10830,0.075309701297
10831,0.091285502820
10832,0.048955177659
10833,0.042850658151
10834,0.050704087326
10835,0.056395710096
10836,0.018215338958
10837,0.027097827463
10838,0.388183726819
10839,0.039549398773
10840,0.012345014648
10841,0.053722322889
10842,0.103367854378
10843,0.117451327499
10844,0.057948453632
10845,0.026998469208
10846,0.040236760605
10847,0.350340765256
10848,0.027183323759
10849,0.023263709447
10850,0.017997775980
10851,0.050745802544
10852,0.050701739786
10853,0.013566713517
10854,0.142489138187
10855,0.078784863780
10856,0.012730955818
10857,0.023556770762
10858,0.084921557894
10859,0.140283897117
10860,0.090843099001
10861,0.088386847266
10862,0.066443521320
10863,0.024857004898
10864,0.041940539129
10865,0.091821406479
10866,0.173135114732
10867,0.129141931662
10868,0.013423655321
10869,0.015627851772
10870,0.023442921574
10871,0.016355777220
10872,0.027022997939
10873,0.018529800059
10874,0.027373311925
10875,0.012572204033
10876,0.014011694415
10877,0.015324905357
10878,0.022688327751
10879,0.015352862050
10880,0.026182996324
10881,0.070867392338
10882,0.052870666560
10883,0.128175202063
10884,0.014008971329
10885,0.017746051129
10886,0.123455521820
10887,0.255856414592
10888,0.021094695348
10889,0.012923544722
10890,0.027179660542
10891,0.015937314158
10892,0.015537247754
10893,0.022947847049
10894,0.031406185695
10895,0.014163097152
10896,0.026592169421
10897,0.038157431111
10898,0.018978731669
10899,0.015424961731
10900,0.014832180147
10901,0.081395104608
10902,0.025521892352
10903,0.042345478722
10904,0.055268131376
10905,0.017881919511
10906,0.116395850185
10907,0.033035713082
10908,0.053882395975
10909,0.013855607969
10910,0.011874333772
10911,0.029181999750
10912,0.016392735579
10913,0.089750476790
10914,0.022896778070
10915,0.013365419376
10916,0.013435673430
10917,0.015199177544
10918,0.017929083254
10919,0.254660122292
10920,0.058617889174
10921,0.062788996316
10922,0.063621446941
10923,0.020399702613
10924,0.011844559365
10925,0.015319389139
10926,0.079286464374
10927,0.021518441119
10928,0.014888737344
10929,0.084849456551
10930,0.018643954583
10931,0.071943303150
10932,0.016959317847
10933,0.210224990432
10934,0.021203044585
10935,0.026634557787
10936,0.030008680826
10937,0.026245758435
10938,0.013826518855
10939,0.019294055237
10940,0.018861106889
10941,0.014713272882
10942,0.017783263967
10943,0.035355704151
10944,0.016960400877
10945,0.038019183023
10946,0.064771376713
10947,0.031102235116
10948,0.223818912832
10949,0.019739496891
10950,0.031164920754
10951,0.012772047302
10952,0.016856325491
10953,0.024020377837
10954,0.063457739490
10955,0.022872234123
10956,0.030583869697
10957,0.020777091416
10958,0.012802631452
10959,0.015799021056
10960,0.025316827133
10961,0.045013550713
10962,0.115746130975
10963,0.134797973029
10964,0.087291743364
10965,0.032510528336
10966,0.060667454359
10967,0.041074857996
10968,0.053536753071
10969,0.039653889638
10970,0.054621842982
10971,0.050057433215
10972,0.064494900255
10973,0.056369148227
10974,0.094831364403
10975,0.057787161511
10976,0.047270015571
10977,0.037778857959
10978,0.110409660368
10979,0.079541445164
10980,0.057871101998
10981,0.242553960361
10982,0.325069415007
10983,0.026994673488
10984,0.060154164180
10985,0.017098351793
10986,0.274791185771
10987,0.050125045258
10988,0.182016581854
10989,0.077800605151
10990,0.116075258977
10991,0.057894622965
10992,0.026950329206
10993,0.022433371999
10994,0.030772614126
10995,0.132577272241
10996,0.053360548928
10997,0.676830042669
10998,0.228697473929
10999,0.040446447527
11000,0.232488682407
11001,0.047096218635
11002,0.026301176175
11003,0.026551803795
11004,0.045800916636
11005,0.037705668394
11006,0.019703307614
11007,0.019497724301
11008,0.055372822388
11009,0.105098320673
11010,0.117478849700
11011,0.533153471854
11012,0.465617533916
11013,0.044589733960
11014,0.061690586907
11015,0.026647711533
11016,0.219229465196
11017,0.157865788910
11018,0.016894235155
11019,0.052393929638
11020,0.045317218800
11021,0.051749603503
11022,0.075175027768
11023,0.429066192154
11024,0.092604795608
11025,0.252492479375
11026,0.504961977938
11027,0.117379995731
11028,0.480580749493
11029,0.062705752712
11030,0.473461088023
11031,0.041193322327
11032,0.048787320893
11033,0.042157353489
11034,0.050623678120
11035,0.036407398329
11036,0.086553087271
11037,0.116819891911
11038,0.085746535154
11039,0.052382480622
11040,0.265011770393
11041,0.050117594030
11042,0.031516376435
11043,0.049550317828
11044,0.059913510529
11045,0.031286731342
11046,0.028255986583
11047,0.013401363849
11048,0.045042585204
11049,0.092272402485
11050,0.032928711569
11051,0.064086329339
11052,0.215095617127
11053,0.178905007691
11054,0.027391318309
11055,0.045890963037
11056,0.066111894730
11057,0.033787776906
11058,0.026907860250
11059,0.017419545637
11060,0.460914662856
11061,0.095464625548
11062,0.066601725310
11063,0.297868418191
11064,0.420196765617
11065,0.068420812741
11066,0.042573016838
11067,0.024319262093
11068,0.031345475487
11069,0.013387992524
11070,0.035296232421
11071,0.018225592035
11072,0.086151463922
11073,0.070235716767
11074,0.098519593665
11075,0.172170352061
11076,0.411384113624
11077,0.012392076421
11078,0.207062270834
11079,0.050616175673
11080,0.018676725439
11081,0.019807952725
11082,0.020113084868
11083,0.038402751383
11084,0.033623193805
11085,0.260719420034
11086,0.020591913397
11087,0.038719388372
11088,0.015472179304
11089,0.018924381109
11090,0.047744912024
11091,0.033268169544
11092,0.115959912498
11093,0.491770459516
11094,0.053164820384
11095,0.054782560995
11096,0.025219090069
11097,0.032073900269
11098,0.062050128904
11099,0.060655617064
11100,0.016735530173
11101,0.022706802554
11102,0.027612053122
11103,0.017639621910
11104,0.099364604951
11105,0.133678836813
11106,0.077446162145
11107,0.063164776941
11108,0.051317787221
11109,0.022853511404
11110,0.035048056919
11111,0.034766024109
11112,0.039555392574
11113,0.092727576900
11114,0.070770578168
11115,0.147059609395
11116,0.030637954800
11117,0.067553951151
11118,0.040106930187
11119,0.026939041653
11120,0.029787177672
11121,0.046608043319
11122,0.029010760668
11123,0.078762660888
11124,0.177788301961
11125,0.266860623000
11126,0.050526222749
11127,0.049740294143
11128,0.035184246287
11129,0.070770117622
11130,0.045318409403
11131,0.021368018890
11132,0.062025979977
11133,0.027801181246
11134,0.224016336439
11135,0.036747654232
11136,0.023559261357
11137,0.033639960170
11138,0.075731476940
11139,0.070404446061
11140,0.212353105977
11141,0.224876811993
11142,0.223984522172
11143,0.063278325164
11144,0.060546926281
11145,0.026847745064
11146,0.057551467726
11147,0.045044126454
11148,0.016841193648
11149,0.096268628800
11150,0.049939435173
11151,0.610237320737
11152,0.117955220450
11153,0.024831955338
11154,0.017994104984
11155,0.101110472948
11156,0.034819604708
11157,0.050099079132
11158,0.023439329516
11159,0.015518368446
11160,0.064354911994
11161,0.018282825486
11162,0.025507237864
11163,0.028740516632
11164,0.092809440081
11165,0.049057034562
11166,0.096170023550
11167,0.063290539679
11168,0.119900449154
11169,0.222773203897
11170,0.349399143417
11171,0.090107421373
11172,0.035401546337
11173,0.077587351598
11174,0.025265737996
11175,0.037227931530
11176,0.013708777371
11177,0.015617109645
11178,0.073181907295
11179,0.053337966458
11180,0.117398807030
11181,0.060839800315
11182,0.100113368567
11183,0.044802818373
11184,0.065913348972
11185,0.027086000406
11186,0.020084842563
11187,0.132934322532
11188,0.016887557718
11189,0.028355196970
11190,0.046286919593
11191,0.017943562532
11192,0.025825686308
11193,0.054008415623
11194,0.068430168373
11195,0.081428569591
11196,0.128179320328
11197,0.112030916420
11198,0.238630706667
11199,0.128789628022
11200,0.141387886610
11201,0.023978562164
11202,0.101099834956
11203,0.019143400032
11204,0.051433714272
11205,0.016584616657
11206,0.054154392507
11207,0.108957760616
11208,0.024266170551
11209,0.025348245462
11210,0.057508001633
11211,0.053938725731
11212,0.051949967546
11213,0.069870046445
11214,0.031634988671
11215,0.059765337641
11216,0.021723963956
11217,0.018851906750
11218,0.086050031415
11219,0.021542180310
11220,0.043891283481
11221,0.079604723342
11222,0.062976846633
11223,0.143578271046
11224,0.315916519606
11225,0.124151974628
11226,0.128644004326
11227,0.075615535570
11228,0.083568503823
11229,0.085905343601
11230,0.092879554837
11231,0.063867839556
11232,0.016617422899
11233,0.014351422654
11234,0.023858436909
11235,0.356758409189
11236,0.077089400377
11237,0.064965074223
11238,0.043055662877
11239,0.073917856936
11240,0.027223181057
11241,0.029132062563
11242,0.026859160744
11243,0.064099915506
11244,0.269048872643
11245,0.069973885388
11246,0.050904953637
11247,0.137233724064
11248,0.669008272868
11249,0.106554162696
11250,0.023910191302
11251,0.214501187278
11252,0.072566103090
11253,0.246463660898
11254,0.264309583112
11255,0.077667576015
11256,0.019649481034
11257,0.063528345376
11258,0.042703575533
11259,0.088256360881
11260,0.150225842000
11261,0.061921166028
11262,0.147554316914
11263,0.069300565005
11264,0.049972293581
11265,0.020702727543
11266,0.015065392657
11267,0.021937558396
11268,0.026774935680
11269,0.058497950918
11270,0.066072241030
11271,0.029536675697
11272,0.134184356941
11273,0.149612728949
11274,0.147910171177
11275,0.089486957524
11276,0.044087153182
11277,0.107772323224
11278,0.229197496563
11279,0.260352688993
11280,0.064195659912
11281,0.014720705159
11282,0.066642393526
11283,0.022995140153
11284,0.071133820149
11285,0.527346080534
11286,0.027518079837
11287,0.090419767604
11288,0.375111941378
11289,0.237271364153
11290,0.015096158328
11291,0.043041051337
11292,0.069977593555
11293,0.168183490731
11294,0.228847529710
11295,0.016471578437
11296,0.113494810462
11297,0.111612158016
11298,0.173289046234
11299,0.164239064590
11300,0.133676548150
11301,0.160565357515
11302,0.350596849482
11303,0.077614842766
11304,0.050116367124
11305,0.085936844409
11306,0.058147843832
11307,0.268318179520
11308,0.893352546599
11309,0.012455102784
11310,0.075034627483
11311,0.368927059060
11312,0.018658389152
11313,0.044101125322
11314,0.266111681930
11315,0.015781418377
11316,0.059518590558
11317,0.084511712208
11318,0.031393747836
11319,0.047722904581
11320,0.013558898306
11321,0.411236251332
11322,0.079258348455
11323,0.103721942588
11324,0.256384407970
11325,0.158535992777
11326,0.250300085328
11327,0.361823024166
11328,0.266016542125
11329,0.037042255889
11330,0.179426582999
11331,0.215633581981
11332,0.212305998303
11333,0.849696006188
11334,0.309744144861
11335,0.384220844927
11336,0.029640004282
11337,0.108455831289
11338,0.089876393125
11339,0.025474749484
11340,0.024541857040
11341,0.016501480571
11342,0.015396714136
11343,0.062462818618
11344,0.014927814262
11345,0.020451558822
11346,0.027677214729
11347,0.094722466768
11348,0.130235487476
11349,0.103826284897
11350,0.116782937160
11351,0.086336147658
11352,0.147106079654
11353,0.221057427943
11354,0.026425202718
11355,0.121645479377
11356,0.238303305090
11357,0.029204130609
11358,0.078673146314
11359,0.916650426807
11360,0.913120139696
11361,0.595164025200
11362,0.012163267478
11363,0.024285368086
11364,0.045436902842
11365,0.380456746273
11366,0.072586753777
11367,0.044432729096
11368,0.066574531926
11369,0.074677382389
11370,0.066321600591
11371,0.022944538375
11372,0.366671613582
11373,0.027395533117
11374,0.056680761836
11375,0.126493458525
11376,0.110365223549
11377,0.067540203078
11378,0.068346217434
11379,0.231861998661
11380,0.222246318931
11381,0.031206749859
11382,0.117430532198
11383,0.102259897924
11384,0.126027660644
11385,0.923161993778
11386,0.840391283298
11387,0.601564701206
11388,0.024096088170
11389,0.098479690456
11390,0.021681364892
11391,0.270407492975
11392,0.074934136244
11393,0.250026084614
11394,0.059308021605
11395,0.056349479170
11396,0.027396932602
11397,0.085938497939
11398,0.134074648790
11399,0.168217914266
11400,0.118004044771
11401,0.549199285714
11402,0.443620809728
11403,0.239072658585
11404,0.162295012848
11405,0.102324384624
11406,0.069099527082
11407,0.132022086054
11408,0.053584051578
11409,0.046664355370
11410,0.019986490492
11411,0.114039949729
11412,0.113172407776
11413,0.046723731407
11414,0.098752679017
11415,0.032130474343
11416,0.875725605323
11417,0.972821350704
11418,0.930434215706
11419,0.096231770478
11420,0.040191044390
11421,0.223834952603
11422,0.272649617770
11423,0.028233067948
11424,0.021255814370
11425,0.024112585332
11426,0.063310318553
11427,0.114559858133
11428,0.069590697435
11429,0.380691398219
11430,0.790202072762
11431,0.085356721146
11432,0.110237641951
11433,0.146469384212
11434,0.177034166853
11435,0.072749520544
11436,0.331105984379
11437,0.116892047300
11438,0.031082894365
11439,0.072231546083
11440,0.092485978443
11441,0.097437924769
11442,0.060821110824
11443,0.027002878629
11444,0.281750159255
11445,0.363904542482
11446,0.155728650238
11447,0.074911288829
11448,0.036303013283
11449,0.154483885075
11450,0.079784454863
11451,0.274040178786
11452,0.032872160531
11453,0.039863129770
11454,0.044786773598
11455,0.021196931077
11456,0.029855734485
11457,0.059900597138
11458,0.056250965600
11459,0.335396654222
11460,0.651553261330
11461,0.452617127842
11462,0.213813968898
11463,0.119609337054
11464,0.184946946136
11465,0.172042932698
11466,0.552725791849
11467,0.103874933749
11468,0.034525572147
11469,0.045287420323
11470,0.032244023613
11471,0.138926619055
11472,0.145897170774
11473,0.097060683741
11474,0.375743999452
11475,0.351142346777
11476,0.253019396913
11477,0.967838884840
11478,0.200045899165
11479,0.026842444897
11480,0.131936880140
11481,0.154127868268
11482,0.024993682008
11483,0.058331152657
11484,0.211645976402
11485,0.082392425234
11486,0.051350284061
11487,0.056466981455
11488,0.068708367261
11489,0.160009546588
11490,0.451871964831
11491,0.416899556465
11492,0.568348022929
11493,0.454423751273
11494,0.173155135146
11495,0.229252252374
11496,0.245691729347
11497,0.021108606113
11498,0.027861317184
11499,0.122273283359
11500,0.074909443011
11501,0.409343457123
11502,0.188243805688
11503,0.051680970112
11504,0.532442573694
11505,0.361304628372
11506,0.011644336565
11507,0.073762894803
11508,0.123981356156
11509,0.087996820408
11510,0.054418664664
11511,0.021703846959
11512,0.035873892252
11513,0.056925085161
11514,0.102339365303
11515,0.128863054162
11516,0.214894369361
11517,0.463164016209
11518,0.779429425862
11519,0.476871527061
11520,0.366272568658
11521,0.612926826036
11522,0.100563499646
11523,0.052258049362
11524,0.058191957215
11525,0.124340038388
11526,0.180699759375
11527,0.059537777603
11528,0.035466042813
11529,0.074376254073
11530,0.154709807105
11531,0.029584285892
11532,0.013773197239
11533,0.030549980063
11534,0.109711754336
11535,0.023812653980
11536,0.045103412624
11537,0.017004054124
11538,0.039885888557
11539,0.096475307373
11540,0.062155177125
11541,0.087405226663
11542,0.242057082088
11543,0.279772942986
11544,0.352670881103
11545,0.723698664824
11546,0.631964246768
11547,0.365143663794
11548,0.097899735721
11549,0.017247700725
11550,0.063041914568
11551,0.117182867908
11552,0.018755280414
11553,0.015168719011
11554,0.037145853532
11555,0.781685867501
11556,0.062699832344
11557,0.023206538219
11558,0.080070840897
11559,0.056515010861
11560,0.107612195511
11561,0.057453125851
11562,0.068036353838
11563,0.023018944718
11564,0.019838860974
11565,0.038182311332
11566,0.100980656471
11567,0.119361513666
11568,0.580530216876
11569,0.362509477797
11570,0.161619168476
11571,0.912794265382
11572,0.449201780135
11573,0.492552001107
11574,0.146192721395
11575,0.040832704380
11576,0.027606884783
11577,0.028756846135
11578,0.052347351150
11579,0.052851572961
11580,0.030729711545
11581,0.073272573996
11582,0.478521490482
11583,0.216935076488
11584,0.334812773845
11585,0.051563811887
11586,0.093362288149
11587,0.141696055144
11588,0.134395158938
11589,0.217433809471
11590,0.039116762701
11591,0.032289741270
11592,0.013092143488
11593,0.047124628863
11594,0.160920674635
11595,0.729469989735
11596,0.352417694975
11597,0.567953293662
11598,0.246205163766
11599,0.364912029837
11600,0.150204240012
11601,0.098823077892
11602,0.032872802174
11603,0.030962042968
11604,0.016854439993
11605,0.064016355119
11606,0.033901116183
11607,0.105912097429
11608,0.166676676595
11609,0.064105483862
11610,0.202474614608
11611,0.035397141189
11612,0.068715971461
11613,0.238182144365
11614,0.062758190842
11615,0.021022700481
11616,0.122607460819
11617,0.226654439536
11618,0.046472444373
11619,0.228459734557
11620,0.176300937771
11621,0.084594040273
11622,0.109692694397
11623,0.101355734311
11624,0.098907318791
11625,0.069350414006
11626,0.125151694276
11627,0.123713574647
11628,0.046723097141
11629,0.017464295285
11630,0.213825889129
11631,0.018212315542
11632,0.020167188081
11633,0.079122351956
11634,0.043513680653
11635,0.122087468809
11636,0.051241612330
11637,0.077901360376
11638,0.072755570913
11639,0.164536484571
11640,0.368683062323
11641,0.477850764096
11642,0.071162467985
11643,0.015887572055
11644,0.027161533569
11645,0.030347075349
11646,0.093118164826
11647,0.020883803977
11648,0.069314486718
11649,0.116562121549
11650,0.038051685034
11651,0.021093569927
11652,0.027085464724
11653,0.023005419373
11654,0.019146041073
11655,0.033559266155
11656,0.084208104803
11657,0.105865761732
11658,0.359191053450
11659,0.021443488861
11660,0.026257132656
11661,0.062636490719
11662,0.069237434403
11663,0.113674291885
11664,0.389725921522
11665,0.076074601755
11666,0.019844104925
11667,0.117307204666
11668,0.022287368143
11669,0.034980418576
11670,0.074729501809
11671,0.125723697358
11672,0.046482333451
11673,0.017271775882
11674,0.016246644626
11675,0.022357891850
11676,0.016172217337
11677,0.183519300974
11678,0.014841511722
11679,0.030888236197
11680,0.157481687568
11681,0.075877961916
11682,0.058009222858
11683,0.028251074989
11684,0.041223450529
11685,0.082665668491
11686,0.367273927819
11687,0.035848260609
11688,0.012728718654
11689,0.015674842544
11690,0.018067124235
11691,0.022886141386
11692,0.051960936731
11693,0.064070844401
11694,0.216685885577
11695,0.075533672031
11696,0.238804891650
11697,0.095465630113
11698,0.034784405224
11699,0.024583889233
11700,0.038063627700
11701,0.044123830872
11702,0.036406254400
11703,0.326663760481
11704,0.130611005090
11705,0.029552478501
11706,0.125684130015
11707,0.058971318618
11708,0.018412164818
11709,0.018402803635
11710,0.353990778084
11711,0.638123404217
11712,0.152921613794
11713,0.059830451272
11714,0.059938929468
11715,0.042641463184
11716,0.037041913491
11717,0.091859595185
11718,0.076609322987
11719,0.071351201993
11720,0.791610663635
11721,0.075515911829
11722,0.063885041990
11723,0.074242952992
11724,0.018480321768
11725,0.038063574097
11726,0.119038735133
11727,0.423257092738
11728,0.068338032800
11729,0.123433278938
11730,0.032845678091
11731,0.037014346272
11732,0.024372199568
11733,0.099342583490
11734,0.028147123105
11735,0.027004885747
11736,0.013695674304
11737,0.062404765490
11738,0.048782878392
11739,0.026090256684
11740,0.023178709080
11741,0.058608894054
11742,0.124804512619
11743,0.033546495402
11744,0.026261899655
11745,0.042285379511
11746,0.083342420634
11747,0.086931291683
11748,0.028645171714
11749,0.060186185884
11750,0.682168001970
11751,0.069858214210
11752,0.094945181998
11753,0.012961717716
11754,0.047923847929
11755,0.043199172249
11756,0.052816881839
11757,0.059292044743
11758,0.017539936667
11759,0.026788651806
11760,0.291405385887
11761,0.042223235692
11762,0.050520270956
11763,0.100265313474
11764,0.019431114195
11765,0.195979920253
11766,0.054170690901
11767,0.025998097744
11768,0.039905643797
11769,0.345250526112
11770,0.024612068722
11771,0.027334277496
11772,0.012582871404
11773,0.026886263171
11774,0.018448724618
11775,0.049485134938
11776,0.012598193877
11777,0.049505135203
11778,0.139114823020
11779,0.077822402936
11780,0.019200008628
11781,0.020064211857
11782,0.084334562963
11783,0.133133243240
11784,0.083078112989
11785,0.083139750717
11786,0.063897486448
11787,0.023787853219
11788,0.044137181498
11789,0.206864375374
11790,0.177796972862
11791,0.119830065366
11792,0.013712519840
11793,0.014690668047
11794,0.034161160207
11795,0.025258235624
11796,0.015733186487
11797,0.027334855949
11798,0.018990831410
11799,0.014649111978
11800,0.014953628539
11801,0.016008670468
11802,0.023634108048
11803,0.013641392361
11804,0.029110917431
11805,0.064775066968
11806,0.054572003678
11807,0.125089579364
11808,0.017491564816
11809,0.108660108218
11810,0.019761023086
11811,0.171731874967
11812,0.018921809491
11813,0.022056716728
11814,0.027275941803
11815,0.016328788900
11816,0.014935744115
11817,0.022428132937
11818,0.029446388179
11819,0.014262963261
11820,0.025985360587
11821,0.035985628398
11822,0.017993298848
11823,0.015339906108
11824,0.080422976844
11825,0.024219050881
11826,0.046747434765
11827,0.016678948059
11828,0.061610123828
11829,0.018611342942
11830,0.018535183969
11831,0.016942814119
11832,0.110394063690
11833,0.034751074706
11834,0.051231847932
11835,0.012565395076
11836,0.011836049017
11837,0.019172815332
11838,0.029962485949
11839,0.017050303775
11840,0.022243118022
11841,0.085821425844
11842,0.022235839321
11843,0.260591711623
11844,0.053248427237
11845,0.062041070159
11846,0.062037584625
11847,0.015859786028
11848,0.072690485105
11849,0.021202880290
11850,0.014152985032
11851,0.012151781164
11852,0.082810097491
11853,0.017316197879
11854,0.073237695443
11855,0.126594686098
11856,0.022597546302
11857,0.041970881813
11858,0.031754349586
11859,0.021274573013
11860,0.016530362716
11861,0.019195405090
11862,0.017817039232
11863,0.014639007790
11864,0.032350373106
11865,0.016617256624
11866,0.036155614301
11867,0.063081741539
11868,0.030811048817
11869,0.013835013067
11870,0.225523429722
11871,0.031164708022
11872,0.025258680460
11873,0.023120502505
11874,0.013048437800
11875,0.024319506424
11876,0.058803748682
11877,0.023842386448
11878,0.016497365947
11879,0.030658703074
11880,0.013449500745
11881,0.015854059372
11882,0.046827593211
11883,0.111580682003
11884,0.222823299659
11885,0.021223014570
11886,0.078761436239
11887,0.022522862610
11888,0.025324340236
11889,0.063771490423
11890,0.040048537737
11891,0.054838494881
11892,0.048578595590
11893,0.050781194403
11894,0.047386364314
11895,0.052882799217
11896,0.110588340649
11897,0.063275859235
11898,0.049256355354
11899,0.026172012681
11900,0.037662221140
11901,0.106100799657
11902,0.032610844890
11903,0.082449678732
11904,0.132819175358
11905,0.332008659369
11906,0.067751716815
11907,0.051355229750
11908,0.368622174390
11909,0.042063869075
11910,0.260008953034
11911,0.071637961472
11912,0.223380185684
11913,0.057787601996
11914,0.022454912006
11915,0.031633222407
11916,0.127793845286
11917,0.055335407461
11918,0.656326211556
11919,0.224693974182
11920,0.057365601486
11921,0.241561764532
11922,0.046157043914
11923,0.029167477885
11924,0.047430548152
11925,0.039094359560
11926,0.019283964334
11927,0.019492837348
11928,0.048554817565
11929,0.098993114710
11930,0.130319220264
11931,0.510697955965
11932,0.457457710103
11933,0.050108250307
11934,0.067840755987
11935,0.025166823527
11936,0.232142390849
11937,0.240449472486
11938,0.019243977410
11939,0.026803694473
11940,0.049141216428
11941,0.040542080835
11942,0.048954507579
11943,0.068371153167
11944,0.424341023397
11945,0.092100193026
11946,0.243659861989
11947,0.508652226351
11948,0.100464814678
11949,0.021161431878
11950,0.474553861571
11951,0.069971292449
11952,0.447533711773
11953,0.045322554547
11954,0.046034262317
11955,0.046001521672
11956,0.041854548347
11957,0.034897198817
11958,0.079747997445
11959,0.122802201004
11960,0.026328110001
11961,0.045807225273
11962,0.346792122200
11963,0.051382038997
11964,0.032719716360
11965,0.051907867782
11966,0.062626388755
11967,0.029708098781
11968,0.028869664259
11969,0.013463785034
11970,0.055167836805
11971,0.095148314974
11972,0.063328412224
11973,0.128181352959
11974,0.041741295962
11975,0.260456465731
11976,0.029212540524
11977,0.041504621948
11978,0.032612460727
11979,0.029983139204
11980,0.017071481213
11981,0.456222142004
11982,0.091874699658
11983,0.068200371875
11984,0.308733035995
11985,0.412483338251
11986,0.012581346562
11987,0.067179417643
11988,0.046899953802
11989,0.020280515563
11990,0.024300530402
11991,0.029449300272
11992,0.018936344456
11993,0.013468172365
11994,0.036040919102
11995,0.015078843655
11996,0.017663644378
11997,0.085232133737
11998,0.068873279303
11999,0.103365975904
12000,0.181106995457
12001,0.405769108253
12002,0.019899456153
12003,0.046603564274
12004,0.049352389812
12005,0.018049335766
12006,0.019047893031
12007,0.023208390355
12008,0.035936543392
12009,0.035247098466
12010,0.245293913633
12011,0.018853189410
12012,0.041219818062
12013,0.018774019564
12014,0.059174083329
12015,0.041527547364
12016,0.111983394465
12017,0.481253828521
12018,0.015541461496
12019,0.054905268729
12020,0.052741059696
12021,0.023744529075
12022,0.032156497149
12023,0.056614742981
12024,0.061595386283
12025,0.020239192282
12026,0.025710132038
12027,0.017220407623
12028,0.108003847783
12029,0.135848279098
12030,0.085883689598
12031,0.059302393289
12032,0.050904017681
12033,0.021503803492
12034,0.036665596874
12035,0.038595444199
12036,0.043677463069
12037,0.091645326699
12038,0.076219224071
12039,0.215650627226
12040,0.032684225784
12041,0.066912980543
12042,0.043470343366
12043,0.027193004377
12044,0.030940864012
12045,0.051542520938
12046,0.022077014268
12047,0.028308423984
12048,0.081991686272
12049,0.174762163304
12050,0.268159083950
12051,0.050144835698
12052,0.050065489436
12053,0.038436018331
12054,0.079972697012
12055,0.043140403508
12056,0.021523034488
12057,0.060146860206
12058,0.021887804162
12059,0.027074967630
12060,0.142794029245
12061,0.035492872227
12062,0.025080570547
12063,0.035820904685
12064,0.074368046439
12065,0.066892855011
12066,0.217027229654
12067,0.216339330115
12068,0.222869408493
12069,0.062901029272
12070,0.057632810616
12071,0.025738839990
12072,0.055777515478
12073,0.050782382006
12074,0.088597389583
12075,0.044871933033
12076,0.618720802660
12077,0.125234136643
12078,0.024855850922
12079,0.100355165687
12080,0.046010085340
12081,0.049155008073
12082,0.025996013212
12083,0.019999292974
12084,0.059314043285
12085,0.021462477460
12086,0.025466493538
12087,0.029040724697
12088,0.083076851854
12089,0.048061997174
12090,0.092106669954
12091,0.064200276094
12092,0.115137547441
12093,0.231146937374
12094,0.348498614083
12095,0.091789162154
12096,0.035113129406
12097,0.086197221823
12098,0.026134452107
12099,0.036194205701
12100,0.022239285646
12101,0.015279695866
12102,0.072992252551
12103,0.051444572202
12104,0.107346058362
12105,0.062606463887
12106,0.089974030614
12107,0.045470688813
12108,0.070530802282
12109,0.025324950442
12110,0.123130344246
12111,0.016681972754
12112,0.031109333190
12113,0.048752297380
12114,0.028741226906
12115,0.016304715154
12116,0.018890909489
12117,0.025360926300
12118,0.051893316313
12119,0.066120340374
12120,0.084390155255
12121,0.124692380070
12122,0.114038303008
12123,0.235751714062
12124,0.212351778363
12125,0.143245532168
12126,0.022919295558
12127,0.093855911117
12128,0.019663524489
12129,0.055661306527
12130,0.052143305577
12131,0.104699033941
12132,0.023857004936
12133,0.026154337028
12134,0.055522020438
12135,0.050333163178
12136,0.017384309088
12137,0.051643827803
12138,0.068351615170
12139,0.031501761447
12140,0.058092329158
12141,0.081983027973
12142,0.023632775975
12143,0.043792224325
12144,0.072309594875
12145,0.072312190488
12146,0.147250647939
12147,0.332380198750
12148,0.127826506644
12149,0.126073472624
12150,0.073555119844
12151,0.092625527850
12152,0.093585777166
12153,0.086877130918
12154,0.062785132465
12155,0.022476143549
12156,0.360797693999
12157,0.079552614735
12158,0.068090803034
12159,0.039864262069
12160,0.070719117204
12161,0.024860842835
12162,0.030298312354
12163,0.025658220549
12164,0.064986531375
12165,0.280673428472
12166,0.067340510864
12167,0.049866091517
12168,0.126434208540
12169,0.660238623103
12170,0.105186358750
12171,0.023923143793
12172,0.214394210541
12173,0.072665929025
12174,0.195939737476
12175,0.264849007168
12176,0.082085069878
12177,0.019058700943
12178,0.062149475022
12179,0.091910765741
12180,0.142660671605
12181,0.058919807434
12182,0.153260337301
12183,0.065648563885
12184,0.048991805352
12185,0.019448418288
12186,0.021035301363
12187,0.027924221253
12188,0.058042774802
12189,0.064484545761
12190,0.027965922548
12191,0.131504948208
12192,0.149422520832
12193,0.147393745160
12194,0.086007441206
12195,0.043036932567
12196,0.106742279338
12197,0.172905516463
12198,0.254940775570
12199,0.063093380552
12200,0.073484649512
12201,0.023078478907
12202,0.068479553488
12203,0.534442366256
12204,0.030040201372
12205,0.090718701632
12206,0.364592331358
12207,0.230218311714
12208,0.016674513281
12209,0.044549027176
12210,0.064027994278
12211,0.228998336307
12212,0.239066975922
12213,0.114562309482
12214,0.111181230610
12215,0.248265993456
12216,0.225218463096
12217,0.125692491813
12218,0.161614239658
12219,0.350432055500
12220,0.086785191060
12221,0.047581934641
12222,0.078886568179
12223,0.059958514648
12224,0.272062529759
12225,0.875564083546
12226,0.012167341540
12227,0.079406186467
12228,0.373845394025
12229,0.018590849952
12230,0.040469074282
12231,0.264504368429
12232,0.015397664654
12233,0.055465748585
12234,0.082747488481
12235,0.031908818449
12236,0.048580718086
12237,0.013568193708
12238,0.413257472128
12239,0.078519736787
12240,0.095427338067
12241,0.260008052187
12242,0.162031004127
12243,0.248784210558
12244,0.369253812467
12245,0.263660842991
12246,0.037012902652
12247,0.268452867114
12248,0.144263440435
12249,0.213914866902
12250,0.829228383149
12251,0.384722788596
12252,0.308017054347
12253,0.030669689158
12254,0.198700798346
12255,0.025671159366
12256,0.023340413339
12257,0.016894507678
12258,0.062564608793
12259,0.016992293037
12260,0.019352871048
12261,0.026860544132
12262,0.090717691662
12263,0.128886003872
12264,0.103515719007
12265,0.108372565008
12266,0.088228340789
12267,0.227593912348
12268,0.222246939482
12269,0.023727117370
12270,0.107974401529
12271,0.175892630101
12272,0.075363724109
12273,0.903808966151
12274,0.887193380724
12275,0.602079059188
12276,0.024336649039
12277,0.021067408204
12278,0.043497056993
12279,0.374578731758
12280,0.079790887526
12281,0.042032234741
12282,0.015866329816
12283,0.066101833077
12284,0.072305047675
12285,0.072800080712
12286,0.025956965430
12287,0.379504297465
12288,0.027708666682
12289,0.057148613964
12290,0.124496790586
12291,0.109873011428
12292,0.071854441773
12293,0.067626862868
12294,0.227913255655
12295,0.219422720146
12296,0.031044941244
12297,0.210893559336
12298,0.093781007953
12299,0.125168215902
12300,0.923477054816
12301,0.847149851548
12302,0.589672653779
12303,0.101597674924
12304,0.018922124879
12305,0.011137390432
12306,0.374140531395
12307,0.072397220915
12308,0.327353964912
12309,0.056158558502
12310,0.054206180280
12311,0.029223756884
12312,0.081338281789
12313,0.125193674854
12314,0.167314665842
12315,0.129714015139
12316,0.545231113429
12317,0.417582465895
12318,0.233140284896
12319,0.223930789561
12320,0.099159834372
12321,0.065454936630
12322,0.132321016789
12323,0.054382097438
12324,0.047781367524
12325,0.018601579864
12326,0.118547072920
12327,0.113765421659
12328,0.055225380171
12329,0.101350553225
12330,0.028709890912
12331,0.869152451893
12332,0.972885069488
12333,0.928420883962
12334,0.100612470647
12335,0.034889268784
12336,0.323280429728
12337,0.018579419051
12338,0.272413648431
12339,0.026133540710
12340,0.011264028938
12341,0.021523299774
12342,0.065063866216
12343,0.109166188589
12344,0.072037423089
12345,0.401614171699
12346,0.788892188209
12347,0.088735761793
12348,0.115799894020
12349,0.149744612581
12350,0.174778646192
12351,0.070322835512
12352,0.332407756251
12353,0.123278688216
12354,0.029831674227
12355,0.069534365159
12356,0.085548645042
12357,0.094752155053
12358,0.061975580468
12359,0.028985764819
12360,0.362766523943
12361,0.286197042455
12362,0.227688126750
12363,0.075891718670
12364,0.153109698683
12365,0.077293593101
12366,0.268906203449
12367,0.028812328963
12368,0.042465482641
12369,0.042405343357
12370,0.026343373518
12371,0.063696344836
12372,0.053382940159
12373,0.340829138892
12374,0.628079930353
12375,0.447456814524
12376,0.278306021667
12377,0.121145173188
12378,0.233309974239
12379,0.222789563401
12380,0.562089556213
12381,0.098633361117
12382,0.034987101733
12383,0.042643556284
12384,0.029569747275
12385,0.143211134323
12386,0.147751953176
12387,0.217023188827
12388,0.289016678549
12389,0.278297093818
12390,0.240692686616
12391,0.967925018472
12392,0.197250987215
12393,0.025482340091
12394,0.208947158309
12395,0.221324008023
12396,0.058894956657
12397,0.201776467987
12398,0.077729627199
12399,0.047558900142
12400,0.055418018966
12401,0.068780514976
12402,0.222686209006
12403,0.395341922611
12404,0.288088753417
12405,0.562533990826
12406,0.284744699073
12407,0.169505272529
12408,0.165767901881
12409,0.352706980680
12410,0.020476432655
12411,0.134678372514
12412,0.075562088047
12413,0.062907178303
12414,0.404831739967
12415,0.255714868447
12416,0.050148965960
12417,0.562454885625
12418,0.354888439806
12419,0.076470405514
12420,0.130571606523
12421,0.084569911700
12422,0.049159211259
12423,0.017404565670
12424,0.022295123027
12425,0.034221317880
12426,0.057688009048
12427,0.095209649362
12428,0.122111912599
12429,0.129859666371
12430,0.439155085069
12431,0.758513440112
12432,0.474555516508
12433,0.365271024685
12434,0.607760968190
12435,0.102990744733
12436,0.056012402919
12437,0.059174683788
12438,0.122720267138
12439,0.169248875478
12440,0.061296176495
12441,0.033523390138
12442,0.074521796710
12443,0.149820763652
12444,0.013878413239
12445,0.029443994553
12446,0.119575993143
12447,0.024297666987
12448,0.043905691444
12449,0.027228395917
12450,0.022495903804
12451,0.015317623140
12452,0.017079013521
12453,0.037790558575
12454,0.089467061345
12455,0.061814216107
12456,0.084094687754
12457,0.249045730885
12458,0.276657804931
12459,0.354975919724
12460,0.714574159969
12461,0.598559638666
12462,0.376521136185
12463,0.101049020982
12464,0.030736026774
12465,0.019999770198
12466,0.062440403389
12467,0.108316914075
12468,0.018211828501
12469,0.034096478786
12470,0.836589264610
12471,0.058025944930
12472,0.076275444834
12473,0.056574634884
12474,0.104923323661
12475,0.055549395988
12476,0.065066049334
12477,0.020297670757
12478,0.051402193437
12479,0.021099575770
12480,0.018264124890
12481,0.036291813299
12482,0.100512372088
12483,0.124068425909
12484,0.567049847397
12485,0.367423420308
12486,0.157968017395
12487,0.910025761169
12488,0.441261887513
12489,0.458770904438
12490,0.126425103504
12491,0.015083982524
12492,0.037570415266
12493,0.028858151678
12494,0.029610587823
12495,0.048334943665
12496,0.045915367003
12497,0.031461930922
12498,0.065039336827
12499,0.497394687970
12500,0.220722284492
12501,0.360165535105
12502,0.049805510985
12503,0.093310258117
12504,0.136955592281
12505,0.131285295669
12506,0.153218471906
12507,0.036949832869
12508,0.030587540997
12509,0.014038204690
12510,0.045776634549
12511,0.160300843819
12512,0.730971382865
12513,0.204514890541
12514,0.572687207846
12515,0.328039346984
12516,0.372869486851
12517,0.217788789267
12518,0.095805849440
12519,0.031141710290
12520,0.032565289301
12521,0.018338860837
12522,0.066279497741
12523,0.034041145574
12524,0.115314074483
12525,0.170625205340
12526,0.064021831607
12527,0.332681863980
12528,0.036620790481
12529,0.070107376687
12530,0.316811534673
12531,0.058346040111
12532,0.014969472666
12533,0.014924461979
12534,0.022004062861
12535,0.116035255413
12536,0.169309309348
12537,0.049782496617
12538,0.225861319793
12539,0.248941392245
12540,0.082563074929
12541,0.101069847780
12542,0.027125796955
12543,0.098026413771
12544,0.100112382095
12545,0.069971172609
12546,0.118647388367
12547,0.129570885046
12548,0.051799362363
12549,0.035474296578
12550,0.020106603947
12551,0.211317338897
12552,0.022355110224
12553,0.089369109033
12554,0.040879862696
12555,0.044410590017
12556,0.125800256825
12557,0.057777809529
12558,0.077234564233
12559,0.016947050172
12560,0.071974457340
12561,0.222658993603
12562,0.365540991347
12563,0.533115172823
12564,0.076145538864
12565,0.023301950511
12566,0.028911189638
12567,0.089966279799
12568,0.070146505824
12569,0.113651494245
12570,0.034885676407
12571,0.024661346448
12572,0.024598296799
12573,0.021953337661
12574,0.019103176031
12575,0.086106661868
12576,0.105029033152
12577,0.365388125202
12578,0.022293017408
12579,0.026491651540
12580,0.064074470317
12581,0.067296129107
12582,0.102161253146
12583,0.387743056247
12584,0.074958055858
12585,0.021932360553
12586,0.110121666921
12587,0.034647120861
12588,0.023130887072
12589,0.075353051370
12590,0.113114487851
12591,0.041383890350
12592,0.017323766290
12593,0.016540517430
12594,0.020141797991
12595,0.015814176241
12596,0.176609396079
12597,0.015624786036
12598,0.031718282207
12599,0.157252779971
12600,0.076594630788
12601,0.055379245686
12602,0.026686043660
12603,0.039817009920
12604,0.081880530213
12605,0.369067044746
12606,0.036910351675
12607,0.012225887546
12608,0.017620223752
12609,0.025586255421
12610,0.048922433171
12611,0.068021079777
12612,0.138339550749
12613,0.076387698355
12614,0.237372348273
12615,0.096918516555
12616,0.038840179981
12617,0.020935849107
12618,0.037572502525
12619,0.040691140914
12620,0.034485146865
12621,0.254518947818
12622,0.019712685228
12623,0.135066254921
12624,0.027094281482
12625,0.129469339262
12626,0.058274102314
12627,0.018709881980
12628,0.019056665864
12629,0.365147603054
12630,0.628388267152
12631,0.147196055343
12632,0.059610813855
12633,0.058967457694
12634,0.041883017631
12635,0.035193685047
12636,0.204589692878
12637,0.074759675069
12638,0.081126218735
12639,0.822137232793
12640,0.025204722191
12641,0.073675295952
12642,0.023255620826
12643,0.072889585106
12644,0.072518427926
12645,0.019783980886
12646,0.106967925324
12647,0.423988836514
12648,0.066747278356
12649,0.128694500142
12650,0.030361905202
12651,0.037804743657
12652,0.015997385429
12653,0.027111694109
12654,0.098887211818
12655,0.028473219424
12656,0.015882677081
12657,0.027789694453
12658,0.013484523674
12659,0.062870285235
12660,0.049512896835
12661,0.027774164026
12662,0.053189232816
12663,0.018584811281
12664,0.124112223872
12665,0.036033781967
12666,0.023820028265
12667,0.043547977874
12668,0.080262493156
12669,0.087251531842
12670,0.028111121836
12671,0.057760268084
12672,0.677651177397
12673,0.072266025189
12674,0.103959046190
12675,0.049825366572
12676,0.045201559466
12677,0.047348206636
12678,0.056209245662
12679,0.017911065267
12680,0.024921264804
12681,0.287019315647
12682,0.038257550002
12683,0.012364329931
12684,0.015602920853
12685,0.020215341232
12686,0.052049715731
12687,0.091467381443
12688,0.016066535694
12689,0.111695958407
12690,0.050773581400
12691,0.025158789284
12692,0.044309268999
12693,0.345917041520
12694,0.029597008462
12695,0.032798452572
12696,0.024681369908
12697,0.047709557719
12698,0.044969186815
12699,0.134901278897
12700,0.076792946366
12701,0.017819877159
12702,0.024539403007
12703,0.019262124484
12704,0.083602883332
12705,0.215995379347
12706,0.086947683276
12707,0.083805470282
12708,0.070352745191
12709,0.024484600195
12710,0.050080102655
12711,0.022486914251
12712,0.210462263101
12713,0.241937697086
12714,0.120741934524
12715,0.016226268660
12716,0.017680229641
12717,0.013548617789
12718,0.031953756471
12719,0.024367906973
12720,0.016251778176
12721,0.029149836994
12722,0.018546202092
12723,0.027130144725
12724,0.012954982442
12725,0.017522306687
12726,0.023818173867
12727,0.014350304643
12728,0.029445938290
12729,0.055647596688
12730,0.063610364718
12731,0.130502094702
12732,0.013355601928
12733,0.020402278244
12734,0.020011836231
12735,0.120679678752
12736,0.176056131113
12737,0.022772193568
12738,0.021950452392
12739,0.011735380468
12740,0.027807377296
12741,0.016961163230
12742,0.014806503027
12743,0.023271840847
12744,0.028348189226
12745,0.014035854216
12746,0.025740010222
12747,0.030992809725
12748,0.012747211396
12749,0.015571693183
12750,0.014714696133
12751,0.080327655300
12752,0.024955532887
12753,0.050472470172
12754,0.055160296629
12755,0.018723346415
12756,0.015227956890
12757,0.015476397801
12758,0.110398840332
12759,0.037952726602
12760,0.051291775192
12761,0.012980790720
12762,0.011809008364
12763,0.018913710051
12764,0.032671795052
12765,0.017049202845
12766,0.021639824308
12767,0.100940330549
12768,0.022747231457
12769,0.018161354165
12770,0.158198198473
12771,0.047648005628
12772,0.060185911274
12773,0.065004682583
12774,0.079214457994
12775,0.021030688954
12776,0.015015895316
12777,0.012585645688
12778,0.083839498662
12779,0.019134696264
12780,0.090611634321
12781,0.015084039263
12782,0.126383208275
12783,0.023231913782
12784,0.033545693311
12785,0.028334784506
12786,0.042512490039
12787,0.034669152710
12788,0.023772741896
12789,0.020496506846
12790,0.020738683011
12791,0.033084495849
12792,0.017623361554
12793,0.039465606080
12794,0.063814907328
12795,0.035069849414
12796,0.148227466259
12797,0.022546225633
12798,0.033386796155
12799,0.013192743804
12800,0.017017900396
12801,0.024796595721
12802,0.062460778830
12803,0.023801139913
12804,0.014954810457
12805,0.029937062932
12806,0.025053743990
12807,0.023596788287
12808,0.018276265383
12809,0.048602574347
12810,0.111839931117
12811,0.138360776296
12812,0.022081005581
12813,0.080940394654
12814,0.025131169260
12815,0.058999430587
12816,0.044056718170
12817,0.058931814298
12818,0.042583482499
12819,0.044740281416
12820,0.064991214736
12821,0.054026782254
12822,0.046052596814
12823,0.114451584037
12824,0.068631723882
12825,0.052395834820
12826,0.113280608408
12827,0.030893460950
12828,0.085228463405
12829,0.054686699139
12830,0.327890565649
12831,0.323879605618
12832,0.054472358841
12833,0.018856417453
12834,0.270493879391
12835,0.045111997825
12836,0.337206210124
12837,0.086872791485
12838,0.109563882490
12839,0.064414966825
12840,0.034887202852
12841,0.135888545483
12842,0.055888855185
12843,0.666730361020
12844,0.139989516845
12845,0.053953811993
12846,0.245657970754
12847,0.046078110556
12848,0.023940200258
12849,0.047512675389
12850,0.033913869122
12851,0.019379368152
12852,0.019274708159
12853,0.054100106270
12854,0.102426761245
12855,0.127630285761
12856,0.504727077079
12857,0.471617749569
12858,0.047825925241
12859,0.025400371756
12860,0.214923085983
12861,0.151651584174
12862,0.024848499803
12863,0.055580199941
12864,0.032520137703
12865,0.052297609365
12866,0.070508095900
12867,0.398070992423
12868,0.092223508191
12869,0.251030829500
12870,0.501122079024
12871,0.118160826819
12872,0.459309114324
12873,0.025987529525
12874,0.063903275157
12875,0.297021516076
12876,0.048551165844
12877,0.044859467681
12878,0.052013663261
12879,0.037873088817
12880,0.034285688973
12881,0.075276649430
12882,0.122764434167
12883,0.069151811810
12884,0.035243909300
12885,0.021915947353
12886,0.052735944453
12887,0.269784855514
12888,0.052420809906
12889,0.030126235468
12890,0.049419967396
12891,0.051161131175
12892,0.060703627405
12893,0.026187543974
12894,0.063078930016
12895,0.095331903259
12896,0.035183116922
12897,0.045981911080
12898,0.147392296271
12899,0.036434180194
12900,0.171367238056
12901,0.037967136065
12902,0.033391070549
12903,0.029699580348
12904,0.017197724558
12905,0.017666624030
12906,0.450569831995
12907,0.086067253252
12908,0.072565425356
12909,0.418152609486
12910,0.422553602826
12911,0.066843637832
12912,0.045507685875
12913,0.024288587419
12914,0.027129570148
12915,0.017933283215
12916,0.013553659364
12917,0.036304714859
12918,0.071457043277
12919,0.017755703239
12920,0.077500785112
12921,0.062492469190
12922,0.080184578626
12923,0.253256371721
12924,0.404295415501
12925,0.045506539379
12926,0.049956116965
12927,0.019287130135
12928,0.020009358108
12929,0.033817423795
12930,0.034400682717
12931,0.263104160857
12932,0.016095660253
12933,0.034540904051
12934,0.016569780757
12935,0.020592780641
12936,0.056753378465
12937,0.117263493585
12938,0.504329965925
12939,0.054187590752
12940,0.055128621633
12941,0.023472231631
12942,0.030281977488
12943,0.057003906938
12944,0.061353028140
12945,0.021407926893
12946,0.026405876694
12947,0.017583794777
12948,0.106388489869
12949,0.136491441826
12950,0.084537083579
12951,0.066157538236
12952,0.046300206453
12953,0.023581513495
12954,0.036761229389
12955,0.034483144632
12956,0.039373685870
12957,0.081416130745
12958,0.070644692048
12959,0.222948636331
12960,0.032209192550
12961,0.063329575246
12962,0.043369629460
12963,0.028933763213
12964,0.021396194288
12965,0.031933247567
12966,0.051140697569
12967,0.025547754953
12968,0.076898039551
12969,0.174780305544
12970,0.269649240115
12971,0.051894785879
12972,0.046936019560
12973,0.037294165171
12974,0.074137127838
12975,0.044853586041
12976,0.021244449508
12977,0.066233946222
12978,0.024272722382
12979,0.141948068308
12980,0.037421133455
12981,0.027020195719
12982,0.036288782724
12983,0.013867375120
12984,0.074438852655
12985,0.067253767736
12986,0.215139941896
12987,0.213368340167
12988,0.214869438068
12989,0.063255707136
12990,0.058426877467
12991,0.026643442315
12992,0.055140035429
12993,0.048980689811
12994,0.020162251134
12995,0.095506166395
12996,0.043327057887
12997,0.605288516645
12998,0.122925474775
12999,0.108458872387
13000,0.046924796908
13001,0.045997567142
13002,0.027718002475
13003,0.020607599898
13004,0.055263460731
13005,0.035943748425
13006,0.023796516934
13007,0.027128107449
13008,0.085398074897
13009,0.043367990951
13010,0.089854284518
13011,0.061331124793
13012,0.117405504505
13013,0.224140903273
13014,0.362139950602
13015,0.088180134738
13016,0.035348235314
13017,0.082449996617
13018,0.024624663322
13019,0.037186331438
13020,0.020093136755
13021,0.015315791679
13022,0.071678010879
13023,0.046617661842
13024,0.109664100843
13025,0.061238672305
13026,0.092607424747
13027,0.043548331591
13028,0.067527778029
13029,0.025295439046
13030,0.025778142064
13031,0.021545716234
13032,0.125710566635
13033,0.019785657968
13034,0.029895672672
13035,0.049102098532
13036,0.028703492368
13037,0.019144454422
13038,0.017303252007
13039,0.023669917749
13040,0.049630400595
13041,0.064641839778
13042,0.078674114143
13043,0.128381803170
13044,0.106959868873
13045,0.230032855884
13046,0.217457722375
13047,0.143264237389
13048,0.023788829641
13049,0.083525333165
13050,0.052192583215
13051,0.018302258296
13052,0.053202395148
13053,0.100568399945
13054,0.029237620224
13055,0.027608016814
13056,0.053387053686
13057,0.048087260633
13058,0.016523985107
13059,0.048084537168
13060,0.069464910727
13061,0.035396122145
13062,0.022264518626
13063,0.019787519779
13064,0.076260199581
13065,0.023610920455
13066,0.040788574080
13067,0.067760920137
13068,0.064971516714
13069,0.219528459828
13070,0.317448809248
13071,0.123774198647
13072,0.121370161967
13073,0.071877765168
13074,0.085248001014
13075,0.089904676689
13076,0.086891315916
13077,0.065772175950
13078,0.017493575438
13079,0.024090959348
13080,0.363739812281
13081,0.076122209070
13082,0.069166540353
13083,0.040670628984
13084,0.065911664761
13085,0.027830169771
13086,0.027578033468
13087,0.020206767966
13088,0.025495652783
13089,0.060999906767
13090,0.165014369356
13091,0.067825381779
13092,0.050992069094
13093,0.134162949352
13094,0.649961577814
13095,0.099091074504
13096,0.022805388403
13097,0.219550065242
13098,0.065314566877
13099,0.246369091213
13100,0.185146178569
13101,0.083009523532
13102,0.018787636552
13103,0.062139072097
13104,0.094087532535
13105,0.141226323408
13106,0.058548459794
13107,0.145442867865
13108,0.068191670607
13109,0.047543230437
13110,0.020026434170
13111,0.027310146027
13112,0.051304343487
13113,0.063446707537
13114,0.028704413679
13115,0.136975679502
13116,0.155304210753
13117,0.141406052924
13118,0.093037246620
13119,0.039324554074
13120,0.110436418061
13121,0.178441250479
13122,0.248522754818
13123,0.061233392845
13124,0.014389358248
13125,0.066829305072
13126,0.027754546855
13127,0.077046206484
13128,0.532429866007
13129,0.026502690306
13130,0.093662308400
13131,0.367162754848
13132,0.171641357158
13133,0.017135077316
13134,0.039722624028
13135,0.065548750774
13136,0.227330217023
13137,0.237751897645
13138,0.112064287119
13139,0.109042520547
13140,0.175576481603
13141,0.176770130001
13142,0.129305603473
13143,0.161339549076
13144,0.364988520325
13145,0.091707318539
13146,0.022678238720
13147,0.047988405523
13148,0.072008864587
13149,0.057331341767
13150,0.269470465859
13151,0.846832231758
13152,0.011797395432
13153,0.080126268851
13154,0.373224613205
13155,0.018494000963
13156,0.040583567770
13157,0.263295787926
13158,0.015886830589
13159,0.059480221729
13160,0.086839781009
13161,0.032379256638
13162,0.050072920684
13163,0.016064749755
13164,0.439969656277
13165,0.076651086381
13166,0.098321605760
13167,0.255256438633
13168,0.166281528252
13169,0.250772820531
13170,0.369868793745
13171,0.345471034540
13172,0.261357442351
13173,0.143678248170
13174,0.133200115675
13175,0.800170647677
13176,0.377664782447
13177,0.390483228093
13178,0.030847795398
13179,0.195700332511
13180,0.087294302072
13181,0.023595671088
13182,0.058631658272
13183,0.013699287189
13184,0.018203201065
13185,0.025342603693
13186,0.089135526861
13187,0.128563341321
13188,0.096514241104
13189,0.104469653310
13190,0.080545974441
13191,0.225117163568
13192,0.129395324961
13193,0.023164398490
13194,0.116452352014
13195,0.246397669303
13196,0.068450096798
13197,0.888405501438
13198,0.858310869045
13199,0.602201025602
13200,0.012241662715
13201,0.026151236077
13202,0.020589681159
13203,0.040895908848
13204,0.399202529193
13205,0.080536791848
13206,0.044119284533
13207,0.014641328838
13208,0.060892855473
13209,0.069014240255
13210,0.063405774138
13211,0.025758434348
13212,0.363688385271
13213,0.023357202269
13214,0.056410044352
13215,0.128863478772
13216,0.112700029045
13217,0.065914819956
13218,0.069497048990
13219,0.233618797795
13220,0.323484173436
13221,0.033613755112
13222,0.204943109428
13223,0.104674420254
13224,0.123555744424
13225,0.902829523999
13226,0.827248891694
13227,0.585328745926
13228,0.025394875273
13229,0.110331420515
13230,0.019693766234
13231,0.011576220480
13232,0.382518826017
13233,0.065016763372
13234,0.251056499786
13235,0.058015546195
13236,0.054177013758
13237,0.027047707815
13238,0.083512177228
13239,0.125658382974
13240,0.166377697522
13241,0.114527024149
13242,0.493283641090
13243,0.291541900878
13244,0.241078310396
13245,0.163987823123
13246,0.099983445679
13247,0.063693715719
13248,0.128295334523
13249,0.054402666943
13250,0.048092201739
13251,0.019730568608
13252,0.115621050824
13253,0.112244358405
13254,0.049238751175
13255,0.099301787016
13256,0.028655677151
13257,0.858263273781
13258,0.972943963120
13259,0.912161508976
13260,0.095560152897
13261,0.037944773592
13262,0.214716987079
13263,0.272200864173
13264,0.025267746646
13265,0.021792646763
13266,0.021739645889
13267,0.065378391882
13268,0.109167321134
13269,0.075738416632
13270,0.396607874661
13271,0.756360868745
13272,0.088641625234
13273,0.112805950017
13274,0.149028464765
13275,0.180161591921
13276,0.067020350776
13277,0.336505648074
13278,0.121635956816
13279,0.029375544556
13280,0.068789590573
13281,0.093595988242
13282,0.099359107772
13283,0.058565840654
13284,0.028792960388
13285,0.359540453097
13286,0.362312763193
13287,0.149520165147
13288,0.075428273418
13289,0.156666270719
13290,0.079879240407
13291,0.267993987134
13292,0.029172129164
13293,0.038760329161
13294,0.039562760484
13295,0.021821569392
13296,0.024928528631
13297,0.062177032170
13298,0.053777705847
13299,0.262286449744
13300,0.675288600663
13301,0.280431061461
13302,0.280867832648
13303,0.117332869642
13304,0.185387600079
13305,0.167277308716
13306,0.558188405238
13307,0.096653592207
13308,0.034030500225
13309,0.040056715665
13310,0.029477409507
13311,0.145957515763
13312,0.152592287322
13313,0.212786978762
13314,0.276976945168
13315,0.268414576368
13316,0.246422040399
13317,0.968004771520
13318,0.198885750140
13319,0.025547013464
13320,0.214002129257
13321,0.220198241225
13322,0.024302350754
13323,0.058706029170
13324,0.213935906482
13325,0.076542208518
13326,0.044094024738
13327,0.056455921381
13328,0.064230595336
13329,0.217500213596
13330,0.416029962512
13331,0.278559412144
13332,0.574399083130
13333,0.286917038085
13334,0.171784225624
13335,0.227833457603
13336,0.244125944960
13337,0.019699935734
13338,0.028909696959
13339,0.127342331817
13340,0.196728375556
13341,0.067311383426
13342,0.435014244950
13343,0.254154292363
13344,0.048906989103
13345,0.562700708278
13346,0.331599029989
13347,0.070698648209
13348,0.132984376507
13349,0.083311189868
13350,0.045634878390
13351,0.018377026838
13352,0.015422317208
13353,0.020993303309
13354,0.033309784672
13355,0.061505576295
13356,0.095077964973
13357,0.120081932808
13358,0.132018140959
13359,0.395501041269
13360,0.755069486945
13361,0.503521098813
13362,0.357936900829
13363,0.607440758124
13364,0.102721644912
13365,0.056795231104
13366,0.057317799723
13367,0.121692858192
13368,0.172247594291
13369,0.058434781803
13370,0.036763266135
13371,0.068829706724
13372,0.158703859890
13373,0.013764487742
13374,0.029093268928
13375,0.128504590738
13376,0.025576770491
13377,0.042921223850
13378,0.026287768182
13379,0.024460791031
13380,0.014488884429
13381,0.014782172998
13382,0.038334482184
13383,0.091636131541
13384,0.058528599306
13385,0.082196122796
13386,0.249396345882
13387,0.277343739542
13388,0.347631227949
13389,0.716206247556
13390,0.640712445338
13391,0.374882655603
13392,0.101384508739
13393,0.032296064406
13394,0.020533077590
13395,0.063787838657
13396,0.110034294701
13397,0.018588739253
13398,0.032726256165
13399,0.807115789367
13400,0.059801312908
13401,0.023643247415
13402,0.073574539681
13403,0.053373221552
13404,0.210267386270
13405,0.054768611446
13406,0.065429033735
13407,0.050722570959
13408,0.020982907979
13409,0.018866158007
13410,0.035219165946
13411,0.093782412589
13412,0.117045533915
13413,0.574699974807
13414,0.362008220087
13415,0.153420315169
13416,0.882664240715
13417,0.454973498929
13418,0.466034279057
13419,0.236230317056
13420,0.035436224475
13421,0.026505429446
13422,0.029701999261
13423,0.054734784687
13424,0.052217422002
13425,0.032664964091
13426,0.071126952947
13427,0.491658278188
13428,0.214402949624
13429,0.349274807684
13430,0.050893480722
13431,0.084714296900
13432,0.131877066642
13433,0.125536732717
13434,0.158238932422
13435,0.037249537589
13436,0.031719996954
13437,0.013956951551
13438,0.044916504872
13439,0.157550455150
13440,0.698393356570
13441,0.358874706709
13442,0.584582819830
13443,0.328374396932
13444,0.288190909914
13445,0.221687670914
13446,0.097207786113
13447,0.032854498639
13448,0.018351408258
13449,0.065095256923
13450,0.034940885935
13451,0.116665795428
13452,0.172152633060
13453,0.058177604645
13454,0.264390599483
13455,0.035762087885
13456,0.066771435694
13457,0.017646452977
13458,0.243206340763
13459,0.056597914351
13460,0.020902050953
13461,0.119610950518
13462,0.222585679392
13463,0.051328708406
13464,0.013246453188
13465,0.168017655637
13466,0.178107469996
13467,0.083854122799
13468,0.101350781284
13469,0.028793638326
13470,0.094035403488
13471,0.101428814480
13472,0.069337662315
13473,0.111719210709
13474,0.127581278288
13475,0.052254541407
13476,0.019778827076
13477,0.306526472445
13478,0.018276446656
13479,0.021630731426
13480,0.089142748958
13481,0.041613755856
13482,0.044344924306
13483,0.125358626951
13484,0.054925594545
13485,0.080249070708
13486,0.015853323526
13487,0.072695665418
13488,0.160372066068
13489,0.352929403968
13490,0.477246488553
13491,0.071053742902
13492,0.015123611700
13493,0.023366284892
13494,0.030037002006
13495,0.086231302570
13496,0.071371402925
13497,0.112579521057
13498,0.019078406028
13499,0.032745669985
13500,0.023310798686
13501,0.025548690230
13502,0.020129230815
13503,0.021815644482
13504,0.082019994303
13505,0.102609905276
13506,0.368071822002
13507,0.020936057064
13508,0.026427385064
13509,0.065303342966
13510,0.065247256294
13511,0.099955856538
13512,0.382837979380
13513,0.064551357313
13514,0.016758533919
13515,0.115789128909
13516,0.034665271588
13517,0.072963647785
13518,0.116027348338
13519,0.033752732787
13520,0.016568445332
13521,0.019986565319
13522,0.015576671585
13523,0.170515125099
13524,0.026938072782
13525,0.017651551026
13526,0.030251385147
13527,0.150012638084
13528,0.072325980672
13529,0.055211144322
13530,0.024068060508
13531,0.037967849284
13532,0.077933204393
13533,0.348757782212
13534,0.039452191031
13535,0.018388848580
13536,0.024345650528
13537,0.059460852064
13538,0.070816333346
13539,0.152670762420
13540,0.077250043491
13541,0.181197516723
13542,0.106077202804
13543,0.037249883620
13544,0.020815913652
13545,0.035700414052
13546,0.039265597589
13547,0.033651873136
13548,0.250658651082
13549,0.141527249482
13550,0.031007345737
13551,0.127068748696
13552,0.057032506142
13553,0.019100521848
13554,0.018968202469
13555,0.351727402826
13556,0.609272882765
13557,0.145541866383
13558,0.062703448934
13559,0.024594055734
13560,0.064562622882
13561,0.041094464779
13562,0.037768931480
13563,0.209025191851
13564,0.066383019090
13565,0.083271827102
13566,0.874411476907
13567,0.025232175119
13568,0.071112533633
13569,0.024852071376
13570,0.074924277239
13571,0.074898196604
13572,0.020539762681
13573,0.038123301874
13574,0.113569739553
13575,0.429713166374
13576,0.069374322283
13577,0.208529491768
13578,0.033568224402
13579,0.025736381051
13580,0.043367760401
13581,0.023024611416
13582,0.094484871677
13583,0.025776450429
13584,0.026091849952
13585,0.063599529485
13586,0.051167998179
13587,0.026667883381
13588,0.027299427033
13589,0.048885001801
13590,0.020198424133
13591,0.116061536290
13592,0.033649275731
13593,0.025024210892
13594,0.041417965044
13595,0.081783230654
13596,0.083449462763
13597,0.027967785215
13598,0.058529644400
13599,0.654887275802
13600,0.063226927183
13601,0.211203647224
13602,0.050728371439
13603,0.047551892044
13604,0.051494288618
13605,0.381869760786
13606,0.039899896916
13607,0.017219567890
13608,0.013487941108
13609,0.021704872246
13610,0.045985876306
13611,0.101482831941
13612,0.017053833483
13613,0.114848796998
13614,0.056070755600
13615,0.027387867097
13616,0.043895409103
13617,0.363266826512
13618,0.027008878405
13619,0.030049141992
13620,0.018650425739
13621,0.024099681711
13622,0.052602124286
13623,0.050467840285
13624,0.123869260484
13625,0.076531444893
13626,0.019450513730
13627,0.024236132904
13628,0.019236784558
13629,0.085408936873
13630,0.137990656854
13631,0.083816596592
13632,0.084406895709
13633,0.069387690991
13634,0.025197250916
13635,0.052688708201
13636,0.022571848839
13637,0.202820977230
13638,0.248358497039
13639,0.114276182324
13640,0.032564051554
13641,0.025792419261
13642,0.015783817358
13643,0.027210387991
13644,0.019249202868
13645,0.027701768642
13646,0.013642241601
13647,0.017196243766
13648,0.023039602584
13649,0.028853548532
13650,0.065346518702
13651,0.064630745503
13652,0.130623975222
13653,0.017244168586
13654,0.194409234644
13655,0.018716062444
13656,0.264671452391
13657,0.019358778876
13658,0.022335971820
13659,0.028150470638
13660,0.016765132005
13661,0.014741788948
13662,0.021458970857
13663,0.029223964370
13664,0.025063614647
13665,0.029566895511
13666,0.018109707756
13667,0.015527009108
13668,0.080694065025
13669,0.025387709053
13670,0.043606661621
13671,0.058199268433
13672,0.015883927298
13673,0.016739187624
13674,0.016532009139
13675,0.102228882312
13676,0.035005421848
13677,0.048774878420
13678,0.012996597059
13679,0.011760048548
13680,0.020784588445
13681,0.018162358836
13682,0.032542813615
13683,0.025185305768
13684,0.103098488608
13685,0.023565457902
13686,0.166788289063
13687,0.045560673356
13688,0.066870007547
13689,0.062998809079
13690,0.020773513085
13691,0.073503910173
13692,0.022561989698
13693,0.015546577846
13694,0.082147638998
13695,0.017433042331
13696,0.079564449730
13697,0.113685924787
13698,0.022708552041
13699,0.027396987956
13700,0.039245503479
13701,0.023200880528
13702,0.019766521767
13703,0.018532707978
13704,0.014181073624
13705,0.016739094687
13706,0.033309843061
13707,0.016270599171
13708,0.041315850802
13709,0.067320032005
13710,0.036862193612
13711,0.130670068406
13712,0.018657946176
13713,0.023237759457
13714,0.030793374461
13715,0.026306269636
13716,0.013082354610
13717,0.025257760589
13718,0.064082159917
13719,0.025601888859
13720,0.015732184871
13721,0.029422388695
13722,0.022856991984
13723,0.022007738436
13724,0.016359390585
13725,0.022026503814
13726,0.044844070205
13727,0.117427336085
13728,0.147176594885
13729,0.021568809536
13730,0.082890012755
13731,0.020190319630
13732,0.027178901590
13733,0.065993490855
13734,0.043508386407
13735,0.058463822320
13736,0.046982194801
13737,0.058491616139
13738,0.064738579316
13739,0.049598476387
13740,0.049239538008
13741,0.105056680250
13742,0.062435250746
13743,0.055748341575
13744,0.026850639439
13745,0.030604808667
13746,0.105329512378
13747,0.034556011847
13748,0.092740882678
13749,0.061575539228
13750,0.141634891995
13751,0.331630439413
13752,0.028530701205
13753,0.018904437962
13754,0.258806844337
13755,0.052767790803
13756,0.188481543494
13757,0.093668987859
13758,0.124651297291
13759,0.022080118718
13760,0.014569059401
13761,0.152449394475
13762,0.054526602751
13763,0.698769180073
13764,0.115890424753
13765,0.060107856474
13766,0.227512591592
13767,0.048811370090
13768,0.025099936986
13769,0.027503424636
13770,0.050409668413
13771,0.032188557883
13772,0.019465151978
13773,0.021088920279
13774,0.057472846867
13775,0.095853023116
13776,0.148816318739
13777,0.533950210903
13778,0.478422239949
13779,0.054790795119
13780,0.129645335576
13781,0.240549337500
13782,0.029417915624
13783,0.058062935442
13784,0.031358370065
13785,0.054828927986
13786,0.067654786996
13787,0.407761137512
13788,0.103338661053
13789,0.325042418365
13790,0.501320286767
13791,0.022828100042
13792,0.450967467783
13793,0.066685254278
13794,0.297260740279
13795,0.047896847434
13796,0.048211343927
13797,0.051345739831
13798,0.042860094630
13799,0.035225072622
13800,0.088377267984
13801,0.122184894582
13802,0.080825852023
13803,0.023163104112
13804,0.053575445287
13805,0.271766750537
13806,0.051047481730
13807,0.030931693165
13808,0.049570298500
13809,0.056237991083
13810,0.065953065630
13811,0.031654777386
13812,0.025698874966
13813,0.079010944815
13814,0.090407015847
13815,0.033691212654
13816,0.057710679238
13817,0.152371286016
13818,0.259031014312
13819,0.025448132422
13820,0.033931386124
13821,0.029769374615
13822,0.454423207894
13823,0.075192724804
13824,0.080469025494
13825,0.298980506332
13826,0.317658034468
13827,0.069916715217
13828,0.052159455735
13829,0.025147639276
13830,0.034924225119
13831,0.014715605070
13832,0.037113333281
13833,0.015989639478
13834,0.070573145190
13835,0.074041094011
13836,0.059711466050
13837,0.083983734320
13838,0.179188838795
13839,0.402978689241
13840,0.020750380533
13841,0.047152424177
13842,0.049791929897
13843,0.020963875606
13844,0.018370790855
13845,0.022761371067
13846,0.037249443240
13847,0.036395447487
13848,0.323468254176
13849,0.018832694195
13850,0.037106794780
13851,0.069547017963
13852,0.115269083905
13853,0.511359714088
13854,0.015722432714
13855,0.055729342420
13856,0.054084736875
13857,0.029654049524
13858,0.057900323424
13859,0.058111915454
13860,0.019301561058
13861,0.022871572242
13862,0.025975148485
13863,0.105373939609
13864,0.148394124389
13865,0.072717815583
13866,0.072656679220
13867,0.047503934230
13868,0.016450008801
13869,0.027306722784
13870,0.036154674916
13871,0.033926894881
13872,0.038972804707
13873,0.081529788947
13874,0.075708155310
13875,0.218157202311
13876,0.030263241861
13877,0.065582799180
13878,0.042804761807
13879,0.026416457218
13880,0.022049052672
13881,0.030041553349
13882,0.047814605834
13883,0.081125272973
13884,0.028970512840
13885,0.069490469931
13886,0.259661821432
13887,0.262692627261
13888,0.049862640648
13889,0.049224047994
13890,0.034566598985
13891,0.085044037333
13892,0.047145619362
13893,0.020799605491
13894,0.066874417995
13895,0.025057774082
13896,0.133475879185
13897,0.035655455050
13898,0.025775019235
13899,0.034130730604
13900,0.014757499397
13901,0.072184349427
13902,0.066515423261
13903,0.215337807225
13904,0.221127736931
13905,0.222148307150
13906,0.065237213209
13907,0.059085375555
13908,0.025429429412
13909,0.059578202030
13910,0.048970966960
13911,0.016555132780
13912,0.106550624576
13913,0.040390274345
13914,0.625640045367
13915,0.122385882667
13916,0.113811446711
13917,0.047818973989
13918,0.047361234380
13919,0.025699784145
13920,0.021730632257
13921,0.021325859142
13922,0.051474827012
13923,0.038427353155
13924,0.022774573088
13925,0.024853602578
13926,0.079382667798
13927,0.043327796931
13928,0.090740039477
13929,0.060478732711
13930,0.117620894764
13931,0.228214029843
13932,0.368257783068
13933,0.085100248974
13934,0.034650658510
13935,0.080595412230
13936,0.023971362791
13937,0.037216830209
13938,0.012750468159
13939,0.021091479612
13940,0.074116185659
13941,0.050490123721
13942,0.102744966534
13943,0.054046049126
13944,0.088921850573
13945,0.042255508732
13946,0.063666151920
13947,0.024907397716
13948,0.027325249636
13949,0.022775897572
13950,0.132921587175
13951,0.037670123099
13952,0.049135774955
13953,0.027227758639
13954,0.018080765770
13955,0.023230687549
13956,0.046757857358
13957,0.066701547867
13958,0.079931611586
13959,0.124502690204
13960,0.116005995953
13961,0.233232463225
13962,0.218261966565
13963,0.143895946125
13964,0.025603376218
13965,0.095382132508
13966,0.052168451260
13967,0.019354365731
13968,0.050516918384
13969,0.107321952001
13970,0.027157283616
13971,0.027466289759
13972,0.051710439109
13973,0.051953459506
13974,0.049300919723
13975,0.068041680403
13976,0.035768306722
13977,0.065502993228
13978,0.021623843938
13979,0.018863959669
13980,0.019267543065
13981,0.076506385008
13982,0.021280878204
13983,0.042862952017
13984,0.072919412421
13985,0.066782607487
13986,0.147860576880
13987,0.329883744076
13988,0.126894809999
13989,0.129920863231
13990,0.074137885081
13991,0.086929314030
13992,0.089681897827
13993,0.086174073805
13994,0.059633125086
13995,0.015624586503
13996,0.025071442661
13997,0.290008558157
13998,0.072088866547
13999,0.067938172038
14000,0.038500823150
14001,0.072519466527
14002,0.021653586105
14003,0.025732213056
14004,0.057445826429
14005,0.159855567159
14006,0.065001052269
14007,0.051792988177
14008,0.143296125025
14009,0.652037200803
14010,0.097341264338
14011,0.021976067972
14012,0.212236063261
14013,0.068490313984
14014,0.245851742622
14015,0.183371365007
14016,0.082193564497
14017,0.058975258346
14018,0.095316741586
14019,0.146368868361
14020,0.058165169701
14021,0.148156052711
14022,0.070100300951
14023,0.053824638756
14024,0.019848130373
14025,0.027770441670
14026,0.049348211386
14027,0.066017611799
14028,0.027926783017
14029,0.130890403754
14030,0.148081265648
14031,0.148023146494
14032,0.090191619760
14033,0.038939386176
14034,0.110283967819
14035,0.232938289376
14036,0.246109764017
14037,0.061929060249
14038,0.014426733732
14039,0.072197609262
14040,0.027567181310
14041,0.015385137814
14042,0.073855782040
14043,0.529889687574
14044,0.025879366948
14045,0.085856768426
14046,0.373987038609
14047,0.238644756361
14048,0.017600751258
14049,0.020710883100
14050,0.037352065805
14051,0.067105790608
14052,0.234093303592
14053,0.236685714518
14054,0.110640269812
14055,0.108791618879
14056,0.177140319403
14057,0.174688185535
14058,0.128113002568
14059,0.175893787461
14060,0.360085759900
14061,0.086449884253
14062,0.052911933176
14063,0.071738761977
14064,0.057388624448
14065,0.266390362465
14066,0.878176350019
14067,0.012021478830
14068,0.075804578779
14069,0.354919904276
14070,0.016678482963
14071,0.037662961415
14072,0.264039854698
14073,0.055323519479
14074,0.084751291074
14075,0.031679883442
14076,0.046534031075
14077,0.405415397899
14078,0.072905795529
14079,0.098142962433
14080,0.259770413056
14081,0.220280473615
14082,0.243294968905
14083,0.363053159612
14084,0.336875849065
14085,0.036287904305
14086,0.317849005739
14087,0.218786444300
14088,0.205819193816
14089,0.828112438107
14090,0.376092627352
14091,0.381156943733
14092,0.031313662409
14093,0.202439629957
14094,0.082082541540
14095,0.025926487443
14096,0.015289049743
14097,0.058566027594
14098,0.013165007891
14099,0.018242988335
14100,0.023395776740
14101,0.092656051660
14102,0.131704537993
14103,0.103843938471
14104,0.113227567759
14105,0.079367706129
14106,0.218390580822
14107,0.117840896125
14108,0.024933717837
14109,0.113815801921
14110,0.245097045050
14111,0.026475030836
14112,0.074405333214
14113,0.920158793112
14114,0.900543492820
14115,0.599434623110
14116,0.012260587081
14117,0.026033926018
14118,0.021449343483
14119,0.061386944126
14120,0.384292390791
14121,0.076127522878
14122,0.044850042089
14123,0.015134470233
14124,0.067106640713
14125,0.067944498572
14126,0.060419031063
14127,0.023632329711
14128,0.365669936243
14129,0.027236218192
14130,0.054832252927
14131,0.125453987608
14132,0.104174898903
14133,0.064448237838
14134,0.068390069823
14135,0.238025701464
14136,0.220280431681
14137,0.035220219189
14138,0.113161587202
14139,0.093275947732
14140,0.127752558597
14141,0.920088468097
14142,0.836289862382
14143,0.599982939443
14144,0.021962625768
14145,0.100067277273
14146,0.022749950530
14147,0.012376542062
14148,0.379887369702
14149,0.065020946119
14150,0.249069387535
14151,0.059040368692
14152,0.064891630011
14153,0.026115418247
14154,0.087641501162
14155,0.133237609846
14156,0.170658777043
14157,0.123326598091
14158,0.519851822926
14159,0.407360970846
14160,0.234884154787
14161,0.165504070231
14162,0.102521369190
14163,0.064680035512
14164,0.134561104772
14165,0.052321044832
14166,0.048384994817
14167,0.019037263888
14168,0.111535287213
14169,0.104899627373
14170,0.050706537806
14171,0.098905000274
14172,0.030523754168
14173,0.864821845697
14174,0.972997483040
14175,0.919035615578
14176,0.101258828430
14177,0.037039042573
14178,0.159302601975
14179,0.364497694134
14180,0.025941144190
14181,0.023086664574
14182,0.021853591487
14183,0.063780689345
14184,0.105844227563
14185,0.071456492586
14186,0.458839381946
14187,0.780274032517
14188,0.089233725870
14189,0.115287259973
14190,0.145500637640
14191,0.179042481190
14192,0.070580004024
14193,0.336369242931
14194,0.121351731098
14195,0.033859403774
14196,0.080426785262
14197,0.092622125728
14198,0.096034732785
14199,0.060561135131
14200,0.026932910068
14201,0.373531587931
14202,0.287554446369
14203,0.162124219166
14204,0.074415315436
14205,0.155765907998
14206,0.080400012919
14207,0.262956474804
14208,0.029350249978
14209,0.038664526789
14210,0.037755290503
14211,0.022555566716
14212,0.024997397890
14213,0.065052229172
14214,0.054170272510
14215,0.344392929530
14216,0.692667730800
14217,0.289475848517
14218,0.275974183299
14219,0.115179293937
14220,0.184905283228
14221,0.215297837362
14222,0.558178396091
14223,0.100718107441
14224,0.032677877775
14225,0.046405388182
14226,0.029761660310
14227,0.213997123959
14228,0.224222071328
14229,0.096933206469
14230,0.366145255924
14231,0.273283600762
14232,0.246899072694
14233,0.968077560560
14234,0.200302914365
14235,0.024794779970
14236,0.212101739554
14237,0.219522050700
14238,0.024646056470
14239,0.062010000758
14240,0.302431290961
14241,0.012297990438
14242,0.077391206642
14243,0.043453418142
14244,0.058294334554
14245,0.067116585535
14246,0.164010371627
14247,0.403179116601
14248,0.272882268072
14249,0.540828241440
14250,0.439363947014
14251,0.175376033840
14252,0.219692486751
14253,0.258432633372
14254,0.026786128268
14255,0.128390257196
14256,0.079389353357
14257,0.064337546260
14258,0.426885371577
14259,0.249126725097
14260,0.048742388885
14261,0.564094295896
14262,0.336465604165
14263,0.011825985128
14264,0.067393303628
14265,0.130401128467
14266,0.082621690817
14267,0.046475136192
14268,0.015335883531
14269,0.020185553335
14270,0.034011505543
14271,0.061111093860
14272,0.100267317164
14273,0.121248356379
14274,0.141293669878
14275,0.443598335797
14276,0.751455406679
14277,0.527901565588
14278,0.283191235927
14279,0.583473801185
14280,0.106495152710
14281,0.018190560023
14282,0.052834428442
14283,0.062315422328
14284,0.122825020632
14285,0.169038804069
14286,0.063279636585
14287,0.034758516653
14288,0.069929242517
14289,0.154031287088
14290,0.028916705626
14291,0.118590267650
14292,0.021097241731
14293,0.042137934175
14294,0.012125246958
14295,0.015826741622
14296,0.039932612471
14297,0.092960049005
14298,0.061101724671
14299,0.087422554270
14300,0.247380958933
14301,0.200719355212
14302,0.351260390558
14303,0.718804835867
14304,0.657271284582
14305,0.372488704890
14306,0.091321019260
14307,0.017396517210
14308,0.060574062595
14309,0.097949109397
14310,0.018770238483
14311,0.035372351306
14312,0.833479235193
14313,0.059958651346
14314,0.025569958425
14315,0.075725231502
14316,0.055097558734
14317,0.085415192950
14318,0.050025146284
14319,0.065569851448
14320,0.023678068420
14321,0.055933976324
14322,0.021273490605
14323,0.017007886994
14324,0.037849593208
14325,0.098537564792
14326,0.117486244129
14327,0.568535883964
14328,0.362974707712
14329,0.159332251829
14330,0.895266865184
14331,0.437427361123
14332,0.477538292097
14333,0.236853445437
14334,0.041360710333
14335,0.026000722072
14336,0.029475258219
14337,0.055347158520
14338,0.056922237491
14339,0.068136331693
14340,0.488758944592
14341,0.126183496218
14342,0.364311981365
14343,0.050936251310
14344,0.080049398453
14345,0.141240733755
14346,0.132440222992
14347,0.232090204668
14348,0.036815099972
14349,0.029345355477
14350,0.014435541570
14351,0.046563451495
14352,0.164890545164
14353,0.732904845280
14354,0.350649811106
14355,0.584554366576
14356,0.320750702163
14357,0.356892932027
14358,0.156770591125
14359,0.099760968988
14360,0.038609811594
14361,0.032759961441
14362,0.075291268189
14363,0.034591860984
14364,0.117098352052
14365,0.175359892294
14366,0.068837391688
14367,0.262814079185
14368,0.035325808321
14369,0.067928159442
14370,0.017716819772
14371,0.253350368338
14372,0.057902058484
14373,0.014449545138
14374,0.023485786179
14375,0.122334808566
14376,0.220259504392
14377,0.047676839671
14378,0.321900530132
14379,0.246593927722
14380,0.079361715566
14381,0.099738087478
14382,0.034166837658
14383,0.086170985543
14384,0.099528194046
14385,0.065255846252
14386,0.112594974238
14387,0.118808274410
14388,0.047627635442
14389,0.023158614641
14390,0.211575539536
14391,0.018207832277
14392,0.095226572390
14393,0.041975647778
14394,0.139381109050
14395,0.052794274126
14396,0.077694319087
14397,0.015904313991
14398,0.073447029908
14399,0.162555879510
14400,0.359359665843
14401,0.481008056078
14402,0.075126080817
14403,0.024247806711
14404,0.031049826585
14405,0.082093636152
14406,0.069220387000
14407,0.104666017334
14408,0.019084788923
14409,0.031984635421
14410,0.022157819325
14411,0.026319109337
14412,0.018198792351
14413,0.032603920122
14414,0.087259765511
14415,0.103295816503
14416,0.355262067201
14417,0.020098252038
14418,0.025916308564
14419,0.061341581980
14420,0.064274381051
14421,0.097105341904
14422,0.381949735009
14423,0.081305378618
14424,0.020958016404
14425,0.206271741890
14426,0.037039446985
14427,0.073925381592
14428,0.104414946615
14429,0.035230439452
14430,0.019237342376
14431,0.252481508820
14432,0.017762727205
14433,0.028132091897
14434,0.154438261167
14435,0.073154000729
14436,0.058817157829
14437,0.024452658528
14438,0.036505445759
14439,0.080402681717
14440,0.348785663606
14441,0.035021873692
14442,0.018343025199
14443,0.059792023313
14444,0.063315039619
14445,0.217037375868
14446,0.079858204428
14447,0.168942531906
14448,0.101951939851
14449,0.035583973930
14450,0.020552850744
14451,0.041256244363
14452,0.039367076443
14453,0.036504132291
14454,0.246804018390
14455,0.019701255020
14456,0.141681949641
14457,0.126667259935
14458,0.055883271472
14459,0.022112027615
14460,0.022254374646
14461,0.379424751501
14462,0.629739746417
14463,0.219964460724
14464,0.063815330024
14465,0.021207532361
14466,0.061710299869
14467,0.042848696277
14468,0.037974274057
14469,0.097610869777
14470,0.072345519184
14471,0.076875638781
14472,0.875983845801
14473,0.066410474425
14474,0.071925600180
14475,0.073934676126
14476,0.036892273968
14477,0.119027158660
14478,0.344161495199
14479,0.070121304603
14480,0.138435063062
14481,0.034462758916
14482,0.028056817886
14483,0.046488396615
14484,0.021996002646
14485,0.099723900708
14486,0.025262501773
14487,0.025190817875
14488,0.012046401157
14489,0.059696168526
14490,0.051736380302
14491,0.027273389391
14492,0.048941538734
14493,0.019269760907
14494,0.122000930222
14495,0.033397479306
14496,0.023493489185
14497,0.043631610785
14498,0.074902824077
14499,0.072464291098
14500,0.028488727560
14501,0.031144323545
14502,0.061129444763
14503,0.704741857323
14504,0.060552933285
14505,0.105744879037
14506,0.051140894616
14507,0.043566707573
14508,0.046790823141
14509,0.052466432402
14510,0.017135335824
14511,0.027042302656
14512,0.266870306219
14513,0.036977460904
14514,0.020620977811
14515,0.047768843309
14516,0.210856945762
14517,0.015649425664
14518,0.016803288517
14519,0.097165259739
14520,0.054117969800
14521,0.026473430883
14522,0.042191548162
14523,0.354701707999
14524,0.024493717937
14525,0.027753807799
14526,0.018739852980
14527,0.050903159658
14528,0.049141828216
14529,0.135322891551
14530,0.078051672361
14531,0.026120812809
14532,0.020118339495
14533,0.084498328763
14534,0.132861756507
14535,0.075901235196
14536,0.081033829539
14537,0.072655709984
14538,0.024660840479
14539,0.053277000031
14540,0.095320789978
14541,0.239865736256
14542,0.133530947910
14543,0.034480020225
14544,0.024118940007
14545,0.015931354277
14546,0.027986508357
14547,0.019065506227
14548,0.027192067139
14549,0.012018668612
14550,0.016366007054
14551,0.023470612138
14552,0.026055809263
14553,0.066964432711
14554,0.054897260037
14555,0.128406831707
14556,0.018631812425
14557,0.120619988175
14558,0.018572421876
14559,0.176800415050
14560,0.021379285469
14561,0.023124255769
14562,0.028381406884
14563,0.016332284570
14564,0.014979032022
14565,0.021146685935
14566,0.028736638587
14567,0.014209860219
14568,0.024986762855
14569,0.016858446820
14570,0.019091795259
14571,0.018179512373
14572,0.077861578985
14573,0.014761469092
14574,0.025801000232
14575,0.042160137377
14576,0.063272344959
14577,0.015544152572
14578,0.015487964556
14579,0.107540813408
14580,0.034523841395
14581,0.044998885316
14582,0.018917886660
14583,0.032304883858
14584,0.018150340094
14585,0.020113207919
14586,0.098565031318
14587,0.017981772834
14588,0.172502817097
14589,0.046110903631
14590,0.060808824059
14591,0.069988883155
14592,0.073433586111
14593,0.022044978629
14594,0.015495209060
14595,0.075737774199
14596,0.017639492014
14597,0.083566617510
14598,0.014195826125
14599,0.125468086720
14600,0.033531313060
14601,0.025033326739
14602,0.038965935676
14603,0.030552241672
14604,0.020843782711
14605,0.016617962156
14606,0.019662154737
14607,0.018527352530
14608,0.034226002661
14609,0.018575229203
14610,0.020362589228
14611,0.048115133833
14612,0.066003958632
14613,0.035944464258
14614,0.143680186331
14615,0.018744353906
14616,0.024122432644
14617,0.031810978028
14618,0.028421910867
14619,0.012726002327
14620,0.025937671515
14621,0.058059242516
14622,0.025317029417
14623,0.016869394220
14624,0.028975991360
14625,0.023717872670
14626,0.023606628800
14627,0.012915975339
14628,0.047338519412
14629,0.116214834280
14630,0.142805964644
14631,0.074356926555
14632,0.020426300566
14633,0.035857628397
14634,0.065580014637
14635,0.032528326199
14636,0.037984709837
14637,0.057848148032
14638,0.061064575960
14639,0.053056973149
14640,0.049896124413
14641,0.226375684256
14642,0.062064518376
14643,0.048524098493
14644,0.042763952252
14645,0.114352963925
14646,0.033486501890
14647,0.094076317262
14648,0.064510756527
14649,0.246824221691
14650,0.336461359336
14651,0.027776333773
14652,0.061318101284
14653,0.268290953434
14654,0.051487865832
14655,0.194566342341
14656,0.226746879901
14657,0.109772599434
14658,0.062698518581
14659,0.022255961919
14660,0.012325151545
14661,0.043697647616
14662,0.133581944676
14663,0.734150363396
14664,0.235462922677
14665,0.071336305679
14666,0.323712236270
14667,0.042801614889
14668,0.019289044889
14669,0.026362832409
14670,0.026605180475
14671,0.042598784580
14672,0.032429054288
14673,0.019361196747
14674,0.051150673947
14675,0.096641853740
14676,0.135110143074
14677,0.529327824361
14678,0.503367230928
14679,0.058025104023
14680,0.222263644730
14681,0.135622772222
14682,0.029214501909
14683,0.053520275127
14684,0.028431324606
14685,0.062510554460
14686,0.061911259578
14687,0.415471949143
14688,0.122342216246
14689,0.174373333083
14690,0.507552039587
14691,0.105425561983
14692,0.020372512303
14693,0.457019277588
14694,0.065789238028
14695,0.299445635046
14696,0.049675438756
14697,0.045811498539
14698,0.045516248545
14699,0.036698251900
14700,0.088523301096
14701,0.119006282647
14702,0.094158920503
14703,0.053195555158
14704,0.260727639247
14705,0.054061921954
14706,0.012457192892
14707,0.031645805770
14708,0.046526743820
14709,0.056058343164
14710,0.069021343809
14711,0.033547263521
14712,0.034097799135
14713,0.063084213467
14714,0.103014589325
14715,0.035992729920
14716,0.147330029597
14717,0.258102285631
14718,0.024499560035
14719,0.044331238608
14720,0.032896379615
14721,0.015703750763
14722,0.434284992448
14723,0.100206783682
14724,0.083090640740
14725,0.400192107946
14726,0.308603723451
14727,0.077566274211
14728,0.049517709470
14729,0.033067004548
14730,0.015710811047
14731,0.036046397407
14732,0.016025074589
14733,0.071635382154
14734,0.069807171312
14735,0.056770884278
14736,0.104052041780
14737,0.165991948030
14738,0.403712362620
14739,0.302483898514
14740,0.052794703073
14741,0.017958985724
14742,0.026623301743
14743,0.036290709129
14744,0.034365734098
14745,0.337411757463
14746,0.017920547354
14747,0.037691410326
14748,0.071377878185
14749,0.045252623859
14750,0.110844472057
14751,0.503532716923
14752,0.056183108975
14753,0.063273915116
14754,0.023691518362
14755,0.030714245343
14756,0.057790475116
14757,0.059676538978
14758,0.018994591436
14759,0.024830746585
14760,0.026594375599
14761,0.091074995515
14762,0.136946270550
14763,0.078853111176
14764,0.072703368213
14765,0.046368110367
14766,0.019086191161
14767,0.025011881467
14768,0.036327322324
14769,0.033997554551
14770,0.040023403359
14771,0.086665779824
14772,0.074968071046
14773,0.218492183558
14774,0.030046655317
14775,0.065409876962
14776,0.042336970676
14777,0.025583979120
14778,0.021874875904
14779,0.030748109162
14780,0.047714846538
14781,0.024257409758
14782,0.029178224630
14783,0.078306528849
14784,0.264749652864
14785,0.272509280071
14786,0.054916374961
14787,0.049066072820
14788,0.036091530473
14789,0.082928869405
14790,0.049356943394
14791,0.020995451753
14792,0.065186783861
14793,0.021962642576
14794,0.024905811926
14795,0.152607012745
14796,0.036500331506
14797,0.027589605279
14798,0.034314842161
14799,0.017326334415
14800,0.073435786058
14801,0.069972920415
14802,0.218728345411
14803,0.153691449349
14804,0.225961277287
14805,0.062207648155
14806,0.057759052400
14807,0.024376110069
14808,0.059420010781
14809,0.049655339943
14810,0.016909582785
14811,0.016894663144
14812,0.106411309409
14813,0.046498222842
14814,0.610282682145
14815,0.115625144409
14816,0.026179588220
14817,0.108679704604
14818,0.044979448533
14819,0.049998621125
14820,0.027440807666
14821,0.062640363618
14822,0.015966294424
14823,0.023401372881
14824,0.026288664210
14825,0.077828336923
14826,0.047906796257
14827,0.091836373530
14828,0.065477185635
14829,0.115799221762
14830,0.225455458669
14831,0.356173207135
14832,0.092421955765
14833,0.035923672878
14834,0.077638665990
14835,0.024125901656
14836,0.036569795359
14837,0.012916483156
14838,0.017832672114
14839,0.086110366939
14840,0.054388869181
14841,0.102335775136
14842,0.057396869638
14843,0.092206886699
14844,0.040657917804
14845,0.064806945613
14846,0.026240147854
14847,0.124558917990
14848,0.030346550244
14849,0.051278629996
14850,0.026098113026
14851,0.020686512186
14852,0.018273823944
14853,0.024981050553
14854,0.046548392508
14855,0.067098310910
14856,0.082310568754
14857,0.213062770810
14858,0.118271175710
14859,0.233578924881
14860,0.126288424931
14861,0.146935137332
14862,0.024294714358
14863,0.094799097604
14864,0.017041074891
14865,0.050924359566
14866,0.052290596453
14867,0.097342606470
14868,0.028818958852
14869,0.028155484636
14870,0.048077819629
14871,0.052140826058
14872,0.048054707527
14873,0.066774807747
14874,0.034392705163
14875,0.065698291898
14876,0.020708196571
14877,0.030715236497
14878,0.085499662117
14879,0.022489367082
14880,0.042690143681
14881,0.085009129445
14882,0.066836352486
14883,0.218212807760
14884,0.326156878424
14885,0.125333368051
14886,0.132899602833
14887,0.073853787973
14888,0.089888085357
14889,0.087045424077
14890,0.086356577927
14891,0.062606837115
14892,0.025833096230
14893,0.343812618743
14894,0.074988591409
14895,0.070699286791
14896,0.070713748021
14897,0.025975967537
14898,0.019580681875
14899,0.026151384907
14900,0.058913525402
14901,0.157066924401
14902,0.066475452427
14903,0.050408343362
14904,0.129906932938
14905,0.671163050060
14906,0.106724543308
14907,0.024491419121
14908,0.217168152415
14909,0.068671274829
14910,0.248860387035
14911,0.185914032795
14912,0.084672888347
14913,0.057178984971
14914,0.094397524913
14915,0.208372231284
14916,0.058380721909
14917,0.141622668208
14918,0.067641964160
14919,0.058483758409
14920,0.020776330644
14921,0.020145409915
14922,0.050127985631
14923,0.063995595753
14924,0.029498661710
14925,0.140462261616
14926,0.154445205927
14927,0.148143011914
14928,0.092714412030
14929,0.042741120631
14930,0.119107753129
14931,0.185635853369
14932,0.237947468076
14933,0.062017714034
14934,0.065638150825
14935,0.024597439975
14936,0.016315822650
14937,0.074922324430
14938,0.527593665166
14939,0.034920270952
14940,0.090089393283
14941,0.369938224580
14942,0.238877877147
14943,0.017691816110
14944,0.020732002606
14945,0.016135939287
14946,0.039998859693
14947,0.062350198049
14948,0.230772209007
14949,0.234465942751
14950,0.115491672467
14951,0.106766649806
14952,0.251440177213
14953,0.176390754681
14954,0.128796523978
14955,0.163012887629
14956,0.356489696219
14957,0.085420201692
14958,0.052670106453
14959,0.087447667635
14960,0.060012941226
14961,0.274610172425
14962,0.904586352340
14963,0.012422104734
14964,0.071904825784
14965,0.362278143314
14966,0.018849578042
14967,0.044948494268
14968,0.265789454433
14969,0.020505014123
14970,0.017259756601
14971,0.052208060657
14972,0.084759082038
14973,0.033087647075
14974,0.050035146494
14975,0.437623345480
14976,0.081129111277
14977,0.099050287230
14978,0.255221599345
14979,0.157731550371
14980,0.250068552806
14981,0.363309529802
14982,0.347645139468
14983,0.035146826384
14984,0.263091779941
14985,0.133571493347
14986,0.134128938846
14987,0.858665439929
14988,0.312777757157
14989,0.286110617937
14990,0.029941014783
14991,0.199482808431
14992,0.090089329927
14993,0.022207304571
14994,0.014418513230
14995,0.060724819109
14996,0.015654483789
14997,0.018765711362
14998,0.027839635196
14999,0.095025608023
15000,0.129972275732
15001,0.098626020160
15002,0.110151394195
15003,0.093348542163
15004,0.226345593375
15005,0.127140202713
15006,0.023975343425
15007,0.106192054415
15008,0.238220903084
15009,0.023909569681
15010,0.069751834035
15011,0.939034463369
15012,0.896548193866
15013,0.601587991514
15014,0.026081320735
15015,0.021118705633
15016,0.072662950084
15017,0.373760753640
15018,0.077443586096
15019,0.041829240718
15020,0.012654301907
15021,0.016010853528
15022,0.062774366409
15023,0.074370456431
15024,0.064514728066
15025,0.023825483933
15026,0.387583206647
15027,0.027721141099
15028,0.056219255482
15029,0.126100208341
15030,0.106568545035
15031,0.065698278899
15032,0.065028167878
15033,0.230052092760
15034,0.219609667727
15035,0.036417146909
15036,0.198587146639
15037,0.106001938464
15038,0.141464874345
15039,0.928682608127
15040,0.830880786146
15041,0.609710565651
15042,0.024283462114
15043,0.205079970119
15044,0.023237085333
15045,0.013903263268
15046,0.274582236075
15047,0.062737443748
15048,0.322026321601
15049,0.057368029938
15050,0.067140214811
15051,0.025477638485
15052,0.105364564822
15053,0.151262631865
15054,0.175003051447
15055,0.129912889712
15056,0.528223935656
15057,0.418617132630
15058,0.233290985286
15059,0.156905590799
15060,0.105125692641
15061,0.064355499912
15062,0.133783701537
15063,0.056479931964
15064,0.047351479482
15065,0.020623335969
15066,0.119330790397
15067,0.109508067623
15068,0.051039663322
15069,0.110206502407
15070,0.028958939866
15071,0.880413257773
15072,0.973045255200
15073,0.930446532193
15074,0.118004549472
15075,0.043295217758
15076,0.217069725152
15077,0.363758570999
15078,0.026236422217
15079,0.023720062982
15080,0.021722734042
15081,0.066690635515
15082,0.108553016112
15083,0.070332653302
15084,0.388499225071
15085,0.848940854360
15086,0.083755589460
15087,0.111050491658
15088,0.147021169381
15089,0.241911610171
15090,0.067959518265
15091,0.320232956233
15092,0.227324737324
15093,0.029613662639
15094,0.077935863324
15095,0.075728644470
15096,0.099925288396
15097,0.059311613242
15098,0.026207380897
15099,0.276910143073
15100,0.277698533615
15101,0.147162359321
15102,0.082255035992
15103,0.035812896309
15104,0.157323760689
15105,0.073457978439
15106,0.261805066894
15107,0.029967617781
15108,0.035647670188
15109,0.044169832513
15110,0.022129454433
15111,0.024684181966
15112,0.061714106438
15113,0.054444303646
15114,0.346150387202
15115,0.639433438745
15116,0.368093114174
15117,0.208588622197
15118,0.117064730980
15119,0.187583958524
15120,0.217845662978
15121,0.563068502162
15122,0.097752267011
15123,0.046776287203
15124,0.030875301378
15125,0.138140216093
15126,0.231206710371
15127,0.107656229776
15128,0.281960566713
15129,0.275293574878
15130,0.249577090531
15131,0.968142767480
15132,0.110079334878
15133,0.027001432771
15134,0.216687425735
15135,0.221776315006
15136,0.059941009376
15137,0.500666075009
15138,0.078809643907
15139,0.048583675495
15140,0.057148076492
15141,0.068143029555
15142,0.165163312097
15143,0.396773141019
15144,0.281870622064
15145,0.526402430643
15146,0.289653633538
15147,0.169193132987
15148,0.217806611597
15149,0.252084364554
15150,0.020227485469
15151,0.123708171200
15152,0.079587520304
15153,0.057896591380
15154,0.421707412530
15155,0.249175904695
15156,0.055114503997
15157,0.556629628101
15158,0.341963156809
15159,0.011755300414
15160,0.069056325228
15161,0.119809965960
15162,0.082353449041
15163,0.044031763313
15164,0.018602147981
15165,0.016229123991
15166,0.034288507886
15167,0.057330313221
15168,0.095778872102
15169,0.124681349254
15170,0.135402588943
15171,0.445963056357
15172,0.756680084452
15173,0.480071899167
15174,0.381447611207
15175,0.618246298260
15176,0.099748444573
15177,0.018269379963
15178,0.049423787845
15179,0.060313841257
15180,0.128311730998
15181,0.169771954819
15182,0.066964963326
15183,0.031829125367
15184,0.074971870824
15185,0.206786547645
15186,0.031148454441
15187,0.119782785816
15188,0.021188433546
15189,0.018990882541
15190,0.039536092721
15191,0.024847451729
15192,0.020837607136
15193,0.015772006656
15194,0.039673943113
15195,0.093298837574
15196,0.065584006953
15197,0.082933949893
15198,0.255392274600
15199,0.195357785815
15200,0.350171239147
15201,0.714437414248
15202,0.647489908220
15203,0.282016898807
15204,0.096076027429
15205,0.030798942076
15206,0.018176316601
15207,0.061321046318
15208,0.108590627309
15209,0.021314475739
15210,0.035742068260
15211,0.891353828879
15212,0.054986612306
15213,0.024334874730
15214,0.201535550352
15215,0.057665017982
15216,0.089021859606
15217,0.049367369913
15218,0.061446685605
15219,0.023186376013
15220,0.058589205984
15221,0.021480742116
15222,0.018262795643
15223,0.036397783858
15224,0.096866630184
15225,0.116411070058
15226,0.591320000732
15227,0.368967197421
15228,0.220119325500
15229,0.928816973826
15230,0.441705358415
15231,0.491970341019
15232,0.233100114764
15233,0.037716047098
15234,0.028069098172
15235,0.027160100701
15236,0.055154191720
15237,0.061831189452
15238,0.032769027122
15239,0.069504284063
15240,0.501995439559
15241,0.118992745379
15242,0.360893376752
15243,0.053055407341
15244,0.084452279902
15245,0.136122599520
15246,0.125768390611
15247,0.166039292332
15248,0.042160655722
15249,0.029665677518
15250,0.046825167196
15251,0.165365830966
15252,0.783399295264
15253,0.360707526967
15254,0.608838939510
15255,0.329663369243
15256,0.280571947026
15257,0.215387643449
15258,0.106727791867
15259,0.037523839358
15260,0.033094925014
15261,0.067743029382
15262,0.115020408691
15263,0.169752772470
15264,0.061793344028
15265,0.208933553029
15266,0.066179684060
15267,0.017499118562
15268,0.251290815916
15269,0.059106770411
15270,0.013954514637
15271,0.022867457875
15272,0.127861059757
15273,0.235706233296
15274,0.048016859065
15275,0.013777326493
15276,0.224250647652
15277,0.253446973660
15278,0.084701796936
15279,0.101020996433
15280,0.029203380854
15281,0.097692681200
15282,0.100390364966
15283,0.072965963098
15284,0.106516144696
15285,0.116955481893
15286,0.048382286534
15287,0.018961096856
15288,0.207100754597
15289,0.019704672550
15290,0.095659976288
15291,0.041748948760
15292,0.124478871543
15293,0.052635117866
15294,0.083370325348
15295,0.074190937643
15296,0.166691042200
15297,0.369527893151
15298,0.558885049391
15299,0.089066819240
15300,0.021353691974
15301,0.022170723406
15302,0.030699166781
15303,0.089435650568
15304,0.021082257112
15305,0.073249067824
15306,0.096200369927
15307,0.020007801246
15308,0.035509787783
15309,0.022953187503
15310,0.026923524423
15311,0.022878184798
15312,0.019576144709
15313,0.083651896464
15314,0.103899500476
15315,0.351559360861
15316,0.020165627840
15317,0.025772250166
15318,0.061613150747
15319,0.069555547177
15320,0.106835012568
15321,0.370285339270
15322,0.099929797259
15323,0.016883298511
15324,0.013375725824
15325,0.122294295066
15326,0.033455533132
15327,0.078436375340
15328,0.114314766860
15329,0.038554221866
15330,0.016586117338
15331,0.015855011840
15332,0.023242275194
15333,0.015574303000
15334,0.255405972627
15335,0.018514718480
15336,0.031007331105
15337,0.154921229219
15338,0.074132218288
15339,0.056330059245
15340,0.024375182108
15341,0.038029858906
15342,0.080880950528
15343,0.353207354677
15344,0.034650978948
15345,0.018894105202
15346,0.023977109175
15347,0.055244196260
15348,0.066072323711
15349,0.226338585099
15350,0.075153860168
15351,0.184714189837
15352,0.100925373443
15353,0.035114738243
15354,0.039536694330
15355,0.040402133778
15356,0.035334431330
15357,0.182485586307
15358,0.020759940275
15359,0.022343103068
15360,0.144380370371
15361,0.028416211640
15362,0.126697668494
15363,0.054785581480
15364,0.021671629548
15365,0.365962164254
15366,0.636911759076
15367,0.215492251455
15368,0.072757892196
15369,0.023340515578
15370,0.062380137921
15371,0.044937157758
15372,0.037792446944
15373,0.209348978503
15374,0.077887602383
15375,0.072683634337
15376,0.893654315320
15377,0.026972400883
15378,0.072139002126
15379,0.021839618871
15380,0.066154338837
15381,0.077116332856
15382,0.020937323201
15383,0.037308560799
15384,0.124832471074
15385,0.341336794714
15386,0.068404299710
15387,0.125670342412
15388,0.033842964948
15389,0.025511291202
15390,0.097020473799
15391,0.025964529887
15392,0.026855240560
15393,0.013887404236
15394,0.065839727267
15395,0.051157445936
15396,0.027232544991
15397,0.049968197593
15398,0.019475951352
15399,0.125207151059
15400,0.036523991301
15401,0.025283213665
15402,0.048112332463
15403,0.078836155619
15404,0.075289578015
15405,0.026464559128
15406,0.030916733407
15407,0.055306050059
15408,0.772447083341
15409,0.065808091498
15410,0.099811233682
15411,0.052899771978
15412,0.043617397504
15413,0.051993484885
15414,0.055061186429
15415,0.017205070203
15416,0.024704030240
15417,0.376664145129
15418,0.036244199137
15419,0.012152407970
15420,0.015745324840
15421,0.051238912052
15422,0.106649641607
15423,0.021163804271
15424,0.115251162914
15425,0.050893235659
15426,0.025161812888
15427,0.040758399746
15428,0.362223117765
15429,0.024044119620
15430,0.028268161619
15431,0.014138751898
15432,0.022927388167
15433,0.047889934405
15434,0.050473851872
15435,0.130933557987
15436,0.075022434866
15437,0.026968853137
15438,0.020292432061
15439,0.081000710649
15440,0.129579221217
15441,0.089391782132
15442,0.086969970556
15443,0.074112914944
15444,0.024169773178
15445,0.046350324158
15446,0.212200501465
15447,0.250402832414
15448,0.125468062833
15449,0.016496245729
15450,0.014617043969
15451,0.033271760927
15452,0.024543617082
15453,0.016570702249
15454,0.027946518167
15455,0.019338369976
15456,0.028687428935
15457,0.012525597016
15458,0.017933502145
15459,0.021534682187
15460,0.013671379125
15461,0.028459305740
15462,0.064544802787
15463,0.056693260691
15464,0.129722528170
15465,0.014272817930
15466,0.112709690586
15467,0.019276231093
15468,0.332700250429
15469,0.022528573300
15470,0.026664752696
15471,0.015474693468
15472,0.021310679439
15473,0.027380027167
15474,0.024389335361
15475,0.030396429641
15476,0.016848766599
15477,0.018053004993
15478,0.080129076533
15479,0.026992740629
15480,0.046772748680
15481,0.057597919682
15482,0.017979599885
15483,0.015570939879
15484,0.015459282610
15485,0.112124427501
15486,0.033376752000
15487,0.045446674205
15488,0.011890974526
15489,0.019049870077
15490,0.029897040410
15491,0.016833583028
15492,0.092234503304
15493,0.020564116625
15494,0.022156700723
15495,0.264612200986
15496,0.048386585587
15497,0.061109836016
15498,0.071276578503
15499,0.071023788887
15500,0.021160955565
15501,0.014912811578
15502,0.090220761718
15503,0.019312085504
15504,0.089412128135
15505,0.014070867183
15506,0.126433054736
15507,0.020688017438
15508,0.025184404842
15509,0.040780004226
15510,0.027059743872
15511,0.014065912375
15512,0.020597318845
15513,0.018983991229
15514,0.016529890930
15515,0.033925101913
15516,0.016477354465
15517,0.020445991641
15518,0.055134745820
15519,0.067020264970
15520,0.028083736899
15521,0.140962706485
15522,0.022191402602
15523,0.033679719164
15524,0.024296083941
15525,0.055489427891
15526,0.025105819261
15527,0.016130679705
15528,0.030892831843
15529,0.024608801186
15530,0.019888546196
15531,0.016127609038
15532,0.040195144449
15533,0.121913062213
15534,0.234919666463
15535,0.082109068635
15536,0.018275788611
15537,0.028199587739
15538,0.038950215829
15539,0.058336257314
15540,0.045338284407
15541,0.055571806062
15542,0.048090507747
15543,0.099974672909
15544,0.060577851291
15545,0.029636765449
15546,0.115915985030
15547,0.033928162459
15548,0.204807590535
15549,0.060197708828
15550,0.325364333683
15551,0.325241733981
15552,0.060293994218
15553,0.282883350946
15554,0.060525072309
15555,0.354773282152
15556,0.112200350132
15557,0.107374605964
15558,0.060734294458
15559,0.022141656773
15560,0.076751347331
15561,0.018749251576
15562,0.038212056951
15563,0.245982695446
15564,0.048871079110
15565,0.687703847653
15566,0.120936106941
15567,0.057350395394
15568,0.231306092404
15569,0.045047778842
15570,0.031175273390
15571,0.026363328167
15572,0.053086933788
15573,0.033381898373
15574,0.019393308318
15575,0.021615807235
15576,0.133986842831
15577,0.506787106404
15578,0.466776935297
15579,0.042113833762
15580,0.128653113904
15581,0.131526853542
15582,0.028939267748
15583,0.047706650454
15584,0.027952474058
15585,0.058517888746
15586,0.061490967763
15587,0.430852726718
15588,0.106257588590
15589,0.144211780908
15590,0.477569547048
15591,0.098289626191
15592,0.019253891965
15593,0.442656333026
15594,0.024302960580
15595,0.064571622435
15596,0.294378864440
15597,0.046282467156
15598,0.049095892800
15599,0.046052583346
15600,0.055400619424
15601,0.076782916129
15602,0.111738607185
15603,0.083336251993
15604,0.034174051753
15605,0.049798770901
15606,0.352680777816
15607,0.049934601169
15608,0.032413166932
15609,0.045711383153
15610,0.060128797600
15611,0.067072099987
15612,0.032145459748
15613,0.032513612015
15614,0.013677203607
15615,0.074717776974
15616,0.104741924503
15617,0.032428307704
15618,0.048769178667
15619,0.153129518024
15620,0.045228167850
15621,0.236542260679
15622,0.023737799149
15623,0.036026585055
15624,0.037597596487
15625,0.032033510566
15626,0.017606878089
15627,0.445228649202
15628,0.107208172287
15629,0.076566830235
15630,0.290304535337
15631,0.395110842006
15632,0.080465817404
15633,0.052471163713
15634,0.023315134694
15635,0.028598042044
15636,0.019850900264
15637,0.018352770291
15638,0.035331320650
15639,0.018994536457
15640,0.076479997374
15641,0.053190386028
15642,0.098790381962
15643,0.257088158280
15644,0.396300404073
15645,0.012576410245
15646,0.021705914615
15647,0.207215179969
15648,0.047688209532
15649,0.019005228118
15650,0.038321254561
15651,0.033007621639
15652,0.255508005088
15653,0.015471415887
15654,0.042674890326
15655,0.018780583195
15656,0.066911749246
15657,0.223384490885
15658,0.495197860955
15659,0.059162134309
15660,0.059541864104
15661,0.024265923428
15662,0.031969815946
15663,0.056230577621
15664,0.059962393614
15665,0.021328497338
15666,0.026166501399
15667,0.018090744305
15668,0.103812735342
15669,0.139653665701
15670,0.079106143068
15671,0.065558447202
15672,0.051245671219
15673,0.027112111766
15674,0.034054982705
15675,0.032406568038
15676,0.040143516973
15677,0.090527677460
15678,0.071567803460
15679,0.144737509247
15680,0.031317727981
15681,0.060442745450
15682,0.042138491917
15683,0.024171841730
15684,0.022107160016
15685,0.032028434942
15686,0.045288214119
15687,0.029337930739
15688,0.075342266157
15689,0.264275765868
15690,0.262190163943
15691,0.056524252432
15692,0.051128536490
15693,0.036312130921
15694,0.086257317321
15695,0.048118523437
15696,0.020274190977
15697,0.064657050567
15698,0.020225830639
15699,0.024163565257
15700,0.140809594467
15701,0.034516114021
15702,0.028807019515
15703,0.033910401061
15704,0.204705931548
15705,0.071529790180
15706,0.216134432371
15707,0.220059858457
15708,0.154698444059
15709,0.062164682562
15710,0.056874538805
15711,0.024478917425
15712,0.058893944421
15713,0.048707160287
15714,0.016011054724
15715,0.223980651935
15716,0.049250700699
15717,0.620063727406
15718,0.112475972434
15719,0.101701031170
15720,0.047938997272
15721,0.050041081713
15722,0.024162222626
15723,0.061892059839
15724,0.026899909998
15725,0.022702670464
15726,0.026423594046
15727,0.078359085523
15728,0.046814419626
15729,0.088998881547
15730,0.066215231212
15731,0.120071550965
15732,0.237395718482
15733,0.364923296400
15734,0.092336283291
15735,0.033532256647
15736,0.083321889872
15737,0.024152886666
15738,0.033691669840
15739,0.019074587607
15740,0.080396856882
15741,0.055385401499
15742,0.105076735727
15743,0.052123966942
15744,0.090882148192
15745,0.044651551160
15746,0.066835472936
15747,0.028625978687
15748,0.027059653883
15749,0.132347747250
15750,0.021454515940
15751,0.030885096980
15752,0.050192759592
15753,0.026912669425
15754,0.017081306229
15755,0.022821485747
15756,0.050044649010
15757,0.064874461421
15758,0.084879355719
15759,0.125153375535
15760,0.110307386518
15761,0.328422117808
15762,0.134629414120
15763,0.156502621429
15764,0.023983554878
15765,0.096305842236
15766,0.015986468345
15767,0.053647033495
15768,0.053392371591
15769,0.097376351625
15770,0.026701867153
15771,0.027834962799
15772,0.047120737914
15773,0.048300547088
15774,0.046499369217
15775,0.067971760860
15776,0.035280924237
15777,0.061054445997
15778,0.020680132914
15779,0.085930688615
15780,0.020396174849
15781,0.041782131182
15782,0.084412018516
15783,0.067408254358
15784,0.148939504779
15785,0.428071781944
15786,0.126240516447
15787,0.131005110344
15788,0.079442692878
15789,0.086600427536
15790,0.086112095316
15791,0.088277262700
15792,0.062549947485
15793,0.016968409733
15794,0.025944282666
15795,0.343626890222
15796,0.077931887950
15797,0.070697212294
15798,0.038406387422
15799,0.069520101967
15800,0.025144339357
15801,0.019992888779
15802,0.023709274292
15803,0.056106409331
15804,0.163417035068
15805,0.066023445212
15806,0.050087516220
15807,0.128568693266
15808,0.638633249690
15809,0.102549322434
15810,0.023623797988
15811,0.319939878283
15812,0.063575267082
15813,0.248331863729
15814,0.190300951305
15815,0.084064213624
15816,0.055679088823
15817,0.049205809817
15818,0.093241860713
15819,0.146341124646
15820,0.057532105228
15821,0.147844098448
15822,0.072519140903
15823,0.052777952444
15824,0.020862318955
15825,0.015826776648
15826,0.020873240827
15827,0.024233941758
15828,0.051469518893
15829,0.065743526897
15830,0.028634106642
15831,0.135419729536
15832,0.156879183277
15833,0.152605125818
15834,0.086692878022
15835,0.045960948463
15836,0.109773876113
15837,0.181234402845
15838,0.237583023145
15839,0.064799885246
15840,0.068497077652
15841,0.023494957525
15842,0.201470044454
15843,0.524581470679
15844,0.034219566556
15845,0.099023540845
15846,0.365982159746
15847,0.174146353269
15848,0.017713709906
15849,0.062878680100
15850,0.234778608278
15851,0.236799177388
15852,0.015998928322
15853,0.111951365191
15854,0.105652066450
15855,0.247077742967
15856,0.170276969860
15857,0.125909516209
15858,0.173735668598
15859,0.364053646036
15860,0.084270923436
15861,0.052952352158
15862,0.092088043550
15863,0.061923964006
15864,0.274782824684
15865,0.890062977857
15866,0.012156377269
15867,0.082327687851
15868,0.344083651047
15869,0.044026510018
15870,0.259354674989
15871,0.019700338350
15872,0.015166403362
15873,0.050344257572
15874,0.083410032646
15875,0.033734452705
15876,0.049289359120
15877,0.012191340588
15878,0.415526785345
15879,0.078516149498
15880,0.093866283988
15881,0.205110769919
15882,0.160604479569
15883,0.189245564540
15884,0.357458997058
15885,0.338727020742
15886,0.036347387919
15887,0.257233239255
15888,0.216975444652
15889,0.124685572994
15890,0.843133296133
15891,0.367814279794
15892,0.311354780656
15893,0.033696531018
15894,0.196381125484
15895,0.087379394319
15896,0.022567814241
15897,0.014378492646
15898,0.060369049241
15899,0.019209701097
15900,0.026728611158
15901,0.090411203458
15902,0.127997301888
15903,0.107287860610
15904,0.113488038775
15905,0.092041863024
15906,0.219237924764
15907,0.124644079571
15908,0.023763779249
15909,0.118738346347
15910,0.323071333333
15911,0.027806062639
15912,0.076427227570
15913,0.925307225098
15914,0.895759393934
15915,0.639686141322
15916,0.024120712685
15917,0.021964347464
15918,0.067566069297
15919,0.379327977082
15920,0.078424536249
15921,0.044973428727
15922,0.062200257247
15923,0.069304377157
15924,0.068867525696
15925,0.023974584528
15926,0.358644852204
15927,0.030850577665
15928,0.055165231306
15929,0.129894116460
15930,0.103594452456
15931,0.064835558016
15932,0.063787042052
15933,0.332877374458
15934,0.321879839490
15935,0.035118172957
15936,0.104781631398
15937,0.099590549245
15938,0.131095669039
15939,0.926797980805
15940,0.845659103758
15941,0.594802668463
15942,0.022000925812
15943,0.095963019244
15944,0.022466249897
15945,0.369299059969
15946,0.053548937135
15947,0.330520248262
15948,0.057672695130
15949,0.071422588982
15950,0.024875733545
15951,0.108119179744
15952,0.125296391071
15953,0.172046330576
15954,0.126587634955
15955,0.533964264393
15956,0.431440314116
15957,0.230609610805
15958,0.164557658910
15959,0.101504136670
15960,0.062353911209
15961,0.128350986489
15962,0.052299705056
15963,0.048503838751
15964,0.020771306512
15965,0.115410134619
15966,0.108305039715
15967,0.055052233920
15968,0.105961379410
15969,0.027860742711
15970,0.881665689644
15971,0.973086836064
15972,0.928890788121
15973,0.121338475030
15974,0.045830682193
15975,0.223134957767
15976,0.364772225486
15977,0.026297233826
15978,0.023879340486
15979,0.022806783429
15980,0.064593975339
15981,0.106178307717
15982,0.074210448196
15983,0.389258048194
15984,0.823624832848
15985,0.085837395664
15986,0.111702938699
15987,0.147791690907
15988,0.182103328941
15989,0.072283888230
15990,0.328903434957
15991,0.228942994125
15992,0.034046897080
15993,0.070010010833
15994,0.091053235612
15995,0.106590805564
15996,0.060185724990
15997,0.369186771267
15998,0.209949835047
15999,0.163221373508
16000,0.086588192770
16001,0.034502192185
16002,0.157068546741
16003,0.204381947402
16004,0.264692081713
16005,0.028792904664
16006,0.035522669181
16007,0.044827201965
16008,0.019755049884
16009,0.026351526280
16010,0.064498161989
16011,0.052992780080
16012,0.264249140769
16013,0.675718533457
16014,0.281981453842
16015,0.273008155350
16016,0.109976601302
16017,0.174329971531
16018,0.229499246330
16019,0.544861272396
16020,0.098373052199
16021,0.033066758874
16022,0.044558508802
16023,0.032874203670
16024,0.140139428813
16025,0.232153181987
16026,0.104580065446
16027,0.306655112098
16028,0.267629856819
16029,0.185080647537
16030,0.968199839080
16031,0.109171724819
16032,0.026625223272
16033,0.210028375684
16034,0.212962181484
16035,0.061671583458
16036,0.210087488322
16037,0.074684692684
16038,0.048772290942
16039,0.052615323515
16040,0.066108229649
16041,0.171833960889
16042,0.443951896484
16043,0.273928412341
16044,0.559402605677
16045,0.287600611748
16046,0.174332918729
16047,0.163846226748
16048,0.251072292185
16049,0.136136461295
16050,0.080443638120
16051,0.055234266973
16052,0.405791363728
16053,0.252611276976
16054,0.055772832304
16055,0.019167361466
16056,0.556790686033
16057,0.356566361812
16058,0.070101017386
16059,0.123831054473
16060,0.086648801497
16061,0.049335680040
16062,0.016651624679
16063,0.016153967933
16064,0.018714367028
16065,0.034766007165
16066,0.062699183731
16067,0.107846382854
16068,0.126499099397
16069,0.137545590195
16070,0.445060306047
16071,0.758158522260
16072,0.462213229833
16073,0.355523304181
16074,0.617039710728
16075,0.099624642753
16076,0.020320960370
16077,0.053174558234
16078,0.053292357791
16079,0.121048570914
16080,0.239242184063
16081,0.062213058102
16082,0.033746530299
16083,0.071028331072
16084,0.152381300213
16085,0.028076692785
16086,0.030844837013
16087,0.111999029978
16088,0.018796148786
16089,0.039554838001
16090,0.026090217464
16091,0.016091605476
16092,0.037761585879
16093,0.089498016596
16094,0.064882044746
16095,0.081248752168
16096,0.246332923142
16097,0.196146893650
16098,0.348305153817
16099,0.715342578100
16100,0.647174000457
16101,0.373600146889
16102,0.092838700991
16103,0.036331189611
16104,0.019603340230
16105,0.054540337162
16106,0.113559017576
16107,0.861384788529
16108,0.058452787504
16109,0.024179471796
16110,0.074629976169
16111,0.057720107403
16112,0.092793421405
16113,0.050958577757
16114,0.063954257491
16115,0.025265805046
16116,0.055421553066
16117,0.020878645720
16118,0.017720048250
16119,0.036135658770
16120,0.098225000887
16121,0.117427829071
16122,0.586514626467
16123,0.366541839041
16124,0.216781452637
16125,0.916392410935
16126,0.447401377908
16127,0.488967230848
16128,0.230982281346
16129,0.038594358690
16130,0.028297150028
16131,0.025655796359
16132,0.050437916593
16133,0.054725413638
16134,0.070849334530
16135,0.490489634834
16136,0.211850006228
16137,0.344179293372
16138,0.055137305035
16139,0.088893189671
16140,0.136362874363
16141,0.126153315003
16142,0.149708193066
16143,0.044557986027
16144,0.031430706048
16145,0.048402096686
16146,0.166546767823
16147,0.763891868629
16148,0.360394355644
16149,0.608736775407
16150,0.254224786690
16151,0.372266479914
16152,0.221017370375
16153,0.097427367778
16154,0.034403329460
16155,0.017520808681
16156,0.034812340171
16157,0.018419563858
16158,0.065374566579
16159,0.035147763385
16160,0.112827785676
16161,0.163641859373
16162,0.049752646978
16163,0.199202646660
16164,0.067381257900
16165,0.017249316150
16166,0.344945836385
16167,0.053939076917
16168,0.014567784931
16169,0.023038896803
16170,0.122856719622
16171,0.223622386104
16172,0.046281594105
16173,0.013258455051
16174,0.327922167946
16175,0.167685830063
16176,0.087520282017
16177,0.104317650178
16178,0.029313165423
16179,0.093824155710
16180,0.101782704613
16181,0.069608387962
16182,0.106168882654
16183,0.129827532897
16184,0.046028976606
16185,0.041676460140
16186,0.019458598695
16187,0.203828737063
16188,0.018361880624
16189,0.018294371681
16190,0.097405202450
16191,0.039491017139
16192,0.039487565279
16193,0.118940302674
16194,0.052889975612
16195,0.079242874768
16196,0.016560359512
16197,0.075312250111
16198,0.161956324479
16199,0.358955409641
16200,0.552717965421
16201,0.093608643117
16202,0.031968688921
16203,0.092596732528
16204,0.022786433393
16205,0.073232929533
16206,0.108984852385
16207,0.019750365586
16208,0.035781992179
16209,0.022247798300
16210,0.030525084431
16211,0.023037848024
16212,0.019046491870
16213,0.034153615693
16214,0.087502823070
16215,0.100183391719
16216,0.364468679045
16217,0.020549158965
16218,0.025207307082
16219,0.063735271948
16220,0.063895703710
16221,0.106721465756
16222,0.373586165783
16223,0.094639988816
16224,0.019900263181
16225,0.109268182281
16226,0.032366915675
16227,0.024516387058
16228,0.076916992140
16229,0.113217583497
16230,0.037627082176
16231,0.013773364852
16232,0.022974961451
16233,0.197969842902
16234,0.017307139591
16235,0.030914319659
16236,0.150041946567
16237,0.070461475483
16238,0.053191636867
16239,0.025333400035
16240,0.041373371716
16241,0.079050675426
16242,0.373827058313
16243,0.034635344026
16244,0.018027392206
16245,0.023337018857
16246,0.055287325857
16247,0.073241788245
16248,0.145635695701
16249,0.072175793738
16250,0.235302183353
16251,0.105914269886
16252,0.034464227400
16253,0.023244428395
16254,0.037217792258
16255,0.044893089538
16256,0.033567003123
16257,0.255596464374
16258,0.143531223957
16259,0.025838594861
16260,0.123394141029
16261,0.054081137004
16262,0.020705335179
16263,0.361161321729
16264,0.628490066099
16265,0.151882564584
16266,0.070716628744
16267,0.020039476438
16268,0.057180620210
16269,0.042694148235
16270,0.081593891127
16271,0.076457717009
16272,0.072556983204
16273,0.856727752791
16274,0.023000916337
16275,0.070480348910
16276,0.022373605876
16277,0.074979469336
16278,0.077900699123
16279,0.037654633896
16280,0.125494616845
16281,0.340975022917
16282,0.066402761084
16283,0.134507299665
16284,0.034481305407
16285,0.052008666757
16286,0.097770024293
16287,0.027653435505
16288,0.027849728261
16289,0.012092016338
16290,0.062720603430
16291,0.049394523522
16292,0.026910876106
16293,0.023914679803
16294,0.048751119465
16295,0.024456563574
16296,0.017466100921
16297,0.122197986970
16298,0.042849951546
16299,0.033943640600
16300,0.024396831380
16301,0.045363255459
16302,0.081035970117
16303,0.085991004260
16304,0.056456805235
16305,0.759301819750
16306,0.061916779846
16307,0.102511852892
16308,0.043361217069
16309,0.046125169835
16310,0.053606239473
16311,0.016912212066
16312,0.384560932350
16313,0.039823746834
16314,0.021108481295
16315,0.016778268756
16316,0.052078546512
16317,0.095486437765
16318,0.019489104782
16319,0.127574533697
16320,0.049658998623
16321,0.040611525174
16322,0.353854701534
16323,0.026461961858
16324,0.026701630187
16325,0.014456247330
16326,0.022486912124
16327,0.016664893627
16328,0.038108248546
16329,0.013181977161
16330,0.048247277721
16331,0.148803144908
16332,0.081309590789
16333,0.025787570805
16334,0.020460233152
16335,0.078425438726
16336,0.213519579632
16337,0.088507975126
16338,0.086525930641
16339,0.078299804206
16340,0.024056167613
16341,0.045865175738
16342,0.211035909421
16343,0.243041262725
16344,0.212648748036
16345,0.014895202134
16346,0.014231182460
16347,0.025288109588
16348,0.018190394186
16349,0.028548793674
16350,0.018881033229
16351,0.028682170979
16352,0.013839397815
16353,0.017488087770
16354,0.023407066596
16355,0.014184686271
16356,0.028278708898
16357,0.068199166149
16358,0.058905817983
16359,0.136216718921
16360,0.012419728048
16361,0.123938493641
16362,0.017251274293
16363,0.256588066362
16364,0.022346238397
16365,0.018782879698
16366,0.011962781755
16367,0.024893159891
16368,0.016034783816
16369,0.015633601311
16370,0.021434939464
16371,0.028504441318
16372,0.018267899322
16373,0.015782077700
16374,0.073632619628
16375,0.026363302400
16376,0.047166367333
16377,0.051615313382
16378,0.016931081394
16379,0.015608261740
16380,0.015698558317
16381,0.014703512463
16382,0.109194219051
16383,0.035102029360
16384,0.045145959850
16385,0.018500522541
16386,0.030389405286
16387,0.107168494588
16388,0.018663854727
16389,0.175102001219
16390,0.057793245663
16391,0.059043638985
16392,0.064481186984
16393,0.020651355419
16394,0.069260561158
16395,0.022611144115
16396,0.014583295880
16397,0.090916417980
16398,0.020017675864
16399,0.085365116453
16400,0.014284959777
16401,0.134097399614
16402,0.023329903456
16403,0.029317086905
16404,0.042385913381
16405,0.027625780696
16406,0.012918866130
16407,0.020559752350
16408,0.021447714238
16409,0.017099975186
16410,0.036563408582
16411,0.017625157412
16412,0.053728378143
16413,0.063837926131
16414,0.015521086936
16415,0.146989150657
16416,0.022770783277
16417,0.029245462072
16418,0.017277175126
16419,0.023688144811
16420,0.056674671891
16421,0.025866555081
16422,0.016102789344
16423,0.031050420995
16424,0.022348173861
16425,0.020854584295
16426,0.010445664548
16427,0.128957679196
16428,0.150325625863
16429,0.089372060267
16430,0.017479027987
16431,0.029274994072
16432,0.064549649855
16433,0.035888837872
16434,0.060863030889
16435,0.047147134506
16436,0.052479692666
16437,0.054570971761
16438,0.087820304640
16439,0.066108853229
16440,0.047076432727
16441,0.138237970079
16442,0.032381191432
16443,0.080045110406
16444,0.057065536172
16445,0.142437819189
16446,0.234634449107
16447,0.023854377762
16448,0.061433664238
16449,0.269158758157
16450,0.056893423051
16451,0.275088742775
16452,0.091396789911
16453,0.217327932517
16454,0.060160184933
16455,0.021570687062
16456,0.074618850045
16457,0.017517252205
16458,0.039680160690
16459,0.015612704813
16460,0.126833451438
16461,0.045127701782
16462,0.673230416730
16463,0.222059007844
16464,0.124439730626
16465,0.047830555862
16466,0.040418421326
16467,0.020199264047
16468,0.053285366020
16469,0.100506029424
16470,0.135783195836
16471,0.350104580289
16472,0.460220266992
16473,0.024380577710
16474,0.149528460873
16475,0.146806413095
16476,0.027397572167
16477,0.044623011755
16478,0.036073593957
16479,0.058465450825
16480,0.019494947671
16481,0.052171753050
16482,0.409706693152
16483,0.110501833633
16484,0.150117009685
16485,0.487948900033
16486,0.085764282050
16487,0.018884808417
16488,0.455902885018
16489,0.063378176078
16490,0.289299091374
16491,0.054984715103
16492,0.058353411975
16493,0.044938847244
16494,0.058710360381
16495,0.088130822166
16496,0.121328608828
16497,0.083561011174
16498,0.035613845742
16499,0.028238521644
16500,0.060641623037
16501,0.354638096498
16502,0.050391349759
16503,0.034248125801
16504,0.053683552449
16505,0.060420994199
16506,0.077371296080
16507,0.037437878558
16508,0.102269390698
16509,0.054444741557
16510,0.233122219223
16511,0.240706513900
16512,0.037339871940
16513,0.043066776733
16514,0.029796183685
16515,0.016536637303
16516,0.438459188577
16517,0.110909331937
16518,0.083339537536
16519,0.273735994758
16520,0.405611432174
16521,0.085851921796
16522,0.053873989260
16523,0.023154576368
16524,0.034024959395
16525,0.018549974611
16526,0.037529648330
16527,0.015293477901
16528,0.013630086020
16529,0.017331728382
16530,0.081435059226
16531,0.064635423133
16532,0.261366969842
16533,0.392738313255
16534,0.022040928577
16535,0.207533016830
16536,0.051477286634
16537,0.018783433601
16538,0.031552186697
16539,0.261745997002
16540,0.019810599869
16541,0.048779961935
16542,0.018387304318
16543,0.074046617981
16544,0.036297887825
16545,0.319436830105
16546,0.479003679344
16547,0.068982611932
16548,0.032446725052
16549,0.059430979272
16550,0.056675525492
16551,0.028045081271
16552,0.025068283830
16553,0.118061458089
16554,0.134541714596
16555,0.081756222060
16556,0.066409905535
16557,0.053289240242
16558,0.027794573569
16559,0.034414973864
16560,0.031478017861
16561,0.040382848335
16562,0.092222591202
16563,0.071097295325
16564,0.218896331458
16565,0.032856230284
16566,0.060078750792
16567,0.041328584563
16568,0.024107522471
16569,0.021916978982
16570,0.029606569953
16571,0.046039459714
16572,0.027471783987
16573,0.027485175962
16574,0.075982529488
16575,0.189067972639
16576,0.269466646943
16577,0.055509018329
16578,0.048750998243
16579,0.036146695796
16580,0.086192921446
16581,0.051641344602
16582,0.020260714067
16583,0.063486314722
16584,0.027935904983
16585,0.153126965718
16586,0.037585071436
16587,0.027830219292
16588,0.032534829334
16589,0.206184290174
16590,0.069855432368
16591,0.215455414218
16592,0.217381079114
16593,0.217869620826
16594,0.068202312568
16595,0.059570899494
16596,0.025735048166
16597,0.061453779024
16598,0.048378533724
16599,0.097965992978
16600,0.052643276816
16601,0.621783701453
16602,0.111761685438
16603,0.026532168454
16604,0.094934777568
16605,0.049506569664
16606,0.055197507650
16607,0.024981585125
16608,0.016583598381
16609,0.017376852784
16610,0.070913972434
16611,0.031853032435
16612,0.023476861651
16613,0.026964206504
16614,0.083709600833
16615,0.043215128254
16616,0.087410113560
16617,0.061334673761
16618,0.125735878671
16619,0.228467961464
16620,0.359044018158
16621,0.087296125352
16622,0.034999667935
16623,0.087195810811
16624,0.025190545515
16625,0.038958108826
16626,0.023608585111
16627,0.015880641488
16628,0.082529205393
16629,0.055880473971
16630,0.106238963196
16631,0.055448195822
16632,0.097388999607
16633,0.043296222493
16634,0.070247691649
16635,0.034147745049
16636,0.135349318567
16637,0.019970985464
16638,0.031288438932
16639,0.056612199091
16640,0.032408192217
16641,0.019530493137
16642,0.022549117424
16643,0.048296410096
16644,0.067006233847
16645,0.079077960666
16646,0.125840373313
16647,0.108788040580
16648,0.228403199382
16649,0.132531145910
16650,0.143563156095
16651,0.024442855350
16652,0.097913898045
16653,0.051904272516
16654,0.015605525024
16655,0.054894357011
16656,0.083282476883
16657,0.025757958845
16658,0.027637998150
16659,0.052354137466
16660,0.047622390063
16661,0.049001163523
16662,0.072495533295
16663,0.035553164940
16664,0.068035954821
16665,0.023075776902
16666,0.025535493998
16667,0.087691012035
16668,0.020163279909
16669,0.041146737585
16670,0.093201434167
16671,0.067696497426
16672,0.148642177800
16673,0.445007641255
16674,0.128697882432
16675,0.140189488557
16676,0.074529706589
16677,0.088593787759
16678,0.091190716405
16679,0.090171863080
16680,0.062359268269
16681,0.028029128377
16682,0.276749144970
16683,0.079885310811
16684,0.070702808271
16685,0.046838264635
16686,0.072096765048
16687,0.023939408295
16688,0.027515353402
16689,0.018572588558
16690,0.025319183776
16691,0.060503569732
16692,0.176997057432
16693,0.065342200533
16694,0.049589116687
16695,0.132982595923
16696,0.673937608686
16697,0.102588946652
16698,0.024669797175
16699,0.224436844278
16700,0.066571791876
16701,0.245143360032
16702,0.196820795479
16703,0.081141253085
16704,0.019239733601
16705,0.058770595489
16706,0.055561349441
16707,0.093926285708
16708,0.210967631206
16709,0.063774047854
16710,0.214212868968
16711,0.073236653989
16712,0.056136344167
16713,0.015241615594
16714,0.020876417081
16715,0.023819925904
16716,0.057158486361
16717,0.063978724539
16718,0.028825279281
16719,0.139743059612
16720,0.145431992665
16721,0.239664057305
16722,0.089869739048
16723,0.042163976747
16724,0.109596867491
16725,0.173375836178
16726,0.325092398420
16727,0.063142133652
16728,0.071728318722
16729,0.028181322525
16730,0.071014439410
16731,0.520575820511
16732,0.033006227625
16733,0.096663944346
16734,0.364681034808
16735,0.175188498771
16736,0.017668249944
16737,0.019832686822
16738,0.015747352582
16739,0.037729038036
16740,0.062351300039
16741,0.228020929684
16742,0.231457832839
16743,0.015990401750
16744,0.117086549977
16745,0.106020767661
16746,0.246376434107
16747,0.173865894844
16748,0.136886129367
16749,0.230110106030
16750,0.360854892599
16751,0.087093457268
16752,0.053811697796
16753,0.095592548113
16754,0.061956441266
16755,0.208740682784
16756,0.903072146033
16757,0.014195783232
16758,0.075383700459
16759,0.359641856627
16760,0.046879708865
16761,0.265897466175
16762,0.054655438430
16763,0.085027943941
16764,0.032273418730
16765,0.046408604286
16766,0.012152921380
16767,0.412436938641
16768,0.079110145642
16769,0.098704577033
16770,0.189100044956
16771,0.159031875703
16772,0.196033027937
16773,0.357091402925
16774,0.331827902165
16775,0.037554590818
16776,0.256681116793
16777,0.136706004499
16778,0.207258683087
16779,0.865052030848
16780,0.295426681038
16781,0.303971383462
16782,0.031105656431
16783,0.198534289890
16784,0.092840290662
16785,0.025472474785
16786,0.014943093573
16787,0.058693626918
16788,0.017780123460
16789,0.019333792241
16790,0.028324741358
16791,0.092003270183
16792,0.130999016338
16793,0.106440683879
16794,0.112820906002
16795,0.091124098741
16796,0.226635436773
16797,0.130232210581
16798,0.126067770020
16799,0.237177546726
16800,0.028170906120
16801,0.071619969324
16802,0.942998298133
16803,0.913303596382
16804,0.615936197475
16805,0.026862272016
16806,0.022062958568
16807,0.075862168893
16808,0.376981451940
16809,0.075361391310
16810,0.017044566782
16811,0.050356320644
16812,0.015573940604
16813,0.060555122589
16814,0.066920227016
16815,0.069554330569
16816,0.023531139503
16817,0.371180739506
16818,0.028330634718
16819,0.057487442060
16820,0.121447376716
16821,0.097489977686
16822,0.065100268368
16823,0.068923276009
16824,0.240588572096
16825,0.315623880050
16826,0.035587575114
16827,0.105967740219
16828,0.098619062467
16829,0.211944133327
16830,0.939848988916
16831,0.833621855232
16832,0.604243153834
16833,0.025375780534
16834,0.088498495098
16835,0.022724738536
16836,0.371583127874
16837,0.067983752505
16838,0.256482883308
16839,0.060291325845
16840,0.072539946366
16841,0.026372954360
16842,0.108277888714
16843,0.126814105103
16844,0.168108604076
16845,0.126182666569
16846,0.503871351953
16847,0.439713502419
16848,0.227891598559
16849,0.168822238011
16850,0.095374028595
16851,0.064080736185
16852,0.209166430889
16853,0.051508372543
16854,0.046646188863
16855,0.020397714894
16856,0.122558736735
16857,0.104989727644
16858,0.060364828605
16859,0.104280664668
16860,0.025698601806
16861,0.889934585165
16862,0.973121853912
16863,0.932649565595
16864,0.131053647762
16865,0.047506800287
16866,0.225153471937
16867,0.276412956370
16868,0.024392385154
16869,0.023476611746
16870,0.024050885303
16871,0.062883641941
16872,0.107530837884
16873,0.070302052042
16874,0.455810403785
16875,0.871684198113
16876,0.086343616774
16877,0.110296295683
16878,0.147954172944
16879,0.173176599342
16880,0.067981336893
16881,0.329836400316
16882,0.230774743308
16883,0.035102602139
16884,0.071945656733
16885,0.090639870974
16886,0.105096902663
16887,0.060071555455
16888,0.026588738747
16889,0.279244016504
16890,0.293485907931
16891,0.146445388390
16892,0.088382234204
16893,0.035467461579
16894,0.155083938962
16895,0.075789218225
16896,0.268128804265
16897,0.029238357803
16898,0.034562918364
16899,0.043571157646
16900,0.019079245877
16901,0.026278968460
16902,0.061578330822
16903,0.056401497937
16904,0.343379325033
16905,0.674367048111
16906,0.280295623975
16907,0.279531177321
16908,0.118094637631
16909,0.177569402289
16910,0.213650612504
16911,0.575001992259
16912,0.095721150912
16913,0.045226962758
16914,0.029833255669
16915,0.130499678733
16916,0.230149209488
16917,0.119301086965
16918,0.299235225941
16919,0.267821644205
16920,0.248794100029
16921,0.968248223400
16922,0.204670203042
16923,0.024767797617
16924,0.139398158853
16925,0.220316230671
16926,0.025642223190
16927,0.066522708101
16928,0.238839821914
16929,0.074427268613
16930,0.047311041458
16931,0.052216075406
16932,0.064238768623
16933,0.174342781001
16934,0.455859903770
16935,0.267139199598
16936,0.532313999971
16937,0.289834907881
16938,0.171629323232
16939,0.170565118341
16940,0.339421191880
16941,0.023811781814
16942,0.129716714969
16943,0.083800134313
16944,0.064635946577
16945,0.417808946467
16946,0.245752759176
16947,0.054237184602
16948,0.019163837106
16949,0.563948716595
16950,0.362429753504
16951,0.075330006885
16952,0.132276291671
16953,0.078881546668
16954,0.054542546578
16955,0.019957618420
16956,0.037438720766
16957,0.058107874045
16958,0.096757187324
16959,0.124805451884
16960,0.138392088387
16961,0.444819763276
16962,0.757992817722
16963,0.472786026256
16964,0.376037259166
16965,0.608058127929
16966,0.101089947499
16967,0.055796888199
16968,0.060922856943
16969,0.205883755001
16970,0.174029132583
16971,0.061260635370
16972,0.033109067144
16973,0.081967248214
16974,0.151090484470
16975,0.024925158606
16976,0.032402102526
16977,0.119965743205
16978,0.021168330572
16979,0.039789236699
16980,0.025791150882
16981,0.015358569197
16982,0.040941643153
16983,0.091622764353
16984,0.060062921518
16985,0.081483709058
16986,0.254097465813
16987,0.279150234686
16988,0.347570641889
16989,0.713035263016
16990,0.646511236579
16991,0.288203842180
16992,0.100115076453
16993,0.037604260289
16994,0.019353903496
16995,0.058201080674
16996,0.103553927750
16997,0.020146797490
16998,0.015307517968
16999,0.035626053535
17000,0.897002299087
17001,0.057115686212
17002,0.023892680810
17003,0.078175209529
17004,0.058354200023
17005,0.105177019229
17006,0.045242536757
17007,0.069115764033
17008,0.022522544732
17009,0.050661935819
17010,0.021428534711
17011,0.018331954538
17012,0.035293043090
17013,0.094618787485
17014,0.123103554068
17015,0.599029754798
17016,0.371775875466
17017,0.222687164598
17018,0.937909967408
17019,0.467460369277
17020,0.472655598584
17021,0.234663389929
17022,0.037173211412
17023,0.027733493635
17024,0.026648614720
17025,0.053056891213
17026,0.051806793699
17027,0.033490589857
17028,0.069857096875
17029,0.504803371053
17030,0.212770985600
17031,0.345695518067
17032,0.053377970235
17033,0.083238768316
17034,0.138255564982
17035,0.111125612312
17036,0.153819399688
17037,0.043545688527
17038,0.030852346294
17039,0.012104974064
17040,0.047996352106
17041,0.163818157891
17042,0.798024786127
17043,0.353116921499
17044,0.604643980747
17045,0.251991676446
17046,0.372236705194
17047,0.149138149462
17048,0.106814035022
17049,0.032461778159
17050,0.017245337641
17051,0.033766636664
17052,0.033422789149
17053,0.104570330126
17054,0.166886026946
17055,0.051660689867
17056,0.258290895926
17057,0.066093489488
17058,0.017350485280
17059,0.333424952328
17060,0.048714881192
17061,0.014117098664
17062,0.122259111244
17063,0.227147330189
17064,0.045638358257
17065,0.013116234355
17066,0.320788214968
17067,0.181759974905
17068,0.088155408067
17069,0.106115106173
17070,0.030745331898
17071,0.096452074948
17072,0.097691540523
17073,0.065734491117
17074,0.104204709320
17075,0.119329512868
17076,0.050480737680
17077,0.017583554318
17078,0.203972829249
17079,0.018867604003
17080,0.095213243580
17081,0.039742099767
17082,0.125877383233
17083,0.051502844600
17084,0.079284099170
17085,0.016496015781
17086,0.069933246736
17087,0.174020432130
17088,0.357394940063
17089,0.524245142296
17090,0.095516466342
17091,0.034319667613
17092,0.086752988947
17093,0.023485516821
17094,0.072946958963
17095,0.111540274146
17096,0.022112930786
17097,0.034889432179
17098,0.021600501043
17099,0.028309162122
17100,0.020348714169
17101,0.036940889751
17102,0.087477897774
17103,0.096659672005
17104,0.346495794610
17105,0.020921657395
17106,0.025343338171
17107,0.064373946336
17108,0.065536144504
17109,0.106525536719
17110,0.373989609100
17111,0.105146590015
17112,0.019609858756
17113,0.128175457210
17114,0.030284600546
17115,0.077379460165
17116,0.121826357620
17117,0.035060858023
17118,0.021153812857
17119,0.183450644315
17120,0.017359404442
17121,0.017574251878
17122,0.030437237569
17123,0.153365718290
17124,0.071252679667
17125,0.054275062276
17126,0.023947652854
17127,0.035419363791
17128,0.078223616566
17129,0.283212006900
17130,0.033934561490
17131,0.018762295448
17132,0.024745178349
17133,0.055083045183
17134,0.070454499449
17135,0.152242535163
17136,0.076238123300
17137,0.235974405665
17138,0.100543402250
17139,0.033894877866
17140,0.027001340556
17141,0.037550380966
17142,0.051905152060
17143,0.035081134714
17144,0.256707386465
17145,0.150510821199
17146,0.028219742391
17147,0.127162733322
17148,0.053126435378
17149,0.019677045235
17150,0.349771034775
17151,0.665518470834
17152,0.223343108114
17153,0.067020418749
17154,0.019682010588
17155,0.057788656189
17156,0.044425514439
17157,0.081699767168
17158,0.078883826015
17159,0.072607399176
17160,0.809180617741
17161,0.023233799952
17162,0.070365500502
17163,0.067514368861
17164,0.073267248775
17165,0.020921681627
17166,0.037176128906
17167,0.117986064556
17168,0.417679164753
17169,0.068155491108
17170,0.129166525047
17171,0.035820747490
17172,0.048452959613
17173,0.024587775870
17174,0.097035086643
17175,0.026837549536
17176,0.027320268828
17177,0.011999054927
17178,0.063315412152
17179,0.053326504437
17180,0.024671950567
17181,0.051077027051
17182,0.019182233346
17183,0.018971675921
17184,0.126955714625
17185,0.043002884160
17186,0.039741705112
17187,0.023774220637
17188,0.043667030219
17189,0.075269598967
17190,0.085652434411
17191,0.030978038656
17192,0.047686988124
17193,0.826294939900
17194,0.056954880641
17195,0.098129301402
17196,0.051219649762
17197,0.042608645080
17198,0.046229274227
17199,0.053872322568
17200,0.016764596376
17201,0.024658852598
17202,0.278536680329
17203,0.036822084913
17204,0.012026462423
17205,0.011906445689
17206,0.014218757087
17207,0.020953479131
17208,0.017631392087
17209,0.047117926506
17210,0.104770832066
17211,0.019266339408
17212,0.015699459869
17213,0.125517662567
17214,0.049510469583
17215,0.022377979977
17216,0.040724921023
17217,0.357235465768
17218,0.027137324911
17219,0.011678982609
17220,0.020884399184
17221,0.041375446283
17222,0.014037057003
17223,0.050109431299
17224,0.149942113859
17225,0.085549215595
17226,0.025312056118
17227,0.020922219547
17228,0.082052786239
17229,0.132694312135
17230,0.092610676016
17231,0.084412795013
17232,0.071490620396
17233,0.022612196513
17234,0.041883572806
17235,0.024601457715
17236,0.207233061380
17237,0.239280129346
17238,0.129096794123
17239,0.014737934673
17240,0.014126326844
17241,0.027944851846
17242,0.024242713890
17243,0.016788625528
17244,0.029663531899
17245,0.018598705277
17246,0.029990440493
17247,0.017399130496
17248,0.022945014578
17249,0.014572528590
17250,0.029199157503
17251,0.068501429932
17252,0.061234489564
17253,0.133897659817
17254,0.011499452289
17255,0.111400900886
17256,0.017377683444
17257,0.183504280027
17258,0.019214034635
17259,0.023559552751
17260,0.017430329925
17261,0.015432785715
17262,0.021936926349
17263,0.029558602562
17264,0.024709432483
17265,0.031416364265
17266,0.016617072607
17267,0.015829912338
17268,0.074826406424
17269,0.026057088284
17270,0.048864356779
17271,0.063272369825
17272,0.015697403628
17273,0.015663342907
17274,0.015473051383
17275,0.114609965051
17276,0.034786063097
17277,0.045266950291
17278,0.011822118192
17279,0.018576814501
17280,0.032574467531
17281,0.103590168783
17282,0.012563245757
17283,0.018738769247
17284,0.167731478406
17285,0.060319276589
17286,0.059082029687
17287,0.075955196247
17288,0.021083455517
17289,0.069109566789
17290,0.022255734481
17291,0.014363018300
17292,0.011746806513
17293,0.098226300178
17294,0.084996018235
17295,0.014314944547
17296,0.133731338444
17297,0.023017904808
17298,0.034824659898
17299,0.043689759741
17300,0.028043386366
17301,0.021362896564
17302,0.019700616307
17303,0.018592806226
17304,0.017002194093
17305,0.035234847995
17306,0.016817363639
17307,0.059231906074
17308,0.063422677482
17309,0.015058138992
17310,0.230733606768
17311,0.021559008119
17312,0.032338325568
17313,0.025080195549
17314,0.013009837951
17315,0.023720900728
17316,0.060874656575
17317,0.025725335805
17318,0.017341557205
17319,0.034992685724
17320,0.026916395264
17321,0.023513887734
17322,0.025570841329
17323,0.045160105714
17324,0.129675317295
17325,0.150542240340
17326,0.084621166211
17327,0.020781382022
17328,0.033140423198
17329,0.032254857240
17330,0.060570775238
17331,0.199535057465
17332,0.041823969537
17333,0.056906143965
17334,0.106187519011
17335,0.052597353954
17336,0.026635681340
17337,0.131722557235
17338,0.091118333762
17339,0.056687042140
17340,0.140766390541
17341,0.332317753047
17342,0.024532649854
17343,0.059169812271
17344,0.028081042586
17345,0.256148312685
17346,0.056544310079
17347,0.277588363903
17348,0.095555540269
17349,0.120188833451
17350,0.060645372643
17351,0.022200167057
17352,0.017410532567
17353,0.016458800844
17354,0.017706755770
17355,0.313555056680
17356,0.051485047161
17357,0.668238776867
17358,0.215326508119
17359,0.048999204355
17360,0.243726859443
17361,0.030075276271
17362,0.049079477474
17363,0.037727493353
17364,0.018887109475
17365,0.019996384287
17366,0.100879120942
17367,0.242125276571
17368,0.485635656239
17369,0.466501443879
17370,0.119021561443
17371,0.221995572114
17372,0.053106003326
17373,0.037349867789
17374,0.055705451694
17375,0.020914192189
17376,0.057113518594
17377,0.038077439665
17378,0.420651526613
17379,0.105679890897
17380,0.249581464787
17381,0.474099412299
17382,0.092836369512
17383,0.021890893353
17384,0.449781971094
17385,0.064158537716
17386,0.288437365215
17387,0.055154925201
17388,0.052365277582
17389,0.043062859262
17390,0.060647450737
17391,0.031061582694
17392,0.087877285432
17393,0.119466530317
17394,0.081655763640
17395,0.033293004071
17396,0.031420446645
17397,0.061720628568
17398,0.367398901045
17399,0.050619660605
17400,0.035529278138
17401,0.054886526554
17402,0.058602251800
17403,0.068514390945
17404,0.038955812551
17405,0.032944917602
17406,0.073973368476
17407,0.097019683550
17408,0.032493872630
17409,0.049546016115
17410,0.139007399476
17411,0.247274373311
17412,0.035743010337
17413,0.036055085735
17414,0.035486983580
17415,0.018014717855
17416,0.028019166370
17417,0.445985044220
17418,0.103543791231
17419,0.084072928572
17420,0.387112039739
17421,0.308473636540
17422,0.015639471208
17423,0.089124341689
17424,0.047150106567
17425,0.023781280959
17426,0.035889132300
17427,0.017553538866
17428,0.013549939977
17429,0.034569520102
17430,0.013157727778
17431,0.073118396270
17432,0.083617650291
17433,0.069544601422
17434,0.095258229444
17435,0.262826451445
17436,0.395500836321
17437,0.021473659851
17438,0.207554033752
17439,0.051059399115
17440,0.018051228549
17441,0.024534511602
17442,0.038075275540
17443,0.028843875938
17444,0.254191614238
17445,0.042486572882
17446,0.022318805751
17447,0.073340789479
17448,0.048781568784
17449,0.219635182001
17450,0.458203683563
17451,0.062869358228
17452,0.054999829127
17453,0.032566458705
17454,0.062794591773
17455,0.061684873199
17456,0.026723111866
17457,0.027564058413
17458,0.018621448748
17459,0.107529621890
17460,0.149892735516
17461,0.077427056489
17462,0.067263611712
17463,0.052140122739
17464,0.021432178976
17465,0.025349539867
17466,0.034686162555
17467,0.032743359506
17468,0.100918626094
17469,0.071995833439
17470,0.219541831453
17471,0.031848229826
17472,0.062751578794
17473,0.042956677069
17474,0.025921320917
17475,0.024434819644
17476,0.028767534356
17477,0.044244685358
17478,0.024726761897
17479,0.028392061526
17480,0.072655663962
17481,0.182399043596
17482,0.266966038702
17483,0.053976614689
17484,0.049512415768
17485,0.034855239063
17486,0.080766073594
17487,0.047008305892
17488,0.021497251843
17489,0.065560399833
17490,0.019374788727
17491,0.025702223565
17492,0.151743921684
17493,0.038014614975
17494,0.026769316399
17495,0.032981576764
17496,0.076159001625
17497,0.064572228651
17498,0.221136021035
17499,0.219283633037
17500,0.220481586629
17501,0.065686691278
17502,0.059692750618
17503,0.026038678336
17504,0.056718032433
17505,0.049498192918
17506,0.015771046349
17507,0.109873812280
17508,0.049125906689
17509,0.622206293720
17510,0.110969315166
17511,0.026397720583
17512,0.098439354616
17513,0.044679112548
17514,0.053018426893
17515,0.021273440258
17516,0.076847303914
17517,0.022849215202
17518,0.026088113434
17519,0.083333307485
17520,0.044760317813
17521,0.090471948170
17522,0.061854841014
17523,0.120831071344
17524,0.226995332736
17525,0.277662625810
17526,0.093564043618
17527,0.038039008029
17528,0.082862525664
17529,0.023667821001
17530,0.040181966419
17531,0.083455221086
17532,0.059950391915
17533,0.112210883422
17534,0.063545451779
17535,0.096855075033
17536,0.041512789978
17537,0.066050406739
17538,0.033600950079
17539,0.023623141788
17540,0.133541898812
17541,0.018224081100
17542,0.031738827471
17543,0.057616198935
17544,0.032501133568
17545,0.016868295420
17546,0.024271664796
17547,0.048007129718
17548,0.069129780927
17549,0.078255064110
17550,0.126470235819
17551,0.113088066987
17552,0.230027969444
17553,0.216213551300
17554,0.140445854821
17555,0.023694759318
17556,0.096697508702
17557,0.053128182662
17558,0.051073973332
17559,0.095174768303
17560,0.031792186923
17561,0.047826511718
17562,0.016296143821
17563,0.049257120478
17564,0.071152834404
17565,0.034466687863
17566,0.064441660703
17567,0.020251548853
17568,0.025078599153
17569,0.019801994593
17570,0.092950259756
17571,0.022436173200
17572,0.043203478340
17573,0.100522193340
17574,0.064488877554
17575,0.138523987785
17576,0.335444233059
17577,0.127508650429
17578,0.139247472249
17579,0.075527273543
17580,0.090256221196
17581,0.089680403753
17582,0.091240949797
17583,0.061545869957
17584,0.017297770196
17585,0.024214297650
17586,0.284418912697
17587,0.084432782707
17588,0.072550953807
17589,0.049454189607
17590,0.069953538334
17591,0.027404032086
17592,0.021002855649
17593,0.027419529782
17594,0.059537175265
17595,0.195487941784
17596,0.066505088209
17597,0.052576556736
17598,0.136986544096
17599,0.680760419626
17600,0.102132226311
17601,0.022336406543
17602,0.314366740866
17603,0.073152330850
17604,0.249036092726
17605,0.183185575581
17606,0.082827516780
17607,0.017410962451
17608,0.053502188086
17609,0.095405139873
17610,0.153479692366
17611,0.059948734387
17612,0.221102247354
17613,0.064528148008
17614,0.055189019880
17615,0.020978868623
17616,0.020612687558
17617,0.024948235323
17618,0.056873716487
17619,0.063300484568
17620,0.029043348014
17621,0.138435658443
17622,0.151818262857
17623,0.154685679889
17624,0.095077245811
17625,0.042332944234
17626,0.109062546310
17627,0.229496938080
17628,0.330982661748
17629,0.060586416660
17630,0.073131022967
17631,0.026146426318
17632,0.017145143694
17633,0.072372341086
17634,0.534992777515
17635,0.094080969641
17636,0.360252386953
17637,0.236033143439
17638,0.017664707433
17639,0.014574320929
17640,0.020365601734
17641,0.043208962324
17642,0.063440889402
17643,0.232033976067
17644,0.231253217276
17645,0.113538885279
17646,0.105226833820
17647,0.190052837515
17648,0.173424471796
17649,0.130210274153
17650,0.162741986924
17651,0.354362775645
17652,0.084234066768
17653,0.054492265862
17654,0.084317505218
17655,0.057591073271
17656,0.271784831696
17657,0.901082565721
17658,0.076895078852
17659,0.371637749509
17660,0.048843507092
17661,0.264111181603
17662,0.023241841729
17663,0.053946983427
17664,0.086446212545
17665,0.031045313276
17666,0.047653775233
17667,0.013039376648
17668,0.416206106330
17669,0.077908779811
17670,0.098882811391
17671,0.256917514779
17672,0.153369528046
17673,0.183715818598
17674,0.357047984733
17675,0.324988005043
17676,0.188122988795
17677,0.217049609824
17678,0.209091735952
17679,0.868966240078
17680,0.302386187946
17681,0.415153259976
17682,0.030855217892
17683,0.200730736597
17684,0.091797012836
17685,0.027191722232
17686,0.020391494114
17687,0.013649896882
17688,0.057632322467
17689,0.021753831184
17690,0.028342123693
17691,0.093801045613
17692,0.128113485146
17693,0.095515794853
17694,0.115719029891
17695,0.091036430806
17696,0.229597461772
17697,0.223640872474
17698,0.111787666279
17699,0.317358097417
17700,0.027901803509
17701,0.074937788529
17702,0.944774032648
17703,0.906947938317
17704,0.633759405618
17705,0.011926906739
17706,0.026228178443
17707,0.021774247468
17708,0.079661398900
17709,0.408086330546
17710,0.073412083191
17711,0.018171366309
17712,0.045627166817
17713,0.015353190355
17714,0.063696790407
17715,0.072625361952
17716,0.064782028606
17717,0.023297589518
17718,0.357637705250
17719,0.030854037738
17720,0.058156937509
17721,0.209144043100
17722,0.109009948436
17723,0.069922251182
17724,0.066178571503
17725,0.240825915868
17726,0.315946026508
17727,0.036707938865
17728,0.106124846635
17729,0.092489908371
17730,0.124742168933
17731,0.946604614409
17732,0.836055614487
17733,0.595934719808
17734,0.022980322233
17735,0.103026402891
17736,0.022471785297
17737,0.283033393607
17738,0.066354190944
17739,0.259398445305
17740,0.065743942058
17741,0.026216493256
17742,0.110153872155
17743,0.128494546958
17744,0.164223502768
17745,0.127723245838
17746,0.518906183913
17747,0.442344228410
17748,0.234010600933
17749,0.162466510505
17750,0.105730407255
17751,0.068684298747
17752,0.129573585611
17753,0.055785321638
17754,0.043801788390
17755,0.119388610033
17756,0.116422436048
17757,0.055603837446
17758,0.100452724234
17759,0.026106348688
17760,0.886766136194
17761,0.973149906560
17762,0.932707412791
17763,0.116661237888
17764,0.045196937278
17765,0.218210126773
17766,0.281171316652
17767,0.023223018973
17768,0.023783971360
17769,0.062929133571
17770,0.105938109752
17771,0.067934854811
17772,0.386038923908
17773,0.893760524867
17774,0.090642869701
17775,0.116767731634
17776,0.140824472171
17777,0.182234314046
17778,0.068137237900
17779,0.338280096730
17780,0.124021370000
17781,0.033414739281
17782,0.078166791319
17783,0.089027547296
17784,0.105196525100
17785,0.062525660704
17786,0.026960190779
17787,0.280437755560
17788,0.360299509687
17789,0.161733467860
17790,0.078820835142
17791,0.153573544380
17792,0.078845744777
17793,0.265825491112
17794,0.031094732469
17795,0.034854828854
17796,0.042459119618
17797,0.020702693519
17798,0.025496270816
17799,0.058684269630
17800,0.056891527587
17801,0.338229610616
17802,0.678384209891
17803,0.283404883352
17804,0.279463761143
17805,0.117043601270
17806,0.174946531821
17807,0.162944403926
17808,0.577592957613
17809,0.099905302586
17810,0.032134139133
17811,0.044243987534
17812,0.028500470672
17813,0.136072738309
17814,0.159045483274
17815,0.117022083260
17816,0.393300733381
17817,0.274520655219
17818,0.249071608259
17819,0.968287456480
17820,0.111230271019
17821,0.022995149358
17822,0.135975272025
17823,0.225739935604
17824,0.025745647216
17825,0.063006146410
17826,0.215326797330
17827,0.075676171698
17828,0.045634453550
17829,0.055440255828
17830,0.068941988191
17831,0.230726738089
17832,0.450570763209
17833,0.268169198333
17834,0.564912363264
17835,0.402644015413
17836,0.172281744398
17837,0.166352286381
17838,0.247466770911
17839,0.024434915057
17840,0.128132478482
17841,0.075235221721
17842,0.063000286512
17843,0.432077315409
17844,0.253371256956
17845,0.054300624857
17846,0.019256537045
17847,0.561435808893
17848,0.333647224604
17849,0.072684420705
17850,0.122710543136
17851,0.083595493742
17852,0.051624804608
17853,0.015202277934
17854,0.037011802990
17855,0.058609861672
17856,0.089737705576
17857,0.121072728377
17858,0.136709582714
17859,0.462012067093
17860,0.762953467549
17861,0.467610914852
17862,0.361923898494
17863,0.650823417267
17864,0.106220838742
17865,0.054789994729
17866,0.057327499105
17867,0.133878197592
17868,0.172626180938
17869,0.062104132008
17870,0.033047284209
17871,0.081522474612
17872,0.149960568738
17873,0.023516586440
17874,0.028609243729
17875,0.114304544065
17876,0.022467339938
17877,0.018945019540
17878,0.026597268000
17879,0.016220126755
17880,0.041939004558
17881,0.090068943193
17882,0.061864343038
17883,0.083292449126
17884,0.244715535381
17885,0.192507937663
17886,0.351213175106
17887,0.716391213437
17888,0.611871290670
17889,0.283986966146
17890,0.097960414656
17891,0.039202200978
17892,0.018226675298
17893,0.056609700947
17894,0.100673732146
17895,0.018952876674
17896,0.015434298797
17897,0.036291790250
17898,0.911516872074
17899,0.055409987703
17900,0.022709560695
17901,0.074717948148
17902,0.061559673133
17903,0.098546743710
17904,0.047538908275
17905,0.065508155006
17906,0.021982368150
17907,0.048353859733
17908,0.021057879252
17909,0.017904808307
17910,0.035395188755
17911,0.098033014406
17912,0.117252879891
17913,0.594719030713
17914,0.356855628741
17915,0.227912062315
17916,0.945894245263
17917,0.445625439428
17918,0.472876075966
17919,0.238789526929
17920,0.038198696321
17921,0.028435104383
17922,0.026862552033
17923,0.054977530079
17924,0.050576215171
17925,0.032396155232
17926,0.065126676464
17927,0.487452500458
17928,0.209489394653
17929,0.343142452544
17930,0.048136961154
17931,0.090686816393
17932,0.133938403274
17933,0.127063981571
17934,0.137584871267
17935,0.039072425234
17936,0.033103418340
17937,0.043507917888
17938,0.162972531106
17939,0.813861093071
17940,0.348251493795
17941,0.652167780180
17942,0.322148847845
17943,0.284783804319
17944,0.217352851376
17945,0.114659678566
17946,0.039851670796
17947,0.034227026207
17948,0.018413952513
17949,0.071315360613
17950,0.036339797542
17951,0.105750743952
17952,0.163517786417
17953,0.055214182262
17954,0.198187910714
17955,0.032440829721
17956,0.066323214176
17957,0.017597823136
17958,0.353039224146
17959,0.054362117959
17960,0.016045044345
17961,0.022782634646
17962,0.120437475902
17963,0.227276131096
17964,0.047401650380
17965,0.013045933474
17966,0.225582524809
17967,0.241694704913
17968,0.086389094023
17969,0.102793320115
17970,0.029975625947
17971,0.096621553426
17972,0.093376221597
17973,0.066318864374
17974,0.104259223843
17975,0.114982791001
17976,0.048460274514
17977,0.042889376139
17978,0.127606059110
17979,0.095177429580
17980,0.039038355480
17981,0.116495489484
17982,0.052230962159
17983,0.076602905275
17984,0.016048754250
17985,0.071605495346
17986,0.176047286676
17987,0.362842042163
17988,0.546376038058
17989,0.099957812279
17990,0.021512921093
17991,0.031965350366
17992,0.085472223798
17993,0.020984914079
17994,0.075175443376
17995,0.100313010027
17996,0.021081373250
17997,0.035459806675
17998,0.020996052919
17999,0.020433381870
18000,0.018174188991
18001,0.032397152386
18002,0.089216769679
18003,0.106331339742
18004,0.347836578701
18005,0.020849094417
18006,0.026061629460
18007,0.199629198787
18008,0.065964027472
18009,0.103748489095
18010,0.373006916541
18011,0.108650700139
18012,0.020487434208
18013,0.120240964339
18014,0.035066272650
18015,0.076775588702
18016,0.115068261879
18017,0.025840742225
18018,0.191081265531
18019,0.031017790775
18020,0.152868262476
18021,0.071263873090
18022,0.058225318040
18023,0.023453015483
18024,0.037848601285
18025,0.077684177934
18026,0.286661140496
18027,0.036131153937
18028,0.020046944948
18029,0.024859901859
18030,0.053998656228
18031,0.067919627517
18032,0.160591957319
18033,0.076158480689
18034,0.225097113264
18035,0.095456766424
18036,0.036681492872
18037,0.026313206721
18038,0.035550480246
18039,0.045186014350
18040,0.036182400773
18041,0.261947527152
18042,0.166402063774
18043,0.026979463337
18044,0.116604916442
18045,0.053583529721
18046,0.020346776195
18047,0.018441975765
18048,0.344002233657
18049,0.636749159308
18050,0.225415960627
18051,0.070405633881
18052,0.058710932639
18053,0.050454748556
18054,0.034576988048
18055,0.090707667709
18056,0.078510556575
18057,0.075367564718
18058,0.846109214902
18059,0.066707187056
18060,0.020640414550
18061,0.057851841606
18062,0.072817878097
18063,0.021136508259
18064,0.039419106123
18065,0.112921920832
18066,0.416211439667
18067,0.067070003868
18068,0.219575076533
18069,0.035213537576
18070,0.050431703762
18071,0.025923376656
18072,0.099080194868
18073,0.029060841572
18074,0.026293237109
18075,0.013008911828
18076,0.060750126916
18077,0.052064751677
18078,0.022576543719
18079,0.024066250637
18080,0.055400223867
18081,0.017542788724
18082,0.130404759730
18083,0.039641673918
18084,0.034983713694
18085,0.022189981489
18086,0.039597082893
18087,0.080177887666
18088,0.085297313929
18089,0.027180399532
18090,0.047254557326
18091,0.835779490017
18092,0.058429330141
18093,0.210834607543
18094,0.052330484431
18095,0.045847279358
18096,0.049923694288
18097,0.051017164482
18098,0.016728737378
18099,0.268610912768
18100,0.039548679716
18101,0.012861091880
18102,0.019784651786
18103,0.049446073627
18104,0.096589052285
18105,0.017995269710
18106,0.121676663077
18107,0.047646760851
18108,0.023942925535
18109,0.043158334215
18110,0.368467139279
18111,0.026343113064
18112,0.026632648327
18113,0.013665668424
18114,0.022628532586
18115,0.016659467630
18116,0.047667590539
18117,0.051126528737
18118,0.152162909741
18119,0.081311988154
18120,0.021411570053
18121,0.084229614870
18122,0.145122695934
18123,0.091027405513
18124,0.081128937497
18125,0.072164280309
18126,0.026956372709
18127,0.048703903004
18128,0.212302993410
18129,0.242499678056
18130,0.125706929971
18131,0.014883452062
18132,0.029746916831
18133,0.026071136659
18134,0.015768103593
18135,0.027202566043
18136,0.019407862161
18137,0.030724193589
18138,0.026670205956
18139,0.028405148896
18140,0.070404058000
18141,0.056251256900
18142,0.129460650390
18143,0.011980670722
18144,0.125148427101
18145,0.020234643773
18146,0.172868879550
18147,0.026928088771
18148,0.016023789162
18149,0.015343560017
18150,0.021910758056
18151,0.029429595564
18152,0.026215016996
18153,0.030795475534
18154,0.016073186393
18155,0.083355282773
18156,0.027332968581
18157,0.047824738494
18158,0.016154930969
18159,0.060568337674
18160,0.017812428535
18161,0.015979221522
18162,0.013116368984
18163,0.016238703896
18164,0.101176545921
18165,0.036173688757
18166,0.043281384170
18167,0.011844040503
18168,0.032659051759
18169,0.021188734222
18170,0.110693659914
18171,0.267047512911
18172,0.060047267772
18173,0.070719087801
18174,0.075079770238
18175,0.074005158356
18176,0.022361391445
18177,0.013945585021
18178,0.100112943940
18179,0.086532613181
18180,0.015182065499
18181,0.150128671200
18182,0.021962319928
18183,0.033550765190
18184,0.031749374643
18185,0.048207048398
18186,0.028572647823
18187,0.020399441204
18188,0.013868966926
18189,0.018807276191
18190,0.019929717260
18191,0.014341180308
18192,0.035800845379
18193,0.018249233638
18194,0.015093746926
18195,0.056057124220
18196,0.068444055889
18197,0.015395999644
18198,0.015092523378
18199,0.232469998350
18200,0.021760691585
18201,0.037126384801
18202,0.023857418514
18203,0.025500860826
18204,0.013478232644
18205,0.016939267500
18206,0.024599609341
18207,0.059487767173
18208,0.026893812447
18209,0.015225905212
18210,0.030936360046
18211,0.024048749505
18212,0.014480733155
18213,0.015586114551
18214,0.047351604922
18215,0.135484260482
18216,0.154824446412
18217,0.023480043306
18218,0.090877412025
18219,0.021945167062
18220,0.016561785471
18221,0.031474825750
18222,0.059705813829
18223,0.195282708370
18224,0.039812423072
18225,0.052270552763
18226,0.100809255728
18227,0.050077158709
18228,0.027024443193
18229,0.142001491999
18230,0.035174457094
18231,0.090584684830
18232,0.057040622279
18233,0.318368748478
18234,0.333588038425
18235,0.049027724829
18236,0.169982518900
18237,0.054481894751
18238,0.269311470854
18239,0.095406567456
18240,0.104113092461
18241,0.021152482164
18242,0.064444896244
18243,0.035785012938
18244,0.015695024293
18245,0.230473407981
18246,0.053121583581
18247,0.695191512139
18248,0.220912876134
18249,0.064339495531
18250,0.134418092241
18251,0.056023387576
18252,0.021972053012
18253,0.029170944596
18254,0.026700675063
18255,0.051122373808
18256,0.041048934729
18257,0.018622598361
18258,0.021909302988
18259,0.108668760835
18260,0.235490572984
18261,0.483890106022
18262,0.467341703143
18263,0.053618661113
18264,0.235155198204
18265,0.027324780109
18266,0.053583415150
18267,0.038250963309
18268,0.059808663323
18269,0.086937625831
18270,0.405717228995
18271,0.100129529941
18272,0.137366860189
18273,0.467196964660
18274,0.089173241047
18275,0.020176789008
18276,0.477855201721
18277,0.065948281135
18278,0.483259131019
18279,0.056345060512
18280,0.054656653662
18281,0.044260031923
18282,0.057580851363
18283,0.088938365021
18284,0.213728955883
18285,0.080867029933
18286,0.032172056966
18287,0.023935264642
18288,0.064428342601
18289,0.273979913133
18290,0.042230519472
18291,0.036806552723
18292,0.054844462174
18293,0.062042428518
18294,0.069861011114
18295,0.034238267318
18296,0.077239377365
18297,0.101817911523
18298,0.054730787494
18299,0.153633275291
18300,0.251840630309
18301,0.036105152510
18302,0.040495704201
18303,0.030104456988
18304,0.017699943837
18305,0.450180913686
18306,0.109078878624
18307,0.080766704405
18308,0.284627078643
18309,0.308892239613
18310,0.096151928721
18311,0.056024996406
18312,0.024526261010
18313,0.030723075656
18314,0.018716190252
18315,0.014472100975
18316,0.013371168464
18317,0.074963332163
18318,0.017596574626
18319,0.082846167495
18320,0.066522523689
18321,0.087872687051
18322,0.173652743767
18323,0.391180442140
18324,0.021452949557
18325,0.209587345201
18326,0.051046948689
18327,0.016098503829
18328,0.023821814443
18329,0.034900517414
18330,0.182184087023
18331,0.039919835707
18332,0.017750966053
18333,0.079551559095
18334,0.045381029124
18335,0.032117517196
18336,0.104453284684
18337,0.445678710674
18338,0.064628597513
18339,0.073345838052
18340,0.021580779227
18341,0.032002627715
18342,0.066297848935
18343,0.062307957821
18344,0.019619831510
18345,0.032975285238
18346,0.017853060638
18347,0.109077412432
18348,0.148379457830
18349,0.080538681277
18350,0.081316204441
18351,0.053249688234
18352,0.026790637142
18353,0.032639426070
18354,0.032277496478
18355,0.038188980785
18356,0.105336552002
18357,0.078083879397
18358,0.218024957732
18359,0.030448033183
18360,0.066181528181
18361,0.044699372211
18362,0.025206502090
18363,0.021657878506
18364,0.030903424448
18365,0.045160447811
18366,0.028535314566
18367,0.068512365993
18368,0.191818382372
18369,0.340624630510
18370,0.053135533740
18371,0.048160170043
18372,0.033772578644
18373,0.085001886957
18374,0.051070945612
18375,0.020262916791
18376,0.065603585097
18377,0.148225682924
18378,0.037562170747
18379,0.028329333080
18380,0.034928742145
18381,0.016243721477
18382,0.205056294851
18383,0.064740289903
18384,0.217560164086
18385,0.222860801159
18386,0.220049505955
18387,0.064816861763
18388,0.058393135964
18389,0.025304509640
18390,0.057216888705
18391,0.049479617657
18392,0.016477716014
18393,0.119552876332
18394,0.049042668578
18395,0.599474567206
18396,0.117492600231
18397,0.026087031787
18398,0.101730024533
18399,0.051366316292
18400,0.058749071716
18401,0.022889144059
18402,0.064340159396
18403,0.029799511264
18404,0.022893834288
18405,0.026468167715
18406,0.087906296791
18407,0.047059821863
18408,0.200517588155
18409,0.062018711088
18410,0.120804250093
18411,0.227530913769
18412,0.369205486301
18413,0.096760591937
18414,0.035090418025
18415,0.085487344297
18416,0.023972827239
18417,0.037316063250
18418,0.013440635421
18419,0.022073109519
18420,0.015470295130
18421,0.089718950785
18422,0.053726447658
18423,0.101111035457
18424,0.059790138207
18425,0.092368904633
18426,0.041578019988
18427,0.064245463835
18428,0.034742424949
18429,0.144692458501
18430,0.033934722427
18431,0.063308827163
18432,0.030895562981
18433,0.023587958199
18434,0.046529371901
18435,0.065060319954
18436,0.078663615492
18437,0.126623725885
18438,0.111726292568
18439,0.229087928522
18440,0.122706456956
18441,0.151537354031
18442,0.022953604540
18443,0.094016082625
18444,0.015979872678
18445,0.053782582193
18446,0.015466554515
18447,0.051633146088
18448,0.088330484564
18449,0.025521211502
18450,0.055936224623
18451,0.049456968508
18452,0.016615655490
18453,0.048703804160
18454,0.065727339993
18455,0.030406588024
18456,0.068844646556
18457,0.025115954113
18458,0.091754682941
18459,0.019901960784
18460,0.044922068218
18461,0.112294151740
18462,0.064627491504
18463,0.143242924953
18464,0.329490084623
18465,0.122866510724
18466,0.131624297057
18467,0.072376830528
18468,0.091315816331
18469,0.088807771172
18470,0.096087806219
18471,0.061703181876
18472,0.016991456574
18473,0.025661029530
18474,0.217342488528
18475,0.075310922713
18476,0.064496039300
18477,0.050136157068
18478,0.068949399649
18479,0.028395605875
18480,0.019745583436
18481,0.027696047130
18482,0.061279745274
18483,0.191342074232
18484,0.067942700094
18485,0.056159422426
18486,0.129274151272
18487,0.694917798021
18488,0.106341702224
18489,0.023488695828
18490,0.317810497137
18491,0.072881066533
18492,0.247639335755
18493,0.187250549323
18494,0.082754087372
18495,0.020641670511
18496,0.057259970169
18497,0.089165604800
18498,0.052005773403
18499,0.099213165010
18500,0.148007099668
18501,0.061204469132
18502,0.223993218620
18503,0.072273105642
18504,0.059108971999
18505,0.021144634081
18506,0.020383537681
18507,0.024338399646
18508,0.059025030043
18509,0.062404941592
18510,0.028704471710
18511,0.139322046491
18512,0.150932041444
18513,0.240236926947
18514,0.092702243888
18515,0.038643093700
18516,0.108835244637
18517,0.173265198151
18518,0.335276732978
18519,0.064108564669
18520,0.073988534566
18521,0.024498136697
18522,0.016035156069
18523,0.071348680283
18524,0.512330494407
18525,0.030261610452
18526,0.102432325569
18527,0.390881321131
18528,0.163525365183
18529,0.016739435490
18530,0.014693095969
18531,0.020366807172
18532,0.041687691046
18533,0.058334200879
18534,0.233755135329
18535,0.230951575029
18536,0.113129076120
18537,0.102011505955
18538,0.189871934508
18539,0.175425278167
18540,0.125823295978
18541,0.169609703952
18542,0.366082622284
18543,0.082085775726
18544,0.024862454220
18545,0.052834592177
18546,0.087931218218
18547,0.056737381252
18548,0.345501910860
18549,0.916184417516
18550,0.014152175684
18551,0.083296209305
18552,0.376570458257
18553,0.046121192921
18554,0.350606223415
18555,0.057210137944
18556,0.080796636561
18557,0.031869089790
18558,0.047075997507
18559,0.435191438109
18560,0.077796393705
18561,0.100259365882
18562,0.253463517318
18563,0.158266374126
18564,0.250461710016
18565,0.362710208517
18566,0.326595487604
18567,0.036834710190
18568,0.263861987760
18569,0.217992847256
18570,0.115631532289
18571,0.878189952356
18572,0.304362138410
18573,0.397542483800
18574,0.030110920812
18575,0.119345643614
18576,0.089804236765
18577,0.023483387404
18578,0.021808451440
18579,0.011510596601
18580,0.013256598311
18581,0.060749379111
18582,0.015760776383
18583,0.018586449909
18584,0.029584369477
18585,0.204054855685
18586,0.126749986416
18587,0.096877890134
18588,0.110814752488
18589,0.085575595715
18590,0.216407521602
18591,0.222540024345
18592,0.025616326900
18593,0.118480513358
18594,0.244937634346
18595,0.079298304959
18596,0.952048525712
18597,0.911542277790
18598,0.654007781446
18599,0.026397325956
18600,0.086574476106
18601,0.401127097764
18602,0.075052373149
18603,0.018919701857
18604,0.046174173548
18605,0.015278277075
18606,0.061403466684
18607,0.074540461780
18608,0.069756694248
18609,0.022001762838
18610,0.362666915253
18611,0.030588995259
18612,0.055777901539
18613,0.127199280161
18614,0.099512653797
18615,0.068052403805
18616,0.068894472889
18617,0.239184595709
18618,0.320493250678
18619,0.035835294457
18620,0.112077688978
18621,0.094839760063
18622,0.213420486938
18623,0.945291039191
18624,0.841499938467
18625,0.608908696892
18626,0.025961016776
18627,0.102783011485
18628,0.017714680259
18629,0.272757870549
18630,0.066508181479
18631,0.258030739606
18632,0.065795117489
18633,0.027123554471
18634,0.114284462185
18635,0.132091815701
18636,0.172501770017
18637,0.124982223314
18638,0.570576397387
18639,0.449996175969
18640,0.229177628020
18641,0.159008198999
18642,0.100263007229
18643,0.061815355322
18644,0.134206255546
18645,0.061317391298
18646,0.045344509150
18647,0.117710206092
18648,0.116900809953
18649,0.057208001938
18650,0.107835545773
18651,0.025981521537
18652,0.884414717566
18653,0.973170674800
18654,0.939222664019
18655,0.129388261822
18656,0.041620865638
18657,0.174999784685
18658,0.372774888310
18659,0.024109401834
18660,0.022702742704
18661,0.023112848195
18662,0.062047344063
18663,0.111055488901
18664,0.070918891105
18665,0.396586564857
18666,0.906680807762
18667,0.088088980807
18668,0.109037681534
18669,0.144052053044
18670,0.168222118419
18671,0.071020374346
18672,0.339252955421
18673,0.232969398845
18674,0.031597265122
18675,0.070874033602
18676,0.090068905613
18677,0.098490976551
18678,0.058631713793
18679,0.026432015187
18680,0.277414065632
18681,0.286995466924
18682,0.162871310621
18683,0.086075098825
18684,0.033222856298
18685,0.151846860172
18686,0.079544539677
18687,0.272702682580
18688,0.027373991169
18689,0.035223705458
18690,0.041614925384
18691,0.021575327414
18692,0.024858689589
18693,0.064873308077
18694,0.054506364889
18695,0.339717755348
18696,0.649984695967
18697,0.282618205108
18698,0.206018757261
18699,0.115474571203
18700,0.179504766116
18701,0.167463461202
18702,0.581867282347
18703,0.092233273824
18704,0.035159980718
18705,0.046483351327
18706,0.029060569688
18707,0.134145587288
18708,0.148344643786
18709,0.122353238784
18710,0.403173925477
18711,0.275583646044
18712,0.256521801544
18713,0.968317041720
18714,0.130346163833
18715,0.026238229074
18716,0.142128215738
18717,0.225456872804
18718,0.024311692705
18719,0.069591046176
18720,0.515392334085
18721,0.075189077277
18722,0.045309691830
18723,0.055514883497
18724,0.066634332557
18725,0.227635684289
18726,0.442953914457
18727,0.368142109409
18728,0.544095598176
18729,0.460560708628
18730,0.165711767461
18731,0.164484275843
18732,0.335765405335
18733,0.127898427446
18734,0.079254795317
18735,0.068859482659
18736,0.442655218538
18737,0.255105947413
18738,0.055479088720
18739,0.019288471364
18740,0.547909644146
18741,0.277704956252
18742,0.010477460754
18743,0.068489496959
18744,0.127292880705
18745,0.086000711553
18746,0.054205091636
18747,0.015208480448
18748,0.017751289496
18749,0.021355319974
18750,0.034466078546
18751,0.058446579747
18752,0.084350622357
18753,0.114707152047
18754,0.132245575830
18755,0.451075431656
18756,0.765388397508
18757,0.485154179766
18758,0.352233168405
18759,0.604678233781
18760,0.100733238266
18761,0.019619483538
18762,0.057816855343
18763,0.053335514237
18764,0.132329428962
18765,0.170438123819
18766,0.066930545711
18767,0.032478634675
18768,0.068794112143
18769,0.149628304011
18770,0.023313603157
18771,0.013735741670
18772,0.037456096847
18773,0.120861018843
18774,0.025614231628
18775,0.017935574422
18776,0.048221186604
18777,0.025319651299
18778,0.016861136262
18779,0.038828453151
18780,0.089577687612
18781,0.062548219610
18782,0.079126090969
18783,0.331922984831
18784,0.194524200438
18785,0.345517210267
18786,0.716965365637
18787,0.605237034513
18788,0.283070971845
18789,0.092759621424
18790,0.039710608726
18791,0.017895761904
18792,0.058353861304
18793,0.104821243564
18794,0.018765471748
18795,0.015423247509
18796,0.036189643822
18797,0.920524090464
18798,0.058775461088
18799,0.023426539418
18800,0.085382941361
18801,0.064771463207
18802,0.100294833591
18803,0.048810824413
18804,0.063515095697
18805,0.048119140940
18806,0.021614541592
18807,0.017818449261
18808,0.035755134429
18809,0.097301911440
18810,0.121408510282
18811,0.596530891782
18812,0.370074140737
18813,0.223451080441
18814,0.950947145441
18815,0.449622014632
18816,0.492599994875
18817,0.237861575597
18818,0.014143807926
18819,0.037398410914
18820,0.029385475602
18821,0.027410405022
18822,0.053796336218
18823,0.054169285394
18824,0.019363594742
18825,0.032544196810
18826,0.069506717454
18827,0.431099424862
18828,0.116772933156
18829,0.361853967585
18830,0.050319948068
18831,0.088734016318
18832,0.131428539963
18833,0.117945506953
18834,0.155468299940
18835,0.042821026555
18836,0.031062632024
18837,0.045401205678
18838,0.161403547524
18839,0.827319914027
18840,0.350312732432
18841,0.663680951441
18842,0.249253012682
18843,0.368677477743
18844,0.156694171677
18845,0.109341133089
18846,0.037846050095
18847,0.018306420247
18848,0.068344972266
18849,0.032714338466
18850,0.108465577799
18851,0.168155476810
18852,0.051386069501
18853,0.258472005358
18854,0.032253388540
18855,0.067879176082
18856,0.017220557659
18857,0.257471099784
18858,0.056248245028
18859,0.015111964859
18860,0.016082655401
18861,0.121498630065
18862,0.231554815248
18863,0.048995282361
18864,0.012975460727
18865,0.321475081760
18866,0.246258262430
18867,0.085767397064
18868,0.109048805725
18869,0.030327466709
18870,0.098515300807
18871,0.097953322564
18872,0.067176547704
18873,0.118112818085
18874,0.120111356616
18875,0.049958070842
18876,0.019202442709
18877,0.215147416222
18878,0.102109290794
18879,0.041909829395
18880,0.130802135243
18881,0.054404164360
18882,0.073648907820
18883,0.016258888730
18884,0.072622272686
18885,0.165472972270
18886,0.352775583786
18887,0.587411208334
18888,0.096862827909
18889,0.023423130883
18890,0.033559893659
18891,0.084046261274
18892,0.072395035556
18893,0.115843781404
18894,0.022188646080
18895,0.034174261670
18896,0.021107887585
18897,0.021384950093
18898,0.018779289260
18899,0.031840766546
18900,0.086482616902
18901,0.102138378404
18902,0.374741850252
18903,0.021143588439
18904,0.023784998118
18905,0.197783604879
18906,0.065059913296
18907,0.114115850731
18908,0.393048499189
18909,0.115242305995
18910,0.017120425473
18911,0.013339575692
18912,0.208678576436
18913,0.037491100766
18914,0.023964049808
18915,0.076506875500
18916,0.118013753130
18917,0.032749744039
18918,0.024554633198
18919,0.200573459806
18920,0.015874189412
18921,0.029131402646
18922,0.146140730063
18923,0.070599801708
18924,0.056564810154
18925,0.041020431251
18926,0.078651727992
18927,0.282814987940
18928,0.034607369041
18929,0.017835346038
18930,0.025043044816
18931,0.054566409285
18932,0.073579517046
18933,0.160994996326
18934,0.074561078950
18935,0.230367945933
18936,0.101269731493
18937,0.037556481286
18938,0.023644047456
18939,0.034912127489
18940,0.051223525798
18941,0.032944607524
18942,0.264643886891
18943,0.159104802424
18944,0.026867179396
18945,0.127024740746
18946,0.053118326385
18947,0.020296939719
18948,0.364603713998
18949,0.643522210663
18950,0.153294800425
18951,0.077038330084
18952,0.018567684877
18953,0.063017544064
18954,0.045644029850
18955,0.039064702834
18956,0.090971196996
18957,0.079933749844
18958,0.076681354838
18959,0.836984636851
18960,0.071194257073
18961,0.021551063243
18962,0.053649707278
18963,0.069862837255
18964,0.021133876094
18965,0.118081361848
18966,0.327762714742
18967,0.064102044633
18968,0.136302408678
18969,0.062084822057
18970,0.026881279766
18971,0.097820653868
18972,0.028566512352
18973,0.029498209692
18974,0.013486385372
18975,0.063602282199
18976,0.053391375524
18977,0.023856331639
18978,0.024075066547
18979,0.056203766877
18980,0.018791077290
18981,0.136619274613
18982,0.034895222140
18983,0.042031445955
18984,0.080223856683
18985,0.073024644877
18986,0.030708080362
18987,0.047727049914
18988,0.849961005991
18989,0.059391007284
18990,0.100301518777
18991,0.053528237691
18992,0.046631566930
18993,0.047914637602
18994,0.050622632626
18995,0.016915368700
18996,0.024511830184
18997,0.370222565103
18998,0.040839004500
18999,0.012841281238
19000,0.013132439301
19001,0.014095082760
19002,0.019864621969
19003,0.020020035463
19004,0.046218785277
19005,0.100521546388
19006,0.015607680382
19007,0.015205098977
19008,0.125478009531
19009,0.049299558080
19010,0.011194064155
19011,0.040204009756
19012,0.280529112939
19013,0.026145086485
19014,0.011284679710
19015,0.022928333685
19016,0.016917316388
19017,0.049380992243
19018,0.014478884249
19019,0.049000552820
19020,0.013823147796
19021,0.145083712100
19022,0.073491274108
19023,0.011622624055
19024,0.019529251337
19025,0.026892429526
19026,0.020647640864
19027,0.086300551103
19028,0.146905728992
19029,0.093577947110
19030,0.081898677576
19031,0.073787463888
19032,0.031506869389
19033,0.050252858164
19034,0.210076038220
19035,0.242963706908
19036,0.217464952201
19037,0.015829615883
19038,0.029887670743
19039,0.023768459069
19040,0.016380414784
19041,0.027862767767
19042,0.017885631051
19043,0.030188753276
19044,0.015159538030
19045,0.017628393704
19046,0.023827562850
19047,0.014233175320
19048,0.027624560409
19049,0.070654927386
19050,0.055615179698
19051,0.127096384752
19052,0.011638797010
19053,0.023163734178
19054,0.120820374223
19055,0.018208858976
19056,0.264860224090
19057,0.016993256562
19058,0.025915008184
19059,0.016497177478
19060,0.015170799050
19061,0.021879810941
19062,0.029586076449
19063,0.025849518987
19064,0.030678187551
19065,0.015762041957
19066,0.088556375345
19067,0.026139805126
19068,0.051109618184
19069,0.016160543460
19070,0.056305156164
19071,0.015815281127
19072,0.015985466080
19073,0.017298341017
19074,0.120398047200
19075,0.034435198288
19076,0.042206273052
19077,0.031902009433
19078,0.013874416685
19079,0.020773784708
19080,0.114136582722
19081,0.021672255812
19082,0.016953977956
19083,0.018523083268
19084,0.266480216237
19085,0.057718943833
19086,0.064854634867
19087,0.078126146710
19088,0.020705095219
19089,0.072800969851
19090,0.021021583292
19091,0.014637643021
19092,0.096232662071
19093,0.019265738787
19094,0.097864836704
19095,0.142405009274
19096,0.024205663084
19097,0.032155380635
19098,0.051586184591
19099,0.029368296758
19100,0.023283082050
19101,0.018189439400
19102,0.013871203910
19103,0.018296198803
19104,0.033373981440
19105,0.017015545730
19106,0.018625306930
19107,0.066758937993
19108,0.068348193216
19109,0.165559828574
19110,0.032034204899
19111,0.013245529724
19112,0.022810618716
19113,0.056615910255
19114,0.025010817313
19115,0.030531951388
19116,0.026085071911
19117,0.028907620837
19118,0.016298728008
19119,0.147654828123
19120,0.157410525602
19121,0.093036160394
19122,0.021044756039
19123,0.016314741173
19124,0.027678133703
19125,0.025655716015
19126,0.046048879056
19127,0.057678096285
19128,0.036678301729
19129,0.056316781820
19130,0.036935296667
19131,0.096404021878
19132,0.055633503305
19133,0.015642648170
19134,0.127085073563
19135,0.081408943273
19136,0.052219874540
19137,0.134442621599
19138,0.322100376935
19139,0.257123247958
19140,0.051898953779
19141,0.189498539538
19142,0.088331899449
19143,0.214306926591
19144,0.054702115109
19145,0.063958002888
19146,0.029153772598
19147,0.017239942760
19148,0.126246016577
19149,0.052995099566
19150,0.668712615576
19151,0.219096711721
19152,0.021229767641
19153,0.139058895487
19154,0.032739333633
19155,0.048089382813
19156,0.034633489129
19157,0.018518465605
19158,0.020353735575
19159,0.106195034461
19160,0.239957761666
19161,0.340810467437
19162,0.474867819975
19163,0.054017934890
19164,0.126957994890
19165,0.152532239052
19166,0.026605097052
19167,0.059275736232
19168,0.042101822348
19169,0.057137252795
19170,0.075108616813
19171,0.033963398403
19172,0.408453680259
19173,0.110187930952
19174,0.142880359122
19175,0.468085968159
19176,0.018882610782
19177,0.470965405035
19178,0.021825119737
19179,0.067443189303
19180,0.474478235999
19181,0.058901334044
19182,0.051455515031
19183,0.046126091120
19184,0.055363792737
19185,0.083950672861
19186,0.116215565042
19187,0.078390679815
19188,0.033344470123
19189,0.022858056686
19190,0.055410158039
19191,0.251907346327
19192,0.043379976579
19193,0.033694310647
19194,0.049428370712
19195,0.057554954328
19196,0.071682346225
19197,0.033506303444
19198,0.103474305783
19199,0.050423860199
19200,0.132456877137
19201,0.166385371142
19202,0.023800816172
19203,0.034712663592
19204,0.020015628975
19205,0.027248707927
19206,0.437827592445
19207,0.086307521331
19208,0.078543534754
19209,0.380094225634
19210,0.392111270310
19211,0.081357213838
19212,0.052865163292
19213,0.020623634551
19214,0.025102978527
19215,0.017831928083
19216,0.013782149397
19217,0.035653704431
19218,0.017557984295
19219,0.075456738467
19220,0.062043707841
19221,0.091069831885
19222,0.168612686062
19223,0.391105351575
19224,0.020554842131
19225,0.208823217384
19226,0.051997538023
19227,0.015295341159
19228,0.024212090597
19229,0.032744197124
19230,0.030084674518
19231,0.266963973490
19232,0.017733747961
19233,0.038525748557
19234,0.068656352835
19235,0.036478208157
19236,0.033905449330
19237,0.223529773980
19238,0.449441352612
19239,0.069851595876
19240,0.073924694971
19241,0.022789825229
19242,0.030966499057
19243,0.066713480581
19244,0.070296156707
19245,0.026235741845
19246,0.114416961142
19247,0.135672565623
19248,0.082638497057
19249,0.080897622247
19250,0.055331906410
19251,0.025465844879
19252,0.032435366371
19253,0.029706277374
19254,0.033430113513
19255,0.093446536021
19256,0.076951676771
19257,0.220394453787
19258,0.027965151495
19259,0.066707068891
19260,0.043002804809
19261,0.024930502606
19262,0.020358353340
19263,0.030976966208
19264,0.043531965664
19265,0.028287120467
19266,0.069624660864
19267,0.191906247795
19268,0.364062085971
19269,0.051376503265
19270,0.046540216513
19271,0.034383922113
19272,0.064342006269
19273,0.060557169117
19274,0.020360791685
19275,0.067745320413
19276,0.024172126293
19277,0.153946251610
19278,0.037352438759
19279,0.028253247857
19280,0.034298750483
19281,0.015465565606
19282,0.201824444602
19283,0.063956329317
19284,0.215227274549
19285,0.221181088828
19286,0.223083513011
19287,0.061003492155
19288,0.058006234946
19289,0.026627904523
19290,0.055535377212
19291,0.047118069753
19292,0.017540784865
19293,0.114086746328
19294,0.048926262457
19295,0.607330776504
19296,0.115541331642
19297,0.025965889836
19298,0.099055755298
19299,0.048147774289
19300,0.022969936617
19301,0.015407005292
19302,0.068542003294
19303,0.029979513414
19304,0.018828894561
19305,0.023113572168
19306,0.026320291103
19307,0.077585171782
19308,0.045050274416
19309,0.199157110289
19310,0.060311408767
19311,0.114726483550
19312,0.226751468565
19313,0.367755028667
19314,0.089147210543
19315,0.033087632313
19316,0.081747267067
19317,0.023735422117
19318,0.036390884485
19319,0.013181167087
19320,0.022118067429
19321,0.015309265141
19322,0.083667642589
19323,0.056866245377
19324,0.102151893047
19325,0.061932603527
19326,0.076547736048
19327,0.040857405415
19328,0.065635869199
19329,0.029822760019
19330,0.128129047857
19331,0.018923022645
19332,0.062028122547
19333,0.028055657490
19334,0.017462560055
19335,0.022808806736
19336,0.046718778089
19337,0.068130983607
19338,0.076532043147
19339,0.121984706384
19340,0.103928620079
19341,0.227259089153
19342,0.131827838604
19343,0.146311372531
19344,0.021740641796
19345,0.094165581882
19346,0.052676572539
19347,0.048805747880
19348,0.080682746264
19349,0.024246164156
19350,0.051650494015
19351,0.049440960868
19352,0.052815972967
19353,0.068090587919
19354,0.030643048926
19355,0.065121121726
19356,0.023805292302
19357,0.019330138332
19358,0.091965581145
19359,0.019745458839
19360,0.042046053840
19361,0.100455131816
19362,0.063940799178
19363,0.132253300201
19364,0.328606216457
19365,0.123514489295
19366,0.212076644482
19367,0.071182498513
19368,0.086188016465
19369,0.086901997638
19370,0.092374862392
19371,0.060681484220
19372,0.017087581915
19373,0.023184370183
19374,0.278254805405
19375,0.077424660901
19376,0.070877808152
19377,0.042989361136
19378,0.060981417915
19379,0.023641688929
19380,0.026289037750
19381,0.056449118160
19382,0.277240604974
19383,0.068607603582
19384,0.049522817314
19385,0.122259664696
19386,0.681471429605
19387,0.100766315238
19388,0.023637726779
19389,0.315314861285
19390,0.069558215854
19391,0.247897344498
19392,0.188784746553
19393,0.080614352901
19394,0.018207393918
19395,0.058537842362
19396,0.052090464763
19397,0.092213785485
19398,0.157715068159
19399,0.060886014727
19400,0.150137722629
19401,0.067508917358
19402,0.051956916249
19403,0.019840526561
19404,0.023566172374
19405,0.056861938379
19406,0.061942348219
19407,0.027693213596
19408,0.134955294187
19409,0.155886342368
19410,0.161751434314
19411,0.100638971927
19412,0.039831695962
19413,0.099613216004
19414,0.186543858233
19415,0.333527386330
19416,0.066217571541
19417,0.013886348056
19418,0.069545225676
19419,0.027225259293
19420,0.019396304558
19421,0.063947664272
19422,0.532685473428
19423,0.027762802253
19424,0.098468059030
19425,0.392758746587
19426,0.218410946803
19427,0.014284753969
19428,0.020371108944
19429,0.037626227725
19430,0.059341239107
19431,0.225369482287
19432,0.314028192674
19433,0.114167806115
19434,0.104644247511
19435,0.250597428156
19436,0.159220991185
19437,0.130953653594
19438,0.230616951702
19439,0.365521361615
19440,0.088266275755
19441,0.049404078485
19442,0.079956506096
19443,0.060457873334
19444,0.273387239401
19445,0.905625647466
19446,0.077995582825
19447,0.302407172104
19448,0.043256574196
19449,0.208398452805
19450,0.056699562167
19451,0.081437549063
19452,0.031257819840
19453,0.041902394146
19454,0.014715096190
19455,0.413867845109
19456,0.201367388730
19457,0.096678481313
19458,0.251594951171
19459,0.165820268546
19460,0.244154487932
19461,0.353257054621
19462,0.340297511099
19463,0.035795780449
19464,0.195267361655
19465,0.216849217193
19466,0.126483496107
19467,0.867734994061
19468,0.372969308699
19469,0.370374867491
19470,0.028833040532
19471,0.199876089236
19472,0.085960638093
19473,0.020958777521
19474,0.012974020047
19475,0.057063881762
19476,0.017492251653
19477,0.026499332028
19478,0.094703140209
19479,0.128915256975
19480,0.102508243359
19481,0.110217513019
19482,0.085031578901
19483,0.313832969063
19484,0.318177465799
19485,0.024664939436
19486,0.109078472270
19487,0.319778013440
19488,0.027491933764
19489,0.075120259656
19490,0.948336868267
19491,0.909181277083
19492,0.632814336031
19493,0.011686350748
19494,0.020577584272
19495,0.080933997428
19496,0.389352066889
19497,0.085815762044
19498,0.018825326788
19499,0.052620032735
19500,0.015766888613
19501,0.015015787481
19502,0.060461713186
19503,0.068517969077
19504,0.066764606431
19505,0.021690504821
19506,0.364277378265
19507,0.028607836488
19508,0.053094959830
19509,0.133004308118
19510,0.089785640797
19511,0.061413592076
19512,0.069248910048
19513,0.331871891812
19514,0.319478399014
19515,0.033948899830
19516,0.106960515660
19517,0.095114063364
19518,0.127251386552
19519,0.942050836883
19520,0.834734468303
19521,0.604019624754
19522,0.104987604259
19523,0.019932820019
19524,0.012463928326
19525,0.290414228354
19526,0.054843024887
19527,0.185116933555
19528,0.058193285303
19529,0.064381611998
19530,0.026322286787
19531,0.104165671554
19532,0.128999505075
19533,0.170503952636
19534,0.122416710860
19535,0.536435252657
19536,0.427360781605
19537,0.228485359698
19538,0.158528023835
19539,0.094216104842
19540,0.055028355191
19541,0.134242547509
19542,0.057078832475
19543,0.050533531342
19544,0.017368761772
19545,0.110558565785
19546,0.118057357088
19547,0.048754829389
19548,0.107003425746
19549,0.027137291333
19550,0.867989929838
19551,0.973183907032
19552,0.942389367490
19553,0.119168095968
19554,0.038698581151
19555,0.223619557250
19556,0.018156130840
19557,0.366360796822
19558,0.023563858011
19559,0.023181038098
19560,0.023109649595
19561,0.057323118498
19562,0.103617801780
19563,0.066484737863
19564,0.396823837807
19565,0.884309140537
19566,0.080828464910
19567,0.109349101446
19568,0.146400646390
19569,0.176800400715
19570,0.070245220757
19571,0.331926506461
19572,0.227425223184
19573,0.035321364309
19574,0.068160457977
19575,0.093082001114
19576,0.102691769842
19577,0.054472955454
19578,0.027110871201
19579,0.279525140649
19580,0.294272344599
19581,0.165573302816
19582,0.081476200561
19583,0.151666477755
19584,0.080036068703
19585,0.269367952510
19586,0.029743423029
19587,0.033377415001
19588,0.036901686415
19589,0.022182098435
19590,0.023701825313
19591,0.065933298887
19592,0.049166237137
19593,0.334655015394
19594,0.641828769158
19595,0.283460837593
19596,0.212887018430
19597,0.111695720649
19598,0.186048988870
19599,0.162457529568
19600,0.564355498382
19601,0.091543685294
19602,0.031557037611
19603,0.043911358157
19604,0.027637164913
19605,0.139286866325
19606,0.145812676714
19607,0.229021346832
19608,0.390158423027
19609,0.340024220278
19610,0.184390587472
19611,0.968336575680
19612,0.121671825032
19613,0.023852210995
19614,0.135737713400
19615,0.215639651982
19616,0.029817483787
19617,0.065396315879
19618,0.313221338385
19619,0.081056216178
19620,0.044944025306
19621,0.054694774735
19622,0.066478050530
19623,0.225515293297
19624,0.408998608161
19625,0.275851751643
19626,0.536876407599
19627,0.380459687134
19628,0.167575182972
19629,0.157948644638
19630,0.340595461005
19631,0.024023024761
19632,0.126292523148
19633,0.076297038579
19634,0.063547516735
19635,0.434776385253
19636,0.255201463971
19637,0.050697795556
19638,0.558529655090
19639,0.372283090475
19640,0.063935775293
19641,0.124037099358
19642,0.084095758632
19643,0.052669373860
19644,0.015039739400
19645,0.019146248656
19646,0.031980712171
19647,0.056129787687
19648,0.093613928453
19649,0.119672306417
19650,0.132890991724
19651,0.452931927251
19652,0.754309165492
19653,0.476770616763
19654,0.359589413421
19655,0.602293353534
19656,0.105778782182
19657,0.058782903036
19658,0.059831966931
19659,0.130947430617
19660,0.243979984673
19661,0.061633973438
19662,0.035870307788
19663,0.069091426100
19664,0.152772551342
19665,0.025699999085
19666,0.013572234719
19667,0.031652781680
19668,0.117637660093
19669,0.022370592822
19670,0.018383308006
19671,0.042003475965
19672,0.025786616069
19673,0.015874078168
19674,0.036324814684
19675,0.084372928471
19676,0.060373795400
19677,0.079702907326
19678,0.238195669112
19679,0.191898842394
19680,0.346500911185
19681,0.721045772411
19682,0.633187201912
19683,0.291419043894
19684,0.090828262911
19685,0.038016866386
19686,0.015995672410
19687,0.058107782920
19688,0.105742570377
19689,0.018153138959
19690,0.015339863500
19691,0.923892898250
19692,0.053931678390
19693,0.021974543890
19694,0.071411878995
19695,0.064044221670
19696,0.095644859117
19697,0.048734244313
19698,0.060782739890
19699,0.045995655560
19700,0.021799091486
19701,0.020070199052
19702,0.035479051085
19703,0.093333648866
19704,0.107976081073
19705,0.584109582529
19706,0.366362292498
19707,0.219669760451
19708,0.939305139064
19709,0.385757608669
19710,0.494944806777
19711,0.246733124136
19712,0.037312394724
19713,0.024962096997
19714,0.021803158535
19715,0.052640035842
19716,0.055779296011
19717,0.029809998505
19718,0.068177025942
19719,0.481705292684
19720,0.114442755394
19721,0.350246811795
19722,0.049752872053
19723,0.080124890086
19724,0.132419421413
19725,0.131511261734
19726,0.143453417847
19727,0.042962473103
19728,0.027484140659
19729,0.012471528772
19730,0.039633313519
19731,0.159919103129
19732,0.837738500769
19733,0.350828513934
19734,0.637166735635
19735,0.330439955973
19736,0.283973073169
19737,0.154734545899
19738,0.104542036121
19739,0.040147789637
19740,0.035453670438
19741,0.017941209947
19742,0.062375269045
19743,0.031436837201
19744,0.108156295044
19745,0.163581391290
19746,0.047918986831
19747,0.259603925981
19748,0.031031955973
19749,0.060863004916
19750,0.249392122767
19751,0.054571274030
19752,0.014373922119
19753,0.021470871985
19754,0.115399458549
19755,0.224496873726
19756,0.047334954323
19757,0.012521844445
19758,0.217537496374
19759,0.242911662392
19760,0.082889760406
19761,0.106077804140
19762,0.028190588114
19763,0.101758176828
19764,0.106949133744
19765,0.063537263869
19766,0.111127863498
19767,0.120274369960
19768,0.045220552489
19769,0.037617324643
19770,0.208264378121
19771,0.019150252718
19772,0.096886633554
19773,0.041406676152
19774,0.125170602964
19775,0.050493471626
19776,0.076171509048
19777,0.015546315649
19778,0.077144030979
19779,0.177623634790
19780,0.349746659612
19781,0.564936111308
19782,0.097995011256
19783,0.021664312237
19784,0.030424930262
19785,0.081925394038
19786,0.020562597876
19787,0.070898499406
19788,0.108612040993
19789,0.022375227788
19790,0.032856123588
19791,0.020295189319
19792,0.022383505942
19793,0.017421198289
19794,0.029054049082
19795,0.085862520449
19796,0.102707096671
19797,0.378721814658
19798,0.020346746441
19799,0.023341697329
19800,0.061491697173
19801,0.063469924619
19802,0.109664308607
19803,0.380991772779
19804,0.105213006695
19805,0.126196763154
19806,0.035737001203
19807,0.071862466026
19808,0.099295644508
19809,0.038109204240
19810,0.020709478521
19811,0.015234627374
19812,0.248820514024
19813,0.015388613094
19814,0.028750076518
19815,0.146643992332
19816,0.074033166277
19817,0.057259235656
19818,0.022519809032
19819,0.037766534050
19820,0.079334499595
19821,0.289303842657
19822,0.034286466676
19823,0.018158547458
19824,0.023579381936
19825,0.051579974981
19826,0.060749104681
19827,0.156026343431
19828,0.070768604904
19829,0.222726065860
19830,0.096342750843
19831,0.033196746123
19832,0.038058378303
19833,0.047291542063
19834,0.033361799300
19835,0.261647547773
19836,0.144141472275
19837,0.026131861372
19838,0.126976233525
19839,0.051823049073
19840,0.018594570740
19841,0.017479386742
19842,0.365751385213
19843,0.634116875208
19844,0.223437208099
19845,0.068247161379
19846,0.068330129393
19847,0.040729266450
19848,0.035976214283
19849,0.087005455915
19850,0.082441406009
19851,0.071796626812
19852,0.884032841534
19853,0.021432153853
19854,0.069805184630
19855,0.020157575596
19856,0.057830104611
19857,0.064241875376
19858,0.020830615674
19859,0.034093841700
19860,0.105977317568
19861,0.329537505280
19862,0.066409762167
19863,0.130331608254
19864,0.034042960597
19865,0.062573861087
19866,0.015060367489
19867,0.023892377880
19868,0.097471301872
19869,0.026580895841
19870,0.026594072834
19871,0.011827571363
19872,0.060332168508
19873,0.049724112806
19874,0.023318502354
19875,0.025245178116
19876,0.054872920613
19877,0.017729709157
19878,0.132578980980
19879,0.038691988624
19880,0.038026439824
19881,0.074487831488
19882,0.073302000596
19883,0.028246181649
19884,0.048050935565
19885,0.855179330195
19886,0.064300684143
19887,0.106281856262
19888,0.055771398759
19889,0.044518226155
19890,0.041576454687
19891,0.046363412577
19892,0.016532547082
19893,0.022589334924
19894,0.283751561100
19895,0.038532820779
19896,0.014303645901
19897,0.019541244864
19898,0.017278697931
19899,0.045643602998
19900,0.098391113367
19901,0.016444541713
19902,0.014947890542
19903,0.122398360729
19904,0.051250535622
19905,0.024983354977
19906,0.011260229097
19907,0.040811627681
19908,0.346807957108
19909,0.024573095975
19910,0.011125110703
19911,0.022629431200
19912,0.017139581227
19913,0.050820117475
19914,0.048812753509
19915,0.141703788403
19916,0.080767828419
19917,0.025619018277
19918,0.021227142319
19919,0.087067086844
19920,0.215943140113
19921,0.079122517423
19922,0.074989666759
19923,0.065171962267
19924,0.028633380446
19925,0.049385064544
19926,0.025462452115
19927,0.204540510695
19928,0.186225072595
19929,0.316779373025
19930,0.014906724595
19931,0.014540191882
19932,0.024425228504
19933,0.016434357131
19934,0.026957239890
19935,0.018543361733
19936,0.028949761187
19937,0.012828066372
19938,0.016734525535
19939,0.023138216070
19940,0.029114494433
19941,0.073784372592
19942,0.057545296422
19943,0.121960471604
19944,0.116701397240
19945,0.263165759614
19946,0.027847930250
19947,0.015839417054
19948,0.022478454328
19949,0.029730740255
19950,0.013902051169
19951,0.024721974108
19952,0.031626252429
19953,0.016894087459
19954,0.017767215935
19955,0.017245681354
19956,0.015204139545
19957,0.086865460111
19958,0.025200749659
19959,0.047164380429
19960,0.014954375440
19961,0.059221502825
19962,0.018694769007
19963,0.017237706619
19964,0.017778411538
19965,0.115756081171
19966,0.032392167116
19967,0.041179512584
19968,0.018377964172
19969,0.033069865099
19970,0.016577710481
19971,0.022407747707
19972,0.109315424548
19973,0.021602389655
19974,0.277949515797
19975,0.058832695633
19976,0.062818299303
19977,0.078968517565
19978,0.062316287175
19979,0.020107320605
19980,0.014264403499
19981,0.092810236638
19982,0.021333979757
19983,0.092745195576
19984,0.154725176344
19985,0.024365452012
19986,0.032321180656
19987,0.029431162338
19988,0.051342871807
19989,0.028604078040
19990,0.016591591367
19991,0.013370062957
19992,0.019573909353
19993,0.019234028050
19994,0.013662761954
19995,0.033765710294
19996,0.016705123958
19997,0.066329202109
19998,0.068248251745
19999,0.160176407716
20000,0.020126068489
20001,0.012598586742
20002,0.017235971858
20003,0.023076453359
20004,0.053983230151
20005,0.024244112161
20006,0.014970045595
20007,0.032311246413
20008,0.031385031646
20009,0.015366081771
20010,0.049146158395
20011,0.143133407509
20012,0.154818332918
20013,0.014547752143
20014,0.099192578434
20015,0.021174060972
20016,0.026169764600
20017,0.061551490728
20018,0.026009399651
20019,0.036219102025
20020,0.059108064286
20021,0.053301551691
20022,0.114345861028
20023,0.049863672889
20024,0.036154108225
20025,0.122382961728
20026,0.032994566078
20027,0.088497943101
20028,0.055326685852
20029,0.134040157596
20030,0.227972048327
20031,0.259582965925
20032,0.341335681917
20033,0.075275180065
20034,0.221330385030
20035,0.056347438999
20036,0.068227118974
20037,0.033693185399
20038,0.018069294916
20039,0.125649280650
20040,0.060804218982
20041,0.707421858588
20042,0.112027832647
20043,0.051296508727
20044,0.120013433388
20045,0.051894361382
20046,0.018121542580
20047,0.049583255928
20048,0.031614291382
20049,0.019545296936
20050,0.091957787912
20051,0.124575609585
20052,0.497959431319
20053,0.463611894733
20054,0.040933797947
20055,0.121584910873
20056,0.227921112671
20057,0.027240987847
20058,0.059190073924
20059,0.046489127363
20060,0.057706960257
20061,0.058271807179
20062,0.419767334619
20063,0.098839881633
20064,0.135622832122
20065,0.461351972558
20066,0.466354061910
20067,0.065309592019
20068,0.291649633645
20069,0.047517678867
20070,0.050363600610
20071,0.045420462575
20072,0.056070144001
20073,0.082248083177
20074,0.124684204143
20075,0.032031402813
20076,0.025591331850
20077,0.050575853855
20078,0.341106253303
20079,0.043622888402
20080,0.036252727763
20081,0.054133279931
20082,0.058578895205
20083,0.066354770335
20084,0.030164326710
20085,0.101209222419
20086,0.033524466888
20087,0.049873035193
20088,0.219329569727
20089,0.146212212158
20090,0.023869948874
20091,0.034373136888
20092,0.019047249336
20093,0.018258396381
20094,0.026760874996
20095,0.446054333292
20096,0.082991131013
20097,0.062025746533
20098,0.280273206818
20099,0.414578789026
20100,0.012824475169
20101,0.078664500777
20102,0.053494781951
20103,0.020841762343
20104,0.023127412543
20105,0.017392278760
20106,0.033848053284
20107,0.017530675757
20108,0.079587500483
20109,0.058265439980
20110,0.088051092112
20111,0.250927288733
20112,0.391816659351
20113,0.207215177323
20114,0.053767508279
20115,0.014309488413
20116,0.034774725838
20117,0.029589390368
20118,0.269592822058
20119,0.037266847933
20120,0.064422153227
20121,0.037081010936
20122,0.218857839374
20123,0.351891979701
20124,0.069236690520
20125,0.067402870769
20126,0.023295742138
20127,0.028588785216
20128,0.063943667668
20129,0.064885271174
20130,0.022927905721
20131,0.110105120854
20132,0.133793266124
20133,0.068441618593
20134,0.077890610940
20135,0.053960413385
20136,0.026146464911
20137,0.033275556833
20138,0.029383280123
20139,0.034021203160
20140,0.098424602201
20141,0.073912239270
20142,0.216178983581
20143,0.030629913226
20144,0.066805701999
20145,0.042243868139
20146,0.024385857047
20147,0.020530567352
20148,0.029518811963
20149,0.043301700921
20150,0.024795427584
20151,0.072293477694
20152,0.180733769906
20153,0.266840817437
20154,0.051954600177
20155,0.045594288470
20156,0.033156993241
20157,0.081804681525
20158,0.053879211093
20159,0.061351563382
20160,0.023940601930
20161,0.158008711313
20162,0.033780550301
20163,0.025197856317
20164,0.032480883135
20165,0.015610241717
20166,0.077988203645
20167,0.065562977208
20168,0.215557287712
20169,0.219030079604
20170,0.226113044570
20171,0.059641512844
20172,0.057367027775
20173,0.022752115643
20174,0.058419105453
20175,0.046525307296
20176,0.021143936763
20177,0.117152850538
20178,0.048260354244
20179,0.599640892597
20180,0.113904469874
20181,0.025880727723
20182,0.101326215485
20183,0.038749831409
20184,0.045253442848
20185,0.022912871828
20186,0.021331322406
20187,0.015200518331
20188,0.058178163286
20189,0.021841095137
20190,0.025019814618
20191,0.078791850552
20192,0.040492420173
20193,0.092172740761
20194,0.057421711253
20195,0.117828221608
20196,0.327460707692
20197,0.361910933336
20198,0.202518644559
20199,0.034901830751
20200,0.083247419420
20201,0.023132244817
20202,0.031280820847
20203,0.020357380218
20204,0.015081914863
20205,0.083117030834
20206,0.059998322227
20207,0.101715107918
20208,0.063081396976
20209,0.083684761434
20210,0.043907235855
20211,0.066537140406
20212,0.027960915901
20213,0.023111635078
20214,0.019621454578
20215,0.132137515140
20216,0.017522574146
20217,0.030741040695
20218,0.054184371283
20219,0.025776167231
20220,0.016851855018
20221,0.023344183048
20222,0.049051114290
20223,0.064179950904
20224,0.076143930678
20225,0.121821098477
20226,0.110076618705
20227,0.170587728832
20228,0.212534183402
20229,0.228154170601
20230,0.022210991308
20231,0.092350168739
20232,0.049169506454
20233,0.018783013581
20234,0.050771544541
20235,0.078648925489
20236,0.049608764750
20237,0.047869234133
20238,0.050629121338
20239,0.065994499658
20240,0.033212267214
20241,0.063019663228
20242,0.025649248552
20243,0.018854067016
20244,0.094192423381
20245,0.019447133084
20246,0.039101430987
20247,0.100176983910
20248,0.064928062903
20249,0.136264481353
20250,0.325535764609
20251,0.124585356085
20252,0.209804077552
20253,0.070675911235
20254,0.085221504732
20255,0.087810433164
20256,0.090170809919
20257,0.065172582260
20258,0.023527468663
20259,0.295053233679
20260,0.076439486514
20261,0.074732294421
20262,0.039876299306
20263,0.066350084341
20264,0.027576462982
20265,0.018157715410
20266,0.025397157388
20267,0.060063293649
20268,0.275511307918
20269,0.071227890995
20270,0.051086595363
20271,0.124360004883
20272,0.697438219562
20273,0.102569131863
20274,0.023079189809
20275,0.321844999827
20276,0.067531936520
20277,0.251379349988
20278,0.183979977274
20279,0.082091260365
20280,0.014288687806
20281,0.018430581181
20282,0.067986521258
20283,0.057026750238
20284,0.102079522307
20285,0.161030076828
20286,0.063301454553
20287,0.216311386588
20288,0.068565389490
20289,0.012965517546
20290,0.051836148197
20291,0.020602392745
20292,0.053653752678
20293,0.063375606906
20294,0.028673589914
20295,0.137699261562
20296,0.154734553345
20297,0.241239232075
20298,0.102073820746
20299,0.037993581882
20300,0.107923977499
20301,0.224174208245
20302,0.325892012899
20303,0.063332482739
20304,0.065642244635
20305,0.025547867265
20306,0.017668196312
20307,0.063120955484
20308,0.533088815220
20309,0.029514785701
20310,0.100817883159
20311,0.379649298956
20312,0.229895152938
20313,0.015063285624
20314,0.016748892485
20315,0.018217460655
20316,0.033749831918
20317,0.062231366976
20318,0.230005297594
20319,0.322843146612
20320,0.114233093046
20321,0.104594773320
20322,0.250790425679
20323,0.168016326306
20324,0.123430990360
20325,0.234258912014
20326,0.368140854455
20327,0.073230225930
20328,0.047471575246
20329,0.084616323052
20330,0.060524844322
20331,0.275514733397
20332,0.899090442842
20333,0.013222746119
20334,0.078278820247
20335,0.299852143239
20336,0.047836658513
20337,0.198035345411
20338,0.014392455751
20339,0.052513434256
20340,0.084436322282
20341,0.028529977463
20342,0.043727528779
20343,0.419373374338
20344,0.199412352060
20345,0.097702109109
20346,0.191074053816
20347,0.159233978750
20348,0.240283824177
20349,0.353109648729
20350,0.355494925309
20351,0.033795610985
20352,0.181949773747
20353,0.221191595600
20354,0.123188127303
20355,0.866558063507
20356,0.384504772517
20357,0.373451879735
20358,0.012116046175
20359,0.031616487012
20360,0.202395637577
20361,0.085711744861
20362,0.020734823817
20363,0.022571552934
20364,0.058861887366
20365,0.012344945083
20366,0.013650520517
20367,0.017499692047
20368,0.026240961746
20369,0.088483147955
20370,0.124481789528
20371,0.101690283249
20372,0.112410658945
20373,0.087685109819
20374,0.313108765903
20375,0.217876302457
20376,0.020957072332
20377,0.110640016914
20378,0.177558603400
20379,0.026423571813
20380,0.075304058001
20381,0.950471997773
20382,0.905633561887
20383,0.637368016637
20384,0.023448300048
20385,0.074817217395
20386,0.399370644918
20387,0.079586287940
20388,0.017580203644
20389,0.044567568202
20390,0.014486027727
20391,0.056644338763
20392,0.067173792667
20393,0.063290592162
20394,0.023523230792
20395,0.362670331144
20396,0.026758023797
20397,0.053325962155
20398,0.127188777223
20399,0.089329250689
20400,0.062671038180
20401,0.067818042214
20402,0.323370364918
20403,0.316861416123
20404,0.033608522324
20405,0.109084356230
20406,0.092973647867
20407,0.123952955436
20408,0.935729495591
20409,0.840214196458
20410,0.611880884310
20411,0.024041023682
20412,0.109217719048
20413,0.021798024172
20414,0.395482429372
20415,0.054374878402
20416,0.245082572627
20417,0.057739809979
20418,0.068157813156
20419,0.024802864190
20420,0.098429797536
20421,0.132441683162
20422,0.171010064619
20423,0.124749783394
20424,0.542183835631
20425,0.454234849953
20426,0.230329616359
20427,0.154369363881
20428,0.098831042640
20429,0.055762625016
20430,0.123489174278
20431,0.053822936393
20432,0.050355354922
20433,0.117831591202
20434,0.114187108418
20435,0.049308610952
20436,0.202245978213
20437,0.026773929878
20438,0.883737183353
20439,0.973189252360
20440,0.929360495111
20441,0.119881547308
20442,0.033563755250
20443,0.219106330526
20444,0.018316159633
20445,0.385064396577
20446,0.023518616369
20447,0.021475011889
20448,0.020314474797
20449,0.057391221089
20450,0.099993724001
20451,0.069210827126
20452,0.385839060487
20453,0.885251211511
20454,0.086983303226
20455,0.108932995606
20456,0.140608545267
20457,0.230054396013
20458,0.071108031357
20459,0.331168366081
20460,0.229796871211
20461,0.029875511872
20462,0.069778084232
20463,0.079658886058
20464,0.099741574270
20465,0.058734936846
20466,0.029314190267
20467,0.282403175360
20468,0.292586145386
20469,0.160165407001
20470,0.087316203526
20471,0.031269058194
20472,0.150628708319
20473,0.079138824492
20474,0.186536303405
20475,0.030316063308
20476,0.032650627849
20477,0.037484524726
20478,0.018732955312
20479,0.025769098714
20480,0.061013607970
20481,0.047455207845
20482,0.338017736424
20483,0.668285854747
20484,0.428024996274
20485,0.272849323693
20486,0.117778682302
20487,0.171469985576
20488,0.163971488183
20489,0.593020466642
20490,0.096079819624
20491,0.046967296221
20492,0.029765614582
20493,0.142375607355
20494,0.151584905594
20495,0.125568329409
20496,0.295004139261
20497,0.356853546356
20498,0.182862330493
20499,0.968345722900
20500,0.129014786549
20501,0.024208225103
20502,0.140817229419
20503,0.221877874751
20504,0.026500397029
20505,0.066797344122
20506,0.313461508127
20507,0.074174318145
20508,0.043790952082
20509,0.053443127692
20510,0.064627438445
20511,0.166788878420
20512,0.407600526981
20513,0.278026819720
20514,0.525612018626
20515,0.290363392627
20516,0.175285761825
20517,0.158725094268
20518,0.338636701092
20519,0.204437014424
20520,0.074395232053
20521,0.058083766722
20522,0.448287917912
20523,0.196497135298
20524,0.045349989002
20525,0.523885950155
20526,0.281361028359
20527,0.011261445270
20528,0.069604252694
20529,0.125818400123
20530,0.087568558324
20531,0.052809314271
20532,0.017981368959
20533,0.035343158883
20534,0.057135393472
20535,0.085076396582
20536,0.127093075272
20537,0.131075164351
20538,0.395852922468
20539,0.753593425861
20540,0.465678936003
20541,0.368286007216
20542,0.612409183015
20543,0.104877490476
20544,0.053861660199
20545,0.059500209716
20546,0.127678920043
20547,0.171550124625
20548,0.059208489704
20549,0.035204254847
20550,0.079232833291
20551,0.150492167699
20552,0.026047083546
20553,0.013396554348
20554,0.032412174151
20555,0.118701439217
20556,0.019473283592
20557,0.036863863027
20558,0.015862525284
20559,0.036597066561
20560,0.085406257480
20561,0.061563043535
20562,0.079135178220
20563,0.335257761006
20564,0.273172180271
20565,0.347472847234
20566,0.713524840487
20567,0.657094573986
20568,0.283677153725
20569,0.090896836144
20570,0.032244109968
20571,0.018295340984
20572,0.060517364760
20573,0.117711789074
20574,0.016973578227
20575,0.016211575174
20576,0.036257870318
20577,0.925085698492
20578,0.058614397185
20579,0.022822151363
20580,0.075332484356
20581,0.057402385771
20582,0.093475531035
20583,0.045154552821
20584,0.055019400223
20585,0.020960157142
20586,0.044424138386
20587,0.020787074974
20588,0.016382348809
20589,0.033574266780
20590,0.093853869311
20591,0.114932147466
20592,0.588134118473
20593,0.364949299360
20594,0.225871764466
20595,0.940428891683
20596,0.455606095386
20597,0.498228290199
20598,0.234732174488
20599,0.027400908850
20600,0.025760355337
20601,0.058518604722
20602,0.055116261234
20603,0.020849915059
20604,0.027849907948
20605,0.067705156832
20606,0.503100764818
20607,0.098982673012
20608,0.347194372673
20609,0.050395289814
20610,0.094725551125
20611,0.142545786313
20612,0.122941697174
20613,0.159075474437
20614,0.038473941555
20615,0.012821183648
20616,0.040104727462
20617,0.157298798702
20618,0.835060432324
20619,0.348234110918
20620,0.644640282071
20621,0.254110651475
20622,0.366027404311
20623,0.162292558174
20624,0.097116319677
20625,0.035368410453
20626,0.017849411751
20627,0.070642118114
20628,0.031714351897
20629,0.108771401114
20630,0.168420148598
20631,0.059323910332
20632,0.330541870752
20633,0.029099882344
20634,0.063578635284
20635,0.017127648015
20636,0.343369669312
20637,0.054265385807
20638,0.013279798347
20639,0.019186590685
20640,0.110445765405
20641,0.325892277249
20642,0.047668078926
20643,0.012495851303
20644,0.226205797853
20645,0.243004401085
20646,0.080792684834
20647,0.103544747707
20648,0.029043907065
20649,0.094148373723
20650,0.102303898689
20651,0.069769768940
20652,0.107564603460
20653,0.110418243886
20654,0.044933026080
20655,0.039724039844
20656,0.018187385809
20657,0.131565336191
20658,0.020691956778
20659,0.087957402018
20660,0.011455925198
20661,0.039094556121
20662,0.114892437402
20663,0.054009668488
20664,0.078705948384
20665,0.017200821701
20666,0.074694710027
20667,0.157421773654
20668,0.378304870785
20669,0.572082626120
20670,0.092619403820
20671,0.014969664677
20672,0.032982769838
20673,0.081266219321
20674,0.019539498672
20675,0.075992938429
20676,0.109886643082
20677,0.019404296000
20678,0.030894029355
20679,0.020815337578
20680,0.027022010862
20681,0.020259804221
20682,0.035978481551
20683,0.085230537406
20684,0.098547457280
20685,0.381802234746
20686,0.019267697971
20687,0.025398820625
20688,0.196736132819
20689,0.059818407748
20690,0.106813304987
20691,0.389929576145
20692,0.101411421302
20693,0.018489704773
20694,0.127710883239
20695,0.033541604311
20696,0.023922836302
20697,0.073051442205
20698,0.104201212738
20699,0.033229224348
20700,0.022956534962
20701,0.015141399567
20702,0.258026088398
20703,0.026685988815
20704,0.017253397934
20705,0.030072214630
20706,0.150143438570
20707,0.072083569926
20708,0.054273855322
20709,0.022389587936
20710,0.037218238416
20711,0.077700778354
20712,0.286066755127
20713,0.036433640533
20714,0.011824465114
20715,0.016098924896
20716,0.024249043911
20717,0.052920990565
20718,0.063919875265
20719,0.231559358607
20720,0.074785318894
20721,0.223678149243
20722,0.091146302299
20723,0.032459344633
20724,0.023568363180
20725,0.038419413779
20726,0.048086850200
20727,0.035425276946
20728,0.194130852874
20729,0.021750242773
20730,0.154199085101
20731,0.026298654779
20732,0.124236907086
20733,0.054364468318
20734,0.016263698911
20735,0.366247004982
20736,0.632553751980
20737,0.148119996308
20738,0.070508988113
20739,0.019052802644
20740,0.068291812736
20741,0.043018471906
20742,0.038109723123
20743,0.081561649889
20744,0.085937735952
20745,0.073905549135
20746,0.878911724158
20747,0.021336678577
20748,0.068878664549
20749,0.070591499602
20750,0.073372500821
20751,0.020069389209
20752,0.038454819741
20753,0.117073622420
20754,0.415308370935
20755,0.074052244093
20756,0.122801217612
20757,0.033623418910
20758,0.054647787244
20759,0.014530566897
20760,0.021183182437
20761,0.097832210891
20762,0.025192761138
20763,0.024430097368
20764,0.058509402703
20765,0.049360945102
20766,0.024814752233
20767,0.053200002307
20768,0.021129134525
20769,0.018461737267
20770,0.129045883976
20771,0.033182907334
20772,0.038506218537
20773,0.020231585028
20774,0.036374680500
20775,0.072941195489
20776,0.067696099165
20777,0.028166135353
20778,0.049577514122
20779,0.873285223289
20780,0.057787462022
20781,0.102651974736
20782,0.043241231637
20783,0.040776340787
20784,0.047593571689
20785,0.018791665442
20786,0.024187786822
20787,0.395455526696
20788,0.034622457379
20789,0.015381983282
20790,0.019341526787
20791,0.046952624903
20792,0.091160590432
20793,0.016157584137
20794,0.014948067972
20795,0.120327378021
20796,0.051955871652
20797,0.023207369360
20798,0.035924057765
20799,0.347546334106
20800,0.023094874305
20801,0.025694529946
20802,0.022407708173
20803,0.017472191792
20804,0.046403726996
20805,0.046842940208
20806,0.149966129958
20807,0.081905642193
20808,0.026715734862
20809,0.020222221512
20810,0.012845235532
20811,0.081030939241
20812,0.221735448979
20813,0.088431416935
20814,0.087552857428
20815,0.062145421597
20816,0.027351895619
20817,0.050317517876
20818,0.023459689021
20819,0.211065609708
20820,0.246425709978
20821,0.312559379490
20822,0.017380011424
20823,0.023604048156
20824,0.016904320752
20825,0.018415620423
20826,0.028638720452
20827,0.013308044216
20828,0.018677219243
20829,0.017213169851
20830,0.022021628078
20831,0.013974486365
20832,0.029359908248
20833,0.070990291629
20834,0.060075296720
20835,0.118459671247
20836,0.022581231946
20837,0.120232963066
20838,0.016330743758
20839,0.257333019929
20840,0.016314296790
20841,0.014544065378
20842,0.028329422984
20843,0.014361946713
20844,0.021090522522
20845,0.029097215742
20846,0.025750910915
20847,0.031827737188
20848,0.076465769836
20849,0.026055550883
20850,0.047588898654
20851,0.062922399882
20852,0.018921269689
20853,0.019650201452
20854,0.017179099336
20855,0.015835207756
20856,0.107019481187
20857,0.032460817479
20858,0.042191151558
20859,0.013228073150
20860,0.030664895864
20861,0.022795706016
20862,0.110779423641
20863,0.015919743069
20864,0.017874841051
20865,0.359053864630
20866,0.058602546905
20867,0.071382708208
20868,0.058729037707
20869,0.019424043861
20870,0.014494000688
20871,0.091232212795
20872,0.019021461676
20873,0.090646201698
20874,0.137730670315
20875,0.022678049865
20876,0.035551739887
20877,0.028960746655
20878,0.043231908796
20879,0.030156164352
20880,0.023181273617
20881,0.017910332479
20882,0.014101361731
20883,0.031775451279
20884,0.017267111192
20885,0.064755385930
20886,0.063971271495
20887,0.032557953941
20888,0.015257841565
20889,0.148750401887
20890,0.019230448996
20891,0.031575454161
20892,0.027043661322
20893,0.015799062698
20894,0.023263412082
20895,0.054738877146
20896,0.024081027413
20897,0.014136879562
20898,0.029090914300
20899,0.026209228381
20900,0.046342046608
20901,0.150416943169
20902,0.155043849086
20903,0.020988636432
20904,0.094831937077
20905,0.026680696132
20906,0.037086801481
20907,0.055046547869
20908,0.038736648671
20909,0.036914663280
20910,0.040934668670
20911,0.045543655830
20912,0.109822369460
20913,0.052036550557
20914,0.127291456393
20915,0.033861249945
20916,0.085788996339
20917,0.060219604640
20918,0.231621286637
20919,0.329292866739
20920,0.176763957977
20921,0.055717494501
20922,0.281001430964
20923,0.086715041544
20924,0.230141463137
20925,0.054608965035
20926,0.020521716941
20927,0.060537977205
20928,0.016575784877
20929,0.027332242151
20930,0.016479167685
20931,0.132797926105
20932,0.047304940287
20933,0.684627288310
20934,0.116424326839
20935,0.125538633903
20936,0.045692917455
20937,0.018230057871
20938,0.026426672011
20939,0.047330772877
20940,0.029545803349
20941,0.046290750923
20942,0.088828914096
20943,0.124830554550
20944,0.470583478386
20945,0.444819740050
20946,0.040786607823
20947,0.053761732814
20948,0.133929754266
20949,0.311205019431
20950,0.061287827459
20951,0.039366706184
20952,0.057721438891
20953,0.031040090994
20954,0.402761672272
20955,0.096747337923
20956,0.155499415058
20957,0.453945391667
20958,0.090625469959
20959,0.473598193083
20960,0.070216059380
20961,0.500536074678
20962,0.052022542379
20963,0.050080136506
20964,0.042645627667
20965,0.068485080146
20966,0.086256827861
20967,0.109926549449
20968,0.078301245263
20969,0.034688573040
20970,0.054466957629
20971,0.359823942138
20972,0.048455329527
20973,0.036569832413
20974,0.056011020339
20975,0.061764584576
20976,0.065841688650
20977,0.031365602180
20978,0.081823413091
20979,0.091112608613
20980,0.033195350772
20981,0.050194702924
20982,0.219218760980
20983,0.048117347787
20984,0.137288744854
20985,0.023453664711
20986,0.039424212128
20987,0.030089374588
20988,0.018244848610
20989,0.439873381531
20990,0.084896729885
20991,0.072568621631
20992,0.182762823195
20993,0.406881856882
20994,0.076153220893
20995,0.061077496020
20996,0.020198211825
20997,0.024308284514
20998,0.018502597468
20999,0.013746452304
21000,0.035208229828
21001,0.023011444387
21002,0.072666240269
21003,0.065596525022
21004,0.078563250288
21005,0.151249240372
21006,0.300340795256
21007,0.207464407489
21008,0.049303461930
21009,0.022923565247
21010,0.035166569043
21011,0.030662889381
21012,0.259682182448
21013,0.018077117939
21014,0.034691593661
21015,0.065710063959
21016,0.037927079508
21017,0.037075691197
21018,0.113835566007
21019,0.499379747283
21020,0.070256674264
21021,0.062366507257
21022,0.022481375438
21023,0.027504887036
21024,0.063890016522
21025,0.066344154267
21026,0.022826066120
21027,0.017506095565
21028,0.117291431743
21029,0.135027069808
21030,0.081646945396
21031,0.078888886823
21032,0.053297142081
21033,0.016296606538
21034,0.030251069813
21035,0.034138058275
21036,0.030292855627
21037,0.035901562019
21038,0.105655643275
21039,0.073982944044
21040,0.220288379574
21041,0.027811719231
21042,0.066862784702
21043,0.043794300080
21044,0.024615527657
21045,0.020329412244
21046,0.029928758113
21047,0.044464078632
21048,0.026535186370
21049,0.066038481441
21050,0.172994489578
21051,0.352204975510
21052,0.052507482622
21053,0.052599330724
21054,0.031168826073
21055,0.082015557347
21056,0.054548663465
21057,0.019277131421
21058,0.061778291684
21059,0.027238543625
21060,0.160453026342
21061,0.032390574048
21062,0.023669990821
21063,0.031056798967
21064,0.014201235715
21065,0.204776682034
21066,0.062828224104
21067,0.216089614103
21068,0.218930401275
21069,0.309925673580
21070,0.060337662869
21071,0.060336856492
21072,0.025168883963
21073,0.055877060294
21074,0.045289704954
21075,0.016702739683
21076,0.107928317500
21077,0.047476299037
21078,0.621691515992
21079,0.110648557711
21080,0.024920570223
21081,0.101404704433
21082,0.041667542704
21083,0.046134933702
21084,0.022844867675
21085,0.021106230211
21086,0.015641779613
21087,0.017971272503
21088,0.065101510327
21089,0.022560248520
21090,0.025411881799
21091,0.073297456546
21092,0.038801496575
21093,0.096140113908
21094,0.060007521083
21095,0.117886475074
21096,0.229107114983
21097,0.364317316744
21098,0.086359261632
21099,0.033410087114
21100,0.081323738539
21101,0.022730182647
21102,0.032767867021
21103,0.019014229129
21104,0.015140596610
21105,0.083019080527
21106,0.058104074045
21107,0.101816818514
21108,0.059374335272
21109,0.077056289287
21110,0.043806745095
21111,0.059209314952
21112,0.029095912033
21113,0.023827933616
21114,0.021050749661
21115,0.213590528326
21116,0.020519960232
21117,0.029423840160
21118,0.059444480817
21119,0.023570293442
21120,0.023633646352
21121,0.048623462311
21122,0.065631535442
21123,0.073233638567
21124,0.109132828764
21125,0.107359874970
21126,0.222159755583
21127,0.218902263777
21128,0.143396295391
21129,0.022814241363
21130,0.091708182530
21131,0.050105148927
21132,0.018084162997
21133,0.053934563445
21134,0.083139590217
21135,0.025885385139
21136,0.050726672952
21137,0.047720356753
21138,0.056291552133
21139,0.062395376906
21140,0.030844984155
21141,0.063187011377
21142,0.025367377406
21143,0.021698498956
21144,0.088983708895
21145,0.019191930958
21146,0.039441697433
21147,0.099626743275
21148,0.062024970709
21149,0.135526231433
21150,0.439815138442
21151,0.118018931816
21152,0.131397514015
21153,0.071245539034
21154,0.086661046312
21155,0.086882141809
21156,0.084276857031
21157,0.062303266170
21158,0.022261153943
21159,0.218964470047
21160,0.074889012835
21161,0.074547422134
21162,0.038878040148
21163,0.069440101317
21164,0.022653638654
21165,0.026430477945
21166,0.017052683441
21167,0.027529323557
21168,0.059572697956
21169,0.273885534992
21170,0.066319752727
21171,0.050366476750
21172,0.127343299831
21173,0.700380934703
21174,0.101739002006
21175,0.021617426441
21176,0.314651156947
21177,0.063889098744
21178,0.247411447020
21179,0.261401910043
21180,0.077830873993
21181,0.059147840120
21182,0.056795171128
21183,0.100391325638
21184,0.161171637141
21185,0.063897254675
21186,0.208082314210
21187,0.063932941531
21188,0.049956021811
21189,0.022241263533
21190,0.023503039136
21191,0.053253899012
21192,0.061362445055
21193,0.029556356384
21194,0.130056881781
21195,0.152136298831
21196,0.161979064345
21197,0.089625447953
21198,0.039294639708
21199,0.109558871546
21200,0.185644483776
21201,0.332335431338
21202,0.059220811736
21203,0.014462450394
21204,0.064656460141
21205,0.022666459267
21206,0.017078251506
21207,0.061900336349
21208,0.545360520841
21209,0.023646668973
21210,0.109181859986
21211,0.357847006633
21212,0.218913887133
21213,0.017291447489
21214,0.018806442235
21215,0.033603189186
21216,0.063304855788
21217,0.233776478261
21218,0.321234124885
21219,0.015585708878
21220,0.111283003491
21221,0.104794588576
21222,0.250231692000
21223,0.172237707291
21224,0.127769277853
21225,0.157997860245
21226,0.351061823890
21227,0.074390280934
21228,0.042683024656
21229,0.079650923482
21230,0.062605400747
21231,0.272990195086
21232,0.903574838419
21233,0.013820990460
21234,0.073382763644
21235,0.355957116813
21236,0.019495670834
21237,0.048574798470
21238,0.211237327795
21239,0.049085044519
21240,0.084507246110
21241,0.030715128694
21242,0.040940699959
21243,0.011258320802
21244,0.446199944365
21245,0.198416979047
21246,0.096344803804
21247,0.254612509225
21248,0.157019831756
21249,0.250062710371
21250,0.369505385553
21251,0.345157964541
21252,0.034891194543
21253,0.184862114141
21254,0.216055139167
21255,0.113685521621
21256,0.875766751464
21257,0.393159078297
21258,0.375777968529
21259,0.012190744272
21260,0.029624228813
21261,0.198603735730
21262,0.091499225528
21263,0.023738195382
21264,0.014344261607
21265,0.056957398172
21266,0.015869903421
21267,0.017328479582
21268,0.026889028745
21269,0.094132658667
21270,0.123115360679
21271,0.096366485635
21272,0.110924459727
21273,0.078403115551
21274,0.314412486832
21275,0.215289619746
21276,0.022691386538
21277,0.120807979768
21278,0.239089150650
21279,0.023441896089
21280,0.078130644067
21281,0.958061343755
21282,0.906941004313
21283,0.650245820249
21284,0.025237260252
21285,0.020934996060
21286,0.074624782165
21287,0.377046840229
21288,0.080761837153
21289,0.017189080586
21290,0.053329913305
21291,0.014019636091
21292,0.056879722395
21293,0.063391840307
21294,0.063206063757
21295,0.021593681877
21296,0.371450021010
21297,0.027896972979
21298,0.052817119811
21299,0.212411056039
21300,0.112132079970
21301,0.061658150613
21302,0.068081643891
21303,0.332762298419
21304,0.319152487591
21305,0.035618923591
21306,0.100719753322
21307,0.094375776018
21308,0.126044569186
21309,0.943786226357
21310,0.839282561895
21311,0.627329015730
21312,0.021308674291
21313,0.109343783337
21314,0.019656039998
21315,0.393721177745
21316,0.052157786618
21317,0.336660123411
21318,0.057363639595
21319,0.074411444880
21320,0.027232899826
21321,0.095931740601
21322,0.130056145125
21323,0.173986368309
21324,0.129011788780
21325,0.536889441277
21326,0.444111844536
21327,0.224272152321
21328,0.147996254061
21329,0.095169094870
21330,0.056554337462
21331,0.124191434259
21332,0.057192883954
21333,0.201308175990
21334,0.199252179714
21335,0.106867114032
21336,0.049870215930
21337,0.106841142293
21338,0.025927584101
21339,0.874933988502
21340,0.973186534720
21341,0.934986897018
21342,0.123976374786
21343,0.043748820522
21344,0.220698296340
21345,0.369448072446
21346,0.021509560209
21347,0.058130517011
21348,0.099878548187
21349,0.066720416740
21350,0.391275367130
21351,0.896123339321
21352,0.086256536376
21353,0.109532482381
21354,0.146804527015
21355,0.179071784643
21356,0.065680337495
21357,0.333391401477
21358,0.233690845316
21359,0.031416013713
21360,0.069106451658
21361,0.090725649118
21362,0.098912113291
21363,0.065280048814
21364,0.027418484611
21365,0.279730148415
21366,0.278521534511
21367,0.152129342133
21368,0.083450679904
21369,0.148002251126
21370,0.080199950820
21371,0.262097122860
21372,0.029747226760
21373,0.031990633986
21374,0.035713919669
21375,0.022549205536
21376,0.061526194876
21377,0.046481689679
21378,0.340838780548
21379,0.669301277707
21380,0.370008180353
21381,0.271515377877
21382,0.111638322084
21383,0.188154017286
21384,0.166563945820
21385,0.616901966312
21386,0.092992668882
21387,0.043625899586
21388,0.028124129488
21389,0.139542959242
21390,0.154535217216
21391,0.131177167455
21392,0.303482052385
21393,0.279780766510
21394,0.246120732665
21395,0.968344072080
21396,0.204566786238
21397,0.023985585098
21398,0.141776949354
21399,0.207676303040
21400,0.023634745502
21401,0.064210012196
21402,0.544049299761
21403,0.072164495711
21404,0.043012133486
21405,0.055571578656
21406,0.063123817590
21407,0.168354787806
21408,0.469631033444
21409,0.369373873912
21410,0.549638441352
21411,0.287435345720
21412,0.152882639910
21413,0.158566937355
21414,0.210596380127
21415,0.025029327619
21416,0.200793908511
21417,0.075138852090
21418,0.060224984186
21419,0.441438804378
21420,0.248769404444
21421,0.044437154475
21422,0.533201813261
21423,0.271652408821
21424,0.011407344508
21425,0.065286393949
21426,0.121094248902
21427,0.090491535361
21428,0.016664933761
21429,0.019233977428
21430,0.035621694453
21431,0.057213157615
21432,0.085253973702
21433,0.120542406767
21434,0.129566938539
21435,0.390930532631
21436,0.757315105871
21437,0.470712341819
21438,0.359757105994
21439,0.640343314233
21440,0.113376177239
21441,0.018031519615
21442,0.058241216762
21443,0.054643748331
21444,0.125677046572
21445,0.247560472727
21446,0.060255540924
21447,0.034257325411
21448,0.074928881450
21449,0.143893472818
21450,0.013495304428
21451,0.037480708151
21452,0.121259634176
21453,0.022657475343
21454,0.017914968651
21455,0.035767856603
21456,0.023939734482
21457,0.016181632663
21458,0.035312202870
21459,0.088590732016
21460,0.058956890034
21461,0.076148267569
21462,0.328369221150
21463,0.199184753791
21464,0.350638571251
21465,0.713522174295
21466,0.644775318056
21467,0.377748183186
21468,0.087723183709
21469,0.034051975078
21470,0.017275420980
21471,0.059609096595
21472,0.118177412703
21473,0.017308774598
21474,0.016791543142
21475,0.033209378892
21476,0.940783186477
21477,0.055382854817
21478,0.024518522796
21479,0.078546750141
21480,0.061115138184
21481,0.206839291905
21482,0.062210450227
21483,0.021207674889
21484,0.044189879299
21485,0.019908855732
21486,0.018142077439
21487,0.035544990630
21488,0.088492938900
21489,0.111482987701
21490,0.596765447055
21491,0.365046379170
21492,0.225691196511
21493,0.951397518612
21494,0.384414642193
21495,0.488713789205
21496,0.241474630202
21497,0.037527913106
21498,0.023163894463
21499,0.057632121199
21500,0.052341599436
21501,0.028497315311
21502,0.068111811676
21503,0.506621660359
21504,0.204152775045
21505,0.351856039176
21506,0.049918297019
21507,0.095461807503
21508,0.146923142290
21509,0.130113566911
21510,0.160005226481
21511,0.035473652771
21512,0.027327269608
21513,0.010365742975
21514,0.040113004312
21515,0.158556719384
21516,0.853202632665
21517,0.353077871405
21518,0.662440608773
21519,0.257675907670
21520,0.287899666026
21521,0.216517477995
21522,0.109877274974
21523,0.036334956232
21524,0.016149299437
21525,0.063751522545
21526,0.034365123911
21527,0.110742616931
21528,0.165830516196
21529,0.054297863053
21530,0.266489659760
21531,0.030975877794
21532,0.067199119220
21533,0.016524055391
21534,0.329731716074
21535,0.052447166788
21536,0.013144286993
21537,0.018841603171
21538,0.095438079190
21539,0.224524599254
21540,0.046818381826
21541,0.012332575645
21542,0.222773627904
21543,0.177982568547
21544,0.083786906859
21545,0.103682208897
21546,0.030586701932
21547,0.095566061177
21548,0.098477163316
21549,0.072477321996
21550,0.103419855740
21551,0.117534403735
21552,0.043242450926
21553,0.039401757799
21554,0.127170487504
21555,0.018063833797
21556,0.018805178389
21557,0.087352675719
21558,0.038637088791
21559,0.111915830798
21560,0.052248803102
21561,0.075150267276
21562,0.016420025900
21563,0.076662407617
21564,0.225669050401
21565,0.369194037816
21566,0.603924219289
21567,0.098685391728
21568,0.083585665910
21569,0.076283489861
21570,0.096157924009
21571,0.019795811801
21572,0.032098421843
21573,0.021361063660
21574,0.025738913529
21575,0.084810351035
21576,0.097819076699
21577,0.385020105890
21578,0.019048236830
21579,0.022855204255
21580,0.195877082486
21581,0.061450191299
21582,0.105092562166
21583,0.401378877531
21584,0.106499810575
21585,0.022409137383
21586,0.125367185474
21587,0.031691706080
21588,0.023867139808
21589,0.075063237263
21590,0.103440612242
21591,0.039501692195
21592,0.016352976506
21593,0.022532564966
21594,0.016318228593
21595,0.254626299401
21596,0.015191552127
21597,0.028284613831
21598,0.147165466241
21599,0.070815242074
21600,0.052516138005
21601,0.022388391519
21602,0.035922705957
21603,0.075230702091
21604,0.287324933994
21605,0.036102918464
21606,0.017790422962
21607,0.025228179203
21608,0.050813121343
21609,0.058845718050
21610,0.231609228835
21611,0.078865980400
21612,0.168033314293
21613,0.097945064147
21614,0.033115415755
21615,0.041260497495
21616,0.053227928254
21617,0.035446963685
21618,0.264949587211
21619,0.021888955370
21620,0.165703447917
21621,0.026843744333
21622,0.122726742385
21623,0.054126496504
21624,0.016335682374
21625,0.020494087821
21626,0.354789240031
21627,0.637928170228
21628,0.221470300795
21629,0.070575982753
21630,0.019737421055
21631,0.068344410733
21632,0.044018612720
21633,0.037203324225
21634,0.087285971513
21635,0.094169390346
21636,0.072064133698
21637,0.890625315873
21638,0.073303192350
21639,0.020736042467
21640,0.069419289162
21641,0.075604835979
21642,0.021131660880
21643,0.041474300377
21644,0.114807440085
21645,0.416070424625
21646,0.065459170500
21647,0.145098939047
21648,0.054285043217
21649,0.014152554558
21650,0.097690218097
21651,0.026782451118
21652,0.022992503730
21653,0.058629819680
21654,0.052262780052
21655,0.023847682358
21656,0.051784489019
21657,0.017769255934
21658,0.133088344382
21659,0.037923691900
21660,0.039270643739
21661,0.021045405599
21662,0.037268110290
21663,0.086024804254
21664,0.062099856690
21665,0.027344277484
21666,0.031567252831
21667,0.053346854428
21668,0.893882709862
21669,0.053971386751
21670,0.206729483990
21671,0.053622631970
21672,0.041874088045
21673,0.040866451120
21674,0.054019783412
21675,0.017047864087
21676,0.023845148060
21677,0.278362941351
21678,0.034361224633
21679,0.011736740793
21680,0.019544440980
21681,0.022059415479
21682,0.047776565278
21683,0.208733525580
21684,0.018421768142
21685,0.015096405990
21686,0.123273581752
21687,0.049166332778
21688,0.021813050340
21689,0.043911208235
21690,0.368618251423
21691,0.025643606463
21692,0.022858129958
21693,0.047055050833
21694,0.049890078457
21695,0.150268622606
21696,0.075541339550
21697,0.025012107106
21698,0.020383789522
21699,0.012870427186
21700,0.086519203293
21701,0.141976112795
21702,0.086439680912
21703,0.082526591648
21704,0.078401871387
21705,0.026693053800
21706,0.047399365982
21707,0.026317936510
21708,0.205672007292
21709,0.183830033532
21710,0.219059295845
21711,0.020009601928
21712,0.027111865931
21713,0.023330937467
21714,0.016579105635
21715,0.026972162731
21716,0.018289335304
21717,0.029953820111
21718,0.019940023481
21719,0.023911202241
21720,0.030863867743
21721,0.079500669778
21722,0.057626843249
21723,0.125484478343
21724,0.018008879672
21725,0.017045602486
21726,0.098823545604
21727,0.326784874714
21728,0.017194254172
21729,0.016146643614
21730,0.023179878456
21731,0.014780131846
21732,0.026341624945
21733,0.014616607113
21734,0.020411171156
21735,0.029320649096
21736,0.013241218090
21737,0.023695488259
21738,0.030793353332
21739,0.015565465132
21740,0.018660454335
21741,0.077420991065
21742,0.026405939726
21743,0.060029249908
21744,0.018200521239
21745,0.015777169942
21746,0.017064131144
21747,0.015582528829
21748,0.109746582704
21749,0.031777936320
21750,0.048356200118
21751,0.013667091076
21752,0.030246992630
21753,0.020306407991
21754,0.112847480791
21755,0.024739835472
21756,0.016779230908
21757,0.016875936881
21758,0.351794616373
21759,0.061961012902
21760,0.055830600376
21761,0.073846870656
21762,0.059689032699
21763,0.020082145935
21764,0.093275574530
21765,0.017548259287
21766,0.086442517955
21767,0.016635860560
21768,0.155202000851
21769,0.023323748033
21770,0.034931413894
21771,0.030670755941
21772,0.044709785665
21773,0.024002984735
21774,0.012956989719
21775,0.020610820060
21776,0.018381127039
21777,0.032157079218
21778,0.017089560631
21779,0.017595742396
21780,0.067146671445
21781,0.070676177075
21782,0.014359898205
21783,0.151222527763
21784,0.019220517475
21785,0.030723611022
21786,0.026391934477
21787,0.016204297670
21788,0.022778056164
21789,0.057280278568
21790,0.026497032324
21791,0.014519179153
21792,0.030034160379
21793,0.020302860529
21794,0.013958242296
21795,0.047015998256
21796,0.137531547581
21797,0.157598687338
21798,0.095572000934
21799,0.016213182557
21800,0.022192251350
21801,0.056416385475
21802,0.046084336184
21803,0.057412767617
21804,0.060682105885
21805,0.044745677729
21806,0.117854522605
21807,0.048950176678
21808,0.048362709950
21809,0.025566123177
21810,0.038017231000
21811,0.129258992609
21812,0.034881803968
21813,0.083192221815
21814,0.230858069996
21815,0.331572212535
21816,0.031268358427
21817,0.057572510379
21818,0.337173049652
21819,0.050150620914
21820,0.272354528214
21821,0.083971744265
21822,0.226567514842
21823,0.020249725793
21824,0.056783032194
21825,0.026275985986
21826,0.015129951353
21827,0.223923048651
21828,0.059956348515
21829,0.693750744862
21830,0.119388525426
21831,0.127453147381
21832,0.045801968091
21833,0.027594265090
21834,0.090244467202
21835,0.127393563215
21836,0.467054309124
21837,0.430358813137
21838,0.045335386219
21839,0.060065284294
21840,0.148841588694
21841,0.124028055867
21842,0.059539017572
21843,0.038911664379
21844,0.058166944334
21845,0.064011616099
21846,0.030823492232
21847,0.416414975103
21848,0.096405191477
21849,0.246540625585
21850,0.476233021230
21851,0.096234830976
21852,0.475658189430
21853,0.068105230556
21854,0.295301009850
21855,0.052875603023
21856,0.046247770348
21857,0.041438949805
21858,0.075511765947
21859,0.207957829630
21860,0.113989386615
21861,0.038011692374
21862,0.030235725480
21863,0.057171403507
21864,0.357472931815
21865,0.047291836145
21866,0.056282061221
21867,0.059813828989
21868,0.064672387795
21869,0.031629086285
21870,0.064865556835
21871,0.094606697799
21872,0.030806208292
21873,0.047409280427
21874,0.226424615391
21875,0.045929346136
21876,0.131645927976
21877,0.023617972032
21878,0.029269614222
21879,0.030360055698
21880,0.016973314583
21881,0.326586515903
21882,0.070011995906
21883,0.024059123550
21884,0.084492422682
21885,0.274324968437
21886,0.378895334003
21887,0.079318938226
21888,0.052350181720
21889,0.018482678097
21890,0.028605694725
21891,0.019574690367
21892,0.013630592986
21893,0.037718152755
21894,0.078070959579
21895,0.059230444635
21896,0.087714128044
21897,0.248159604615
21898,0.286673502255
21899,0.016163168646
21900,0.306114866976
21901,0.051735182857
21902,0.014261847131
21903,0.022227394508
21904,0.035361033773
21905,0.029226703018
21906,0.262127465860
21907,0.016765138571
21908,0.036567174543
21909,0.070228165769
21910,0.041184977967
21911,0.034344197528
21912,0.112931231103
21913,0.496045891659
21914,0.072166517492
21915,0.068384461163
21916,0.022149064185
21917,0.029621730615
21918,0.062984918721
21919,0.056161847761
21920,0.023682737880
21921,0.106342724346
21922,0.149369883199
21923,0.076482756454
21924,0.083546892117
21925,0.049527169355
21926,0.030507466591
21927,0.031854673090
21928,0.029784429145
21929,0.034765093166
21930,0.102641420184
21931,0.076197789458
21932,0.219029271879
21933,0.031218876902
21934,0.065884059113
21935,0.040817049984
21936,0.024426729495
21937,0.020617892751
21938,0.025568418764
21939,0.043106935487
21940,0.031523652803
21941,0.068995185697
21942,0.176069727066
21943,0.264407728902
21944,0.051706236125
21945,0.047685138057
21946,0.032302305601
21947,0.076537783937
21948,0.050790701759
21949,0.020359299919
21950,0.058514763019
21951,0.024183359419
21952,0.231132710042
21953,0.036270703131
21954,0.025969003467
21955,0.031767079685
21956,0.017070162050
21957,0.204851308714
21958,0.064936874206
21959,0.307052310076
21960,0.220350984527
21961,0.316604998007
21962,0.059141928114
21963,0.055350845326
21964,0.025170295498
21965,0.056389870749
21966,0.044922584051
21967,0.014502210861
21968,0.119002012839
21969,0.048633617520
21970,0.599468472215
21971,0.116443850151
21972,0.023691303149
21973,0.096818948341
21974,0.041942384336
21975,0.044574435168
21976,0.024864516291
21977,0.020088325608
21978,0.057987848438
21979,0.022928675645
21980,0.022149216000
21981,0.076799187471
21982,0.042318807053
21983,0.204088369976
21984,0.057871858788
21985,0.115506685432
21986,0.321359114368
21987,0.361051160685
21988,0.090927759816
21989,0.034754193758
21990,0.078214135619
21991,0.029468748994
21992,0.081738868832
21993,0.058641529040
21994,0.106089286042
21995,0.060590541841
21996,0.075925408315
21997,0.042185071441
21998,0.058679115948
21999,0.024842016407
22000,0.131336144463
22001,0.059677785847
22002,0.024531907110
22003,0.016103707913
22004,0.025036634535
22005,0.046519056039
22006,0.068226967451
22007,0.080133567713
22008,0.114866629604
22009,0.106875248463
22010,0.234538881845
22011,0.216393776976
22012,0.226313755254
22013,0.023700814440
22014,0.094222189813
22015,0.016091775562
22016,0.048686675625
22017,0.082858361257
22018,0.023557882245
22019,0.025010664542
22020,0.048124826837
22021,0.047258897210
22022,0.018895725310
22023,0.051245723438
22024,0.063240178376
22025,0.031091858023
22026,0.059076109132
22027,0.025320173819
22028,0.022713923718
22029,0.085449612605
22030,0.037817450280
22031,0.110389459237
22032,0.064592777515
22033,0.139201360392
22034,0.451945032693
22035,0.125063949395
22036,0.117240821102
22037,0.072001201069
22038,0.083397124196
22039,0.087286127146
22040,0.088606753623
22041,0.059456812453
22042,0.023901524465
22043,0.220240449133
22044,0.084899641893
22045,0.072325892908
22046,0.042870459661
22047,0.068106803611
22048,0.026370602133
22049,0.026331352272
22050,0.059067991246
22051,0.175338233792
22052,0.064712621089
22053,0.049233377937
22054,0.126331037535
22055,0.707464660010
22056,0.101211443920
22057,0.020778629637
22058,0.314005887380
22059,0.072038087001
22060,0.197740673277
22061,0.261053728801
22062,0.077030199515
22063,0.014298218855
22064,0.017830445737
22065,0.061037363207
22066,0.057043244162
22067,0.105748778645
22068,0.145930341222
22069,0.058776159522
22070,0.209109269029
22071,0.057981227717
22072,0.056778813469
22073,0.018256130805
22074,0.020332280547
22075,0.023437723397
22076,0.049393260276
22077,0.061565425324
22078,0.028274031624
22079,0.125969388281
22080,0.162187140370
22081,0.152180585676
22082,0.094789298728
22083,0.038999412365
22084,0.102757916526
22085,0.167662261514
22086,0.324090225080
22087,0.061273106991
22088,0.015131465393
22089,0.063714793668
22090,0.015576704870
22091,0.067370324192
22092,0.561476679171
22093,0.025632826720
22094,0.112225367740
22095,0.376028315431
22096,0.228523008456
22097,0.017277616765
22098,0.037373570774
22099,0.062909058708
22100,0.228477409836
22101,0.325312078860
22102,0.015588188793
22103,0.113228280415
22104,0.108575770637
22105,0.192062067639
22106,0.173329397718
22107,0.119372201464
22108,0.158058791640
22109,0.371254843516
22110,0.072000233569
22111,0.048495956433
22112,0.087272374996
22113,0.056139280999
22114,0.279831648191
22115,0.909960641178
22116,0.012972030322
22117,0.071959933563
22118,0.347617051078
22119,0.018696909227
22120,0.049548027585
22121,0.252852657274
22122,0.049023202213
22123,0.081861560668
22124,0.030364777671
22125,0.046237173526
22126,0.012202310131
22127,0.451122866192
22128,0.297105944764
22129,0.094153171236
22130,0.253235898394
22131,0.156253796005
22132,0.191304177374
22133,0.375446815946
22134,0.353637451667
22135,0.036601930599
22136,0.188003730465
22137,0.211271320167
22138,0.131914404021
22139,0.876176708628
22140,0.309853488259
22141,0.386338649367
22142,0.012034223250
22143,0.028578835410
22144,0.112188039352
22145,0.093364655501
22146,0.024496760726
22147,0.014844343824
22148,0.056020016447
22149,0.012294556049
22150,0.015384630694
22151,0.017329679633
22152,0.027288278380
22153,0.202156069020
22154,0.126967466725
22155,0.100475065307
22156,0.102208652564
22157,0.084900788259
22158,0.318260767804
22159,0.223013056533
22160,0.111371723427
22161,0.241622404978
22162,0.023462173529
22163,0.085439891400
22164,0.957640543916
22165,0.911717719616
22166,0.650183472257
22167,0.020294387910
22168,0.079831518668
22169,0.394724747966
22170,0.068291342874
22171,0.016606644796
22172,0.053599270104
22173,0.060622320176
22174,0.064608829646
22175,0.063891281529
22176,0.019643347279
22177,0.372562325848
22178,0.028608213152
22179,0.052632152691
22180,0.216309814542
22181,0.108775459197
22182,0.060797914317
22183,0.067886268899
22184,0.330660110082
22185,0.219388259113
22186,0.034617461289
22187,0.099908469467
22188,0.090005815906
22189,0.125222063748
22190,0.942523360120
22191,0.834067282910
22192,0.639036578255
22193,0.022368735685
22194,0.099109038871
22195,0.013394062088
22196,0.403796557235
22197,0.053192129062
22198,0.243592010741
22199,0.052822859947
22200,0.071052260257
22201,0.026781066556
22202,0.110405318128
22203,0.135880528663
22204,0.165507800720
22205,0.140527640224
22206,0.550172388240
22207,0.509424208607
22208,0.229009328238
22209,0.150030954140
22210,0.096432602395
22211,0.054863962657
22212,0.123724041697
22213,0.054477079918
22214,0.049251250148
22215,0.020936614174
22216,0.114317109641
22217,0.129412642449
22218,0.048420013202
22219,0.104060852151
22220,0.884031197953
22221,0.973005370201
22222,0.933244349433
22223,0.127074139643
22224,0.038342001711
22225,0.224240666591
22226,0.015863736322
22227,0.375084619361
22228,0.019396203916
22229,0.061211551221
22230,0.098301213194
22231,0.069107908767
22232,0.396727517945
22233,0.919355225176
22234,0.084297028177
22235,0.106753201579
22236,0.144874920582
22237,0.167902295679
22238,0.067062898519
22239,0.336582325699
22240,0.234363652509
22241,0.031430839141
22242,0.067719142640
22243,0.087546204766
22244,0.100106996020
22245,0.060446315400
22246,0.031708181849
22247,0.362660019807
22248,0.378097457382
22249,0.225830938886
22250,0.089233770591
22251,0.031821148817
22252,0.142569608106
22253,0.073621425636
22254,0.179887978285
22255,0.031254216010
22256,0.033287614927
22257,0.038994818863
22258,0.062745452423
22259,0.049422299310
22260,0.334705817196
22261,0.664182637333
22262,0.274126441050
22263,0.277296070000
22264,0.109350254110
22265,0.170720705394
22266,0.218716175961
22267,0.626403970388
22268,0.097255811037
22269,0.043614741881
22270,0.026636867845
22271,0.136159118481
22272,0.144667749808
22273,0.123998907065
22274,0.300492869960
22275,0.271548997237
22276,0.175730363335
22277,0.968331431976
22278,0.106310770316
22279,0.024244141904
22280,0.125544105411
22281,0.147500651301
22282,0.024662532842
22283,0.067698752431
22284,0.304385767722
22285,0.073090548268
22286,0.042983740342
22287,0.054409798449
22288,0.062050520686
22289,0.159950150821
22290,0.475954190614
22291,0.277664957234
22292,0.554990523795
22293,0.287075883744
22294,0.163392610435
22295,0.152138742921
22296,0.348286695773
22297,0.020424875589
22298,0.022341521338
22299,0.206763757499
22300,0.074785679816
22301,0.064196634644
22302,0.455487290763
22303,0.244532745650
22304,0.047731033718
22305,0.545989978643
22306,0.360156187430
22307,0.067916093794
22308,0.120223144120
22309,0.090440567407
22310,0.044630871720
22311,0.018314525128
22312,0.018666893465
22313,0.034812582758
22314,0.054146118239
22315,0.090460434844
22316,0.121271263483
22317,0.132220948854
22318,0.451409357276
22319,0.760242766554
22320,0.467062563963
22321,0.419893088004
22322,0.612668819305
22323,0.108974055103
22324,0.053918006311
22325,0.059245371005
22326,0.123857229425
22327,0.246456074114
22328,0.064059251564
22329,0.032127449668
22330,0.070435881043
22331,0.144950306092
22332,0.030746442359
22333,0.111476794421
22334,0.021788004360
22335,0.017760135912
22336,0.038483144483
22337,0.023873046307
22338,0.083412529503
22339,0.015886824698
22340,0.035781605998
22341,0.090149236068
22342,0.058678852009
22343,0.078294292817
22344,0.247300830159
22345,0.259373885540
22346,0.348338299359
22347,0.716466664874
22348,0.646001430494
22349,0.286242188190
22350,0.085387769616
22351,0.016097370184
22352,0.058678686186
22353,0.100246430397
22354,0.017989014801
22355,0.033206959719
22356,0.933939754856
22357,0.061761673290
22358,0.023185154752
22359,0.077991536397
22360,0.064946552412
22361,0.095806515679
22362,0.043177929624
22363,0.068292373956
22364,0.044957711393
22365,0.019846453329
22366,0.018436450456
22367,0.033271375997
22368,0.089119389062
22369,0.114167092766
22370,0.602610058647
22371,0.429098868370
22372,0.225800565651
22373,0.953889732941
22374,0.296530822697
22375,0.470656584025
22376,0.236279477818
22377,0.042099790848
22378,0.028785949636
22379,0.022967254224
22380,0.049766639078
22381,0.056352517632
22382,0.029888744115
22383,0.065034828064
22384,0.503501608721
22385,0.104419635278
22386,0.363653101900
22387,0.052141868902
22388,0.093739838309
22389,0.141050093123
22390,0.113420683285
22391,0.227982875150
22392,0.032224496299
22393,0.030222263848
22394,0.039216139558
22395,0.154462364600
22396,0.867701488487
22397,0.348909103579
22398,0.669477307716
22399,0.255610122770
22400,0.284812123675
22401,0.149078047634
22402,0.106692320934
22403,0.032443490453
22404,0.016843689235
22405,0.038551055616
22406,0.063782915296
22407,0.034418967998
22408,0.107477011625
22409,0.166556280552
22410,0.047449931089
22411,0.261564369675
22412,0.031697881813
22413,0.068330192036
22414,0.255380857808
22415,0.052065552026
22416,0.105142894581
22417,0.234688966844
22418,0.043930585916
22419,0.220923695542
22420,0.168233039194
22421,0.082220035674
22422,0.103574883451
22423,0.028626057621
22424,0.090091604507
22425,0.089783600511
22426,0.095228609585
22427,0.117519534366
22428,0.044492548295
22429,0.016980381101
22430,0.215702423952
22431,0.017799084079
22432,0.087160460278
22433,0.039932943736
22434,0.037338370533
22435,0.111837916388
22436,0.051125303096
22437,0.074727950408
22438,0.072852178568
22439,0.161605248528
22440,0.358437414294
22441,0.581255164613
22442,0.094006363281
22443,0.014511750264
22444,0.020882832751
22445,0.028435991400
22446,0.085629565319
22447,0.064516972971
22448,0.103422479963
22449,0.022127321037
22450,0.034665900633
22451,0.021291381824
22452,0.026877767340
22453,0.023742240843
22454,0.018785728660
22455,0.084112745354
22456,0.098592393707
22457,0.446159031988
22458,0.019912641288
22459,0.023449483805
22460,0.199997586487
22461,0.062097566239
22462,0.111025819122
22463,0.378461048528
22464,0.105339408350
22465,0.020816775006
22466,0.201746629933
22467,0.021957721985
22468,0.030217411726
22469,0.021854535848
22470,0.081146345654
22471,0.110824286544
22472,0.037425035971
22473,0.021532389071
22474,0.016962553606
22475,0.250835431578
22476,0.025884252576
22477,0.014639642006
22478,0.028385014381
22479,0.152547556134
22480,0.071578368126
22481,0.052198356922
22482,0.022105206928
22483,0.034774624793
22484,0.072540084238
22485,0.278460922562
22486,0.035847632896
22487,0.016157081120
22488,0.023044371644
22489,0.051220044955
22490,0.066857924279
22491,0.228518537380
22492,0.076974925713
22493,0.225224852571
22494,0.097769902246
22495,0.032721530266
22496,0.036335744122
22497,0.043790914800
22498,0.033757477655
22499,0.263612816539
22500,0.021840197154
22501,0.146586375020
22502,0.026499726468
22503,0.121472604242
22504,0.053328787835
22505,0.018421787248
22506,0.356186959416
22507,0.631879584440
22508,0.220107716236
22509,0.074849906523
22510,0.023873131723
22511,0.070435610362
22512,0.039261793003
22513,0.039999910532
22514,0.096710822776
22515,0.085582001167
22516,0.075052292559
22517,0.891608668885
22518,0.076315619317
22519,0.021298915639
22520,0.068356584110
22521,0.071908320240
22522,0.020407262709
22523,0.037990587690
22524,0.106436627909
22525,0.349387998112
22526,0.062558815473
22527,0.125222494591
22528,0.033256774977
22529,0.054344065804
22530,0.096232181195
22531,0.025363892728
22532,0.022578995636
22533,0.059906321709
22534,0.051131450112
22535,0.025298441669
22536,0.022832603016
22537,0.056356520198
22538,0.016648847013
22539,0.131593888042
22540,0.041404021970
22541,0.035169272840
22542,0.019405598039
22543,0.037447330432
22544,0.088517762342
22545,0.063918851371
22546,0.026993406783
22547,0.033667546197
22548,0.053310302487
22549,0.888574181406
22550,0.051263207672
22551,0.110836357695
22552,0.055964943680
22553,0.046339125320
22554,0.040846780612
22555,0.050896476201
22556,0.016558012297
22557,0.024811819488
22558,0.271810675402
22559,0.036389392853
22560,0.019437701826
22561,0.048969153574
22562,0.107817135909
22563,0.019323613331
22564,0.015012049111
22565,0.113128524575
22566,0.046923905695
22567,0.024399655319
22568,0.042317026464
22569,0.348494903669
22570,0.027381789712
22571,0.025613793723
22572,0.022851452175
22573,0.017089061506
22574,0.048325293532
22575,0.047969447938
22576,0.013488346835
22577,0.143918729917
22578,0.073998559932
22579,0.028134524586
22580,0.012891313620
22581,0.086808516766
22582,0.143600063374
22583,0.081762224802
22584,0.091162634510
22585,0.079208930420
22586,0.025011175217
22587,0.022177951494
22588,0.205935536672
22589,0.246618818104
22590,0.222392585242
22591,0.016220671994
22592,0.014565232834
22593,0.027453045658
22594,0.023526196904
22595,0.016613666903
22596,0.024974590648
22597,0.018543087100
22598,0.030440171925
22599,0.019877159500
22600,0.016182785917
22601,0.022401697251
22602,0.015349155706
22603,0.030855089809
22604,0.073619591339
22605,0.056438009774
22606,0.141937646053
22607,0.112571748710
22608,0.173695117840
22609,0.020043086950
22610,0.014424150434
22611,0.026731949465
22612,0.015039317626
22613,0.015236268361
22614,0.020200319114
22615,0.028385567828
22616,0.026327159869
22617,0.029142428559
22618,0.015328942785
22619,0.017874566920
22620,0.017232879593
22621,0.077145640190
22622,0.024912677437
22623,0.049025802955
22624,0.014950973000
22625,0.057184931090
22626,0.018075267331
22627,0.017123732126
22628,0.016148697078
22629,0.015849708941
22630,0.124223087812
22631,0.047525086391
22632,0.014057149100
22633,0.030610649608
22634,0.022686891012
22635,0.097792808512
22636,0.016558778154
22637,0.339121715637
22638,0.056550708058
22639,0.054119840104
22640,0.075092624641
22641,0.017615257934
22642,0.063041820445
22643,0.019004747251
22644,0.103079955794
22645,0.103266548690
22646,0.014931650058
22647,0.139333952724
22648,0.021321717252
22649,0.028978512976
22650,0.045373421378
22651,0.013593756945
22652,0.018389730715
22653,0.017873463472
22654,0.037306814851
22655,0.016739318180
22656,0.020892539335
22657,0.072475446064
22658,0.068590895545
22659,0.015006056093
22660,0.153279546990
22661,0.020902690437
22662,0.031042024049
22663,0.021980631193
22664,0.026704622020
22665,0.016516373274
22666,0.023894794300
22667,0.058961039676
22668,0.024176749835
22669,0.014595893431
22670,0.029264829698
22671,0.022269842794
22672,0.014712265600
22673,0.015441623518
22674,0.024284628918
22675,0.045929044375
22676,0.152868057145
22677,0.151889651725
22678,0.022053287551
22679,0.095519281054
22680,0.018886520012
22681,0.023175788149
22682,0.061532647968
22683,0.038638006415
22684,0.059240839002
22685,0.108161770527
22686,0.033349084858
22687,0.129745021853
22688,0.039887657031
22689,0.080505718254
22690,0.049814850147
22691,0.230395607882
22692,0.335769271196
22693,0.052551951103
22694,0.154676331741
22695,0.271548784268
22696,0.089861940450
22697,0.138191057372
22698,0.020843398373
22699,0.076943583077
22700,0.016485344510
22701,0.021848094713
22702,0.016588493535
22703,0.221343953697
22704,0.049485241584
22705,0.689557965747
22706,0.227695454232
22707,0.043303117626
22708,0.122655782359
22709,0.043768246394
22710,0.040817610771
22711,0.030913788608
22712,0.020219023547
22713,0.052437396090
22714,0.080219981126
22715,0.233133350400
22716,0.499146272904
22717,0.440760649045
22718,0.044977769915
22719,0.049319417811
22720,0.137274847467
22721,0.225438550077
22722,0.025729925229
22723,0.062189301257
22724,0.043077210532
22725,0.053841358264
22726,0.031239287193
22727,0.395449108598
22728,0.091062724019
22729,0.156725266153
22730,0.472267975596
22731,0.094775175566
22732,0.458156219273
22733,0.064334048406
22734,0.289598616731
22735,0.051817253845
22736,0.040202055149
22737,0.060034002526
22738,0.087381292475
22739,0.113803885911
22740,0.037350713500
22741,0.028798449224
22742,0.058968418889
22743,0.291288406324
22744,0.044614417388
22745,0.033045560193
22746,0.050533458893
22747,0.062894588636
22748,0.064549894143
22749,0.031485119137
22750,0.029519108593
22751,0.092645427633
22752,0.051525898042
22753,0.144559798403
22754,0.049047388230
22755,0.131630980242
22756,0.032280181074
22757,0.031949920282
22758,0.343456474619
22759,0.084308436368
22760,0.074144876507
22761,0.287624900413
22762,0.301756087614
22763,0.017807193021
22764,0.012739588331
22765,0.073792674692
22766,0.045661118115
22767,0.018978326294
22768,0.017703433542
22769,0.034115882661
22770,0.062551540324
22771,0.079749456718
22772,0.164374424363
22773,0.292553240561
22774,0.016867933148
22775,0.021615255174
22776,0.209549301985
22777,0.047579638710
22778,0.014277076623
22779,0.023552069592
22780,0.034355143365
22781,0.032368607450
22782,0.265356595441
22783,0.017730811487
22784,0.036433217921
22785,0.073090748651
22786,0.034007122588
22787,0.114527894249
22788,0.490787507499
22789,0.072245872329
22790,0.060760837109
22791,0.023068020974
22792,0.031280051231
22793,0.059179552617
22794,0.066605160528
22795,0.027820223133
22796,0.023128975016
22797,0.103065614349
22798,0.133006515461
22799,0.062139364062
22800,0.086148095642
22801,0.050039165484
22802,0.016109198377
22803,0.035017507597
22804,0.031780502508
22805,0.028898102529
22806,0.032661115768
22807,0.012634132084
22808,0.098183249125
22809,0.079906423946
22810,0.219616213657
22811,0.031423259490
22812,0.065471761798
22813,0.041021095859
22814,0.020036676883
22815,0.026073386021
22816,0.040210390562
22817,0.029603134645
22818,0.065629995795
22819,0.168632212145
22820,0.348108063389
22821,0.051912548206
22822,0.047529028182
22823,0.032059220184
22824,0.066483150512
22825,0.048959537065
22826,0.020751357236
22827,0.063619535467
22828,0.022727885470
22829,0.025953008250
22830,0.233778125736
22831,0.037627144599
22832,0.023902282824
22833,0.030904241709
22834,0.015408803547
22835,0.201341520473
22836,0.064068256262
22837,0.213852373622
22838,0.316230856363
22839,0.306935710310
22840,0.061060564949
22841,0.057648557759
22842,0.024623969836
22843,0.054969524505
22844,0.046976832106
22845,0.112769356558
22846,0.047694548790
22847,0.624563465303
22848,0.103258303797
22849,0.023751062040
22850,0.100107788680
22851,0.038549212179
22852,0.045763656876
22853,0.025810122543
22854,0.014779651299
22855,0.053188244319
22856,0.026073698166
22857,0.022326675531
22858,0.023674576816
22859,0.079692298863
22860,0.041891553841
22861,0.202524671632
22862,0.061704013751
22863,0.114180840046
22864,0.320549828183
22865,0.361250149661
22866,0.089930140396
22867,0.034321337395
22868,0.073623105658
22869,0.022680955449
22870,0.031549184882
22871,0.076975734241
22872,0.059447754730
22873,0.114386229737
22874,0.056964343212
22875,0.082951848635
22876,0.041539540751
22877,0.062916102017
22878,0.024653554058
22879,0.124467763355
22880,0.020177888889
22881,0.053393248579
22882,0.023780070754
22883,0.016274855872
22884,0.021643205355
22885,0.046815639699
22886,0.066654921278
22887,0.079422254709
22888,0.108485023402
22889,0.103640794046
22890,0.233514213161
22891,0.133100727533
22892,0.229017260470
22893,0.025289612175
22894,0.092454919861
22895,0.016664545324
22896,0.047729401756
22897,0.057409264344
22898,0.077689725742
22899,0.024280925708
22900,0.027739620793
22901,0.050861393556
22902,0.048643913622
22903,0.047954356273
22904,0.058095203326
22905,0.028636854184
22906,0.063855153257
22907,0.023882228347
22908,0.023041101755
22909,0.089633439573
22910,0.018851850587
22911,0.038136823435
22912,0.105431906196
22913,0.060920142976
22914,0.131141145114
22915,0.334204848186
22916,0.128055999846
22917,0.125542881595
22918,0.069581484332
22919,0.085887476865
22920,0.089117915886
22921,0.084612716194
22922,0.061722450111
22923,0.017585299940
22924,0.361140724818
22925,0.081702600359
22926,0.071964628395
22927,0.041932577079
22928,0.064449775142
22929,0.027181444715
22930,0.017406649819
22931,0.025040739439
22932,0.058397136802
22933,0.174786419308
22934,0.063203910364
22935,0.049587225966
22936,0.126447820394
22937,0.704188606509
22938,0.100953346525
22939,0.022761799960
22940,0.315016509688
22941,0.069799811198
22942,0.195712298993
22943,0.189050378513
22944,0.076209532055
22945,0.017805221692
22946,0.060845714675
22947,0.056302866082
22948,0.100972314687
22949,0.148994469436
22950,0.057744105663
22951,0.137921689833
22952,0.053808677031
22953,0.055832678594
22954,0.023930604996
22955,0.050664028810
22956,0.060188756571
22957,0.025954287469
22958,0.132023170108
22959,0.149017585197
22960,0.247179920790
22961,0.092963025050
22962,0.042788549357
22963,0.096958722859
22964,0.171821844880
22965,0.326780143431
22966,0.063512754615
22967,0.062867930353
22968,0.068032467346
22969,0.540479074478
22970,0.027420539513
22971,0.105035899100
22972,0.369945389697
22973,0.167899025409
22974,0.017227600208
22975,0.017709666917
22976,0.019786966822
22977,0.040272894689
22978,0.062053117032
22979,0.228771933056
22980,0.232678294632
22981,0.015561307876
22982,0.111413016325
22983,0.109263498902
22984,0.179076765536
22985,0.162226213169
22986,0.120768068993
22987,0.164445678964
22988,0.349735625145
22989,0.071070432911
22990,0.051671113760
22991,0.091288927135
22992,0.055519124821
22993,0.193190895979
22994,0.905310993166
22995,0.012382762994
22996,0.078735310490
22997,0.362825097217
22998,0.020094467821
22999,0.046455608936
23000,0.264912067712
23001,0.019416047392
23002,0.014639005624
23003,0.051669559663
23004,0.077683687393
23005,0.031541266600
23006,0.043916343530
23007,0.013157835728
23008,0.452805183575
23009,0.197693064295
23010,0.094628264508
23011,0.254884910185
23012,0.159780852395
23013,0.192575989210
23014,0.373862476292
23015,0.351303574841
23016,0.202672162169
23017,0.140582300006
23018,0.210915855696
23019,0.872491925716
23020,0.306250902866
23021,0.290127912127
23022,0.028520517690
23023,0.199046080837
23024,0.081497700291
23025,0.025632552284
23026,0.021599722993
23027,0.056217723584
23028,0.013262711730
23029,0.017321462445
23030,0.026271834431
23031,0.091205496365
23032,0.125514505263
23033,0.102592587181
23034,0.111535075300
23035,0.085994312205
23036,0.219109143092
23037,0.325354955095
23038,0.022905408732
23039,0.111113965944
23040,0.242060306213
23041,0.026769828219
23042,0.078319421683
23043,0.952325176898
23044,0.910173586241
23045,0.651677054198
23046,0.011721258625
23047,0.022980787119
23048,0.071764933115
23049,0.392616141156
23050,0.078024265653
23051,0.016780131681
23052,0.053053170245
23053,0.024068623441
23054,0.012337212125
23055,0.060606494174
23056,0.065871097634
23057,0.066386827684
23058,0.019550963995
23059,0.381366124326
23060,0.031476820197
23061,0.053578695649
23062,0.210252979037
23063,0.100020800472
23064,0.062857866536
23065,0.066978017569
23066,0.329107977844
23067,0.221188175868
23068,0.032871882889
23069,0.102057019021
23070,0.091507363660
23071,0.124165790819
23072,0.939063541709
23073,0.824808929674
23074,0.628238218125
23075,0.024133618014
23076,0.092001534408
23077,0.022158253939
23078,0.399919360729
23079,0.048533116606
23080,0.255660374293
23081,0.058081773070
23082,0.066237206386
23083,0.026103402684
23084,0.108045076724
23085,0.130060714032
23086,0.159493721581
23087,0.133689380624
23088,0.542650038858
23089,0.515514879839
23090,0.231769435683
23091,0.152544233339
23092,0.095360533642
23093,0.054107496859
23094,0.121911739223
23095,0.055363688742
23096,0.198474665733
23097,0.108511698395
23098,0.114821477039
23099,0.051230865163
23100,0.105319876693
23101,0.029499874980
23102,0.875493328827
23103,0.973156037368
23104,0.931529334778
23105,0.125639987937
23106,0.043997498354
23107,0.220294043276
23108,0.363488106198
23109,0.025189055307
23110,0.059107372789
23111,0.101497250602
23112,0.071061222754
23113,0.380330260005
23114,0.923633094880
23115,0.087790456632
23116,0.106341813019
23117,0.142133404330
23118,0.175590436332
23119,0.065499855318
23120,0.337051451749
23121,0.234202326598
23122,0.030479959912
23123,0.059075688101
23124,0.088252323277
23125,0.093779384361
23126,0.063915973903
23127,0.030506544242
23128,0.276932570371
23129,0.303038872528
23130,0.161437449067
23131,0.085673347212
23132,0.030324223235
23133,0.143928187153
23134,0.074693881957
23135,0.185820873979
23136,0.027237427705
23137,0.033885555529
23138,0.037847646258
23139,0.016778275108
23140,0.023780748890
23141,0.063489705063
23142,0.051277895711
23143,0.340486159304
23144,0.659253711869
23145,0.272230288109
23146,0.273303026993
23147,0.103303986572
23148,0.171698498625
23149,0.162328614074
23150,0.624344412316
23151,0.100196383941
23152,0.044699992772
23153,0.026400688095
23154,0.139393926019
23155,0.163957941571
23156,0.133179378550
23157,0.299655362082
23158,0.269112732135
23159,0.191002176143
23160,0.968307503768
23161,0.109723498857
23162,0.022429702352
23163,0.134077000755
23164,0.209485914806
23165,0.023854900074
23166,0.067524274506
23167,0.309078243891
23168,0.075097833424
23169,0.043851811380
23170,0.053645822631
23171,0.063210370823
23172,0.157010779719
23173,0.458194764565
23174,0.220616446474
23175,0.538034233889
23176,0.288841582062
23177,0.148154136613
23178,0.138919172122
23179,0.247881239668
23180,0.022292774672
23181,0.136888142419
23182,0.076459584181
23183,0.066601113343
23184,0.465406431964
23185,0.240988701514
23186,0.040138323278
23187,0.558361545836
23188,0.274173518546
23189,0.011243744209
23190,0.068738456240
23191,0.115427560232
23192,0.085451370425
23193,0.041616460992
23194,0.017591166684
23195,0.018816976901
23196,0.032310606639
23197,0.051405765862
23198,0.092028688622
23199,0.116052281600
23200,0.130692511547
23201,0.450766035786
23202,0.754366772298
23203,0.476349498242
23204,0.360018960496
23205,0.619774508864
23206,0.098586751579
23207,0.017308897448
23208,0.051108225647
23209,0.059776231867
23210,0.213089585566
23211,0.248109272600
23212,0.062860170555
23213,0.034490380986
23214,0.074134363971
23215,0.143035120673
23216,0.025478773815
23217,0.032046310186
23218,0.110313128725
23219,0.018869773357
23220,0.035774171516
23221,0.024449551647
23222,0.083128272549
23223,0.015742970663
23224,0.038863787535
23225,0.085099719774
23226,0.054955159863
23227,0.076500846030
23228,0.239864915635
23229,0.267127668857
23230,0.344356202327
23231,0.760841781930
23232,0.647041360133
23233,0.287812180515
23234,0.198446775040
23235,0.031938035053
23236,0.057474451505
23237,0.113968148317
23238,0.018671758922
23239,0.031363015632
23240,0.934491107936
23241,0.060758740776
23242,0.024403794026
23243,0.075878428044
23244,0.062695417698
23245,0.098944712183
23246,0.049403585486
23247,0.057230033685
23248,0.021786814862
23249,0.045484992881
23250,0.020002330237
23251,0.016921420257
23252,0.032947671216
23253,0.089208756260
23254,0.113130442380
23255,0.596997595781
23256,0.377300981202
23257,0.226654685585
23258,0.951892041919
23259,0.292934598685
23260,0.488021026887
23261,0.238698965102
23262,0.036660803329
23263,0.029095756102
23264,0.023386635153
23265,0.052841183040
23266,0.058830167428
23267,0.031800574965
23268,0.068130517434
23269,0.512019287354
23270,0.212997594922
23271,0.275039726201
23272,0.049219255934
23273,0.094069564853
23274,0.134239278898
23275,0.131194272887
23276,0.227401684175
23277,0.031343828189
23278,0.014620731913
23279,0.026334130671
23280,0.012122837938
23281,0.040452773221
23282,0.159331514751
23283,0.854730302022
23284,0.352542007177
23285,0.668711283129
23286,0.256185433274
23287,0.270626281929
23288,0.149548441475
23289,0.214109322962
23290,0.027944977841
23291,0.018246710759
23292,0.037776578890
23293,0.019091132871
23294,0.031636701390
23295,0.112372551707
23296,0.161713309661
23297,0.055765308240
23298,0.197776628843
23299,0.032612944491
23300,0.069137415793
23301,0.017779471673
23302,0.321683671659
23303,0.051267889210
23304,0.105546040188
23305,0.236575234501
23306,0.047048944833
23307,0.224293725330
23308,0.175372999653
23309,0.080484804609
23310,0.102320487310
23311,0.027105737721
23312,0.095727990250
23313,0.098530789214
23314,0.058877271527
23315,0.102656210268
23316,0.113128071750
23317,0.047604281146
23318,0.040350057243
23319,0.144831539150
23320,0.017771522645
23321,0.017768479433
23322,0.020961276539
23323,0.085571480538
23324,0.036800156351
23325,0.114198057030
23326,0.048824235960
23327,0.078960572494
23328,0.015803988247
23329,0.067742618381
23330,0.164427456489
23331,0.283407517902
23332,0.602619839516
23333,0.096277793909
23334,0.084780916064
23335,0.020605126440
23336,0.066594687272
23337,0.108556626772
23338,0.020154859906
23339,0.034126815169
23340,0.021344231826
23341,0.024752122325
23342,0.020907700688
23343,0.019165930614
23344,0.040823315988
23345,0.084984791829
23346,0.099685552757
23347,0.375405887737
23348,0.019216734177
23349,0.024766233283
23350,0.061953535087
23351,0.062053133409
23352,0.109317019115
23353,0.386502934691
23354,0.110446339566
23355,0.213872010832
23356,0.029324232605
23357,0.021526860180
23358,0.077962927439
23359,0.122345019492
23360,0.041027079104
23361,0.015093305749
23362,0.021695806316
23363,0.019840605173
23364,0.254028907556
23365,0.027525394142
23366,0.018017860240
23367,0.014744494583
23368,0.028986918869
23369,0.156264940077
23370,0.064465399061
23371,0.050353096686
23372,0.023004408532
23373,0.035657638028
23374,0.079932368027
23375,0.356143268600
23376,0.034737602594
23377,0.016877452502
23378,0.026040228723
23379,0.052207804673
23380,0.069178807893
23381,0.235529286543
23382,0.074873856842
23383,0.171665263820
23384,0.093524119119
23385,0.031413782599
23386,0.026889113409
23387,0.031734432766
23388,0.043071743983
23389,0.032581705688
23390,0.336104068142
23391,0.248164467386
23392,0.026904871097
23393,0.120603815251
23394,0.055023788416
23395,0.015942956320
23396,0.017105147488
23397,0.359369749018
23398,0.643117294855
23399,0.220309715668
23400,0.071394331174
23401,0.066054286114
23402,0.042403801920
23403,0.038231568125
23404,0.092620617123
23405,0.075853079418
23406,0.077411948079
23407,0.961492886016
23408,0.078361111652
23409,0.021438321198
23410,0.068954663459
23411,0.072894369618
23412,0.020010787898
23413,0.035082100353
23414,0.113726146072
23415,0.415688113031
23416,0.065949986341
23417,0.132510535585
23418,0.033391182816
23419,0.051396736298
23420,0.096904492379
23421,0.026169204369
23422,0.024079976820
23423,0.056822304588
23424,0.052935147847
23425,0.024415016774
23426,0.024268553815
23427,0.057058196626
23428,0.018602464161
23429,0.131979300315
23430,0.042511840348
23431,0.034006405704
23432,0.021181176387
23433,0.039345798688
23434,0.083529046754
23435,0.063448987311
23436,0.027651087186
23437,0.050380977000
23438,0.874978299578
23439,0.049221148997
23440,0.097959535518
23441,0.055301636100
23442,0.043685579610
23443,0.044481272613
23444,0.046443841944
23445,0.017002394231
23446,0.022829169779
23447,0.204710203360
23448,0.036915502306
23449,0.022307461883
23450,0.049893906054
23451,0.116939030466
23452,0.018743577913
23453,0.111001775341
23454,0.046926024699
23455,0.025669321029
23456,0.041986845978
23457,0.357432260222
23458,0.025734755889
23459,0.022663628806
23460,0.052442342097
23461,0.048496712525
23462,0.147628986841
23463,0.075609448691
23464,0.029414224038
23465,0.012958861499
23466,0.095630003213
23467,0.146406034565
23468,0.095123924266
23469,0.082813611939
23470,0.076083703507
23471,0.023535592069
23472,0.054698518860
23473,0.023635698475
23474,0.205747038816
23475,0.175833065806
23476,0.233643381300
23477,0.017141306501
23478,0.027900842295
23479,0.025177040375
23480,0.016714827770
23481,0.025312299542
23482,0.031761091889
23483,0.012595112181
23484,0.019359464228
23485,0.015389718670
23486,0.016049366731
23487,0.023501619032
23488,0.029234280062
23489,0.076728468224
23490,0.060708640026
23491,0.130063907787
23492,0.016116195899
23493,0.194043453435
23494,0.174846065956
23495,0.016159418703
23496,0.014561219632
23497,0.025647838253
23498,0.015981808007
23499,0.014008716310
23500,0.029240937528
23501,0.023203906204
23502,0.028686295653
23503,0.014532907325
23504,0.017818964723
23505,0.016133299630
23506,0.015244379393
23507,0.085047374830
23508,0.023680423746
23509,0.049082918847
23510,0.014249829216
23511,0.016248639309
23512,0.016349366532
23513,0.122429975379
23514,0.036284779415
23515,0.044775489625
23516,0.013696893146
23517,0.018195559392
23518,0.031664115430
23519,0.098816818949
23520,0.023328888752
23521,0.016393400043
23522,0.341829320259
23523,0.056977576730
23524,0.050854930772
23525,0.077590253376
23526,0.023280360726
23527,0.017606170460
23528,0.065260672184
23529,0.020264079337
23530,0.094770828020
23531,0.088386023414
23532,0.145286032180
23533,0.021314841735
23534,0.035528413181
23535,0.032495822943
23536,0.044391371674
23537,0.013524490695
23538,0.019167234254
23539,0.018843731405
23540,0.035700439488
23541,0.016724968623
23542,0.020207813974
23543,0.067303041521
23544,0.070486654865
23545,0.239401236067
23546,0.019785548314
23547,0.020359721845
23548,0.031689889264
23549,0.016248684275
23550,0.023011392757
23551,0.058370116179
23552,0.023626365336
23553,0.014704515632
23554,0.031762087096
23555,0.023363267751
23556,0.014549864889
23557,0.016301389772
23558,0.025062942901
23559,0.044676914084
23560,0.138256754801
23561,0.144716439789
23562,0.019515292706
23563,0.102000425045
23564,0.019442748786
23565,0.026308799794
23566,0.065758610139
23567,0.037389375194
23568,0.053905680814
23569,0.039769567420
23570,0.045105713726
23571,0.058589729986
23572,0.100842146298
23573,0.049291390401
23574,0.056058386672
23575,0.033508566527
23576,0.142812300391
23577,0.028174259325
23578,0.080852350206
23579,0.236183838203
23580,0.230013281592
23581,0.052262562667
23582,0.144738770770
23583,0.047358126569
23584,0.352338431417
23585,0.086458116561
23586,0.118759196606
23587,0.057336995674
23588,0.084403300863
23589,0.024048870803
23590,0.020268145599
23591,0.120989516816
23592,0.056980930918
23593,0.755147494798
23594,0.121606273710
23595,0.063986974078
23596,0.049429527721
23597,0.127904868421
23598,0.044555323008
23599,0.026642097262
23600,0.037444571180
23601,0.051282071407
23602,0.104436846451
23603,0.241627783296
23604,0.533872295170
23605,0.467097991870
23606,0.054997904775
23607,0.145967512931
23608,0.227719951321
23609,0.026245983689
23610,0.053769270106
23611,0.035844065525
23612,0.055151404519
23613,0.073257250834
23614,0.032412432638
23615,0.411606466929
23616,0.108828052160
23617,0.145915739532
23618,0.516212753075
23619,0.097708351509
23620,0.449973946869
23621,0.023126187773
23622,0.062686260991
23623,0.288888943328
23624,0.056070461711
23625,0.046752002710
23626,0.040975527096
23627,0.064176115960
23628,0.085234333148
23629,0.113440550582
23630,0.088864289537
23631,0.034754982004
23632,0.061350117423
23633,0.198484749510
23634,0.045585348916
23635,0.033130989662
23636,0.045632293461
23637,0.059983790713
23638,0.064683052134
23639,0.028775179939
23640,0.029474645424
23641,0.055912582072
23642,0.091882492595
23643,0.032250990336
23644,0.048309200575
23645,0.133790256301
23646,0.043480844328
23647,0.241660181110
23648,0.023051678341
23649,0.035284360920
23650,0.033878521163
23651,0.016986094861
23652,0.440997607168
23653,0.099713629320
23654,0.073703594897
23655,0.286176998286
23656,0.419500289371
23657,0.014964626360
23658,0.012577290486
23659,0.074220523665
23660,0.040805010969
23661,0.019174980102
23662,0.017531388144
23663,0.067601025379
23664,0.090272103912
23665,0.158333893627
23666,0.283347019598
23667,0.020989147194
23668,0.304305194955
23669,0.043451917763
23670,0.024392908327
23671,0.031032779218
23672,0.339043813445
23673,0.019067454387
23674,0.033267914994
23675,0.076578764313
23676,0.048665247221
23677,0.122362634840
23678,0.489275390198
23679,0.076593277891
23680,0.062326705906
23681,0.031146128462
23682,0.059973959190
23683,0.062309119333
23684,0.016490735877
23685,0.026079887527
23686,0.024851944054
23687,0.016937587169
23688,0.094921779341
23689,0.131325014358
23690,0.067789792274
23691,0.079623698193
23692,0.051608011913
23693,0.017131610232
23694,0.031822958532
23695,0.034643247485
23696,0.030168778343
23697,0.033521230271
23698,0.012777033756
23699,0.103585769118
23700,0.073356161853
23701,0.217712292606
23702,0.030368302741
23703,0.064208147648
23704,0.037385248421
23705,0.024534459064
23706,0.019438129055
23707,0.026545417166
23708,0.040228962912
23709,0.026255169800
23710,0.030946773211
23711,0.064589356389
23712,0.181529537971
23713,0.337946373703
23714,0.053840306106
23715,0.049180360956
23716,0.034430885719
23717,0.079429342227
23718,0.048548458752
23719,0.063062288609
23720,0.018157549050
23721,0.025789291409
23722,0.236404574068
23723,0.037877814883
23724,0.026151589987
23725,0.034729210039
23726,0.012605044389
23727,0.206766991284
23728,0.068249222249
23729,0.208991294010
23730,0.223144565331
23731,0.320885573838
23732,0.059991971179
23733,0.057853401634
23734,0.024066396757
23735,0.056430725023
23736,0.044932251246
23737,0.115129478645
23738,0.045215621887
23739,0.610527574802
23740,0.111877662931
23741,0.102416350386
23742,0.041227467761
23743,0.021622065013
23744,0.015346554059
23745,0.016224976965
23746,0.055664163164
23747,0.038668161126
23748,0.026011400793
23749,0.022160235444
23750,0.025065315679
23751,0.076419689273
23752,0.051421092535
23753,0.089637968604
23754,0.058904110911
23755,0.116896379903
23756,0.321352715794
23757,0.345481319490
23758,0.090229873644
23759,0.034544277930
23760,0.071881646933
23761,0.022088545978
23762,0.029415162116
23763,0.020456469023
23764,0.015028250758
23765,0.071203214398
23766,0.054708916189
23767,0.112122601341
23768,0.054885952902
23769,0.094622242915
23770,0.043703889497
23771,0.063431283147
23772,0.027275160770
23773,0.027529453237
23774,0.126092768185
23775,0.018646004546
23776,0.048874258698
23777,0.024287132812
23778,0.016003491240
23779,0.023915716382
23780,0.047559575842
23781,0.066057876486
23782,0.080989446913
23783,0.103567290816
23784,0.104408593965
23785,0.235207500259
23786,0.214946406874
23787,0.146900489465
23788,0.025303406839
23789,0.095709414106
23790,0.016449041827
23791,0.050162076904
23792,0.051954063576
23793,0.078178722891
23794,0.027319261043
23795,0.026641101251
23796,0.050126231761
23797,0.046937486261
23798,0.015636636031
23799,0.048617911262
23800,0.063957643772
23801,0.028501947507
23802,0.066818759025
23803,0.021487477519
23804,0.021064427830
23805,0.026889981363
23806,0.021681493165
23807,0.104091447611
23808,0.019032149194
23809,0.040468695623
23810,0.118388297311
23811,0.063654427538
23812,0.136895558105
23813,0.324540318476
23814,0.127801568325
23815,0.130122119434
23816,0.069974113821
23817,0.086902498089
23818,0.090985940142
23819,0.083144983545
23820,0.063041238266
23821,0.017623284997
23822,0.024102727115
23823,0.214025143282
23824,0.074102011655
23825,0.064545830306
23826,0.040308202469
23827,0.059857106885
23828,0.023704544677
23829,0.027693328095
23830,0.019440482131
23831,0.025043354193
23832,0.055424806956
23833,0.278022343146
23834,0.067314520490
23835,0.048322469230
23836,0.123729368013
23837,0.696302135097
23838,0.108616300459
23839,0.020736785497
23840,0.311432837988
23841,0.069506491837
23842,0.193224779057
23843,0.264599407059
23844,0.077666919056
23845,0.018226923713
23846,0.057528617401
23847,0.056229693827
23848,0.105993521635
23849,0.143489792841
23850,0.058608724473
23851,0.145229160058
23852,0.056613271201
23853,0.053009040277
23854,0.017717336298
23855,0.022949817966
23856,0.048154935658
23857,0.064144974386
23858,0.027506457561
23859,0.124811163159
23860,0.160842189527
23861,0.242493588046
23862,0.088117641874
23863,0.038435851463
23864,0.097091712389
23865,0.174865540000
23866,0.321822478865
23867,0.067376990781
23868,0.014895064130
23869,0.060813258403
23870,0.023166113789
23871,0.015565331754
23872,0.069324721506
23873,0.536544158222
23874,0.025497387699
23875,0.121426808431
23876,0.374475722191
23877,0.171222604816
23878,0.017027700697
23879,0.039624341106
23880,0.060775844897
23881,0.230424961016
23882,0.236785363077
23883,0.015669287083
23884,0.111223147024
23885,0.108273614600
23886,0.172084803753
23887,0.220291106849
23888,0.113122410836
23889,0.171961486989
23890,0.353421862409
23891,0.071969907001
23892,0.021631063680
23893,0.054999312212
23894,0.097161061970
23895,0.056321141053
23896,0.185855030219
23897,0.908811896028
23898,0.079855168294
23899,0.356906249512
23900,0.016785743795
23901,0.044829705799
23902,0.259411082631
23903,0.022288195992
23904,0.051143230248
23905,0.076370266700
23906,0.027955129085
23907,0.045367766253
23908,0.016514647784
23909,0.492786125175
23910,0.198537625627
23911,0.094045565338
23912,0.260870620827
23913,0.155350469663
23914,0.180376187836
23915,0.365828942576
23916,0.357384757194
23917,0.248077824937
23918,0.217406194764
23919,0.132932943088
23920,0.876575838969
23921,0.312791564427
23922,0.402609831133
23923,0.012036211907
23924,0.030735889051
23925,0.107142574289
23926,0.084030793799
23927,0.024712452544
23928,0.020735528485
23929,0.058803795244
23930,0.013603924504
23931,0.017498867693
23932,0.030360750505
23933,0.093446580959
23934,0.128586619465
23935,0.097268322337
23936,0.111501906596
23937,0.081010386660
23938,0.228105261481
23939,0.311455334129
23940,0.020455685935
23941,0.102165046804
23942,0.247672453839
23943,0.027448423433
23944,0.073847623406
23945,0.960616627083
23946,0.913706026862
23947,0.665743267927
23948,0.023143376970
23949,0.078177893955
23950,0.397457669782
23951,0.071644722696
23952,0.016799064270
23953,0.042636256352
23954,0.012830414593
23955,0.058246531946
23956,0.069876660437
23957,0.064314846341
23958,0.020228633560
23959,0.389478182522
23960,0.029224091574
23961,0.053091540018
23962,0.116160712095
23963,0.101591177565
23964,0.059039326702
23965,0.067834097456
23966,0.328885800036
23967,0.325840875402
23968,0.033426684816
23969,0.097794360265
23970,0.095264244089
23971,0.127399978817
23972,0.942466938622
23973,0.829752107277
23974,0.618963029718
23975,0.023367480478
23976,0.201507694981
23977,0.020202311168
23978,0.392498648073
23979,0.049353304921
23980,0.248779966041
23981,0.061840218087
23982,0.065960830848
23983,0.026299391757
23984,0.112648263108
23985,0.122392837156
23986,0.161521169269
23987,0.137664694540
23988,0.543581558102
23989,0.471281323756
23990,0.322331661708
23991,0.148683075879
23992,0.096170398494
23993,0.056710622591
23994,0.130319815724
23995,0.051983591047
23996,0.045126328983
23997,0.116724352890
23998,0.129806018457
23999,0.052281359969
24000,0.101875540098
24001,0.029520058712
24002,0.883941086873
24003,0.973127980120
24004,0.935136835710
24005,0.118488494241
24006,0.042785540415
24007,0.225442585266
24008,0.381321177252
24009,0.025203190086
24010,0.011634509916
24011,0.019907676993
24012,0.055377014369
24013,0.104678346927
24014,0.066571926284
24015,0.391858645463
24016,0.930182488237
24017,0.084098730249
24018,0.100987585229
24019,0.137876244376
24020,0.170081138784
24021,0.068947245202
24022,0.329156354186
24023,0.232425303397
24024,0.028143199136
24025,0.054134716220
24026,0.090402697868
24027,0.099727745796
24028,0.064635905652
24029,0.032945443147
24030,0.280420243220
24031,0.360176768747
24032,0.223588658868
24033,0.083635515122
24034,0.134358178408
24035,0.016541978023
24036,0.083171067471
24037,0.183440777552
24038,0.027985669891
24039,0.035527406572
24040,0.038841420186
24041,0.021847580691
24042,0.063553894791
24043,0.048035701220
24044,0.338758604357
24045,0.692832926343
24046,0.275528024780
24047,0.277946967787
24048,0.105433987108
24049,0.166968808040
24050,0.217340758880
24051,0.614281248838
24052,0.095358537418
24053,0.033308596566
24054,0.043493418597
24055,0.026866522725
24056,0.137741893095
24057,0.163944092346
24058,0.229420146963
24059,0.397312908499
24060,0.274889917848
24061,0.176896820142
24062,0.968272126320
24063,0.110117962322
24064,0.024420349233
24065,0.209290100227
24066,0.214672148245
24067,0.023965802564
24068,0.062193934377
24069,0.469871568306
24070,0.075497310479
24071,0.043391998016
24072,0.051241969813
24073,0.061850180697
24074,0.158619953135
24075,0.464766954278
24076,0.276759498132
24077,0.530043076781
24078,0.278976635422
24079,0.156561976089
24080,0.157979282759
24081,0.255812409598
24082,0.023097385802
24083,0.142100519350
24084,0.078751545880
24085,0.058624777597
24086,0.436418076186
24087,0.243226462280
24088,0.041205957684
24089,0.530464572051
24090,0.272820486127
24091,0.011270578352
24092,0.069958263926
24093,0.138913690744
24094,0.083487160302
24095,0.017138576185
24096,0.031971183692
24097,0.047819335812
24098,0.091875421056
24099,0.119061999483
24100,0.122845291747
24101,0.442469605306
24102,0.761446962002
24103,0.469293412540
24104,0.368452269830
24105,0.622498115920
24106,0.090793379463
24107,0.048228647422
24108,0.055369124171
24109,0.133597060937
24110,0.181482406429
24111,0.057624652508
24112,0.035321256793
24113,0.077352697285
24114,0.135018169967
24115,0.022328346735
24116,0.013369670474
24117,0.029802100633
24118,0.104397118077
24119,0.021205722001
24120,0.017238955812
24121,0.035010044932
24122,0.024215159443
24123,0.015845449876
24124,0.037295178908
24125,0.086322574390
24126,0.053469768530
24127,0.075178289079
24128,0.256135394188
24129,0.186634836644
24130,0.346927181604
24131,0.716446977794
24132,0.618198576600
24133,0.281482826229
24134,0.199088848918
24135,0.060890339076
24136,0.115297368268
24137,0.019610180239
24138,0.018456519209
24139,0.940913509021
24140,0.057516041405
24141,0.024521076933
24142,0.080868745982
24143,0.060484910376
24144,0.094140212179
24145,0.053305715420
24146,0.062064101205
24147,0.021516478185
24148,0.046189376645
24149,0.012488681835
24150,0.020346467801
24151,0.018086803298
24152,0.031714708684
24153,0.091013657193
24154,0.110652621586
24155,0.602891821909
24156,0.377265810128
24157,0.229048646207
24158,0.953180892901
24159,0.458903294422
24160,0.492078543404
24161,0.241947324921
24162,0.034179219854
24163,0.026944471897
24164,0.057951606927
24165,0.056582228126
24166,0.026564649687
24167,0.030956846291
24168,0.066348343086
24169,0.523439630145
24170,0.216205739351
24171,0.358751376846
24172,0.053406495377
24173,0.091772620784
24174,0.132621454325
24175,0.137748046042
24176,0.236778185305
24177,0.034635372862
24178,0.041649784628
24179,0.152438476851
24180,0.863062818223
24181,0.351698595467
24182,0.668685451537
24183,0.259941254835
24184,0.279525099955
24185,0.152979597249
24186,0.110394779301
24187,0.029102756864
24188,0.034713341728
24189,0.031202059442
24190,0.115438159880
24191,0.165310966360
24192,0.055804156885
24193,0.202886617105
24194,0.033320638178
24195,0.065895412259
24196,0.017406255830
24197,0.254736255500
24198,0.049591537818
24199,0.014017542843
24200,0.114253780889
24201,0.238793929152
24202,0.048534476346
24203,0.227777561900
24204,0.173439010157
24205,0.073897651214
24206,0.103444173437
24207,0.026477365051
24208,0.090571415109
24209,0.099308965759
24210,0.054828106973
24211,0.108065281783
24212,0.120285855890
24213,0.045451910090
24214,0.016945799105
24215,0.142077456530
24216,0.017831306514
24217,0.196866804252
24218,0.012893024644
24219,0.041343653227
24220,0.115608834212
24221,0.053918166953
24222,0.077078352020
24223,0.071211080656
24224,0.163674795043
24225,0.352583391419
24226,0.584888743281
24227,0.097850072264
24228,0.015610373815
24229,0.022168778857
24230,0.029432596141
24231,0.086479230598
24232,0.074180105938
24233,0.118597817131
24234,0.023578973277
24235,0.033321225633
24236,0.020434854448
24237,0.024603644503
24238,0.021951863387
24239,0.021904946917
24240,0.035356443759
24241,0.013993313435
24242,0.088402950710
24243,0.096409500870
24244,0.367792304719
24245,0.019261968208
24246,0.024298900004
24247,0.059040421577
24248,0.062934516493
24249,0.109455612591
24250,0.387211888806
24251,0.103372055648
24252,0.017069698352
24253,0.013980360343
24254,0.205849130037
24255,0.017996980655
24256,0.031352785040
24257,0.019914030951
24258,0.077706885961
24259,0.204199557922
24260,0.038762674241
24261,0.022298085911
24262,0.020317762949
24263,0.251565874885
24264,0.027435852800
24265,0.015065568794
24266,0.027701588480
24267,0.149886064080
24268,0.066203064030
24269,0.051571469623
24270,0.021979937866
24271,0.036946310814
24272,0.070558046539
24273,0.334249860468
24274,0.033619887472
24275,0.019568311266
24276,0.024353232497
24277,0.052781635142
24278,0.061717366549
24279,0.232568992607
24280,0.070468233692
24281,0.224730565114
24282,0.089959292983
24283,0.033047406886
24284,0.028829308411
24285,0.038476278365
24286,0.040077810314
24287,0.263577674616
24288,0.158071751963
24289,0.026915984844
24290,0.118329857092
24291,0.051875821094
24292,0.016544989818
24293,0.362117952424
24294,0.657981858684
24295,0.220355555236
24296,0.069776958317
24297,0.023217426452
24298,0.071081147994
24299,0.044851152203
24300,0.039078088830
24301,0.088844295863
24302,0.080440045664
24303,0.075001248965
24304,0.961200410798
24305,0.021502151495
24306,0.078079966524
24307,0.020858080219
24308,0.075247190214
24309,0.069288467155
24310,0.022321117786
24311,0.032314479767
24312,0.119087818707
24313,0.342796700503
24314,0.068534298647
24315,0.211616245562
24316,0.031694783170
24317,0.054188193671
24318,0.095566921420
24319,0.025943908647
24320,0.024435810334
24321,0.054986005569
24322,0.052375300338
24323,0.024125741430
24324,0.025778280231
24325,0.053729988059
24326,0.019396859608
24327,0.140332132232
24328,0.040737854142
24329,0.031648538817
24330,0.038382584590
24331,0.084038929835
24332,0.085507935286
24333,0.026164117117
24334,0.043716048800
24335,0.889068632047
24336,0.046647898390
24337,0.113317109012
24338,0.056382724182
24339,0.038330194126
24340,0.045486544563
24341,0.048016435472
24342,0.016326709913
24343,0.212431147814
24344,0.034129607810
24345,0.021533516010
24346,0.049335617739
24347,0.217199801290
24348,0.018081090377
24349,0.015076374992
24350,0.207948761522
24351,0.045052017627
24352,0.038246881097
24353,0.364103895477
24354,0.029521561867
24355,0.023534205256
24356,0.011096660073
24357,0.023359922144
24358,0.016374108164
24359,0.048531718160
24360,0.046954731626
24361,0.156441693663
24362,0.081560275692
24363,0.013970312211
24364,0.094131583321
24365,0.149100057096
24366,0.099349511985
24367,0.079857066244
24368,0.079789441802
24369,0.046283851481
24370,0.023866602503
24371,0.203317927162
24372,0.175200073364
24373,0.220711178345
24374,0.016588215206
24375,0.028152565933
24376,0.024272695446
24377,0.015884509664
24378,0.025036890996
24379,0.018775471623
24380,0.029642452648
24381,0.019206370822
24382,0.014924803523
24383,0.017910485573
24384,0.024592961556
24385,0.013291316617
24386,0.026886173252
24387,0.078194247968
24388,0.057276843962
24389,0.141557584671
24390,0.011778854744
24391,0.099281003426
24392,0.015084792299
24393,0.263317923711
24394,0.020432178800
24395,0.025493924088
24396,0.016287294948
24397,0.029861702201
24398,0.030009594358
24399,0.016706143423
24400,0.012207842028
24401,0.019085544206
24402,0.018331256213
24403,0.015733124258
24404,0.014870915606
24405,0.085284919579
24406,0.025546479870
24407,0.049615178895
24408,0.016551066972
24409,0.053718226250
24410,0.017531715485
24411,0.017920982353
24412,0.015960078560
24413,0.016834439479
24414,0.126532372797
24415,0.033672647975
24416,0.045675301830
24417,0.013456864025
24418,0.018240932166
24419,0.032303528545
24420,0.016728062871
24421,0.022688001832
24422,0.111086804386
24423,0.021494616863
24424,0.018511611422
24425,0.016324250153
24426,0.018404208465
24427,0.350584533830
24428,0.059657674054
24429,0.059483546125
24430,0.083673137156
24431,0.012391595916
24432,0.056776000543
24433,0.020076272099
24434,0.098198704970
24435,0.106129423077
24436,0.145460013099
24437,0.020681356757
24438,0.033842961151
24439,0.033946094258
24440,0.038643974676
24441,0.030616428747
24442,0.020624996775
24443,0.019572001873
24444,0.034283652668
24445,0.016286474985
24446,0.020030759164
24447,0.068815330430
24448,0.066791590591
24449,0.029444219179
24450,0.163389348955
24451,0.020223516204
24452,0.027533860792
24453,0.016675855823
24454,0.023913572313
24455,0.055944674613
24456,0.014295149488
24457,0.030059414336
24458,0.026606743407
24459,0.014617992356
24460,0.045578419260
24461,0.252102910936
24462,0.160932003167
24463,0.021570346151
24464,0.101766334047
24465,0.019870191772
24466,0.028619415400
24467,0.070605096424
24468,0.042244446527
24469,0.051183682613
24470,0.050359081729
24471,0.016049878042
24472,0.129210974967
24473,0.035346484167
24474,0.081186202099
24475,0.135580239334
24476,0.223757288016
24477,0.060325614385
24478,0.016442865070
24479,0.240877224772
24480,0.051987875546
24481,0.271321152632
24482,0.072376087085
24483,0.135334051899
24484,0.025637844021
24485,0.021325063366
24486,0.086649238894
24487,0.016782784237
24488,0.028927610376
24489,0.015352269949
24490,0.130323657319
24491,0.057258566511
24492,0.709635489374
24493,0.238364252080
24494,0.044053976124
24495,0.124870878838
24496,0.048623880186
24497,0.039054213763
24498,0.019890395595
24499,0.019244059569
24500,0.048800711302
24501,0.098391974483
24502,0.331716656917
24503,0.503503100896
24504,0.461017824370
24505,0.048446410425
24506,0.061499161798
24507,0.143737988891
24508,0.129460264125
24509,0.015706811855
24510,0.025909598274
24511,0.058273438303
24512,0.037376050753
24513,0.059607566207
24514,0.075444266897
24515,0.031971529178
24516,0.408024557482
24517,0.098706615317
24518,0.324576007937
24519,0.505232434843
24520,0.102055350572
24521,0.019374273598
24522,0.449947170493
24523,0.025071652408
24524,0.062509340188
24525,0.290018877766
24526,0.061538880738
24527,0.044856235670
24528,0.041830610404
24529,0.079273951139
24530,0.083486738204
24531,0.108604684881
24532,0.094885927517
24533,0.031152616873
24534,0.026663224203
24535,0.065971031181
24536,0.192134613120
24537,0.044315688753
24538,0.035041319434
24539,0.059459403566
24540,0.065832386782
24541,0.076892281540
24542,0.031193867623
24543,0.032310284189
24544,0.051816254278
24545,0.095265847301
24546,0.034277453204
24547,0.051822566143
24548,0.136240869577
24549,0.043406633793
24550,0.235744692656
24551,0.033744127003
24552,0.035811219843
24553,0.033493341904
24554,0.016672799599
24555,0.029006135325
24556,0.019904007618
24557,0.450136644764
24558,0.091814812902
24559,0.087787740453
24560,0.185448420086
24561,0.233727699887
24562,0.085875013954
24563,0.052318590132
24564,0.032835011803
24565,0.075186879933
24566,0.064389994346
24567,0.164142972712
24568,0.287038152604
24569,0.021300295897
24570,0.304372706999
24571,0.046615750472
24572,0.014339007393
24573,0.033036866433
24574,0.261947926506
24575,0.017763421634
24576,0.032694486693
24577,0.022053593004
24578,0.073043614399
24579,0.034300488716
24580,0.031774204645
24581,0.122275051985
24582,0.495050676309
24583,0.076926989301
24584,0.080641207605
24585,0.021262776606
24586,0.030211368386
24587,0.067304706626
24588,0.068272945066
24589,0.015948551394
24590,0.027987649299
24591,0.017365285374
24592,0.105226379869
24593,0.130755097589
24594,0.080956873206
24595,0.070809044507
24596,0.056318958330
24597,0.016996181122
24598,0.033063102005
24599,0.034404640007
24600,0.027327067267
24601,0.032470395059
24602,0.107602521117
24603,0.072373607743
24604,0.314863759481
24605,0.033203549598
24606,0.066713716454
24607,0.042837274821
24608,0.025615089962
24609,0.020238091818
24610,0.026612187147
24611,0.042781416486
24612,0.026703503727
24613,0.028679326199
24614,0.064137810283
24615,0.261165600771
24616,0.344820210715
24617,0.048386570380
24618,0.045563503547
24619,0.035801205432
24620,0.068849469019
24621,0.060512962909
24622,0.070920622752
24623,0.022079571911
24624,0.020740542772
24625,0.030039919261
24626,0.236989800674
24627,0.035671350053
24628,0.022672044520
24629,0.034256536035
24630,0.012779537771
24631,0.204743572255
24632,0.063327810639
24633,0.308961581154
24634,0.317782515236
24635,0.313106501775
24636,0.061332504471
24637,0.058229267837
24638,0.023638982975
24639,0.057684673091
24640,0.042196046636
24641,0.126239753373
24642,0.052448717699
24643,0.618875063881
24644,0.098145507013
24645,0.024179842960
24646,0.106413346424
24647,0.037087446528
24648,0.045849358880
24649,0.021675633201
24650,0.014942307207
24651,0.017109304827
24652,0.055878391292
24653,0.034321109650
24654,0.025460445857
24655,0.018671970585
24656,0.022233391656
24657,0.026544110691
24658,0.073390845307
24659,0.041459544436
24660,0.090065772493
24661,0.063704999441
24662,0.109199384593
24663,0.325834431392
24664,0.348181817054
24665,0.091802984908
24666,0.033386477166
24667,0.079458407509
24668,0.023543048147
24669,0.034063439325
24670,0.019832815143
24671,0.069937987275
24672,0.054287608991
24673,0.114868169596
24674,0.061125366983
24675,0.097592299320
24676,0.043053719984
24677,0.058046793922
24678,0.029372129905
24679,0.024645629745
24680,0.133214118391
24681,0.026351526230
24682,0.064163668784
24683,0.025455879305
24684,0.016193428418
24685,0.023447632946
24686,0.046583704545
24687,0.063677712386
24688,0.077833468779
24689,0.105025799434
24690,0.104739231825
24691,0.324213981139
24692,0.216273547080
24693,0.232468360651
24694,0.024233471636
24695,0.090489932499
24696,0.017170375424
24697,0.050410893828
24698,0.053283576727
24699,0.077184369919
24700,0.028155278399
24701,0.024931154374
24702,0.055257606607
24703,0.054114264120
24704,0.016671733772
24705,0.051240290608
24706,0.065407603636
24707,0.030655310216
24708,0.064854094649
24709,0.018342425305
24710,0.018883137617
24711,0.091851660911
24712,0.019205762432
24713,0.038320049944
24714,0.125719241441
24715,0.064831752504
24716,0.143609114166
24717,0.323225960393
24718,0.128475346193
24719,0.129958451091
24720,0.070688968156
24721,0.201873183843
24722,0.086667550735
24723,0.078668022642
24724,0.061031284087
24725,0.017343977897
24726,0.014200796945
24727,0.024291085238
24728,0.277561742718
24729,0.087694629063
24730,0.067338421381
24731,0.041934631055
24732,0.062299657003
24733,0.022630730223
24734,0.026015665481
24735,0.025168961771
24736,0.057015476142
24737,0.284355575684
24738,0.066464845159
24739,0.045040746453
24740,0.114695113445
24741,0.704300196824
24742,0.104338739583
24743,0.022397763405
24744,0.312154677006
24745,0.066748186843
24746,0.239377295979
24747,0.261284109951
24748,0.079947734183
24749,0.064233129232
24750,0.066019656489
24751,0.094415254077
24752,0.146477653687
24753,0.059533501608
24754,0.136587483298
24755,0.051163685295
24756,0.014023602456
24757,0.058314261287
24758,0.023454638522
24759,0.052162509537
24760,0.068797329597
24761,0.027894038248
24762,0.128987593198
24763,0.150723434875
24764,0.248857688764
24765,0.090310841658
24766,0.037012928917
24767,0.096565048778
24768,0.177213034628
24769,0.328227565485
24770,0.064220543134
24771,0.014803528623
24772,0.066319271084
24773,0.023823877233
24774,0.019519630298
24775,0.068125137449
24776,0.527399216294
24777,0.027202703951
24778,0.117749765233
24779,0.375229802587
24780,0.171472003803
24781,0.019191399890
24782,0.019618712888
24783,0.037601350796
24784,0.061709104555
24785,0.227799356150
24786,0.310361230864
24787,0.015466407162
24788,0.202690691164
24789,0.108310387592
24790,0.252134636998
24791,0.225175313586
24792,0.113921869684
24793,0.173202524917
24794,0.357316472814
24795,0.076781061911
24796,0.050855088393
24797,0.086182668991
24798,0.052975330329
24799,0.269193020810
24800,0.920365773374
24801,0.014019443521
24802,0.075900073648
24803,0.375382387098
24804,0.015567375524
24805,0.044679418245
24806,0.193679214821
24807,0.016498247244
24808,0.050564487175
24809,0.079242632544
24810,0.029953505313
24811,0.050749931606
24812,0.015114156512
24813,0.508886106983
24814,0.300545052106
24815,0.096852025993
24816,0.253741669232
24817,0.164075517716
24818,0.245306855285
24819,0.374039212320
24820,0.277925365759
24821,0.038083844248
24822,0.264226124477
24823,0.220450391202
24824,0.117393621874
24825,0.893746308338
24826,0.299661359366
24827,0.305088257595
24828,0.012127705668
24829,0.030410543340
24830,0.201996717612
24831,0.098257130603
24832,0.024004018699
24833,0.024856893870
24834,0.015545319603
24835,0.052649975388
24836,0.017211096931
24837,0.017297055747
24838,0.029004646557
24839,0.203214838032
24840,0.124945494246
24841,0.100445883955
24842,0.108348553049
24843,0.083227244842
24844,0.318593990652
24845,0.221705224642
24846,0.021030988703
24847,0.113844268519
24848,0.253688268518
24849,0.030744672539
24850,0.075360170853
24851,0.962403237288
24852,0.919929683459
24853,0.667308287550
24854,0.024356418257
24855,0.021563941141
24856,0.087077903119
24857,0.400892007613
24858,0.083756594917
24859,0.047691294460
24860,0.059730610589
24861,0.063015848252
24862,0.062729444819
24863,0.021894858361
24864,0.382575703148
24865,0.028199295444
24866,0.053830978170
24867,0.124254976942
24868,0.094484586665
24869,0.057529369974
24870,0.068845283905
24871,0.334145790798
24872,0.319529927190
24873,0.036147348225
24874,0.099456549211
24875,0.090922184353
24876,0.124756905159
24877,0.952024317683
24878,0.831249462943
24879,0.641644856310
24880,0.199238606655
24881,0.022062961033
24882,0.012883539785
24883,0.394110686916
24884,0.053249611236
24885,0.253415091282
24886,0.058915138614
24887,0.078484549007
24888,0.025934567340
24889,0.113567942717
24890,0.126016722004
24891,0.169934114671
24892,0.140257878945
24893,0.527237892159
24894,0.515677897560
24895,0.320232804438
24896,0.141177332375
24897,0.091320443056
24898,0.056023231558
24899,0.124667046454
24900,0.059568012584
24901,0.046416668938
24902,0.016579394470
24903,0.119943866203
24904,0.122271542369
24905,0.057198401684
24906,0.108435620984
24907,0.029530627981
24908,0.903342133807
24909,0.973091204528
24910,0.935913226574
24911,0.121746291608
24912,0.043540437530
24913,0.224203560625
24914,0.382094768637
24915,0.023681325912
24916,0.012914547242
24917,0.020023813900
24918,0.019678603229
24919,0.059177495908
24920,0.098908476889
24921,0.067930531742
24922,0.401226372217
24923,0.946959802487
24924,0.078706849660
24925,0.099863502292
24926,0.144850074772
24927,0.173372565610
24928,0.068604626556
24929,0.334250503878
24930,0.130284399143
24931,0.027431172489
24932,0.065606723615
24933,0.089182894253
24934,0.106029169302
24935,0.059958889995
24936,0.031067285969
24937,0.279650883393
24938,0.280982711215
24939,0.151779318707
24940,0.089393747194
24941,0.031110738108
24942,0.135481769863
24943,0.075391965736
24944,0.256854204588
24945,0.027349746249
24946,0.039567837258
24947,0.038568333191
24948,0.022893199603
24949,0.061390306652
24950,0.048942491896
24951,0.339805673119
24952,0.689210502288
24953,0.370151235313
24954,0.211805614361
24955,0.106750931492
24956,0.169013962535
24957,0.154336709713
24958,0.630686263662
24959,0.101997621161
24960,0.043631899714
24961,0.028682865094
24962,0.202856923860
24963,0.164480142034
24964,0.330084227430
24965,0.392457375530
24966,0.359207193061
24967,0.248154410898
24968,0.968225102520
24969,0.107767099016
24970,0.024410793935
24971,0.214050127761
24972,0.216512356052
24973,0.024085479132
24974,0.055405087283
24975,0.304960394283
24976,0.076400572872
24977,0.044655553818
24978,0.054667823377
24979,0.058187856616
24980,0.151163654900
24981,0.403637056368
24982,0.274886078787
24983,0.564038079015
24984,0.294148910699
24985,0.160125339757
24986,0.157185762526
24987,0.339292723330
24988,0.023618144893
24989,0.129609541148
24990,0.073590064920
24991,0.058166527128
24992,0.420099516259
24993,0.241136881932
24994,0.044194035762
24995,0.583094398074
24996,0.273882461769
24997,0.011550234996
24998,0.068850752549
24999,0.139691562585
25000,0.084121207340
25001,0.016599982055
25002,0.014857138610
25003,0.015044949368
25004,0.034978231424
25005,0.052160756028
25006,0.089934144040
25007,0.117730720866
25008,0.114463004241
25009,0.441426450172
25010,0.759299911856
25011,0.482672760706
25012,0.373192008560
25013,0.609364244491
25014,0.103033952425
25015,0.050374564591
25016,0.055882589190
25017,0.129724271327
25018,0.173728382459
25019,0.055676742577
25020,0.034377172031
25021,0.014368753535
25022,0.080250448121
25023,0.138176815811
25024,0.023658326578
25025,0.034976164966
25026,0.101249746034
25027,0.017357730441
25028,0.037276500817
25029,0.023571849600
25030,0.022724777334
25031,0.015438837960
25032,0.039141715263
25033,0.086225137069
25034,0.052889788377
25035,0.072037901703
25036,0.327289908883
25037,0.261815237219
25038,0.348303032974
25039,0.718129738810
25040,0.643988320527
25041,0.375561872303
25042,0.201736109636
25043,0.030270287767
25044,0.016707104585
25045,0.061393903902
25046,0.115079880631
25047,0.019996187682
25048,0.034431126743
25049,0.952317059064
25050,0.065861767076
25051,0.024364739505
25052,0.081158145877
25053,0.062405789828
25054,0.109625707012
25055,0.053379349643
25056,0.060849021098
25057,0.020665128677
25058,0.043987990660
25059,0.020563502206
25060,0.016582465822
25061,0.034669997854
25062,0.090819286423
25063,0.120108941575
25064,0.610925847555
25065,0.361418190716
25066,0.223668839327
25067,0.959710256599
25068,0.451148880011
25069,0.494058183899
25070,0.235631993318
25071,0.033637755541
25072,0.028198208158
25073,0.050589361173
25074,0.050760613045
25075,0.030783149715
25076,0.072767327855
25077,0.521892939240
25078,0.211011875952
25079,0.354566047678
25080,0.054124354113
25081,0.094282651549
25082,0.136078040113
25083,0.127219664084
25084,0.229349797291
25085,0.190556596497
25086,0.029205199616
25087,0.042510888437
25088,0.152688254909
25089,0.892904826524
25090,0.345352391533
25091,0.677938490395
25092,0.334163748829
25093,0.285732377546
25094,0.148970005010
25095,0.222502815331
25096,0.035310657945
25097,0.033504785684
25098,0.022914165813
25099,0.017448283278
25100,0.067329198720
25101,0.031677752670
25102,0.126690121816
25103,0.168694281003
25104,0.066173068437
25105,0.263355894769
25106,0.034258690446
25107,0.066538389360
25108,0.016877045582
25109,0.343449456941
25110,0.053215412500
25111,0.014379399620
25112,0.107394550710
25113,0.233951299208
25114,0.046835534383
25115,0.014123194646
25116,0.227172536065
25117,0.177497483916
25118,0.076829386849
25119,0.116147993340
25120,0.025101209241
25121,0.096727958393
25122,0.102481282908
25123,0.058233930664
25124,0.114268242050
25125,0.120177924098
25126,0.053609426095
25127,0.037563271080
25128,0.019152956967
25129,0.219291781634
25130,0.017915053697
25131,0.101194426393
25132,0.035655381452
25133,0.037488423887
25134,0.114778152670
25135,0.051589922214
25136,0.079889357328
25137,0.014811115909
25138,0.070415256055
25139,0.161303420333
25140,0.374159808267
25141,0.629023689542
25142,0.106539636902
25143,0.015850167403
25144,0.018987846352
25145,0.019980760350
25146,0.030536999994
25147,0.084951431012
25148,0.020544328373
25149,0.072117674182
25150,0.200187694760
25151,0.022895580688
25152,0.034567495093
25153,0.020305456376
25154,0.020993225614
25155,0.019411957633
25156,0.037827877718
25157,0.083196012596
25158,0.094763513604
25159,0.348526373379
25160,0.019068133828
25161,0.024252675020
25162,0.061004314768
25163,0.060142901055
25164,0.111513804657
25165,0.380517418186
25166,0.120487031263
25167,0.019437514642
25168,0.213105726206
25169,0.021124983542
25170,0.030328539906
25171,0.074324943763
25172,0.135647373890
25173,0.041406625392
25174,0.013246436876
25175,0.021923332481
25176,0.016289414085
25177,0.254554040468
25178,0.031605423967
25179,0.014611774521
25180,0.028010569312
25181,0.146157405561
25182,0.072035126115
25183,0.055544996024
25184,0.022873048711
25185,0.037454491643
25186,0.073677112516
25187,0.360788294762
25188,0.035365707170
25189,0.019670795187
25190,0.023781972129
25191,0.049825911965
25192,0.064484385961
25193,0.233572781738
25194,0.076130771206
25195,0.220977026605
25196,0.096919979042
25197,0.032547494119
25198,0.040100007490
25199,0.049324160891
25200,0.035932849281
25201,0.259762955882
25202,0.022004638772
25203,0.174663512104
25204,0.026712144939
25205,0.116271360695
25206,0.053382230086
25207,0.016190623318
25208,0.375790399485
25209,0.655139622687
25210,0.148379979222
25211,0.077792971653
25212,0.080140687307
25213,0.045823318040
25214,0.042404584886
25215,0.203411611830
25216,0.097186875173
25217,0.074630253449
25218,0.954012315608
25219,0.021548597602
25220,0.086180842455
25221,0.020595662304
25222,0.073088568884
25223,0.069838808288
25224,0.023530205428
25225,0.033077624551
25226,0.114418253670
25227,0.424100826590
25228,0.069213316464
25229,0.212833418514
25230,0.032874429604
25231,0.080907550076
25232,0.022061603330
25233,0.095351235827
25234,0.025451421398
25235,0.025401625869
25236,0.054994500499
25237,0.055046007481
25238,0.023803079421
25239,0.024532342114
25240,0.058834783238
25241,0.019479667982
25242,0.144130995631
25243,0.037040774257
25244,0.030800013369
25245,0.021974884439
25246,0.039259182421
25247,0.083382644626
25248,0.074039930695
25249,0.026657394426
25250,0.043973704005
25251,0.927979925502
25252,0.053188147055
25253,0.111809578798
25254,0.058420037358
25255,0.040412917027
25256,0.043450512751
25257,0.046989491669
25258,0.016016526737
25259,0.023485031113
25260,0.277418863294
25261,0.036299568703
25262,0.013295500856
25263,0.047475537451
25264,0.113735983430
25265,0.018195646182
25266,0.015062708563
25267,0.099850745823
25268,0.047144222655
25269,0.022751635342
25270,0.048511989766
25271,0.368837020992
25272,0.029360102586
25273,0.025901507687
25274,0.011205173048
25275,0.013247275929
25276,0.016531855501
25277,0.048289177086
25278,0.013718309689
25279,0.047196815067
25280,0.242359218005
25281,0.079251698947
25282,0.021530352155
25283,0.026873011154
25284,0.090912990495
25285,0.142049821996
25286,0.098417000300
25287,0.091874197269
25288,0.075727165077
25289,0.027668237821
25290,0.042991807650
25291,0.026890653547
25292,0.095950168257
25293,0.245326463843
25294,0.226347636645
25295,0.016335599119
25296,0.029606166111
25297,0.024904663285
25298,0.015409765261
25299,0.028333764602
25300,0.017868357258
25301,0.027113347246
25302,0.013494313261
25303,0.019920827062
25304,0.014288779448
25305,0.018353703080
25306,0.024530418673
25307,0.013996592981
25308,0.027728339765
25309,0.075524904924
25310,0.051622071796
25311,0.118966637504
25312,0.011749373778
25313,0.017049071496
25314,0.115908558774
25315,0.338112311556
25316,0.025916060760
25317,0.015890335602
25318,0.014916949291
25319,0.029197904863
25320,0.012951538803
25321,0.029390797192
25322,0.017201455125
25323,0.019019967933
25324,0.015866478367
25325,0.080894948832
25326,0.027397156451
25327,0.049695045572
25328,0.018502911620
25329,0.057554710558
25330,0.017303800407
25331,0.019418847546
25332,0.016377091342
25333,0.016500739817
25334,0.125208346544
25335,0.033611577797
25336,0.044974546656
25337,0.013667125701
25338,0.017999251051
25339,0.030828933765
25340,0.013989845240
25341,0.020678948864
25342,0.099507665309
25343,0.019526500160
25344,0.342863111598
25345,0.059627190717
25346,0.066057935932
25347,0.083512499559
25348,0.067684082821
25349,0.020899685911
25350,0.014276727917
25351,0.011709393234
25352,0.098373924967
25353,0.019261622252
25354,0.102119249702
25355,0.139418643447
25356,0.022233800792
25357,0.037741687695
25358,0.041834128237
25359,0.029144371893
25360,0.022484069205
25361,0.019058074668
25362,0.034625114114
25363,0.016101319494
25364,0.019609317573
25365,0.016045949476
25366,0.079433164504
25367,0.072659741047
25368,0.031481827863
25369,0.151078207958
25370,0.019862736593
25371,0.025779984975
25372,0.012863343818
25373,0.015592958819
25374,0.023991929057
25375,0.054290837715
25376,0.023034748655
25377,0.015924079269
25378,0.027497571826
25379,0.025588793930
25380,0.014637325536
25381,0.031073619012
25382,0.044947073119
25383,0.253970304817
25384,0.238878398326
25385,0.022407421408
25386,0.208147529082
25387,0.021427188757
25388,0.060165612782
25389,0.035412845262
25390,0.052681452291
25391,0.015734506649
25392,0.031468445798
25393,0.040835722923
25394,0.049734059350
25395,0.091700546938
25396,0.052654213831
25397,0.053218874943
25398,0.037595392619
25399,0.148704821944
25400,0.038839322826
25401,0.081482317041
25402,0.044649877043
25403,0.138369929288
25404,0.232937293542
25405,0.067642125382
25406,0.048730237508
25407,0.239148810823
25408,0.053436914987
25409,0.337870496582
25410,0.086283048642
25411,0.221749588099
25412,0.062274400235
25413,0.026348819588
25414,0.020807631691
25415,0.067495858708
25416,0.017883686981
25417,0.223827575811
25418,0.723097393312
25419,0.121360353280
25420,0.043169805038
25421,0.136361260257
25422,0.046341544056
25423,0.026099849631
25424,0.043244438512
25425,0.033471496225
25426,0.019457742254
25427,0.039705404458
25428,0.188245000776
25429,0.343148638363
25430,0.525995085006
25431,0.471906420246
25432,0.044458940169
25433,0.064894137187
25434,0.116116065857
25435,0.130276211667
25436,0.015763406550
25437,0.060417563899
25438,0.043124008566
25439,0.065038779802
25440,0.056228417985
25441,0.039269648728
25442,0.409519913692
25443,0.094187915183
25444,0.253349565443
25445,0.533506368192
25446,0.104417954536
25447,0.020995845368
25448,0.442652978777
25449,0.068322432320
25450,0.288566472400
25451,0.063952718537
25452,0.054967465529
25453,0.042149995015
25454,0.069518356091
25455,0.107215524209
25456,0.098058784550
25457,0.032950313277
25458,0.028777769006
25459,0.078541518244
25460,0.265178154486
25461,0.045585715128
25462,0.036049320303
25463,0.060742576384
25464,0.061416507563
25465,0.087538779380
25466,0.031791830975
25467,0.039833661548
25468,0.034616781620
25469,0.051797690395
25470,0.123131613274
25471,0.149051223691
25472,0.036695776804
25473,0.025071447656
25474,0.020547190133
25475,0.438592947936
25476,0.096016331311
25477,0.072892485000
25478,0.274679174641
25479,0.304720342708
25480,0.095144934022
25481,0.058467541319
25482,0.024661073020
25483,0.027370952285
25484,0.033338679659
25485,0.063597654072
25486,0.091517918542
25487,0.251200729488
25488,0.406875864722
25489,0.021195546264
25490,0.303957634261
25491,0.049552268772
25492,0.023336167980
25493,0.032871225126
25494,0.033940057803
25495,0.256743969860
25496,0.020088166093
25497,0.036058533513
25498,0.016898871075
25499,0.065905922931
25500,0.034089950578
25501,0.034717758499
25502,0.119313069927
25503,0.373449487885
25504,0.069124144928
25505,0.101870026877
25506,0.023326006984
25507,0.033736984843
25508,0.065186078840
25509,0.068739700112
25510,0.027950002941
25511,0.105800716743
25512,0.131195398187
25513,0.081437583124
25514,0.198805252676
25515,0.059382248968
25516,0.031682166980
25517,0.034268036198
25518,0.027790783250
25519,0.031646044713
25520,0.012592496976
25521,0.112440871487
25522,0.074194724214
25523,0.312205106044
25524,0.030562778967
25525,0.063216164518
25526,0.042101162989
25527,0.024500966412
25528,0.019851143022
25529,0.027592381834
25530,0.046624780677
25531,0.029151939835
25532,0.064038075253
25533,0.263680303041
25534,0.350679210005
25535,0.048141480268
25536,0.045980980875
25537,0.068915239071
25538,0.066162289579
25539,0.020187529300
25540,0.067391481815
25541,0.021851236158
25542,0.030456598330
25543,0.234878564315
25544,0.036466580237
25545,0.023407610909
25546,0.032284917696
25547,0.012203252554
25548,0.202335304140
25549,0.063185586564
25550,0.306312611834
25551,0.318464330369
25552,0.312818775864
25553,0.064058163675
25554,0.059727402249
25555,0.024501309317
25556,0.055845139079
25557,0.042451852438
25558,0.144418553118
25559,0.052559688230
25560,0.612766413628
25561,0.110145665899
25562,0.109363171451
25563,0.049020690857
25564,0.046625828018
25565,0.024865681877
25566,0.055224430688
25567,0.021923893713
25568,0.025790791311
25569,0.076453402964
25570,0.046666531981
25571,0.094878106573
25572,0.060515956980
25573,0.112720584418
25574,0.321342806587
25575,0.353193575336
25576,0.087532257465
25577,0.032246100536
25578,0.081703965729
25579,0.022228059658
25580,0.028463738894
25581,0.086764401696
25582,0.060314398088
25583,0.110904764101
25584,0.061232988474
25585,0.100640651573
25586,0.041580629721
25587,0.059466089145
25588,0.029059291589
25589,0.218311067090
25590,0.018069662107
25591,0.025988588462
25592,0.065856498127
25593,0.025111745998
25594,0.016381235388
25595,0.020201466276
25596,0.046510941733
25597,0.063128192289
25598,0.078044525627
25599,0.105552773126
25600,0.104829055179
25601,0.319085450453
25602,0.214905657373
25603,0.222133830077
25604,0.023058355561
25605,0.095871831269
25606,0.053272343491
25607,0.057348086560
25608,0.083086020914
25609,0.064819640960
25610,0.058778848620
25611,0.049631062566
25612,0.061277730032
25613,0.028571862297
25614,0.068871351330
25615,0.021014201100
25616,0.090559943727
25617,0.018889994613
25618,0.038118138280
25619,0.119394294610
25620,0.060982524299
25621,0.208649300895
25622,0.461581872011
25623,0.125442685543
25624,0.208531319924
25625,0.070809354843
25626,0.083774152116
25627,0.084828480043
25628,0.081512857662
25629,0.060670846632
25630,0.024622442696
25631,0.210236061978
25632,0.084625034941
25633,0.068471596097
25634,0.048850566234
25635,0.067853024762
25636,0.028274097063
25637,0.021501207238
25638,0.058009584245
25639,0.279343895623
25640,0.067013268913
25641,0.046743431812
25642,0.125550181652
25643,0.723723757043
25644,0.102931695757
25645,0.022273596957
25646,0.315288269753
25647,0.065965232674
25648,0.242585545818
25649,0.266357502784
25650,0.080463182925
25651,0.014706320357
25652,0.068484040934
25653,0.105904273651
25654,0.162557331761
25655,0.054063815940
25656,0.204664130273
25657,0.051938176515
25658,0.056735427221
25659,0.020875895945
25660,0.018329054428
25661,0.054893519421
25662,0.069144725369
25663,0.029429193193
25664,0.130183523557
25665,0.155981207007
25666,0.245902172382
25667,0.092604053000
25668,0.037001678740
25669,0.099118153401
25670,0.173364074960
25671,0.195761171119
25672,0.063935762934
25673,0.067343929407
25674,0.029696739500
25675,0.207540692284
25676,0.542966659404
25677,0.024627765875
25678,0.120701308408
25679,0.379012562041
25680,0.170133851510
25681,0.017634030791
25682,0.017807034519
25683,0.036876016282
25684,0.062953682248
25685,0.325687042545
25686,0.317141310287
25687,0.015572868332
25688,0.205386461492
25689,0.107671253495
25690,0.252828711966
25691,0.159831728206
25692,0.108000998780
25693,0.172669147459
25694,0.362919350619
25695,0.074953811428
25696,0.054335547037
25697,0.091220891916
25698,0.066012969128
25699,0.273201005673
25700,0.935960398433
25701,0.077688822931
25702,0.429623341462
25703,0.045914039166
25704,0.261139340368
25705,0.051947633729
25706,0.078654114736
25707,0.028896116955
25708,0.050695093736
25709,0.014828365707
25710,0.492440410880
25711,0.198305117170
25712,0.096250677573
25713,0.263079531144
25714,0.151569717080
25715,0.241709487149
25716,0.353999346352
25717,0.346440402282
25718,0.036888933049
25719,0.260680065958
25720,0.222459953589
25721,0.134271177570
25722,0.920938190223
25723,0.399449928054
25724,0.417798963704
25725,0.012180844130
25726,0.029160332891
25727,0.120006685637
25728,0.099270545047
25729,0.024399111586
25730,0.023476155039
25731,0.015911907437
25732,0.013555368098
25733,0.051495737278
25734,0.012225777112
25735,0.013961721387
25736,0.018392949828
25737,0.031359213675
25738,0.202602120753
25739,0.120074153474
25740,0.101008304858
25741,0.110924098512
25742,0.198370018272
25743,0.309824964442
25744,0.207185802975
25745,0.023769942474
25746,0.105608689017
25747,0.246110219688
25748,0.028421600961
25749,0.083996316625
25750,0.962116350065
25751,0.938757816080
25752,0.702764576946
25753,0.023373682636
25754,0.021697774188
25755,0.090068217697
25756,0.413406739138
25757,0.084321327802
25758,0.018947653935
25759,0.049288142824
25760,0.026568293994
25761,0.012668108525
25762,0.014070585280
25763,0.059836947840
25764,0.064510222385
25765,0.060033246657
25766,0.023579087154
25767,0.370341711693
25768,0.028430981795
25769,0.057285841937
25770,0.113979326868
25771,0.092972936661
25772,0.057822068374
25773,0.065561760902
25774,0.243467995300
25775,0.316325793549
25776,0.104756224536
25777,0.094864267278
25778,0.126144349296
25779,0.959736015481
25780,0.851104205645
25781,0.647638850569
25782,0.020122284814
25783,0.082259224298
25784,0.023046218062
25785,0.011939386255
25786,0.407990779759
25787,0.055321309843
25788,0.251061603057
25789,0.058642073127
25790,0.094331658928
25791,0.119810428784
25792,0.129525108102
25793,0.171382514048
25794,0.137725546814
25795,0.522216991382
25796,0.460792425766
25797,0.227550151105
25798,0.154481516240
25799,0.092250666228
25800,0.056563701495
25801,0.128191917722
25802,0.060748027090
25803,0.046599362853
25804,0.119238752519
25805,0.122688579663
25806,0.060126686081
25807,0.111639146393
25808,0.027567971738
25809,0.920262654893
25810,0.973045729680
25811,0.936581136595
25812,0.125887033775
25813,0.044000354729
25814,0.318440901896
25815,0.021402609847
25816,0.385183948812
25817,0.013941822664
25818,0.020014335010
25819,0.020816659435
25820,0.063664078697
25821,0.092625002497
25822,0.067983658244
25823,0.383202924083
25824,0.955581243084
25825,0.079013522843
25826,0.105653760755
25827,0.135557013529
25828,0.163038074726
25829,0.064538096245
25830,0.330957439724
25831,0.235671790119
25832,0.033415491861
25833,0.072124506378
25834,0.103600725868
25835,0.109280124640
25836,0.060363288058
25837,0.029582500239
25838,0.277675422107
25839,0.281740369546
25840,0.159946922965
25841,0.083516668555
25842,0.032228434546
25843,0.130658590410
25844,0.081474089186
25845,0.268554021213
25846,0.030232606488
25847,0.037670171986
25848,0.036152467962
25849,0.022286528979
25850,0.061362925998
25851,0.052853060844
25852,0.341967793100
25853,0.654062119737
25854,0.256080797331
25855,0.198014403536
25856,0.110061566197
25857,0.171008807701
25858,0.152377400681
25859,0.611164912950
25860,0.202260487196
25861,0.042694206374
25862,0.028444248657
25863,0.149358521485
25864,0.164726491617
25865,0.233221842241
25866,0.392709612733
25867,0.278600055113
25868,0.246919356545
25869,0.968166335840
25870,0.107824003279
25871,0.024998889085
25872,0.221540644787
25873,0.224136576449
25874,0.025818217900
25875,0.063901850016
25876,0.309463670693
25877,0.012125204911
25878,0.074223629105
25879,0.044068077367
25880,0.054305105667
25881,0.063286381512
25882,0.156889728275
25883,0.416065997148
25884,0.274693455247
25885,0.558319657178
25886,0.280405892414
25887,0.149122145455
25888,0.153735066017
25889,0.335341836458
25890,0.018616420204
25891,0.025265185347
25892,0.130803864819
25893,0.075957402046
25894,0.059773554671
25895,0.448612348245
25896,0.247399028847
25897,0.044870503053
25898,0.574823776999
25899,0.268328231083
25900,0.011593421757
25901,0.070547811506
25902,0.136017299493
25903,0.089513476025
25904,0.019428491959
25905,0.016064331782
25906,0.037038898944
25907,0.052621704479
25908,0.091192224452
25909,0.114867784422
25910,0.115064557735
25911,0.453072934017
25912,0.759564284878
25913,0.472881485216
25914,0.361325127347
25915,0.649001858275
25916,0.107466226630
25917,0.018506302267
25918,0.051406939282
25919,0.061144297588
25920,0.136381032189
25921,0.241939828421
25922,0.056423040792
25923,0.037122437950
25924,0.066748507920
25925,0.138791586463
25926,0.022415634406
25927,0.013524244405
25928,0.039475755545
25929,0.112422276943
25930,0.024299842434
25931,0.037106826082
25932,0.023974555532
25933,0.024650780491
25934,0.014684722615
25935,0.037627743249
25936,0.086047674413
25937,0.053999435630
25938,0.072366411169
25939,0.249074302784
25940,0.185612281529
25941,0.345146052002
25942,0.747427899273
25943,0.638163805410
25944,0.288494325629
25945,0.203337950393
25946,0.032835374568
25947,0.018373854944
25948,0.058275249430
25949,0.119736773330
25950,0.020007915362
25951,0.033637156745
25952,0.960341488306
25953,0.066554940340
25954,0.022738745682
25955,0.204332461703
25956,0.066667368118
25957,0.221490030850
25958,0.060125696772
25959,0.051441542271
25960,0.017061455421
25961,0.033613098155
25962,0.088330272463
25963,0.113521723744
25964,0.633004163705
25965,0.364858664256
25966,0.223032134098
25967,0.960406739944
25968,0.443275066841
25969,0.475463862801
25970,0.151713127077
25971,0.034545986563
25972,0.029945904663
25973,0.026679626228
25974,0.048422784974
25975,0.050685070372
25976,0.034162528130
25977,0.068076680773
25978,0.498371969641
25979,0.208030634363
25980,0.354709944869
25981,0.053514547922
25982,0.105801722642
25983,0.143165514765
25984,0.136277188730
25985,0.168970959008
25986,0.042692094989
25987,0.027042399158
25988,0.009906620986
25989,0.043098344016
25990,0.156753750473
25991,0.881200331873
25992,0.350907868869
25993,0.688027000044
25994,0.332668187882
25995,0.292671213563
25996,0.150574458894
25997,0.227679013841
25998,0.034151654953
25999,0.068263899590
26000,0.033057158175
26001,0.112338443659
26002,0.172181614753
26003,0.063788769506
26004,0.260004637044
26005,0.032492117933
26006,0.067415652981
26007,0.016720312232
26008,0.328156801945
26009,0.051545859233
26010,0.108815421964
26011,0.232129497728
26012,0.045928850120
26013,0.013210057778
26014,0.225507588696
26015,0.173376077001
26016,0.083555693242
26017,0.120400063511
26018,0.098910850799
26019,0.095847894881
26020,0.066506424861
26021,0.121800379956
26022,0.125304488560
26023,0.036960914698
26024,0.020036654981
26025,0.218524761583
26026,0.018047987039
26027,0.019946861314
26028,0.112442589251
26029,0.013137246313
26030,0.035048552042
26031,0.100644272553
26032,0.050183364469
26033,0.077775653750
26034,0.015687349058
26035,0.072207458648
26036,0.174058386910
26037,0.356313594916
26038,0.646477891151
26039,0.103483156434
26040,0.020596582034
26041,0.020509192044
26042,0.029850398157
26043,0.091063948680
26044,0.020462763268
26045,0.067946051136
26046,0.205003703729
26047,0.022199117509
26048,0.035228928227
26049,0.020727138027
26050,0.027546887274
26051,0.019446508768
26052,0.039740548552
26053,0.085098844102
26054,0.097019034652
26055,0.373233135658
26056,0.020229246058
26057,0.024363890331
26058,0.058100871312
26059,0.061722104028
26060,0.110211255451
26061,0.386002988127
26062,0.126657559142
26063,0.017386176873
26064,0.013289437014
26065,0.220882483845
26066,0.021758510042
26067,0.033457575473
26068,0.069732723873
26069,0.134607187475
26070,0.036261064181
26071,0.014988233528
26072,0.022100778902
26073,0.016137127460
26074,0.192578872704
26075,0.033297829639
26076,0.018244442117
26077,0.016842511709
26078,0.027289330819
26079,0.149467805162
26080,0.075063637749
26081,0.053528826831
26082,0.022354455561
26083,0.034115869957
26084,0.074418786279
26085,0.365520227479
26086,0.036039489743
26087,0.020298866625
26088,0.023284934428
26089,0.064752276302
26090,0.162284551080
26091,0.073483339494
26092,0.220448955164
26093,0.093963395619
26094,0.032745718336
26095,0.024876665904
26096,0.037800860836
26097,0.053626042094
26098,0.033764034253
26099,0.202936386141
26100,0.023221338750
26101,0.022102296523
26102,0.249961830653
26103,0.026561204851
26104,0.115557706450
26105,0.053551038160
26106,0.015769399638
26107,0.279640532348
26108,0.690649605148
26109,0.144520039139
26110,0.088315909156
26111,0.024007066282
26112,0.081589479413
26113,0.039716254808
26114,0.040742885612
26115,0.207254043187
26116,0.097901641175
26117,0.079574814632
26118,0.899068300221
26119,0.086589861999
26120,0.020599434977
26121,0.072246547587
26122,0.071134920148
26123,0.019709727335
26124,0.032183650588
26125,0.120263783626
26126,0.351509225303
26127,0.066916272930
26128,0.212080604187
26129,0.032951181898
26130,0.025405020665
26131,0.085400462543
26132,0.020242802327
26133,0.093091275140
26134,0.024933630322
26135,0.012201336926
26136,0.023954573622
26137,0.057626391641
26138,0.059268315318
26139,0.026341362306
26140,0.060932200485
26141,0.146412454608
26142,0.041316112240
26143,0.037171739263
26144,0.022034293675
26145,0.039359934040
26146,0.086980540002
26147,0.086613844705
26148,0.027193053626
26149,0.046397688029
26150,0.959369892898
26151,0.051972642291
26152,0.127708443083
26153,0.056908448695
26154,0.040282151735
26155,0.041181150276
26156,0.046451285835
26157,0.014842870823
26158,0.022575710993
26159,0.279102667522
26160,0.037045475514
26161,0.015319399528
26162,0.016569565368
26163,0.013250301515
26164,0.022863618312
26165,0.019161960734
26166,0.045825102698
26167,0.123891333231
26168,0.019069221112
26169,0.015679615083
26170,0.107233122641
26171,0.049012188199
26172,0.023325004888
26173,0.040838271555
26174,0.358005037920
26175,0.028878240744
26176,0.015081530912
26177,0.024419655440
26178,0.050632057049
26179,0.014163417011
26180,0.050392135735
26181,0.147247193852
26182,0.075421812006
26183,0.016806609486
26184,0.026958055786
26185,0.089969202198
26186,0.148632667471
26187,0.091507632837
26188,0.091473742353
26189,0.078671948928
26190,0.027671608272
26191,0.042078425554
26192,0.026651879069
26193,0.099145846042
26194,0.191805385322
26195,0.224766732070
26196,0.014143400333
26197,0.032276623779
26198,0.024727818699
26199,0.015730939603
26200,0.026045260940
26201,0.018423653938
26202,0.027216522299
26203,0.011740484489
26204,0.015056744826
26205,0.022321580036
26206,0.014648609725
26207,0.028079020708
26208,0.071727575455
26209,0.052211288563
26210,0.125898874261
26211,0.117605380225
26212,0.014855502063
26213,0.258906179693
26214,0.021411915131
26215,0.012253365742
26216,0.028290015700
26217,0.015100278461
26218,0.015227750485
26219,0.013057656850
26220,0.025097653178
26221,0.028369886006
26222,0.017427351431
26223,0.017516790126
26224,0.017524526114
26225,0.016389907230
26226,0.016589668211
26227,0.085322531268
26228,0.028182925255
26229,0.054018881859
26230,0.015726185003
26231,0.053942747444
26232,0.017898170277
26233,0.018227539943
26234,0.016537937375
26235,0.016481081283
26236,0.127975403025
26237,0.031937962047
26238,0.049004615076
26239,0.015113329419
26240,0.018101463187
26241,0.034162527251
26242,0.013986808225
26243,0.022507047356
26244,0.107266852286
26245,0.023319729707
26246,0.015866257161
26247,0.021172266240
26248,0.270639905112
26249,0.058994392365
26250,0.062015623076
26251,0.085884210073
26252,0.012299594308
26253,0.074180929397
26254,0.021231093251
26255,0.106456842269
26256,0.018165563409
26257,0.106412267082
26258,0.160197057203
26259,0.022707603412
26260,0.020352387225
26261,0.039669860175
26262,0.032678169711
26263,0.013347906786
26264,0.019217076209
26265,0.020131041467
26266,0.016726253515
26267,0.031882475058
26268,0.017051928930
26269,0.080499328892
26270,0.070617140216
26271,0.032266998575
26272,0.167314094592
26273,0.020748980888
26274,0.032220101363
26275,0.012722169649
26276,0.016411039191
26277,0.024789493834
26278,0.057863080505
26279,0.024022357882
26280,0.028363046331
26281,0.025067589798
26282,0.014667905868
26283,0.019538961365
26284,0.023101551915
26285,0.042384433921
26286,0.259046613420
26287,0.155796713853
26288,0.014904263927
26289,0.097021150035
26290,0.020051919037
26291,0.017747498055
26292,0.055592726138
26293,0.026238061174
26294,0.034859100393
26295,0.030991734572
26296,0.047883986731
26297,0.055569699003
26298,0.082893860931
26299,0.021035560952
26300,0.051005614446
26301,0.037628045434
26302,0.128194776981
26303,0.036426348581
26304,0.075864943677
26305,0.142489032721
26306,0.330459875672
26307,0.030118435231
26308,0.053281112505
26309,0.027462593280
26310,0.256452051598
26311,0.050919991021
26312,0.186800422123
26313,0.072581001310
26314,0.114339918717
26315,0.056967125042
26316,0.025228254270
26317,0.070767466621
26318,0.013190460938
26319,0.028364988522
26320,0.016239659266
26321,0.146580344785
26322,0.054404051172
26323,0.786169380763
26324,0.119499991291
26325,0.060695311310
26326,0.041691855442
26327,0.127290801025
26328,0.048756975148
26329,0.020848675641
26330,0.023838811863
26331,0.044301027091
26332,0.020275626173
26333,0.093344590681
26334,0.247456093377
26335,0.561742677230
26336,0.495140416898
26337,0.057967155029
26338,0.114315260535
26339,0.154229362229
26340,0.054905343913
26341,0.045589540976
26342,0.063207599941
26343,0.061393908155
26344,0.403864435786
26345,0.097821927355
26346,0.140168388918
26347,0.512705918066
26348,0.099548283014
26349,0.019290241597
26350,0.474362885517
26351,0.028063165920
26352,0.069616900581
26353,0.291494734275
26354,0.068053836734
26355,0.052215087458
26356,0.041931894369
26357,0.078174132352
26358,0.074187773944
26359,0.115550722340
26360,0.097575633554
26361,0.039161350026
26362,0.025727111852
26363,0.063852669808
26364,0.260011907343
26365,0.048749479830
26366,0.033264803245
26367,0.059195426388
26368,0.071665667688
26369,0.088751742373
26370,0.052505569298
26371,0.032724546951
26372,0.050557373963
26373,0.121062702500
26374,0.158669638686
26375,0.037804969100
26376,0.034023434668
26377,0.036236607989
26378,0.018000112757
26379,0.013391195569
26380,0.025685556996
26381,0.452602125866
26382,0.080769294499
26383,0.062824192733
26384,0.203077414232
26385,0.314045074843
26386,0.094057143851
26387,0.065892282088
26388,0.025941057244
26389,0.026241280002
26390,0.017471276689
26391,0.031404110590
26392,0.068187020347
26393,0.061486163620
26394,0.082155985327
26395,0.254891934197
26396,0.414016262629
26397,0.021304333346
26398,0.206374367535
26399,0.050097200950
26400,0.014481703186
26401,0.027653117429
26402,0.033207243990
26403,0.262387684271
26404,0.018151584566
26405,0.033094714318
26406,0.067114021612
26407,0.032151079956
26408,0.034819550109
26409,0.105394813890
26410,0.498558160946
26411,0.066297951477
26412,0.096874997313
26413,0.029400683930
26414,0.063267741709
26415,0.069793452496
26416,0.024930700168
26417,0.017660680497
26418,0.104128267694
26419,0.137845337043
26420,0.084909784335
26421,0.067527267969
26422,0.060839394450
26423,0.016669503639
26424,0.033445209233
26425,0.033457248603
26426,0.027251032048
26427,0.033573253553
26428,0.101251525263
26429,0.072009248185
26430,0.314891463621
26431,0.031410851419
26432,0.065127729732
26433,0.041790668598
26434,0.024213246467
26435,0.019413501855
26436,0.028842810877
26437,0.046045848633
26438,0.013288255231
26439,0.031422651245
26440,0.064586984459
26441,0.195892201786
26442,0.357188656441
26443,0.045165637444
26444,0.046102059292
26445,0.040854475825
26446,0.083040030670
26447,0.052845500514
26448,0.021139927939
26449,0.063212320336
26450,0.022948318736
26451,0.026828324126
26452,0.231621852582
26453,0.034889276303
26454,0.021425706856
26455,0.012189181745
26456,0.202241506791
26457,0.061739563843
26458,0.300107235971
26459,0.319365648835
26460,0.315865851812
26461,0.058995696026
26462,0.057330990890
26463,0.024625519817
26464,0.057299758519
26465,0.041585589871
26466,0.021582245558
26467,0.139283878537
26468,0.049583291810
26469,0.617334956660
26470,0.116513688202
26471,0.024635841738
26472,0.107509098449
26473,0.052338323002
26474,0.051756588058
26475,0.018759668719
26476,0.016017608479
26477,0.016547135404
26478,0.051559339258
26479,0.039867011667
26480,0.023915377216
26481,0.026427060957
26482,0.080928762185
26483,0.044949534112
26484,0.088907004478
26485,0.061745906546
26486,0.116764589447
26487,0.325410280715
26488,0.362758145511
26489,0.090148765393
26490,0.032901589012
26491,0.073729653564
26492,0.032295634778
26493,0.081399294262
26494,0.060638028124
26495,0.113934397700
26496,0.064899463562
26497,0.096003252279
26498,0.045680390871
26499,0.064012738348
26500,0.023592162051
26501,0.021511408052
26502,0.221054278098
26503,0.020397017798
26504,0.026285752766
26505,0.059711057093
26506,0.025719512477
26507,0.015895576903
26508,0.017171389805
26509,0.020400162592
26510,0.045439667940
26511,0.066671849565
26512,0.080290159834
26513,0.105451265624
26514,0.103415765760
26515,0.324854178232
26516,0.220282779730
26517,0.235878701591
26518,0.022327766183
26519,0.095213792936
26520,0.045904250612
26521,0.058199473817
26522,0.085737670292
26523,0.027887241042
26524,0.053469090846
26525,0.016931994205
26526,0.048773013960
26527,0.059977708319
26528,0.028956408175
26529,0.063891926813
26530,0.022338723483
26531,0.091319169239
26532,0.038932001499
26533,0.116159879454
26534,0.060358050842
26535,0.207259774790
26536,0.459642572899
26537,0.128667169527
26538,0.132852662894
26539,0.071986104112
26540,0.076413215386
26541,0.081846439600
26542,0.081643646666
26543,0.057802394522
26544,0.014864966289
26545,0.028738748760
26546,0.382530776935
26547,0.087814794642
26548,0.067400216082
26549,0.051515368345
26550,0.067712135785
26551,0.024018160313
26552,0.026821499141
26553,0.020589326943
26554,0.024630468555
26555,0.058841140960
26556,0.274029366050
26557,0.067673251691
26558,0.046584347321
26559,0.126287658641
26560,0.738888900071
26561,0.102072440001
26562,0.022162806865
26563,0.308072063510
26564,0.061590746188
26565,0.237439020663
26566,0.274061462536
26567,0.079896108774
26568,0.017992459200
26569,0.062193576283
26570,0.066705771111
26571,0.101796492840
26572,0.146254778440
26573,0.058306368498
26574,0.156952348705
26575,0.062821748940
26576,0.059838517302
26577,0.014872502860
26578,0.018935697825
26579,0.058387305472
26580,0.064969038173
26581,0.027736994594
26582,0.133110275893
26583,0.153998163870
26584,0.245386852505
26585,0.089123722663
26586,0.035252844786
26587,0.100020338171
26588,0.175750196926
26589,0.316841123603
26590,0.061354702649
26591,0.068123332615
26592,0.029697512628
26593,0.072561804578
26594,0.547305485631
26595,0.108876755882
26596,0.375513812355
26597,0.170547337340
26598,0.017347169440
26599,0.020467422918
26600,0.017636657927
26601,0.038652633958
26602,0.065591974267
26603,0.317565441845
26604,0.324296069476
26605,0.015244632755
26606,0.111359214991
26607,0.104396126270
26608,0.181662011013
26609,0.214779090232
26610,0.121897267319
26611,0.156683271410
26612,0.366764623306
26613,0.077428091202
26614,0.057084205974
26615,0.091755338209
26616,0.069335401497
26617,0.209748775354
26618,0.928588664381
26619,0.082142341338
26620,0.379670445617
26621,0.047414763809
26622,0.259856526132
26623,0.051764027539
26624,0.081399909923
26625,0.030833612419
26626,0.046078982514
26627,0.014004812892
26628,0.491911078942
26629,0.197672654327
26630,0.096055302421
26631,0.258574039188
26632,0.153837450888
26633,0.186695929605
26634,0.354874401344
26635,0.340142889385
26636,0.035849274514
26637,0.184784053620
26638,0.222776169953
26639,0.120590592230
26640,0.920383148342
26641,0.403377271090
26642,0.397742913154
26643,0.028194704378
26644,0.134739411718
26645,0.089547387327
26646,0.024130650631
26647,0.015283402085
26648,0.021908343599
26649,0.014747597758
26650,0.053451087675
26651,0.011999631392
26652,0.015590384106
26653,0.019031989879
26654,0.030149029596
26655,0.092289323747
26656,0.125184965278
26657,0.097476444540
26658,0.114953667208
26659,0.200001684367
26660,0.223747909303
26661,0.217160135228
26662,0.025911947931
26663,0.096219506982
26664,0.247810527856
26665,0.029574528166
26666,0.076204013165
26667,0.963145294746
26668,0.943151029168
26669,0.682264595110
26670,0.011852088485
26671,0.025293972928
26672,0.021233756096
26673,0.082574207445
26674,0.410031270513
26675,0.087445568138
26676,0.051027682318
26677,0.014271236160
26678,0.054258643661
26679,0.063423943697
26680,0.062791660138
26681,0.022428645714
26682,0.396953958764
26683,0.031008794092
26684,0.055632471136
26685,0.116860404153
26686,0.087678490075
26687,0.055974501811
26688,0.065343763044
26689,0.242609079038
26690,0.314624612598
26691,0.031985437073
26692,0.195664138247
26693,0.098814740059
26694,0.128045282936
26695,0.952714036408
26696,0.848168450653
26697,0.641967894911
26698,0.197168660540
26699,0.022298981675
26700,0.420856241325
26701,0.068943125698
26702,0.189691809624
26703,0.053699880293
26704,0.082551092896
26705,0.025815324189
26706,0.118987673476
26707,0.127651839344
26708,0.162915770938
26709,0.138608029811
26710,0.513481050523
26711,0.449047026008
26712,0.216461231904
26713,0.154499891803
26714,0.094174156117
26715,0.052649234580
26716,0.127669035947
26717,0.054239194424
26718,0.045702010514
26719,0.117982824428
26720,0.123347505775
26721,0.057671597882
26722,0.097109817163
26723,0.026734107644
26724,0.925468486328
26725,0.972991419016
26726,0.948789572318
26727,0.122063179400
26728,0.047337107964
26729,0.227930215041
26730,0.019798188741
26731,0.378977345440
26732,0.023602374498
26733,0.014291259696
26734,0.020864513628
26735,0.021178254951
26736,0.064558892351
26737,0.088103639635
26738,0.069155303096
26739,0.404194432380
26740,0.942887246651
26741,0.077337732650
26742,0.100086714354
26743,0.138359299267
26744,0.170153547893
26745,0.070249845324
26746,0.330996057698
26747,0.229146589181
26748,0.037487750233
26749,0.069556535797
26750,0.102725094247
26751,0.109932501014
26752,0.059271800184
26753,0.028332373945
26754,0.359671558969
26755,0.283617714597
26756,0.217886964400
26757,0.079829945095
26758,0.031906593576
26759,0.138587621667
26760,0.016500150093
26761,0.082729697361
26762,0.258967795252
26763,0.030620105481
26764,0.037565283280
26765,0.038424681825
26766,0.017548017290
26767,0.022329534416
26768,0.058528157113
26769,0.054717185832
26770,0.329851338974
26771,0.663866507832
26772,0.280745662372
26773,0.186147630291
26774,0.101941272531
26775,0.167364439286
26776,0.157721084286
26777,0.611664552857
26778,0.092226341371
26779,0.042004734398
26780,0.028972109398
26781,0.150314536644
26782,0.144215663438
26783,0.133765090474
26784,0.405725661016
26785,0.354135630104
26786,0.171483112223
26787,0.968095795368
26788,0.111876132488
26789,0.025342426939
26790,0.206334463906
26791,0.221662986108
26792,0.023508538071
26793,0.306437692092
26794,0.075511726732
26795,0.042214305762
26796,0.050500586608
26797,0.065096699189
26798,0.152978682681
26799,0.444639827989
26800,0.272293171854
26801,0.572392653196
26802,0.279380611375
26803,0.160582598248
26804,0.147516001743
26805,0.338574353822
26806,0.018435212080
26807,0.023668025944
26808,0.130598734671
26809,0.076144739325
26810,0.057583720863
26811,0.465020052157
26812,0.183320081375
26813,0.044466182946
26814,0.567770948834
26815,0.363161741311
26816,0.061062577197
26817,0.132055171920
26818,0.089656965032
26819,0.044288847640
26820,0.015808409124
26821,0.035583107698
26822,0.055445711966
26823,0.088856458095
26824,0.117550703684
26825,0.119994022302
26826,0.467597588245
26827,0.760199975676
26828,0.484247268548
26829,0.365538734831
26830,0.646834051334
26831,0.099474712504
26832,0.052437464690
26833,0.058834319002
26834,0.136725980999
26835,0.183817149182
26836,0.060542242022
26837,0.031858602002
26838,0.077200423672
26839,0.148885967604
26840,0.025214033321
26841,0.013437837292
26842,0.040922050259
26843,0.104365004634
26844,0.022434330226
26845,0.034150011424
26846,0.024710871413
26847,0.014609999958
26848,0.036184188988
26849,0.091212962933
26850,0.055011204802
26851,0.077162012674
26852,0.327114525599
26853,0.177944836778
26854,0.345522642001
26855,0.707497001460
26856,0.606463383202
26857,0.283877904138
26858,0.202106293128
26859,0.058716877421
26860,0.122223533059
26861,0.019780028391
26862,0.961203263474
26863,0.063557762727
26864,0.022925107389
26865,0.082582815304
26866,0.063240479186
26867,0.114614677879
26868,0.053475066648
26869,0.062319907328
26870,0.049889512407
26871,0.022098452412
26872,0.032536254520
26873,0.086552473911
26874,0.109609340272
26875,0.605533415786
26876,0.372601862645
26877,0.223835878656
26878,0.960338351987
26879,0.295455964672
26880,0.466280214233
26881,0.146501656410
26882,0.033921416970
26883,0.027132012933
26884,0.054321166766
26885,0.055146519283
26886,0.023705207616
26887,0.030694842056
26888,0.070177548257
26889,0.512060593512
26890,0.113355688943
26891,0.365320459649
26892,0.052484654331
26893,0.096894013958
26894,0.135579229550
26895,0.133449705388
26896,0.225270560968
26897,0.199992307964
26898,0.013723465865
26899,0.028589715088
26900,0.151399087125
26901,0.904734022711
26902,0.352812413803
26903,0.680247733527
26904,0.329652957582
26905,0.278059267894
26906,0.153802070955
26907,0.222322869116
26908,0.041096132372
26909,0.035085994079
26910,0.017517791775
26911,0.060044393268
26912,0.034304032008
26913,0.118914364194
26914,0.166690516014
26915,0.058050563867
26916,0.211693077975
26917,0.034546357372
26918,0.072141918737
26919,0.347178143804
26920,0.050542715187
26921,0.086996483176
26922,0.113306240972
26923,0.175881144660
26924,0.045613371865
26925,0.221258953709
26926,0.171815577710
26927,0.084407374672
26928,0.119647253611
26929,0.027600383843
26930,0.101678048794
26931,0.100773396823
26932,0.066252704602
26933,0.120095432713
26934,0.125337074055
26935,0.050077863837
26936,0.034292955012
26937,0.022853230155
26938,0.215391418686
26939,0.017939954205
26940,0.017808447292
26941,0.214994041071
26942,0.036626014105
26943,0.036975351609
26944,0.107031362867
26945,0.049326945639
26946,0.080121901763
26947,0.072670510725
26948,0.161058221307
26949,0.360345850143
26950,0.640030582067
26951,0.105842340792
26952,0.016137771424
26953,0.020892793601
26954,0.021677921827
26955,0.026850300539
26956,0.087477532773
26957,0.070293976652
26958,0.114634378956
26959,0.021500483349
26960,0.034881352017
26961,0.020851479848
26962,0.028141933491
26963,0.022807655871
26964,0.021272820930
26965,0.043352324315
26966,0.085586027012
26967,0.096456991323
26968,0.349947360488
26969,0.017636273758
26970,0.023083306336
26971,0.063175957743
26972,0.061418648532
26973,0.105263382058
26974,0.378977701589
26975,0.117879484158
26976,0.020464402925
26977,0.223739860089
26978,0.033961955531
26979,0.021144558959
26980,0.077203419758
26981,0.132512805230
26982,0.045937222014
26983,0.017272807814
26984,0.022015968862
26985,0.017348585034
26986,0.190996762933
26987,0.018287892522
26988,0.030299434816
26989,0.147314805723
26990,0.069671740881
26991,0.052758930830
26992,0.022933534813
26993,0.036124308542
26994,0.075509975227
26995,0.362142889117
26996,0.035585974556
26997,0.019412425668
26998,0.022147567512
26999,0.053462930302
27000,0.065350209463
27001,0.239224989454
27002,0.074751796742
27003,0.225990437598
27004,0.089966033457
27005,0.033966053086
27006,0.025340175919
27007,0.045078846647
27008,0.053535575600
27009,0.032358918136
27010,0.337379966316
27011,0.022737909728
27012,0.022072443785
27013,0.253353133754
27014,0.026919005929
27015,0.115385558061
27016,0.054213856539
27017,0.016725678290
27018,0.288910935453
27019,0.680566981168
27020,0.141210930619
27021,0.083005176321
27022,0.022439781316
27023,0.074556075539
27024,0.044069252765
27025,0.047382233907
27026,0.089354828062
27027,0.094041339688
27028,0.075908392596
27029,0.967892151339
27030,0.087499339444
27031,0.021318931654
27032,0.068477685149
27033,0.075105453655
27034,0.020060300378
27035,0.032535029805
27036,0.115278159524
27037,0.337512943723
27038,0.068419728094
27039,0.216836323205
27040,0.034617351309
27041,0.081269637435
27042,0.022089147470
27043,0.096654057649
27044,0.024876341786
27045,0.024685517336
27046,0.054789245109
27047,0.057128621715
27048,0.026694231381
27049,0.062137714272
27050,0.139941467746
27051,0.038014641475
27052,0.035984481272
27053,0.039712489249
27054,0.084295271296
27055,0.066910227364
27056,0.026579888447
27057,0.045906179932
27058,0.948783055679
27059,0.058589243370
27060,0.110505465346
27061,0.054155674164
27062,0.041556390113
27063,0.040063488827
27064,0.046455757304
27065,0.015642504922
27066,0.025380654296
27067,0.206984779572
27068,0.034943828999
27069,0.014580690995
27070,0.021894969960
27071,0.047294480574
27072,0.114541838359
27073,0.020061814558
27074,0.128583540055
27075,0.048825245640
27076,0.022569719415
27077,0.045680325116
27078,0.352292173422
27079,0.027502191006
27080,0.029047892673
27081,0.014438859701
27082,0.017428642151
27083,0.050545828058
27084,0.049281213052
27085,0.146578343753
27086,0.072153891935
27087,0.017969275191
27088,0.025952826229
27089,0.020454813105
27090,0.089663602454
27091,0.221332750546
27092,0.099658065672
27093,0.080458235772
27094,0.081348952535
27095,0.028629724980
27096,0.044217493384
27097,0.097230055324
27098,0.258752584317
27099,0.231661773543
27100,0.031800169355
27101,0.025583820965
27102,0.016286220192
27103,0.026455600094
27104,0.017737422626
27105,0.029824014771
27106,0.013860966828
27107,0.019059101200
27108,0.015705792174
27109,0.017671606829
27110,0.023322925256
27111,0.030019660399
27112,0.071848092859
27113,0.053218466068
27114,0.121978789006
27115,0.016262683128
27116,0.115443230394
27117,0.015013108835
27118,0.255311087506
27119,0.023348235712
27120,0.016387927967
27121,0.022592581532
27122,0.012305625690
27123,0.014571709580
27124,0.015782030574
27125,0.029118525550
27126,0.017144977802
27127,0.019731882779
27128,0.015899248352
27129,0.019405480143
27130,0.089170913385
27131,0.028294227792
27132,0.050819031476
27133,0.013493987475
27134,0.062872135397
27135,0.018414690050
27136,0.016366970789
27137,0.018414212330
27138,0.118336207725
27139,0.033277337052
27140,0.045690673412
27141,0.012504535325
27142,0.014590720086
27143,0.033379487947
27144,0.017252160887
27145,0.106194660241
27146,0.022256441236
27147,0.014534537533
27148,0.015464611354
27149,0.022915347110
27150,0.262536782087
27151,0.056533772094
27152,0.068506503930
27153,0.083425754995
27154,0.025028555131
27155,0.012317340390
27156,0.017415425029
27157,0.071469416953
27158,0.019531601358
27159,0.013250090555
27160,0.101344571762
27161,0.019480307721
27162,0.104736524097
27163,0.014921716484
27164,0.146053025136
27165,0.020895121609
27166,0.035636176771
27167,0.035369601234
27168,0.043776659441
27169,0.029132161525
27170,0.012699887223
27171,0.020171608013
27172,0.016635815014
27173,0.033437935505
27174,0.016272643508
27175,0.016776018375
27176,0.080070684912
27177,0.064541180714
27178,0.160712598764
27179,0.031186137100
27180,0.024835815299
27181,0.017654366913
27182,0.012624225794
27183,0.015717113532
27184,0.023268989904
27185,0.058620989168
27186,0.023893067643
27187,0.014631815258
27188,0.018646601448
27189,0.025472646556
27190,0.045240996447
27191,0.152085248413
27192,0.237384458721
27193,0.015705287878
27194,0.103135753154
27195,0.019935319933
27196,0.023388548816
27197,0.027705895247
27198,0.059774274556
27199,0.037953474565
27200,0.050906746183
27201,0.044363837534
27202,0.045398120181
27203,0.079351981293
27204,0.054769760334
27205,0.018602177385
27206,0.038344929914
27207,0.134672149104
27208,0.032542193992
27209,0.082340037253
27210,0.054933776831
27211,0.139206362744
27212,0.330476341353
27213,0.056470636909
27214,0.341920743381
27215,0.060218232283
27216,0.175966822792
27217,0.092221633670
27218,0.104276272981
27219,0.025294327336
27220,0.091765151204
27221,0.016221104482
27222,0.015315861438
27223,0.117674765462
27224,0.052950811014
27225,0.787462980073
27226,0.114524183529
27227,0.049610125697
27228,0.120184787271
27229,0.022983943514
27230,0.049596905451
27231,0.030445221401
27232,0.020222811290
27233,0.041171659248
27234,0.081066576509
27235,0.132540541808
27236,0.538719711458
27237,0.477023919225
27238,0.060083580629
27239,0.124635691273
27240,0.136983416606
27241,0.016983036458
27242,0.056782537955
27243,0.042289268358
27244,0.062362810216
27245,0.032391836239
27246,0.403274481498
27247,0.203850039321
27248,0.149493311221
27249,0.520958756266
27250,0.097040537461
27251,0.454207289072
27252,0.073462022743
27253,0.281726123999
27254,0.066534347566
27255,0.053204582560
27256,0.041922047240
27257,0.077626603125
27258,0.083172553696
27259,0.114389651016
27260,0.094051169112
27261,0.035371017469
27262,0.079322130102
27263,0.352700654068
27264,0.050432766378
27265,0.037003962682
27266,0.050556831462
27267,0.071621170879
27268,0.083083809953
27269,0.029093874228
27270,0.058299887590
27271,0.029732095355
27272,0.045855964929
27273,0.131545371627
27274,0.040883600953
27275,0.167054616207
27276,0.042223225119
27277,0.038580268440
27278,0.031426725115
27279,0.018011399246
27280,0.024536641559
27281,0.456886754217
27282,0.076173776700
27283,0.073654921537
27284,0.194235157015
27285,0.305924729385
27286,0.012894177573
27287,0.095695498354
27288,0.061265887805
27289,0.024682568190
27290,0.027342550746
27291,0.036740230139
27292,0.069890065851
27293,0.055194176609
27294,0.081359181062
27295,0.177724523456
27296,0.415187888950
27297,0.020115597779
27298,0.308873268585
27299,0.051887279124
27300,0.015488689833
27301,0.026844051981
27302,0.032835958392
27303,0.033554157822
27304,0.332173635872
27305,0.016265083913
27306,0.036923519155
27307,0.065144508056
27308,0.039311415101
27309,0.026610461758
27310,0.124274215736
27311,0.489909114584
27312,0.080402242427
27313,0.093784132494
27314,0.022498824825
27315,0.027915765135
27316,0.064837852324
27317,0.071388411913
27318,0.016930009615
27319,0.025693898571
27320,0.111664538017
27321,0.154427492457
27322,0.083027746019
27323,0.066553206358
27324,0.063250404847
27325,0.031971016314
27326,0.031504247695
27327,0.028331941894
27328,0.029009800844
27329,0.111099415216
27330,0.077132619619
27331,0.315366874518
27332,0.030465776908
27333,0.063850770178
27334,0.041388820709
27335,0.025335471218
27336,0.019472096837
27337,0.027586759531
27338,0.043802276305
27339,0.027982767184
27340,0.062101431450
27341,0.192596763937
27342,0.279111903899
27343,0.047632433472
27344,0.051159551057
27345,0.039134181374
27346,0.081959510521
27347,0.064750601602
27348,0.021260703765
27349,0.061958833619
27350,0.022045729739
27351,0.026126780626
27352,0.157485422736
27353,0.036054572832
27354,0.021723534290
27355,0.012182274076
27356,0.199835507435
27357,0.061517078156
27358,0.302357389952
27359,0.321569880132
27360,0.225780226382
27361,0.059382375651
27362,0.057788962583
27363,0.023977272064
27364,0.056818617165
27365,0.042476276888
27366,0.018821409511
27367,0.149340166656
27368,0.049888314787
27369,0.627304754037
27370,0.112230747589
27371,0.024660011611
27372,0.021903329961
27373,0.104614724658
27374,0.055407592391
27375,0.055801296039
27376,0.024040237824
27377,0.015459189046
27378,0.050985261227
27379,0.034908272997
27380,0.022059505887
27381,0.026693462768
27382,0.073885876024
27383,0.048497370567
27384,0.095271913581
27385,0.059173260885
27386,0.113542702053
27387,0.231648802633
27388,0.361499602769
27389,0.091067243824
27390,0.035388382195
27391,0.073460023750
27392,0.022545043226
27393,0.031417121243
27394,0.015170541445
27395,0.089057092059
27396,0.062532778652
27397,0.111320966771
27398,0.066556828005
27399,0.086976847872
27400,0.042978766042
27401,0.067891279035
27402,0.026874646153
27403,0.024216837477
27404,0.021592466866
27405,0.136826723345
27406,0.019566712418
27407,0.026770846078
27408,0.067789145854
27409,0.015788349776
27410,0.015708032521
27411,0.020408538769
27412,0.044472519076
27413,0.067732559083
27414,0.078971538123
27415,0.102623695711
27416,0.100163737865
27417,0.314529802721
27418,0.213912752577
27419,0.228403835475
27420,0.023828233548
27421,0.094633946200
27422,0.042550260032
27423,0.054771544657
27424,0.087568680446
27425,0.031534507026
27426,0.057080592043
27427,0.056386971334
27428,0.018492945860
27429,0.049440775078
27430,0.058880665551
27431,0.030281522884
27432,0.063120448869
27433,0.024065024173
27434,0.023344396335
27435,0.094301670431
27436,0.039396845829
27437,0.117820361074
27438,0.061966931429
27439,0.134767332544
27440,0.472808686674
27441,0.134499990292
27442,0.130504271292
27443,0.069828569236
27444,0.086845397478
27445,0.080802266008
27446,0.088275878925
27447,0.057045900177
27448,0.291259827267
27449,0.084226656546
27450,0.061613710645
27451,0.046283676776
27452,0.062508783945
27453,0.026373428371
27454,0.020231447416
27455,0.022160448196
27456,0.058015447652
27457,0.275329222725
27458,0.063764963523
27459,0.045930161405
27460,0.122212210272
27461,0.715151222713
27462,0.103594990946
27463,0.021979349158
27464,0.304368844029
27465,0.071079772199
27466,0.180114975525
27467,0.268121094363
27468,0.083759064150
27469,0.015591121394
27470,0.057028384976
27471,0.074003350793
27472,0.112813788450
27473,0.160501166670
27474,0.058615916227
27475,0.141396811088
27476,0.067887836523
27477,0.016221115214
27478,0.063447930609
27479,0.022591461555
27480,0.055612686269
27481,0.066417875901
27482,0.025932596335
27483,0.127717706688
27484,0.153963083164
27485,0.250225419011
27486,0.091058247191
27487,0.037835692638
27488,0.096416480046
27489,0.175895918592
27490,0.333841448856
27491,0.057273443808
27492,0.014594973534
27493,0.070028176437
27494,0.032570876788
27495,0.072659116675
27496,0.561004719644
27497,0.026583325226
27498,0.113364094199
27499,0.383296816509
27500,0.165999000536
27501,0.038679551253
27502,0.066687956132
27503,0.324824505740
27504,0.326562479516
27505,0.113060125550
27506,0.110365062603
27507,0.181906810637
27508,0.165043947440
27509,0.112813796611
27510,0.161151168335
27511,0.353328533187
27512,0.073132270300
27513,0.012534004174
27514,0.022450668789
27515,0.054340309252
27516,0.091067491262
27517,0.066501204583
27518,0.200667708895
27519,0.941272112384
27520,0.081213341635
27521,0.368526073189
27522,0.017035114305
27523,0.043469438872
27524,0.336810455519
27525,0.053765503068
27526,0.082746895370
27527,0.029711861908
27528,0.043045135856
27529,0.489893694244
27530,0.298995311518
27531,0.097440240470
27532,0.256509644814
27533,0.147092752354
27534,0.240259459942
27535,0.364450451616
27536,0.336475903553
27537,0.034623286261
27538,0.268247411569
27539,0.221606674023
27540,0.212671019875
27541,0.922413037497
27542,0.395466233890
27543,0.399166958194
27544,0.028231793005
27545,0.205207071186
27546,0.092147558758
27547,0.022662888169
27548,0.027221879734
27549,0.051235373176
27550,0.011928970752
27551,0.022037862883
27552,0.030986410924
27553,0.087731955646
27554,0.125173992278
27555,0.100401921082
27556,0.104926405199
27557,0.203826549312
27558,0.228381168948
27559,0.205361137670
27560,0.027435147552
27561,0.113449957957
27562,0.248107560872
27563,0.075559021417
27564,0.960643752729
27565,0.937420022494
27566,0.686067156279
27567,0.011846095405
27568,0.027011297149
27569,0.022148513453
27570,0.208669335854
27571,0.402422038987
27572,0.085706221292
27573,0.047363333835
27574,0.026502032134
27575,0.056690517081
27576,0.060152406808
27577,0.064152257812
27578,0.023535073982
27579,0.441710470053
27580,0.029643444063
27581,0.052450491831
27582,0.119367318059
27583,0.091970354694
27584,0.057141764991
27585,0.064599784945
27586,0.242780568675
27587,0.322903493348
27588,0.036706349383
27589,0.201725071330
27590,0.096266803618
27591,0.121447831613
27592,0.955441443863
27593,0.849384849321
27594,0.647833454205
27595,0.019372723189
27596,0.201413055769
27597,0.020947067689
27598,0.013574070922
27599,0.413347154032
27600,0.076829460063
27601,0.253205490216
27602,0.055824399319
27603,0.092658899475
27604,0.025188901314
27605,0.115411503608
27606,0.118043126627
27607,0.162329518025
27608,0.140969946155
27609,0.520916749498
27610,0.426545471637
27611,0.220008270362
27612,0.148271643325
27613,0.098369606748
27614,0.052105308561
27615,0.127039882149
27616,0.054362687363
27617,0.043708941425
27618,0.018385652838
27619,0.120492152821
27620,0.139117133187
27621,0.060652025731
27622,0.108939785076
27623,0.920024224406
27624,0.972928296180
27625,0.949296833760
27626,0.128008921607
27627,0.041631763560
27628,0.219245640787
27629,0.022955692577
27630,0.375542097053
27631,0.022781843201
27632,0.014497791465
27633,0.019547686076
27634,0.020281208718
27635,0.060960155220
27636,0.093623804899
27637,0.070954591019
27638,0.402404321750
27639,0.939191248462
27640,0.081455808942
27641,0.101139498491
27642,0.140049933174
27643,0.166629645565
27644,0.065803427876
27645,0.329251729822
27646,0.230432990431
27647,0.034940678841
27648,0.077388401949
27649,0.092878115572
27650,0.108406423497
27651,0.061722590339
27652,0.027884869676
27653,0.368997284191
27654,0.291281196262
27655,0.217145897113
27656,0.082208931108
27657,0.033935782469
27658,0.141122163082
27659,0.016549471460
27660,0.081686225874
27661,0.265324267641
27662,0.030221571311
27663,0.043413615436
27664,0.062640461591
27665,0.049405604193
27666,0.328337995626
27667,0.677689658357
27668,0.278839432417
27669,0.196491489775
27670,0.108699270414
27671,0.167940393346
27672,0.153371265867
27673,0.609248956634
27674,0.095025996311
27675,0.042924936624
27676,0.030699282667
27677,0.153709165427
27678,0.153199494045
27679,0.144299442122
27680,0.411416139895
27681,0.277919736476
27682,0.176991809457
27683,0.968013429848
27684,0.113855917900
27685,0.024735773516
27686,0.139736161253
27687,0.224128573217
27688,0.023637422163
27689,0.053972522804
27690,0.236948862689
27691,0.071215422499
27692,0.041338735974
27693,0.052668547010
27694,0.066391903002
27695,0.154628222704
27696,0.410429249008
27697,0.214562410742
27698,0.324599858796
27699,0.290814752274
27700,0.153865643411
27701,0.149299066007
27702,0.337856119527
27703,0.025155583928
27704,0.128419747802
27705,0.076504469509
27706,0.054209653357
27707,0.478795670795
27708,0.250990273177
27709,0.043167072588
27710,0.572580364140
27711,0.342833306816
27712,0.011441092421
27713,0.198659931671
27714,0.137408936149
27715,0.092163011711
27716,0.040986755244
27717,0.016542064887
27718,0.019115798361
27719,0.014220841803
27720,0.033757128663
27721,0.048522677982
27722,0.087993657923
27723,0.116052062517
27724,0.114194758394
27725,0.441781339584
27726,0.761113608445
27727,0.472081090461
27728,0.378855722562
27729,0.602371382032
27730,0.103640769608
27731,0.052634234400
27732,0.060179339727
27733,0.214150059325
27734,0.188870933336
27735,0.063125259058
27736,0.033551822250
27737,0.073897903699
27738,0.150979514036
27739,0.032328972222
27740,0.034991102069
27741,0.108628672792
27742,0.020169327062
27743,0.017575902293
27744,0.035723435056
27745,0.023766858858
27746,0.014605225496
27747,0.035925530003
27748,0.085901679104
27749,0.053537147731
27750,0.075125009428
27751,0.334786389549
27752,0.169160852882
27753,0.350678130872
27754,0.684418927505
27755,0.645165169052
27756,0.278686519440
27757,0.202358192421
27758,0.016524378601
27759,0.057355411745
27760,0.121663187281
27761,0.019091206830
27762,0.037984870410
27763,0.962151447025
27764,0.057873337338
27765,0.023994244505
27766,0.078372219967
27767,0.066944258837
27768,0.115928210604
27769,0.053164330649
27770,0.065827625778
27771,0.021594808347
27772,0.052709968518
27773,0.016569375476
27774,0.030641877517
27775,0.087645677838
27776,0.110845337977
27777,0.608559726956
27778,0.370239133146
27779,0.230198928433
27780,0.959198009093
27781,0.384449087561
27782,0.478285690301
27783,0.150425897137
27784,0.036359626832
27785,0.027940301302
27786,0.024970366368
27787,0.048763237197
27788,0.054221048397
27789,0.021093784849
27790,0.031113060602
27791,0.068003788758
27792,0.490477669712
27793,0.123900762104
27794,0.352468165154
27795,0.197349602306
27796,0.102817249144
27797,0.145643856959
27798,0.136323447618
27799,0.167214716693
27800,0.045717268245
27801,0.014041593184
27802,0.038573512068
27803,0.154864940042
27804,0.875816260815
27805,0.350336569504
27806,0.684451151733
27807,0.256154574977
27808,0.285283123862
27809,0.147475973328
27810,0.216494305392
27811,0.047123800646
27812,0.017455341970
27813,0.033238484013
27814,0.054201453211
27815,0.030851616386
27816,0.118528820632
27817,0.163615692938
27818,0.075132862404
27819,0.258151922765
27820,0.034640461261
27821,0.066699184429
27822,0.337806156494
27823,0.055356125683
27824,0.106683127772
27825,0.233595554274
27826,0.045811142653
27827,0.012105011792
27828,0.227046777642
27829,0.176846823739
27830,0.078157491233
27831,0.211525730643
27832,0.025994922519
27833,0.101632873483
27834,0.098328916265
27835,0.066388529912
27836,0.128414044448
27837,0.124001210896
27838,0.047188073408
27839,0.034419110147
27840,0.023147415878
27841,0.215479627135
27842,0.018041844372
27843,0.102926193928
27844,0.038532380333
27845,0.107123699037
27846,0.052881576556
27847,0.078519140874
27848,0.013570328862
27849,0.070723578782
27850,0.173170068863
27851,0.355176462562
27852,0.657299082247
27853,0.103284244329
27854,0.028602368922
27855,0.086157359789
27856,0.062614169535
27857,0.122875867610
27858,0.019198500509
27859,0.037835301374
27860,0.021168147468
27861,0.028236346195
27862,0.021730616443
27863,0.020358164189
27864,0.042663008939
27865,0.083890831911
27866,0.092620767173
27867,0.366696407462
27868,0.019828498614
27869,0.024420532627
27870,0.197111892418
27871,0.063014472790
27872,0.109972551342
27873,0.399955359448
27874,0.124516518066
27875,0.021279843452
27876,0.010603165730
27877,0.216627576818
27878,0.035673097329
27879,0.023647536840
27880,0.079581329712
27881,0.134497673227
27882,0.043076019141
27883,0.016988275410
27884,0.023026155176
27885,0.017436392492
27886,0.182737316322
27887,0.016806963447
27888,0.028701752491
27889,0.146496316931
27890,0.075149910043
27891,0.056018417971
27892,0.022500675489
27893,0.034563376233
27894,0.073489334799
27895,0.346235348718
27896,0.035805566069
27897,0.019327338853
27898,0.024520074484
27899,0.054962814798
27900,0.061232833187
27901,0.166279395784
27902,0.075549721752
27903,0.237784462975
27904,0.088389368878
27905,0.032780212744
27906,0.022789629899
27907,0.044287221499
27908,0.056171442785
27909,0.034695986467
27910,0.330588603595
27911,0.023921958635
27912,0.022187125430
27913,0.241889891257
27914,0.026399766507
27915,0.116557347716
27916,0.053867797536
27917,0.017402864990
27918,0.274025719689
27919,0.647448879866
27920,0.149009362114
27921,0.083941871195
27922,0.019056893246
27923,0.079908197038
27924,0.040440233799
27925,0.053641805519
27926,0.211291186239
27927,0.097241007162
27928,0.076701303122
27929,0.969192509114
27930,0.025571304993
27931,0.086955255412
27932,0.066681155951
27933,0.069270957238
27934,0.022095373464
27935,0.031880936367
27936,0.111740885638
27937,0.338652308379
27938,0.068241770277
27939,0.221792477315
27940,0.033991664088
27941,0.024738312009
27942,0.072816814842
27943,0.014240463389
27944,0.019384810215
27945,0.093302366321
27946,0.023118142054
27947,0.024082103580
27948,0.050931148171
27949,0.059018396647
27950,0.024295262565
27951,0.025904145375
27952,0.064972011592
27953,0.134647839599
27954,0.039140192674
27955,0.036524952219
27956,0.024838135281
27957,0.038724993282
27958,0.083111094528
27959,0.089669720661
27960,0.044443655012
27961,0.950078266225
27962,0.058793005469
27963,0.116249264472
27964,0.058831992146
27965,0.047656433846
27966,0.039557121818
27967,0.047622928095
27968,0.015087180358
27969,0.021938472353
27970,0.194971345252
27971,0.035566268673
27972,0.011803322059
27973,0.016375875886
27974,0.047175845185
27975,0.116063068670
27976,0.019681236366
27977,0.015742869874
27978,0.117029782013
27979,0.050269856188
27980,0.023992176117
27981,0.040737309444
27982,0.367333584722
27983,0.026473093879
27984,0.027290194023
27985,0.012257559926
27986,0.017422027279
27987,0.043957681709
27988,0.050096537394
27989,0.235959926575
27990,0.072466177166
27991,0.017171809959
27992,0.019967189773
27993,0.016392135033
27994,0.089384746797
27995,0.212376878380
27996,0.082033767823
27997,0.081664270472
27998,0.081104795295
27999,0.026399112313
28000,0.041345593021
28001,0.026069654986
28002,0.206743147184
28003,0.192163350698
28004,0.227496234744
28005,0.025568990414
28006,0.025342392088
28007,0.016422972254
28008,0.018755068398
28009,0.029183994802
28010,0.013006048258
28011,0.017670955275
28012,0.022524696968
28013,0.031023612491
28014,0.077701941529
28015,0.052192561475
28016,0.125202509471
28017,0.016797936471
28018,0.129606425343
28019,0.014832214509
28020,0.341017848401
28021,0.019276597071
28022,0.011866148054
28023,0.020952056029
28024,0.015424472436
28025,0.019242689765
28026,0.024339971586
28027,0.029521528586
28028,0.016617171329
28029,0.012173835151
28030,0.017904894699
28031,0.016307298006
28032,0.015294747700
28033,0.077572161484
28034,0.026658709539
28035,0.050596607564
28036,0.062771568146
28037,0.017721977340
28038,0.013958086186
28039,0.015816139961
28040,0.120081274478
28041,0.033374367603
28042,0.043282042857
28043,0.013657772926
28044,0.018063644643
28045,0.034763427344
28046,0.015076887816
28047,0.109381735865
28048,0.022207462775
28049,0.014126739412
28050,0.016202747688
28051,0.022002190813
28052,0.375094658278
28053,0.057059181595
28054,0.071901975638
28055,0.079387277684
28056,0.064865341807
28057,0.018312359579
28058,0.013540691562
28059,0.101975940685
28060,0.019009112136
28061,0.109477094229
28062,0.215764510023
28063,0.021977743415
28064,0.038056709523
28065,0.041263414845
28066,0.028240245255
28067,0.018994239262
28068,0.012892948874
28069,0.033910811710
28070,0.016940765540
28071,0.017493156050
28072,0.075712630180
28073,0.065938012264
28074,0.029610235739
28075,0.239050122658
28076,0.021662752721
28077,0.033152180836
28078,0.028821472468
28079,0.015889377897
28080,0.022899990972
28081,0.057062230959
28082,0.022096323267
28083,0.015583852858
28084,0.031781977122
28085,0.024945369022
28086,0.013996340818
28087,0.046670706816
28088,0.253824349678
28089,0.150919270055
28090,0.017146676335
28091,0.021271127485
28092,0.099472270995
28093,0.018707597621
28094,0.031853683737
28095,0.069590132194
28096,0.024768703777
28097,0.039254215247
28098,0.052649371455
28099,0.015497979079
28100,0.055932655312
28101,0.054442836145
28102,0.039817398718
28103,0.082006255859
28104,0.059873453961
28105,0.018120409708
28106,0.025080088411
28107,0.035573669187
28108,0.247337305149
28109,0.030460374803
28110,0.088097229290
28111,0.248254620697
28112,0.339599130734
28113,0.025037034594
28114,0.030358986047
28115,0.054411469095
28116,0.252867116722
28117,0.058188634997
28118,0.264947758976
28119,0.091400596750
28120,0.226978008260
28121,0.056643647037
28122,0.103397352378
28123,0.023609600820
28124,0.016248741786
28125,0.021127249496
28126,0.231183387816
28127,0.050909541913
28128,0.738293046037
28129,0.220479699956
28130,0.059602305759
28131,0.049351161798
28132,0.144013703844
28133,0.049881338006
28134,0.017910600803
28135,0.025692558691
28136,0.046447064593
28137,0.031834763235
28138,0.020140782348
28139,0.018340604826
28140,0.091524402537
28141,0.246132016346
28142,0.541673047854
28143,0.496802609563
28144,0.036740331664
28145,0.061365650920
28146,0.023863895327
28147,0.130132340868
28148,0.155471523909
28149,0.060500054995
28150,0.045409766791
28151,0.063472562320
28152,0.070921751848
28153,0.030140792673
28154,0.391794956801
28155,0.105846616656
28156,0.158815292420
28157,0.524151428628
28158,0.101225925972
28159,0.020526750723
28160,0.479154274681
28161,0.026357875412
28162,0.072051865541
28163,0.531537383550
28164,0.066298899936
28165,0.052498774284
28166,0.042028380126
28167,0.086129725424
28168,0.075074865520
28169,0.116675304771
28170,0.108816125734
28171,0.034038973532
28172,0.021804039740
28173,0.082211990600
28174,0.246871571539
28175,0.043961688926
28176,0.033686684707
28177,0.062296074052
28178,0.068554011554
28179,0.090139242096
28180,0.034959289190
28181,0.031457807545
28182,0.073313707287
28183,0.076874169160
28184,0.027470584313
28185,0.054813404960
28186,0.149740213946
28187,0.043019120783
28188,0.253639759470
28189,0.023731698264
28190,0.043948882373
28191,0.036779891202
28192,0.033318562794
28193,0.020648965410
28194,0.017621471675
28195,0.446772322443
28196,0.204753342575
28197,0.077833116519
28198,0.196154850638
28199,0.286689286754
28200,0.094514273754
28201,0.065760567312
28202,0.020808285748
28203,0.040775041489
28204,0.015844010397
28205,0.067806537832
28206,0.060191442252
28207,0.085435108258
28208,0.177665503351
28209,0.416738471662
28210,0.308018593188
28211,0.052740230619
28212,0.016696350788
28213,0.027282577698
28214,0.034868550565
28215,0.030648543091
28216,0.330553233870
28217,0.019165538873
28218,0.045569469203
28219,0.017643948762
28220,0.071949025270
28221,0.040814930990
28222,0.031178590976
28223,0.123016771967
28224,0.489411636662
28225,0.072039249721
28226,0.212943223257
28227,0.022649869985
28228,0.029518403557
28229,0.062865721585
28230,0.068847268283
28231,0.026131864311
28232,0.111482193831
28233,0.134872902940
28234,0.087353850250
28235,0.067652729883
28236,0.062812503352
28237,0.031773309923
28238,0.027461379357
28239,0.029670167754
28240,0.113917007004
28241,0.077770909918
28242,0.310560816975
28243,0.032422826581
28244,0.061227357337
28245,0.039010767903
28246,0.028576874549
28247,0.019532621049
28248,0.026361915755
28249,0.042665603820
28250,0.029368377029
28251,0.063026833794
28252,0.204725968896
28253,0.373805847747
28254,0.053839936738
28255,0.053965792296
28256,0.038329086635
28257,0.084191281279
28258,0.053511633624
28259,0.020666575182
28260,0.058377002770
28261,0.020808362988
28262,0.022380343218
28263,0.024961977697
28264,0.154409876156
28265,0.033692423134
28266,0.021453325085
28267,0.028341163662
28268,0.013328437598
28269,0.206274282930
28270,0.063289644051
28271,0.312143006954
28272,0.317689762298
28273,0.323358837331
28274,0.059226747632
28275,0.056530014910
28276,0.022747849896
28277,0.055512641309
28278,0.041680425431
28279,0.142704339542
28280,0.050146579538
28281,0.592796390730
28282,0.098341388209
28283,0.026484744672
28284,0.017566526806
28285,0.096671174130
28286,0.054272891715
28287,0.052583201469
28288,0.024083414382
28289,0.016100525584
28290,0.017692402698
28291,0.053548049804
28292,0.021471077321
28293,0.023689384163
28294,0.076472722470
28295,0.042933195719
28296,0.209466856802
28297,0.059208649891
28298,0.115308128847
28299,0.232942624354
28300,0.363623228462
28301,0.085197554747
28302,0.035720410385
28303,0.080196048863
28304,0.031107535046
28305,0.103883770992
28306,0.061868491462
28307,0.116162321671
28308,0.066929779019
28309,0.096833501435
28310,0.042434287042
28311,0.065868171221
28312,0.025659108714
28313,0.023981034340
28314,0.021238237044
28315,0.135005850711
28316,0.020347109886
28317,0.025536164702
28318,0.072021865834
28319,0.028110501374
28320,0.017714930188
28321,0.042526211272
28322,0.066128587302
28323,0.077367804184
28324,0.103238834116
28325,0.098894491534
28326,0.323126606322
28327,0.218757779330
28328,0.228653312644
28329,0.020057706238
28330,0.092696745434
28331,0.044107510462
28332,0.054440171719
28333,0.091972317088
28334,0.026852881676
28335,0.028807053816
28336,0.059021518808
28337,0.056081228915
28338,0.050984536822
28339,0.065852392367
28340,0.030557590385
28341,0.060240646593
28342,0.022563934824
28343,0.095146279627
28344,0.017843138839
28345,0.038623531876
28346,0.123018391069
28347,0.062095186028
28348,0.206980322597
28349,0.483943776121
28350,0.125972063715
28351,0.127979463135
28352,0.071497208860
28353,0.083165529711
28354,0.091445882928
28355,0.085184815786
28356,0.061368356933
28357,0.017334467287
28358,0.029482186177
28359,0.383749043916
28360,0.087067202219
28361,0.061946261607
28362,0.044437052521
28363,0.065898798787
28364,0.023175970045
28365,0.025601858380
28366,0.021464889235
28367,0.023044592068
28368,0.056408086989
28369,0.386712306009
28370,0.063618993478
28371,0.045853329596
28372,0.122931364026
28373,0.741472822167
28374,0.102373444940
28375,0.023560028663
28376,0.314816919452
28377,0.070856868070
28378,0.179921679414
28379,0.260263881644
28380,0.079125027613
28381,0.018360505661
28382,0.060695055352
28383,0.074365660678
28384,0.100696415542
28385,0.149582460061
28386,0.068306148378
28387,0.141173598939
28388,0.067638153948
28389,0.060127420456
28390,0.014866160020
28391,0.018794552031
28392,0.021657491994
28393,0.053085828906
28394,0.063666234561
28395,0.029023752374
28396,0.121105568946
28397,0.155084021322
28398,0.323916280770
28399,0.090647410202
28400,0.035383215979
28401,0.098363588886
28402,0.173285274703
28403,0.328188796151
28404,0.055880473109
28405,0.073298158993
28406,0.030434091681
28407,0.080536673434
28408,0.536799886648
28409,0.027188950320
28410,0.122931654736
28411,0.366244115016
28412,0.231332752486
28413,0.018620836023
28414,0.037027746928
28415,0.064800278783
28416,0.318004206930
28417,0.320646577084
28418,0.015208373979
28419,0.110400290662
28420,0.106055754337
28421,0.178375039533
28422,0.171306212261
28423,0.113649013385
28424,0.158455181507
28425,0.351015311685
28426,0.080537675144
28427,0.023103876891
28428,0.050295832987
28429,0.104191837328
28430,0.066672843878
28431,0.210645620472
28432,0.930107461162
28433,0.078056864098
28434,0.354808812104
28435,0.016334398940
28436,0.046938661469
28437,0.264509963954
28438,0.015380215589
28439,0.052799007338
28440,0.078601315047
28441,0.030011341772
28442,0.041032679182
28443,0.011071928895
28444,0.466640443690
28445,0.199407866988
28446,0.095719463232
28447,0.261904723724
28448,0.153952480521
28449,0.248943915952
28450,0.366031013003
28451,0.338213438066
28452,0.251956595633
28453,0.215608665067
28454,0.126513464817
28455,0.917639664603
28456,0.402224303732
28457,0.411993011538
28458,0.012160728703
28459,0.028100509238
28460,0.213075832295
28461,0.090315477167
28462,0.025464573385
28463,0.024173394488
28464,0.024002960946
28465,0.053097102740
28466,0.011943973564
28467,0.012162793348
28468,0.019192072773
28469,0.030277463290
28470,0.202259957718
28471,0.126915222425
28472,0.100184084854
28473,0.111416697853
28474,0.097859551511
28475,0.220948849694
28476,0.222825712866
28477,0.025967970927
28478,0.118624277972
28479,0.243257310392
28480,0.029051511938
28481,0.076190260381
28482,0.961204807941
28483,0.937797579591
28484,0.697680655261
28485,0.011879208698
28486,0.023544795708
28487,0.022441458386
28488,0.090900703921
28489,0.412602923295
28490,0.084906321195
28491,0.018545262232
28492,0.048565804631
28493,0.028800096843
28494,0.012609538280
28495,0.014753941895
28496,0.053426431153
28497,0.062709510333
28498,0.062132856303
28499,0.020284822324
28500,0.383308376512
28501,0.029728460452
28502,0.051501020381
28503,0.116159615045
28504,0.091551348199
28505,0.057993440301
28506,0.065739352798
28507,0.233097529633
28508,0.217849821223
28509,0.037867586425
28510,0.190580706272
28511,0.103699746584
28512,0.132577055115
28513,0.952600621394
28514,0.853294315372
28515,0.642076172257
28516,0.019483587764
28517,0.098465236222
28518,0.020176422203
28519,0.418427453902
28520,0.074601868454
28521,0.260868105988
28522,0.056411884043
28523,0.086888251471
28524,0.026016514862
28525,0.122923753865
28526,0.122482953573
28527,0.160948212415
28528,0.138860336507
28529,0.525127929949
28530,0.454873478772
28531,0.218016191401
28532,0.142060911474
28533,0.093499825675
28534,0.056701243271
28535,0.128494785491
28536,0.059548668630
28537,0.044971784982
28538,0.112674005223
28539,0.136713420075
28540,0.058130757034
28541,0.115427456723
28542,0.027399216402
28543,0.919313626726
28544,0.972856443376
28545,0.940948428786
28546,0.119449770374
28547,0.045561863482
28548,0.213539966793
28549,0.018240300640
28550,0.376562135482
28551,0.024957688545
28552,0.012586254857
28553,0.020382114512
28554,0.021600227625
28555,0.059921634728
28556,0.095134589652
28557,0.068663216223
28558,0.391646554112
28559,0.938163976388
28560,0.075676812339
28561,0.095027517189
28562,0.139716314823
28563,0.167378765028
28564,0.064968025834
28565,0.330739653530
28566,0.234147096774
28567,0.031074444831
28568,0.079183446285
28569,0.090973973808
28570,0.116598309483
28571,0.060958696389
28572,0.277494864960
28573,0.363517590307
28574,0.217076183420
28575,0.080446270667
28576,0.031414294639
28577,0.143799428447
28578,0.016672077764
28579,0.082383758709
28580,0.267713619795
28581,0.030729560117
28582,0.042814408908
28583,0.059791264436
28584,0.050299776933
28585,0.335951820331
28586,0.661284804605
28587,0.268217882047
28588,0.284422655052
28589,0.113105937189
28590,0.170129671161
28591,0.155768635774
28592,0.614253270365
28593,0.092551335121
28594,0.032108580302
28595,0.041373691031
28596,0.028867198710
28597,0.207016302632
28598,0.137610646179
28599,0.229429909248
28600,0.305849373468
28601,0.274187187408
28602,0.235069456812
28603,0.967919276060
28604,0.104446219799
28605,0.024794934423
28606,0.134514067936
28607,0.220019295966
28608,0.024062916861
28609,0.054962094951
28610,0.299750048276
28611,0.067570687671
28612,0.041102374145
28613,0.051864916404
28614,0.061674766938
28615,0.158229166404
28616,0.405700266649
28617,0.278780902031
28618,0.322542072705
28619,0.280769456215
28620,0.160639140595
28621,0.160264208818
28622,0.259051049467
28623,0.025221048529
28624,0.136765700347
28625,0.076506453923
28626,0.057587574906
28627,0.476856710318
28628,0.250193440284
28629,0.055240315555
28630,0.548083862613
28631,0.356833302998
28632,0.011615207701
28633,0.070098771975
28634,0.150428647555
28635,0.091878100161
28636,0.042350342830
28637,0.016556569720
28638,0.018944260149
28639,0.031553793617
28640,0.048116110638
28641,0.086221701484
28642,0.115648412539
28643,0.113624267724
28644,0.452339964035
28645,0.762021241253
28646,0.467460098868
28647,0.368625233842
28648,0.648919885519
28649,0.108405607047
28650,0.054726563631
28651,0.064126966914
28652,0.138566721250
28653,0.250121856979
28654,0.063643653023
28655,0.194999661803
28656,0.076070092523
28657,0.144205797071
28658,0.026078282715
28659,0.119074437449
28660,0.021956122848
28661,0.017552549666
28662,0.036729046166
28663,0.023821421737
28664,0.010500089433
28665,0.038571247951
28666,0.084891268762
28667,0.053579888326
28668,0.074544729320
28669,0.334050129745
28670,0.183127406036
28671,0.351164059593
28672,0.711505520746
28673,0.634224129698
28674,0.283120566609
28675,0.201899258105
28676,0.058097507301
28677,0.120921140357
28678,0.020155064409
28679,0.015628577951
28680,0.035406303526
28681,0.959981805952
28682,0.058900948288
28683,0.025388548787
28684,0.199576579126
28685,0.073274668989
28686,0.213320785190
28687,0.054127771009
28688,0.065362204635
28689,0.021934965944
28690,0.049066041889
28691,0.033193706239
28692,0.086531992358
28693,0.107747537125
28694,0.608378956083
28695,0.369506582985
28696,0.230747136179
28697,0.959559467254
28698,0.384516555066
28699,0.498763828782
28700,0.160767153469
28701,0.030725509713
28702,0.026258779585
28703,0.050225043973
28704,0.054574250330
28705,0.033252243466
28706,0.202122125775
28707,0.496732116495
28708,0.128935542506
28709,0.360600090384
28710,0.198708476912
28711,0.097977409773
28712,0.153741489103
28713,0.131055095191
28714,0.162761975222
28715,0.049509067390
28716,0.027290998709
28717,0.040280358221
28718,0.149185696485
28719,0.887799589795
28720,0.345781607625
28721,0.688364568064
28722,0.330465526105
28723,0.282183904487
28724,0.151764177461
28725,0.226742896145
28726,0.034235792925
28727,0.017611637267
28728,0.050014663937
28729,0.031005185619
28730,0.118995607569
28731,0.171567542387
28732,0.080642424363
28733,0.335081168747
28734,0.034749013081
28735,0.068530530173
28736,0.335818566319
28737,0.054154958023
28738,0.014144816743
28739,0.016891834997
28740,0.099313337067
28741,0.241528859621
28742,0.045948411668
28743,0.011946877573
28744,0.221750997309
28745,0.242693868138
28746,0.083542912039
28747,0.123387002809
28748,0.211478316135
28749,0.104689785807
28750,0.067170373318
28751,0.127295212421
28752,0.208115164821
28753,0.043531600680
28754,0.037214606911
28755,0.021942324791
28756,0.124147412224
28757,0.107013959153
28758,0.034451481178
28759,0.101942367675
28760,0.051572836582
28761,0.074282276373
28762,0.075139188209
28763,0.159125417583
28764,0.371390488972
28765,0.639306035649
28766,0.109175190749
28767,0.015296491270
28768,0.028728588362
28769,0.085431857878
28770,0.020855278911
28771,0.074593383789
28772,0.121982372607
28773,0.020033536823
28774,0.037243921452
28775,0.021046776001
28776,0.029363961459
28777,0.023040216856
28778,0.018092615217
28779,0.041555742004
28780,0.082768538408
28781,0.099398366665
28782,0.349454568354
28783,0.017722171294
28784,0.057496736835
28785,0.062233993203
28786,0.104121274549
28787,0.380778700057
28788,0.126599281612
28789,0.021332474390
28790,0.218250690991
28791,0.017201202054
28792,0.033806300910
28793,0.021737890669
28794,0.076551725845
28795,0.217669634450
28796,0.048099913293
28797,0.014731970176
28798,0.022462535511
28799,0.020816869117
28800,0.193528506256
28801,0.034557816960
28802,0.016959684315
28803,0.028097353928
28804,0.152635046421
28805,0.071642860770
28806,0.054609218670
28807,0.022075599899
28808,0.034122050921
28809,0.072457472307
28810,0.360926682675
28811,0.036778113317
28812,0.020112623845
28813,0.025418519961
28814,0.051153178567
28815,0.064552053748
28816,0.224624975424
28817,0.077767008690
28818,0.167589563957
28819,0.090521410323
28820,0.033497493024
28821,0.022035219538
28822,0.038866869498
28823,0.057757767432
28824,0.032004963501
28825,0.348450476498
28826,0.023935176850
28827,0.022250312954
28828,0.252786332261
28829,0.024954721066
28830,0.120122992009
28831,0.054994039383
28832,0.019923373269
28833,0.365945615734
28834,0.635800049084
28835,0.144525618203
28836,0.088512285686
28837,0.022221551709
28838,0.073240836314
28839,0.046729966222
28840,0.055329328253
28841,0.114448444036
28842,0.092610291736
28843,0.082012380018
28844,0.969233394070
28845,0.080907355912
28846,0.021149462441
28847,0.064704367310
28848,0.062863556247
28849,0.021954909620
28850,0.033080614632
28851,0.107549319095
28852,0.427025869522
28853,0.072692135285
28854,0.218217004997
28855,0.035504451004
28856,0.024728462557
28857,0.080836890313
28858,0.013671047328
28859,0.021293123210
28860,0.091268375652
28861,0.024716857897
28862,0.024764789627
28863,0.010403477922
28864,0.054918538572
28865,0.061081373580
28866,0.024632719373
28867,0.026972526764
28868,0.066840543117
28869,0.019494307805
28870,0.145325180596
28871,0.039232993919
28872,0.036839012164
28873,0.039579672731
28874,0.075657985146
28875,0.087103383332
28876,0.029637724651
28877,0.046803416263
28878,0.943668590511
28879,0.067576450144
28880,0.112336000621
28881,0.056128751243
28882,0.047480975400
28883,0.038986748024
28884,0.043028495492
28885,0.016222452999
28886,0.021863465960
28887,0.272224720401
28888,0.035685555417
28889,0.020786978526
28890,0.046288666321
28891,0.108275034800
28892,0.017487909998
28893,0.014936278012
28894,0.117017234460
28895,0.050305907329
28896,0.023464463317
28897,0.049318502168
28898,0.370978991148
28899,0.028783424603
28900,0.028823809347
28901,0.013430065664
28902,0.026380861360
28903,0.042619122679
28904,0.047832974980
28905,0.239978365118
28906,0.077315907671
28907,0.020684871545
28908,0.026561292837
28909,0.091182347519
28910,0.156863186998
28911,0.095230447400
28912,0.089736779410
28913,0.072398463255
28914,0.025965207959
28915,0.044300506996
28916,0.097042736679
28917,0.193258794886
28918,0.142514980451
28919,0.013580550836
28920,0.024205992398
28921,0.024298005909
28922,0.016060523940
28923,0.017460321339
28924,0.028526894217
28925,0.017690539475
28926,0.022693947143
28927,0.028718769886
28928,0.076069393978
28929,0.056886566663
28930,0.126515731510
28931,0.011732651457
28932,0.118460551744
28933,0.267718706685
28934,0.012830040300
28935,0.021482997942
28936,0.015832913225
28937,0.028204215142
28938,0.012728470110
28939,0.025296852820
28940,0.030033785431
28941,0.021720580384
28942,0.017439989174
28943,0.017322787517
28944,0.082992032338
28945,0.018361284638
28946,0.026951522122
28947,0.050237993579
28948,0.014634539708
28949,0.059292251661
28950,0.016012209001
28951,0.011061540065
28952,0.014577368660
28953,0.015683457405
28954,0.114639159517
28955,0.035759716333
28956,0.041908384043
28957,0.032620286206
28958,0.021803699383
28959,0.109554172563
28960,0.021675726117
28961,0.014658525549
28962,0.020749155691
28963,0.362294034208
28964,0.060003204513
28965,0.065659542533
28966,0.203671907527
28967,0.027716694684
28968,0.012274108189
28969,0.057826412114
28970,0.019421358329
28971,0.013626259333
28972,0.105326488058
28973,0.110447641905
28974,0.150339766933
28975,0.021553006035
28976,0.035112429097
28977,0.035784822905
28978,0.043079381315
28979,0.029045338603
28980,0.021169256087
28981,0.019229486718
28982,0.033460399398
28983,0.015873865957
28984,0.076194148757
28985,0.073350970267
28986,0.032162234845
28987,0.167089726838
28988,0.021943768874
28989,0.031506706445
28990,0.012212210608
28991,0.023063576565
28992,0.058391923136
28993,0.021142119315
28994,0.013849484025
28995,0.020517539609
28996,0.049374481112
28997,0.263377955724
28998,0.237325403333
28999,0.023132652428
29000,0.101970753574
29001,0.024317807351
29002,0.015876689184
29003,0.028706769747
29004,0.037629375069
29005,0.055956452537
29006,0.038061969387
29007,0.036377973113
29008,0.066323924603
29009,0.053537122083
29010,0.049306785901
29011,0.098701788357
29012,0.067764032514
29013,0.051836953383
29014,0.040821946049
29015,0.244039559171
29016,0.029642768422
29017,0.084103867323
29018,0.244999544037
29019,0.334674836664
29020,0.058280369397
29021,0.253458936384
29022,0.061891257931
29023,0.331280531399
29024,0.077944010644
29025,0.122206326051
29026,0.056223254126
29027,0.114479869846
29028,0.016104679015
29029,0.012279794128
29030,0.021643139954
29031,0.016659738252
29032,0.127407624274
29033,0.049958646500
29034,0.714731588274
29035,0.218262588215
29036,0.057058768174
29037,0.055122034727
29038,0.245479424521
29039,0.054511968111
29040,0.018462286181
29041,0.044399108064
29042,0.028862336735
29043,0.098638838719
29044,0.243878700795
29045,0.510234232864
29046,0.473628907518
29047,0.040713531581
29048,0.024652763139
29049,0.126381178914
29050,0.240956523215
29051,0.028847565015
29052,0.063091842622
29053,0.044104862986
29054,0.063446903210
29055,0.064397895310
29056,0.415747383332
29057,0.116549660373
29058,0.245498741026
29059,0.520940430756
29060,0.107600385453
29061,0.021284315834
29062,0.471530931062
29063,0.073233892304
29064,0.284886640000
29065,0.060255334594
29066,0.055425894515
29067,0.043540792914
29068,0.081541264444
29069,0.077917842300
29070,0.120223187681
29071,0.221851471764
29072,0.034429180715
29073,0.031277321912
29074,0.081444371640
29075,0.246869589323
29076,0.045054003861
29077,0.035095229649
29078,0.050593327672
29079,0.066291043843
29080,0.098963374805
29081,0.030818794916
29082,0.069879963874
29083,0.049764201739
29084,0.151051803497
29085,0.040770944902
29086,0.334638615745
29087,0.043155391174
29088,0.037291288463
29089,0.017192384102
29090,0.018675267520
29091,0.024979955536
29092,0.445215327944
29093,0.094499489010
29094,0.081766506077
29095,0.407478173661
29096,0.421758805378
29097,0.108396961962
29098,0.063295586577
29099,0.017885660494
29100,0.024565933187
29101,0.014224100696
29102,0.042356814797
29103,0.015924462716
29104,0.071241809913
29105,0.060627123306
29106,0.088104716600
29107,0.175413794734
29108,0.301582083281
29109,0.310972396636
29110,0.055592101959
29111,0.025487447447
29112,0.027873334391
29113,0.350967402576
29114,0.018809456955
29115,0.042656135782
29116,0.084406972159
29117,0.043178215960
29118,0.126110867764
29119,0.508507197602
29120,0.014862931565
29121,0.070085653144
29122,0.114519028988
29123,0.025798920717
29124,0.026574667366
29125,0.070276946523
29126,0.069941522992
29127,0.019304229285
29128,0.110903125627
29129,0.141099613954
29130,0.084605955480
29131,0.066996014540
29132,0.057547700764
29133,0.031128246522
29134,0.028059633946
29135,0.029836315248
29136,0.113666300808
29137,0.071575574810
29138,0.222725543599
29139,0.031582996291
29140,0.066788245773
29141,0.039671323522
29142,0.024959658685
29143,0.020444393382
29144,0.026279315843
29145,0.046421740823
29146,0.028663447066
29147,0.066782055905
29148,0.276979776521
29149,0.278388679877
29150,0.054614560989
29151,0.052601487227
29152,0.036050502947
29153,0.085029427894
29154,0.055738744379
29155,0.020966298878
29156,0.066032237183
29157,0.021341777244
29158,0.022583774652
29159,0.165092822299
29160,0.035528574756
29161,0.022864286816
29162,0.030166165289
29163,0.014410737974
29164,0.210184100747
29165,0.067893490872
29166,0.309558486161
29167,0.327903135570
29168,0.317921465630
29169,0.059517961768
29170,0.060060491386
29171,0.023091363866
29172,0.053727460191
29173,0.041050993965
29174,0.239757783539
29175,0.056224701171
29176,0.634045940873
29177,0.113403624204
29178,0.025895492644
29179,0.098706579577
29180,0.051198036247
29181,0.055756862940
29182,0.025537310725
29183,0.015945905407
29184,0.052229292998
29185,0.032813939500
29186,0.016688238666
29187,0.022089117915
29188,0.024301677754
29189,0.079346354427
29190,0.043006116789
29191,0.209537478774
29192,0.057735109582
29193,0.114777028495
29194,0.333401633342
29195,0.369182263780
29196,0.086408912287
29197,0.034513572527
29198,0.080202805552
29199,0.034163165180
29200,0.018554708130
29201,0.095161942133
29202,0.060562293942
29203,0.115077129951
29204,0.062609605234
29205,0.093551757834
29206,0.042206065428
29207,0.065253876042
29208,0.025575072496
29209,0.021148945672
29210,0.136297425026
29211,0.018017297439
29212,0.027730493923
29213,0.066661523912
29214,0.029500672410
29215,0.015903339521
29216,0.021276439555
29217,0.045501023780
29218,0.067394033952
29219,0.079682344711
29220,0.105063313628
29221,0.100890086845
29222,0.325531123444
29223,0.217702002539
29224,0.224382657022
29225,0.020726040556
29226,0.095410378711
29227,0.046670672683
29228,0.052396219731
29229,0.090098394904
29230,0.028716199506
29231,0.031051488498
29232,0.062726994116
29233,0.051452272671
29234,0.069038203135
29235,0.028467941446
29236,0.062299085722
29237,0.021111506292
29238,0.027709629623
29239,0.089959072860
29240,0.037136292958
29241,0.120139303525
29242,0.061681059886
29243,0.133158206055
29244,0.518054552089
29245,0.119702312833
29246,0.121281425788
29247,0.071131458307
29248,0.086412931187
29249,0.088301779200
29250,0.090577793778
29251,0.062274601625
29252,0.017469304709
29253,0.026448830410
29254,0.356167185285
29255,0.088825951557
29256,0.059034969604
29257,0.041480156933
29258,0.069469305382
29259,0.024319215373
29260,0.021082914946
29261,0.024700657091
29262,0.056555666155
29263,0.286398532195
29264,0.066410858165
29265,0.049779898875
29266,0.122843716257
29267,0.729318444145
29268,0.103930887318
29269,0.022818133600
29270,0.311781554288
29271,0.068927722581
29272,0.246653919529
29273,0.266182236005
29274,0.082075370118
29275,0.024135325159
29276,0.064267684351
29277,0.073958508164
29278,0.113556714237
29279,0.153508268856
29280,0.066351998483
29281,0.208617036211
29282,0.066395756898
29283,0.055752306119
29284,0.014996852692
29285,0.018173789834
29286,0.022541893310
29287,0.049636601086
29288,0.065159270893
29289,0.027808400275
29290,0.128106806906
29291,0.153397483734
29292,0.252138666961
29293,0.090923046244
29294,0.035599162780
29295,0.100779394801
29296,0.187433506482
29297,0.327497234229
29298,0.058661326021
29299,0.067418869777
29300,0.031316887334
29301,0.073562931323
29302,0.537577349378
29303,0.027342742795
29304,0.124420524639
29305,0.366662043426
29306,0.238883646552
29307,0.014695946570
29308,0.037763310205
29309,0.056340438253
29310,0.325673932377
29311,0.326023135740
29312,0.015428846117
29313,0.113507331116
29314,0.109286435080
29315,0.185445556199
29316,0.162701586477
29317,0.111279499223
29318,0.161276469863
29319,0.365770822354
29320,0.074704020885
29321,0.021921686234
29322,0.060303264222
29323,0.100762805961
29324,0.068074592632
29325,0.216093403630
29326,0.931067294419
29327,0.070770797226
29328,0.356887232728
29329,0.018885072889
29330,0.052588757564
29331,0.264252733249
29332,0.016162536415
29333,0.052505619271
29334,0.078026904862
29335,0.031336860313
29336,0.046134344743
29337,0.011089038218
29338,0.511020120399
29339,0.197525962092
29340,0.094167165044
29341,0.338282802584
29342,0.157272594929
29343,0.249976358092
29344,0.362024454460
29345,0.337320504087
29346,0.264419908554
29347,0.217888399961
29348,0.132655835887
29349,0.920235517839
29350,0.396404236728
29351,0.412878196668
29352,0.029639122352
29353,0.211257230287
29354,0.101009555698
29355,0.023355505959
29356,0.022807360173
29357,0.015095378978
29358,0.052810106173
29359,0.012097880257
29360,0.018452168694
29361,0.029777015923
29362,0.202184586980
29363,0.127781555431
29364,0.093863316940
29365,0.105149422454
29366,0.098699332901
29367,0.222808412287
29368,0.317951861491
29369,0.025995598878
29370,0.116449851677
29371,0.249843323891
29372,0.028822017089
29373,0.077942994134
29374,0.961061457289
29375,0.939989326618
29376,0.695768309423
29377,0.011972451376
29378,0.022320917232
29379,0.023994187352
29380,0.090670876246
29381,0.407203638532
29382,0.082776356978
29383,0.018396133054
29384,0.048994496752
29385,0.056204265182
29386,0.061749786886
29387,0.064353315389
29388,0.020243130370
29389,0.364791362451
29390,0.026876067270
29391,0.053989890167
29392,0.118298255078
29393,0.092872446499
29394,0.055831808175
29395,0.066847443384
29396,0.339016554489
29397,0.216289228968
29398,0.036114347404
29399,0.204298879987
29400,0.112549839800
29401,0.143309902929
29402,0.957861867566
29403,0.849458579611
29404,0.652121677143
29405,0.021639916271
29406,0.200771736954
29407,0.021133328523
29408,0.011789030714
29409,0.421113855954
29410,0.062145613535
29411,0.260802021350
29412,0.058872497586
29413,0.097275203502
29414,0.025748565892
29415,0.117811340500
29416,0.127617608931
29417,0.155855736533
29418,0.140760535762
29419,0.539214840870
29420,0.485434144023
29421,0.220327437774
29422,0.140955721419
29423,0.091734825845
29424,0.055013222449
29425,0.129214367871
29426,0.059353698437
29427,0.047917424553
29428,0.020422041466
29429,0.209006166681
29430,0.138095720656
29431,0.060342842446
29432,0.117600865731
29433,0.028047961236
29434,0.919714710720
29435,0.972775893680
29436,0.938080875610
29437,0.126928707257
29438,0.042834700895
29439,0.316116558555
29440,0.398852212839
29441,0.025339916032
29442,0.013541636204
29443,0.021890429239
29444,0.057075700877
29445,0.101644878587
29446,0.065768554802
29447,0.399487809071
29448,0.949678229828
29449,0.078650350224
29450,0.094725986569
29451,0.145330577855
29452,0.159767090624
29453,0.068689555144
29454,0.330859082239
29455,0.233402625251
29456,0.030567530784
29457,0.074991973642
29458,0.103758293958
29459,0.115845919691
29460,0.061306087291
29461,0.361598451615
29462,0.349840147286
29463,0.214621096268
29464,0.084742803677
29465,0.031828127719
29466,0.155630665021
29467,0.017843639963
29468,0.079239604702
29469,0.197994826444
29470,0.032719295666
29471,0.039564758041
29472,0.017672199516
29473,0.022084879907
29474,0.062299050917
29475,0.048708780844
29476,0.329450130266
29477,0.665312109105
29478,0.275562597816
29479,0.281390333577
29480,0.110566217710
29481,0.165774684890
29482,0.147267780088
29483,0.600422598884
29484,0.093681958912
29485,0.044868388789
29486,0.028360897564
29487,0.149740725505
29488,0.149066801106
29489,0.151625348086
29490,0.398866797418
29491,0.265962087482
29492,0.174759404136
29493,0.967813488660
29494,0.113169755032
29495,0.024460474551
29496,0.130124131793
29497,0.225258550148
29498,0.023735056669
29499,0.056455116844
29500,0.551016519881
29501,0.068065107958
29502,0.040464743388
29503,0.050632379751
29504,0.061332817447
29505,0.214527583693
29506,0.449692687043
29507,0.271596625137
29508,0.555405942710
29509,0.290632015564
29510,0.147846101616
29511,0.148691470192
29512,0.334969645113
29513,0.025368735042
29514,0.134839215087
29515,0.077343242124
29516,0.056827053616
29517,0.481219157891
29518,0.241743879156
29519,0.055238695127
29520,0.546008598770
29521,0.358401689822
29522,0.075241187171
29523,0.213454555109
29524,0.092743120617
29525,0.041310886202
29526,0.016530021673
29527,0.014039791656
29528,0.031203310864
29529,0.048145411437
29530,0.086162039618
29531,0.116071240646
29532,0.110764323928
29533,0.440316120484
29534,0.762529628940
29535,0.469610178376
29536,0.367193227268
29537,0.647851729834
29538,0.104180757479
29539,0.054990314583
29540,0.059122006565
29541,0.125529520832
29542,0.251714639242
29543,0.061891345069
29544,0.033135357084
29545,0.075358300565
29546,0.146223687741
29547,0.027991290502
29548,0.035279244593
29549,0.127642649779
29550,0.021837260505
29551,0.040725077158
29552,0.036321300854
29553,0.085180919296
29554,0.054362391621
29555,0.070273668107
29556,0.333764561826
29557,0.247263955859
29558,0.346239149452
29559,0.707834792337
29560,0.645280251432
29561,0.294139822893
29562,0.104644587471
29563,0.032351534554
29564,0.065921586705
29565,0.130246667592
29566,0.020369487773
29567,0.016295157475
29568,0.037200952068
29569,0.962097246858
29570,0.059760890127
29571,0.025267281075
29572,0.078380265366
29573,0.067744106067
29574,0.215702247628
29575,0.052027131506
29576,0.068087431044
29577,0.021672395950
29578,0.052362514428
29579,0.019665043010
29580,0.032433984304
29581,0.089050251231
29582,0.107710424972
29583,0.612995870814
29584,0.368455456496
29585,0.229085740896
29586,0.959972015280
29587,0.376576437759
29588,0.506938187914
29589,0.149370684428
29590,0.034934714848
29591,0.033427549626
29592,0.028650452451
29593,0.058718712389
29594,0.052601097902
29595,0.032096326304
29596,0.069255652573
29597,0.498821943625
29598,0.135484009166
29599,0.357064483718
29600,0.048750374263
29601,0.096741019531
29602,0.157312107334
29603,0.132165064446
29604,0.158432098927
29605,0.043838664965
29606,0.026710166489
29607,0.038672501713
29608,0.149429158624
29609,0.907894125200
29610,0.353667784320
29611,0.693824792632
29612,0.337406181450
29613,0.364110344495
29614,0.220327993611
29615,0.220263540809
29616,0.053510365440
29617,0.020590649917
29618,0.034289394670
29619,0.017105974595
29620,0.032480093588
29621,0.135829272427
29622,0.177631251133
29623,0.087876563231
29624,0.347649950951
29625,0.035697735217
29626,0.068987131968
29627,0.017075840848
29628,0.345370105066
29629,0.056436469256
29630,0.096085252753
29631,0.232024660913
29632,0.047999946698
29633,0.011279735119
29634,0.223293749257
29635,0.236545654208
29636,0.080146493397
29637,0.130445820112
29638,0.103294936974
29639,0.099792220797
29640,0.070184010299
29641,0.126664163307
29642,0.127499606196
29643,0.020904369324
29644,0.217725739610
29645,0.018812186659
29646,0.093438951804
29647,0.036701547934
29648,0.037180919999
29649,0.115716724803
29650,0.050993046771
29651,0.080041387644
29652,0.076256497118
29653,0.162609333308
29654,0.291483225006
29655,0.673895848756
29656,0.107046322070
29657,0.012993288582
29658,0.030132223510
29659,0.087956447050
29660,0.071756514436
29661,0.117777665555
29662,0.019927064072
29663,0.034554162542
29664,0.020956335405
29665,0.028288951129
29666,0.021449506457
29667,0.021753191479
29668,0.044560601663
29669,0.085826125841
29670,0.097759880910
29671,0.353228209613
29672,0.018925008582
29673,0.060925185658
29674,0.058843420662
29675,0.106101035101
29676,0.396087127619
29677,0.132289640778
29678,0.021773786546
29679,0.216529667577
29680,0.016276591435
29681,0.038315504655
29682,0.021718694071
29683,0.078679369679
29684,0.217442106550
29685,0.049351357697
29686,0.015516292472
29687,0.022967543464
29688,0.018485850736
29689,0.196572395777
29690,0.016152642216
29691,0.029409289747
29692,0.152895228697
29693,0.070735517278
29694,0.053008747852
29695,0.021471576169
29696,0.034351691147
29697,0.075974757114
29698,0.368010573307
29699,0.034812832982
29700,0.016468329145
29701,0.021560875879
29702,0.024578509845
29703,0.050052057535
29704,0.066462798455
29705,0.230498038820
29706,0.077625369237
29707,0.181830871516
29708,0.089698814395
29709,0.035969734542
29710,0.026617549547
29711,0.046610527025
29712,0.057052118741
29713,0.036700145354
29714,0.336825148695
29715,0.024699960291
29716,0.174795213574
29717,0.024961960608
29718,0.119138085232
29719,0.059488979929
29720,0.019743084302
29721,0.281009940821
29722,0.625812119051
29723,0.145833917227
29724,0.086354642406
29725,0.021372970675
29726,0.076055320042
29727,0.044384263611
29728,0.055354003147
29729,0.114801282203
29730,0.095218819129
29731,0.090821302842
29732,0.968832124869
29733,0.075592565924
29734,0.021143597157
29735,0.066968424862
29736,0.066162012672
29737,0.031263579476
29738,0.110579003538
29739,0.435082913873
29740,0.071822103112
29741,0.225254866078
29742,0.033904732588
29743,0.025523812746
29744,0.081970804009
29745,0.019670553666
29746,0.090652986915
29747,0.024840490706
29748,0.027483755597
29749,0.058448319324
29750,0.062000068166
29751,0.025209432392
29752,0.064743266112
29753,0.144909572930
29754,0.036701776233
29755,0.035866112157
29756,0.038689730973
29757,0.083722253255
29758,0.087768841009
29759,0.030066577340
29760,0.052611626709
29761,0.949040331486
29762,0.062972397156
29763,0.111088414473
29764,0.053124250842
29765,0.045846263369
29766,0.036610251937
29767,0.042604828725
29768,0.015790819164
29769,0.023669613996
29770,0.377245115516
29771,0.037387866829
29772,0.011396643711
29773,0.011305144800
29774,0.016140261256
29775,0.014936959499
29776,0.021486072623
29777,0.056866924463
29778,0.114402563633
29779,0.018026961515
29780,0.015660182093
29781,0.103548886205
29782,0.047153520432
29783,0.023620803661
29784,0.050553296905
29785,0.342953849031
29786,0.026370667512
29787,0.027032468142
29788,0.011164524235
29789,0.039625821897
29790,0.013259798296
29791,0.046877655951
29792,0.148344448701
29793,0.076973860134
29794,0.017652847417
29795,0.024863357492
29796,0.093966619531
29797,0.214419036950
29798,0.094087033294
29799,0.082693590924
29800,0.071366864344
29801,0.026056097716
29802,0.051982201401
29803,0.028107495431
29804,0.095982616508
29805,0.252854585360
29806,0.322223042409
29807,0.013871098345
29808,0.022892006597
29809,0.026078313220
29810,0.016003244292
29811,0.026694756105
29812,0.018064975594
29813,0.031667437893
29814,0.017173738571
29815,0.023379633628
29816,0.028460233221
29817,0.072547296622
29818,0.062366264733
29819,0.117829692612
29820,0.011597258762
29821,0.130573772378
29822,0.015188109075
29823,0.264324130060
29824,0.017060437006
29825,0.018894244861
29826,0.021442987355
29827,0.015085588117
29828,0.029100784791
29829,0.026132430198
29830,0.029269462800
29831,0.013867588670
29832,0.012081618710
29833,0.018192759127
29834,0.015156322629
29835,0.074860939738
29836,0.015078246003
29837,0.026330555377
29838,0.051381148726
29839,0.015998592352
29840,0.059270284375
29841,0.017115263015
29842,0.014765493114
29843,0.014498314872
29844,0.118383887480
29845,0.032811485839
29846,0.040347291206
29847,0.011618790689
29848,0.017923847127
29849,0.030616210942
29850,0.022809136050
29851,0.109630058284
29852,0.022113963747
29853,0.014273091916
29854,0.377077804656
29855,0.056184096105
29856,0.066543299249
29857,0.072483592701
29858,0.065482402767
29859,0.021473835789
29860,0.013623862950
29861,0.109534670986
29862,0.106472699305
29863,0.146920076055
29864,0.020895187363
29865,0.036070525079
29866,0.046074584325
29867,0.029513941174
29868,0.023017738094
29869,0.032738567250
29870,0.014272231345
29871,0.081283011168
29872,0.075309176718
29873,0.243913266572
29874,0.021652411668
29875,0.027128478967
29876,0.012213110691
29877,0.024098021431
29878,0.055006969340
29879,0.022401548899
29880,0.032756904036
29881,0.020980922822
29882,0.019969403072
29883,0.012661607592
29884,0.015991043117
29885,0.045430327415
29886,0.258083863445
29887,0.228244283969
29888,0.024534489791
29889,0.099800174601
29890,0.020044446717
29891,0.019490479902
29892,0.028012898320
29893,0.054753595388
29894,0.034945753965
29895,0.060568750678
29896,0.040705232811
29897,0.037143562757
29898,0.059577890069
29899,0.044775475138
29900,0.096775625473
29901,0.049772600573
29902,0.147405085577
29903,0.032248010837
29904,0.090272595875
29905,0.246794636939
29906,0.344663766983
29907,0.059582926666
29908,0.257138294238
29909,0.065759107054
29910,0.266988223416
29911,0.086891723309
29912,0.225216420968
29913,0.056291425631
29914,0.028815315899
29915,0.108547730512
29916,0.016673916484
29917,0.025752702479
29918,0.015720535744
29919,0.239180336833
29920,0.053231062340
29921,0.758361065483
29922,0.225930936980
29923,0.060407850979
29924,0.252727288998
29925,0.022416641868
29926,0.041135013131
29927,0.032297367416
29928,0.094337664647
29929,0.246258501953
29930,0.581275952576
29931,0.499609251214
29932,0.039427927838
29933,0.061584281071
29934,0.126367463731
29935,0.158307274599
29936,0.018199448921
29937,0.011173450003
29938,0.055609921430
29939,0.040075434070
29940,0.066204270692
29941,0.077823246515
29942,0.029000592630
29943,0.419592143865
29944,0.204169695447
29945,0.344338422817
29946,0.545524213482
29947,0.109812852593
29948,0.480175148696
29949,0.073678275627
29950,0.183649866176
29951,0.067490584948
29952,0.053428709035
29953,0.042021772920
29954,0.082091867828
29955,0.065459002675
29956,0.124592525054
29957,0.104615237155
29958,0.031810088359
29959,0.030622401707
29960,0.083564300629
29961,0.257213447163
29962,0.044881552093
29963,0.060343770299
29964,0.070844511789
29965,0.108057649837
29966,0.033981283953
29967,0.077744007912
29968,0.026216824079
29969,0.238897932200
29970,0.044971610014
29971,0.170344817023
29972,0.041693461236
29973,0.034782705154
29974,0.018400927177
29975,0.446088207905
29976,0.087126200262
29977,0.021219018211
29978,0.079541833659
29979,0.221802522128
29980,0.307258745865
29981,0.095210803028
29982,0.065092745858
29983,0.017969639469
29984,0.019143165325
29985,0.038193179439
29986,0.015967584931
29987,0.075050346041
29988,0.074465002577
29989,0.065609777960
29990,0.075795205317
29991,0.257991436462
29992,0.304839471052
29993,0.021042546373
29994,0.308591061620
29995,0.048070135756
29996,0.023380110156
29997,0.260845765334
29998,0.017541762780
29999,0.046042386763
30000,0.017089224734
30001,0.205794623367
30002,0.037267449133
30003,0.033593165046
30004,0.234744587983
30005,0.534372684574
30006,0.111425305136
30007,0.023272735635
30008,0.030137755509
30009,0.064045914906
30010,0.068586200349
30011,0.017549132867
30012,0.027610795871
30013,0.118804974020
30014,0.134384245084
30015,0.084419973711
30016,0.067888323615
30017,0.063072641648
30018,0.012299185416
30019,0.016048826437
30020,0.033687343673
30021,0.031575256482
30022,0.031357520890
30023,0.031985156506
30024,0.120896962407
30025,0.075859587663
30026,0.221868319769
30027,0.030032908514
30028,0.066960795805
30029,0.039940258983
30030,0.025262784667
30031,0.019992386127
30032,0.028765551106
30033,0.047730171654
30034,0.031896801431
30035,0.061853186367
30036,0.450586564328
30037,0.355515059492
30038,0.048172441794
30039,0.050272721045
30040,0.082961459602
30041,0.064447005404
30042,0.021508032633
30043,0.065645789674
30044,0.021385100368
30045,0.020768801976
30046,0.028111945876
30047,0.227056142151
30048,0.035817330887
30049,0.023430174561
30050,0.032977492150
30051,0.209035897378
30052,0.064262715040
30053,0.206106218760
30054,0.224388739253
30055,0.321107507294
30056,0.062205285755
30057,0.058668654932
30058,0.022371257212
30059,0.054630144020
30060,0.045096470944
30061,0.252520536945
30062,0.050077189856
30063,0.612536233888
30064,0.097079704427
30065,0.024689398285
30066,0.097575220629
30067,0.055732272373
30068,0.055837599759
30069,0.025580032417
30070,0.021671375571
30071,0.054668188479
30072,0.032837504696
30073,0.023064140661
30074,0.024660852345
30075,0.073494116170
30076,0.043808974992
30077,0.091329695019
30078,0.059616473078
30079,0.110246303676
30080,0.324715761798
30081,0.349964029355
30082,0.085214892561
30083,0.034732480042
30084,0.075628578646
30085,0.021346945979
30086,0.031386490963
30087,0.021325427498
30088,0.104321169912
30089,0.061561550861
30090,0.106089645970
30091,0.062035489536
30092,0.093641525869
30093,0.039501737296
30094,0.061549276141
30095,0.024998012709
30096,0.023955850276
30097,0.151472017803
30098,0.019321470912
30099,0.063711394911
30100,0.030076747923
30101,0.016649433315
30102,0.019840213876
30103,0.045623314370
30104,0.061972619116
30105,0.080189656564
30106,0.198148844913
30107,0.106403016444
30108,0.322105415827
30109,0.225679613298
30110,0.231841786523
30111,0.024658658888
30112,0.082531858159
30113,0.044862213142
30114,0.053433797500
30115,0.082706416971
30116,0.028651585734
30117,0.058579729177
30118,0.063741438662
30119,0.054497971117
30120,0.070221330533
30121,0.031307768424
30122,0.062046659269
30123,0.022661212512
30124,0.097411793723
30125,0.018136387540
30126,0.038494118056
30127,0.128889968019
30128,0.062481305671
30129,0.212995214369
30130,0.526036171874
30131,0.113160248500
30132,0.125041153955
30133,0.070095631522
30134,0.082740542917
30135,0.089977919211
30136,0.090385039507
30137,0.058389213704
30138,0.017203125504
30139,0.024587620452
30140,0.284324967509
30141,0.087450461375
30142,0.061945046260
30143,0.040776657726
30144,0.065430900957
30145,0.025451378663
30146,0.022489617766
30147,0.023125616848
30148,0.057349107962
30149,0.286011465877
30150,0.070866650337
30151,0.050204580540
30152,0.115303755831
30153,0.734414130349
30154,0.100540630905
30155,0.023094079794
30156,0.216168273040
30157,0.065588714054
30158,0.235841106380
30159,0.283961127596
30160,0.082559895343
30161,0.065924848995
30162,0.065176764886
30163,0.096627434642
30164,0.153235995098
30165,0.063431547919
30166,0.149022532451
30167,0.069490036134
30168,0.053335290077
30169,0.019457730297
30170,0.014816664239
30171,0.017505312903
30172,0.023642209237
30173,0.056116856639
30174,0.066273950595
30175,0.027686212686
30176,0.122659821984
30177,0.164586411085
30178,0.245566016686
30179,0.094573522291
30180,0.034812288506
30181,0.107130349659
30182,0.166849240279
30183,0.329033775982
30184,0.062455912273
30185,0.065482228679
30186,0.026536456305
30187,0.075828647091
30188,0.537486200873
30189,0.028003425486
30190,0.134081952648
30191,0.366502928466
30192,0.230780880548
30193,0.018267123286
30194,0.015288650717
30195,0.022500436124
30196,0.035561948863
30197,0.058333645596
30198,0.320467549383
30199,0.324768629144
30200,0.015267661052
30201,0.111385374460
30202,0.111115310882
30203,0.178121010883
30204,0.169346298622
30205,0.116533181569
30206,0.153485720746
30207,0.352912303233
30208,0.074176051212
30209,0.021784017160
30210,0.056766670939
30211,0.096442997481
30212,0.060619461068
30213,0.283275005611
30214,0.929919471697
30215,0.072710361118
30216,0.357916565325
30217,0.018804307155
30218,0.051950017960
30219,0.343761031097
30220,0.012837484226
30221,0.049292801841
30222,0.079206414770
30223,0.030461901925
30224,0.048971619663
30225,0.011010879743
30226,0.511220434215
30227,0.198073265592
30228,0.095609131178
30229,0.337763475856
30230,0.170071815085
30231,0.257052091312
30232,0.353480327053
30233,0.337668805664
30234,0.199240401688
30235,0.143952002915
30236,0.116286465835
30237,0.917138529379
30238,0.383940355882
30239,0.401036981927
30240,0.030065059736
30241,0.121625178631
30242,0.088986382461
30243,0.011710707169
30244,0.051433795775
30245,0.011991254313
30246,0.013261330577
30247,0.018806321516
30248,0.028840169828
30249,0.088702934408
30250,0.127938250419
30251,0.094407241404
30252,0.111823075222
30253,0.093877902547
30254,0.225803723605
30255,0.218353599731
30256,0.025553894280
30257,0.100664676065
30258,0.332010827234
30259,0.079795009879
30260,0.960458529912
30261,0.936105306243
30262,0.708747198125
30263,0.011814577479
30264,0.025498773546
30265,0.022290860882
30266,0.102449658968
30267,0.399109838200
30268,0.089866417448
30269,0.016955727744
30270,0.049054926458
30271,0.013623126972
30272,0.055057996265
30273,0.062465029757
30274,0.062129946156
30275,0.020687310953
30276,0.377590391091
30277,0.027398086289
30278,0.050629327776
30279,0.119535705120
30280,0.094492772162
30281,0.055655478474
30282,0.068065613731
30283,0.242993375778
30284,0.223104624240
30285,0.036175801964
30286,0.204983189824
30287,0.107985358623
30288,0.141159302726
30289,0.954657830933
30290,0.867180147547
30291,0.650848840545
30292,0.206236576711
30293,0.019183295879
30294,0.013338980816
30295,0.426686803819
30296,0.055901760217
30297,0.194391949873
30298,0.056643286411
30299,0.107599437760
30300,0.023733018204
30301,0.120594502391
30302,0.127099791823
30303,0.160658625245
30304,0.133564964868
30305,0.548729554067
30306,0.537722437913
30307,0.217265407858
30308,0.149261214159
30309,0.092570421012
30310,0.054308614748
30311,0.116493691901
30312,0.057209943533
30313,0.047891018878
30314,0.122769575431
30315,0.141767390806
30316,0.058716805810
30317,0.124400185382
30318,0.027735230351
30319,0.920690251464
30320,0.972686717264
30321,0.943547391323
30322,0.118997018275
30323,0.049301312123
30324,0.320695284121
30325,0.017228774446
30326,0.397929599760
30327,0.024272223952
30328,0.018985140183
30329,0.020416724204
30330,0.063140321552
30331,0.102314109183
30332,0.066044302549
30333,0.386561566090
30334,0.946779090275
30335,0.076553549838
30336,0.105319414170
30337,0.140125838180
30338,0.163265641024
30339,0.062708334814
30340,0.335882614368
30341,0.236150762612
30342,0.030560038463
30343,0.065857379977
30344,0.106665526744
30345,0.117445583907
30346,0.059789869145
30347,0.030006002316
30348,0.272900584769
30349,0.357011586134
30350,0.216240866328
30351,0.088943378164
30352,0.030383548969
30353,0.152918490166
30354,0.017325755164
30355,0.080869795635
30356,0.189898323802
30357,0.034058505845
30358,0.043263156248
30359,0.035052214843
30360,0.060891221340
30361,0.048168210710
30362,0.330221357678
30363,0.664379068666
30364,0.281523585250
30365,0.193953162343
30366,0.112426993425
30367,0.163866433540
30368,0.149892171501
30369,0.624493906150
30370,0.096574941122
30371,0.033950440224
30372,0.042182003224
30373,0.028045131275
30374,0.150729794877
30375,0.142508340606
30376,0.235449509876
30377,0.398151077719
30378,0.270873096577
30379,0.234269346189
30380,0.967696063960
30381,0.116448788578
30382,0.023127101566
30383,0.121505942198
30384,0.223052772016
30385,0.022594907810
30386,0.054271719800
30387,0.572329186288
30388,0.071020480185
30389,0.042758496402
30390,0.052926865296
30391,0.063145989519
30392,0.212845142593
30393,0.408936418653
30394,0.270677847273
30395,0.531954580161
30396,0.280270439994
30397,0.149862951737
30398,0.154911367881
30399,0.349548690600
30400,0.024659114961
30401,0.142562005809
30402,0.071416292623
30403,0.058475184835
30404,0.475316245985
30405,0.243887403865
30406,0.055746599607
30407,0.573517674572
30408,0.266017873811
30409,0.011928357812
30410,0.080818322218
30411,0.139532148727
30412,0.089392030952
30413,0.043483511121
30414,0.019781532972
30415,0.013959750317
30416,0.030104295292
30417,0.047595592862
30418,0.086018535755
30419,0.115566213423
30420,0.116076611952
30421,0.463299608068
30422,0.755143664598
30423,0.476121248846
30424,0.287422105106
30425,0.635998562550
30426,0.107139954288
30427,0.061764478829
30428,0.061742108360
30429,0.138023503835
30430,0.340677678058
30431,0.063014646899
30432,0.035396914691
30433,0.075701034269
30434,0.154168253195
30435,0.026660869653
30436,0.036268801020
30437,0.116557494738
30438,0.023090522126
30439,0.038402630946
30440,0.023688341765
30441,0.023153447325
30442,0.035791904650
30443,0.087120515995
30444,0.054585863835
30445,0.073176833376
30446,0.329895090412
30447,0.246821057359
30448,0.343324553112
30449,0.755785988932
30450,0.655512451553
30451,0.377621019683
30452,0.207428165622
30453,0.029234932706
30454,0.016876805954
30455,0.060433560213
30456,0.126180202713
30457,0.020638780334
30458,0.034770438603
30459,0.961664493522
30460,0.056759181910
30461,0.028512634120
30462,0.209807455575
30463,0.072521626065
30464,0.217785019949
30465,0.052678389079
30466,0.064756742243
30467,0.020649185432
30468,0.049492799600
30469,0.030906763152
30470,0.084814864789
30471,0.112993584549
30472,0.641174935924
30473,0.367720171603
30474,0.227202364677
30475,0.959793086680
30476,0.382004227786
30477,0.516003748780
30478,0.141026081464
30479,0.035176848044
30480,0.028183143014
30481,0.028189854144
30482,0.058047493889
30483,0.052091600880
30484,0.032905801988
30485,0.065456644064
30486,0.499274472952
30487,0.129627435130
30488,0.364206171386
30489,0.052623744537
30490,0.094292297317
30491,0.132452966717
30492,0.141268557365
30493,0.156465660157
30494,0.041264578615
30495,0.027355903912
30496,0.038771702032
30497,0.152624987028
30498,0.914129912219
30499,0.358079958650
30500,0.697624381744
30501,0.331651588295
30502,0.364658500229
30503,0.146362765164
30504,0.221539838403
30505,0.056161801352
30506,0.035031822760
30507,0.017915107184
30508,0.017392020049
30509,0.058620899622
30510,0.032046836685
30511,0.130477020048
30512,0.168498791684
30513,0.087068645872
30514,0.261696680674
30515,0.034119761916
30516,0.073788641832
30517,0.258632044919
30518,0.058352825258
30519,0.093966511476
30520,0.329564073647
30521,0.046020855631
30522,0.220456088403
30523,0.231532890601
30524,0.081539918972
30525,0.124495115426
30526,0.108756643659
30527,0.096510608797
30528,0.069397782258
30529,0.128520224953
30530,0.123521184369
30531,0.053131761437
30532,0.022181824598
30533,0.208092614479
30534,0.094624771284
30535,0.037542700079
30536,0.035375312859
30537,0.110039383506
30538,0.050449759474
30539,0.077006782731
30540,0.073872053610
30541,0.162374929784
30542,0.369300925789
30543,0.658846153573
30544,0.117557828201
30545,0.011551614107
30546,0.021952599158
30547,0.082635289604
30548,0.068730005465
30549,0.122391119557
30550,0.037242894778
30551,0.020766516434
30552,0.031205868477
30553,0.021737190054
30554,0.018641525448
30555,0.043504285032
30556,0.084195511951
30557,0.094976363193
30558,0.362786014656
30559,0.019819734118
30560,0.024075112559
30561,0.060087905338
30562,0.063259916867
30563,0.105373882953
30564,0.407830487948
30565,0.131659111174
30566,0.021671190863
30567,0.216188113328
30568,0.038080302116
30569,0.023845312930
30570,0.073649624955
30571,0.134828893875
30572,0.043965491457
30573,0.021377115189
30574,0.016102680204
30575,0.253370769779
30576,0.034992344027
30577,0.014918669837
30578,0.021348357643
30579,0.028252954327
30580,0.151703329538
30581,0.072563866307
30582,0.051273220109
30583,0.023864802668
30584,0.035264214058
30585,0.074059762890
30586,0.291463516993
30587,0.035149072640
30588,0.020279721285
30589,0.027284369062
30590,0.049421162123
30591,0.068457110456
30592,0.232802769421
30593,0.070446939443
30594,0.229265254214
30595,0.089379626137
30596,0.035041773593
30597,0.021236227882
30598,0.048534269349
30599,0.056385245792
30600,0.037770414395
30601,0.336738635894
30602,0.023680864260
30603,0.251594053411
30604,0.025488095216
30605,0.121672572161
30606,0.052101790094
30607,0.019686825058
30608,0.283855547814
30609,0.657882712683
30610,0.223591950343
30611,0.093370090062
30612,0.070750212061
30613,0.046471328642
30614,0.051622145833
30615,0.112486658515
30616,0.086484604988
30617,0.080388935210
30618,0.965765033650
30619,0.022898318355
30620,0.080449291366
30621,0.020637717621
30622,0.067646617235
30623,0.075378443799
30624,0.020687725359
30625,0.030992640101
30626,0.117782820267
30627,0.433236352299
30628,0.069045748881
30629,0.219565388979
30630,0.035483275113
30631,0.082926385825
30632,0.019631849253
30633,0.089747061472
30634,0.023928529797
30635,0.023105252828
30636,0.055959940478
30637,0.061194165355
30638,0.023939912209
30639,0.027248323866
30640,0.064892811570
30641,0.019814184584
30642,0.146301607333
30643,0.033900460210
30644,0.041678290017
30645,0.081145924747
30646,0.091601722592
30647,0.024663390562
30648,0.031145013751
30649,0.051025408511
30650,0.953517191647
30651,0.063158399729
30652,0.117132224652
30653,0.055099389662
30654,0.043485992828
30655,0.041206444753
30656,0.046755454966
30657,0.014907675739
30658,0.022205568647
30659,0.271531912751
30660,0.036941643200
30661,0.011252267857
30662,0.013396094506
30663,0.017396133863
30664,0.015842697932
30665,0.021810820939
30666,0.056455626462
30667,0.124553454308
30668,0.205049890202
30669,0.048030016671
30670,0.046660354151
30671,0.371380852408
30672,0.026321775525
30673,0.026944442871
30674,0.013645920083
30675,0.026218352994
30676,0.016765268072
30677,0.045523173552
30678,0.011983774965
30679,0.047982737587
30680,0.240141024565
30681,0.080016853313
30682,0.019971702471
30683,0.025211885840
30684,0.012605391664
30685,0.091427743530
30686,0.212160194010
30687,0.096585158693
30688,0.077521642930
30689,0.070444192307
30690,0.024553997705
30691,0.052223353673
30692,0.024879657926
30693,0.091915869636
30694,0.246694433670
30695,0.139486880009
30696,0.015015746764
30697,0.024732606591
30698,0.016412405941
30699,0.030452806622
30700,0.013600684160
30701,0.017430101938
30702,0.023805978826
30703,0.014013958872
30704,0.028573805882
30705,0.074911537698
30706,0.068259121919
30707,0.128083739668
30708,0.137354833311
30709,0.014932159234
30710,0.265340319879
30711,0.017147214370
30712,0.019635883439
30713,0.013792886553
30714,0.022694162508
30715,0.013961728159
30716,0.013796581750
30717,0.020773872795
30718,0.028447972624
30719,0.026577427818
30720,0.028880690809
30721,0.015703791966
30722,0.020472266329
30723,0.087967047841
30724,0.047668625964
30725,0.016118273141
30726,0.056714670895
30727,0.017554058548
30728,0.018083877509
30729,0.016256331613
30730,0.015545188983
30731,0.126618994100
30732,0.036912620169
30733,0.037957804069
30734,0.011728275169
30735,0.032619509022
30736,0.022593585121
30737,0.109422988308
30738,0.020587116473
30739,0.015204431869
30740,0.374075367245
30741,0.053284804386
30742,0.062468733235
30743,0.079402117696
30744,0.062903989795
30745,0.021368056187
30746,0.012362102429
30747,0.109569587688
30748,0.017378653621
30749,0.113044455209
30750,0.151646882253
30751,0.021216005485
30752,0.030240680674
30753,0.047875696073
30754,0.029631616824
30755,0.020967960387
30756,0.013526443576
30757,0.032866606806
30758,0.016357883068
30759,0.079026435832
30760,0.069851482624
30761,0.030948292755
30762,0.016817922883
30763,0.160092167671
30764,0.021270857485
30765,0.030391104700
30766,0.021427822515
30767,0.012260954886
30768,0.023853977841
30769,0.056398072588
30770,0.023649092076
30771,0.030333956517
30772,0.020726253908
30773,0.011726728409
30774,0.048147029105
30775,0.330297628708
30776,0.234935377817
30777,0.014761371426
30778,0.023119933206
30779,0.109598083073
30780,0.023528887559
30781,0.018461301593
30782,0.036829042803
30783,0.063010748674
30784,0.031679084550
30785,0.041699090359
30786,0.066613676463
30787,0.021731772171
30788,0.042880205552
30789,0.049100397344
30790,0.055798101445
30791,0.049090274496
30792,0.104643445823
30793,0.045442939701
30794,0.340603041241
30795,0.041344895006
30796,0.105879226212
30797,0.324897490639
30798,0.342405005027
30799,0.037669445417
30800,0.260264895876
30801,0.080989311985
30802,0.373858719348
30803,0.078138608747
30804,0.113950403312
30805,0.057764970953
30806,0.023011287379
30807,0.218224853426
30808,0.012461474107
30809,0.021293417093
30810,0.016303481096
30811,0.333038918292
30812,0.060066812191
30813,0.797321776560
30814,0.225352182529
30815,0.068240746437
30816,0.254954551234
30817,0.021452482737
30818,0.023605678691
30819,0.023365903533
30820,0.040151081316
30821,0.021754987222
30822,0.055197839331
30823,0.111202804752
30824,0.350158295944
30825,0.636117934290
30826,0.559981615562
30827,0.039609360605
30828,0.068316202858
30829,0.129684536639
30830,0.326603154492
30831,0.060131828417
30832,0.043119097772
30833,0.065574090473
30834,0.202106089466
30835,0.030438465356
30836,0.424236219817
30837,0.219255267834
30838,0.254616400410
30839,0.603771458446
30840,0.132135892523
30841,0.019813388468
30842,0.505246175866
30843,0.072332735888
30844,0.184738775778
30845,0.060938482878
30846,0.057256832989
30847,0.041702580659
30848,0.090167346505
30849,0.091256015081
30850,0.151666903119
30851,0.221168147644
30852,0.034890728501
30853,0.031431158189
30854,0.093552236073
30855,0.263826841518
30856,0.049276426285
30857,0.064130434492
30858,0.073747958892
30859,0.104658449500
30860,0.075131349937
30861,0.029542539407
30862,0.055935900766
30863,0.154681066392
30864,0.061994510159
30865,0.337378488097
30866,0.043685598104
30867,0.039213618079
30868,0.030774120351
30869,0.020633301823
30870,0.026981204605
30871,0.477102752538
30872,0.082239836363
30873,0.087932780557
30874,0.438467914939
30875,0.327719641467
30876,0.015129894977
30877,0.094078429722
30878,0.071692064833
30879,0.023044020770
30880,0.016480531171
30881,0.074644825706
30882,0.067920191550
30883,0.078610828378
30884,0.265573365091
30885,0.415375410346
30886,0.207807534448
30887,0.053394397511
30888,0.023507066010
30889,0.359123458847
30890,0.022015659318
30891,0.045500856820
30892,0.015408376932
30893,0.088355930284
30894,0.038540007293
30895,0.032301593621
30896,0.228235952883
30897,0.558365321116
30898,0.121144271927
30899,0.023440237615
30900,0.030039669995
30901,0.059672643302
30902,0.068499544275
30903,0.027633498485
30904,0.017766239333
30905,0.122201853389
30906,0.139065434307
30907,0.088975236846
30908,0.070763960172
30909,0.065206541790
30910,0.018326411107
30911,0.032595746687
30912,0.033052892068
30913,0.029724407039
30914,0.036413942162
30915,0.123105092610
30916,0.072708245026
30917,0.221204146299
30918,0.031524393613
30919,0.063620621894
30920,0.042560670705
30921,0.025591876252
30922,0.018848392098
30923,0.027667639918
30924,0.048438675795
30925,0.067096411093
30926,0.472436934264
30927,0.282880406537
30928,0.046851415394
30929,0.052235812894
30930,0.092955002264
30931,0.063341542884
30932,0.022329864769
30933,0.065178183962
30934,0.028635821356
30935,0.231669734453
30936,0.035966385371
30937,0.023581498749
30938,0.029695571200
30939,0.079813469488
30940,0.066593343797
30941,0.311542318582
30942,0.329103062261
30943,0.327174841220
30944,0.064526514705
30945,0.055206994979
30946,0.023656209418
30947,0.055470016174
30948,0.046700237211
30949,0.250311060008
30950,0.053361746937
30951,0.605572128766
30952,0.108302523879
30953,0.024537277246
30954,0.101435698064
30955,0.049200158506
30956,0.045306535997
30957,0.022377749064
30958,0.015950979594
30959,0.062999720261
30960,0.017532149412
30961,0.022141122741
30962,0.023556034063
30963,0.026671595198
30964,0.079619871167
30965,0.044275973092
30966,0.092037678792
30967,0.059403580721
30968,0.114637433734
30969,0.337196318262
30970,0.372091014582
30971,0.095332051967
30972,0.032736840381
30973,0.079555723760
30974,0.022206556172
30975,0.033508788786
30976,0.012755040512
30977,0.093682402723
30978,0.062010831694
30979,0.112613654428
30980,0.067994972522
30981,0.102171409617
30982,0.041478602853
30983,0.061125579227
30984,0.025042425702
30985,0.025887261471
30986,0.019704506576
30987,0.150006557917
30988,0.072159605531
30989,0.028171647907
30990,0.020516952487
30991,0.048835863636
30992,0.065539344681
30993,0.077380390661
30994,0.111586147216
30995,0.103548667225
30996,0.245055487099
30997,0.222684897069
30998,0.233591308566
30999,0.023341367279
31000,0.091653175785
31001,0.017234863816
31002,0.047816040264
31003,0.017009812575
31004,0.054880247918
31005,0.080389803762
31006,0.024417659961
31007,0.049233160289
31008,0.057841073132
31009,0.018527070435
31010,0.053743390252
31011,0.073265607322
31012,0.032861298845
31013,0.061485382437
31014,0.023985721332
31015,0.023351756889
31016,0.102409634484
31017,0.018781443136
31018,0.043783631762
31019,0.134967313687
31020,0.061573195975
31021,0.208527533254
31022,0.501442671701
31023,0.122058224567
31024,0.123240295606
31025,0.070255018601
31026,0.085888659344
31027,0.085925302846
31028,0.092559354765
31029,0.055520711510
31030,0.278475955395
31031,0.091821715884
31032,0.070168218991
31033,0.041757273524
31034,0.070775086492
31035,0.027536515740
31036,0.027113895128
31037,0.021368099899
31038,0.022659453182
31039,0.059490472751
31040,0.284427830434
31041,0.067991921279
31042,0.050019551614
31043,0.124063688885
31044,0.761132463809
31045,0.103005714003
31046,0.024217549130
31047,0.209958978453
31048,0.066902601882
31049,0.230348314230
31050,0.275274378613
31051,0.078366343183
31052,0.019615827867
31053,0.069237455691
31054,0.077151929061
31055,0.107010393078
31056,0.220140096936
31057,0.056719187044
31058,0.203609367798
31059,0.059846041470
31060,0.013857602636
31061,0.059423595226
31062,0.014913637440
31063,0.020345552168
31064,0.024410558618
31065,0.063785057891
31066,0.061868882645
31067,0.027591567048
31068,0.125514507602
31069,0.155649029601
31070,0.251791526002
31071,0.094899532817
31072,0.035531746061
31073,0.098936579619
31074,0.175265398619
31075,0.344792664652
31076,0.062465636529
31077,0.072073897856
31078,0.025693142194
31079,0.075169740673
31080,0.581356489671
31081,0.031207435224
31082,0.128281866762
31083,0.384217041653
31084,0.241417133192
31085,0.017303289936
31086,0.018882040319
31087,0.034765966014
31088,0.064324851484
31089,0.173597073878
31090,0.335238432662
31091,0.015302305675
31092,0.111214131134
31093,0.102617783844
31094,0.245093495989
31095,0.164190904136
31096,0.116149293763
31097,0.170617018113
31098,0.370801301982
31099,0.076745546695
31100,0.022878690222
31101,0.056846426752
31102,0.102882401212
31103,0.061875797617
31104,0.202019322268
31105,0.927563870767
31106,0.070238252214
31107,0.378658127282
31108,0.019409424558
31109,0.050187003612
31110,0.262103102693
31111,0.015879515612
31112,0.052593235378
31113,0.079020345454
31114,0.029654086158
31115,0.047113933629
31116,0.483009448743
31117,0.197030758074
31118,0.095023476613
31119,0.255254795121
31120,0.157411331534
31121,0.250823998954
31122,0.357755880621
31123,0.361987523980
31124,0.263532337037
31125,0.141987943660
31126,0.125334282579
31127,0.923953848124
31128,0.395856633162
31129,0.414129071183
31130,0.030725889654
31131,0.113154847454
31132,0.097841681306
31133,0.022979912360
31134,0.025473451812
31135,0.013591679680
31136,0.056545006928
31137,0.013215169723
31138,0.013188800924
31139,0.022090518384
31140,0.029329610737
31141,0.093635217050
31142,0.125637069620
31143,0.098056827293
31144,0.105975918449
31145,0.087785896752
31146,0.228844771879
31147,0.218109058113
31148,0.021696290003
31149,0.110802496808
31150,0.338257771818
31151,0.028000368615
31152,0.077306099069
31153,0.962373674902
31154,0.945431449613
31155,0.717695073862
31156,0.011890852471
31157,0.022516164200
31158,0.108293862700
31159,0.417945992415
31160,0.083354065053
31161,0.048852509889
31162,0.030216840479
31163,0.014009759421
31164,0.055186034311
31165,0.062907769403
31166,0.059188126280
31167,0.023556929763
31168,0.376239100297
31169,0.026138854081
31170,0.055320245930
31171,0.110723713136
31172,0.089815421702
31173,0.057511206758
31174,0.068068635656
31175,0.343908269543
31176,0.227223516470
31177,0.032840994867
31178,0.208196855463
31179,0.112084174460
31180,0.134125809666
31181,0.961467783060
31182,0.852953076663
31183,0.662502838439
31184,0.023352991274
31185,0.210132575047
31186,0.018481681495
31187,0.011977704781
31188,0.442095930345
31189,0.070788026791
31190,0.177703546988
31191,0.061661955552
31192,0.104694850350
31193,0.023998125785
31194,0.124416867636
31195,0.125080199769
31196,0.164753646882
31197,0.135798438874
31198,0.548905524228
31199,0.547310790394
31200,0.217738421475
31201,0.146499610256
31202,0.091902109940
31203,0.052512175083
31204,0.122829779599
31205,0.060621572722
31206,0.046742947102
31207,0.017438964896
31208,0.122114759602
31209,0.138481743138
31210,0.055766680392
31211,0.128714718272
31212,0.027177745046
31213,0.928312829386
31214,0.972589102680
31215,0.940182526787
31216,0.125043999545
31217,0.049706861786
31218,0.167798473994
31219,0.449278750975
31220,0.025978430031
31221,0.011556644992
31222,0.018309803495
31223,0.020217129658
31224,0.063019995976
31225,0.100178327094
31226,0.071360988841
31227,0.386569708432
31228,0.946614394067
31229,0.075249987586
31230,0.104564563902
31231,0.138081972952
31232,0.150139280290
31233,0.063830210081
31234,0.335281959117
31235,0.236224772401
31236,0.030541639198
31237,0.079205428160
31238,0.102070409827
31239,0.116841054992
31240,0.060555026094
31241,0.032845037752
31242,0.364667987576
31243,0.364757311785
31244,0.220668288409
31245,0.091647086607
31246,0.032660908789
31247,0.147647264736
31248,0.020171289679
31249,0.086617464899
31250,0.181788383226
31251,0.033547224857
31252,0.039439386469
31253,0.035745557758
31254,0.016449624201
31255,0.021396746279
31256,0.057999895979
31257,0.047887074170
31258,0.337691098641
31259,0.664632156796
31260,0.274662044824
31261,0.192571308229
31262,0.106011153441
31263,0.164032508063
31264,0.155258825654
31265,0.660088877571
31266,0.101178882381
31267,0.041092942610
31268,0.029058578002
31269,0.147343907567
31270,0.150571978514
31271,0.147945277998
31272,0.397644139071
31273,0.281053113697
31274,0.172433576892
31275,0.967567276720
31276,0.122039530757
31277,0.023092458166
31278,0.129621377348
31279,0.219072764572
31280,0.023058263510
31281,0.061083314595
31282,0.602853731047
31283,0.071696831831
31284,0.043556822667
31285,0.053679213314
31286,0.062497034508
31287,0.149615680052
31288,0.408919687389
31289,0.277918588717
31290,0.554067813650
31291,0.292549913647
31292,0.148312820589
31293,0.150431022788
31294,0.255257629465
31295,0.026297799591
31296,0.136127978209
31297,0.072990849658
31298,0.056803168103
31299,0.502358590762
31300,0.338074578944
31301,0.056594515366
31302,0.570283826051
31303,0.357655533568
31304,0.083527291520
31305,0.139306153834
31306,0.090830102969
31307,0.044979528551
31308,0.016170525633
31309,0.020008541072
31310,0.013918022003
31311,0.033129153127
31312,0.047123717273
31313,0.086078156920
31314,0.115992896397
31315,0.112399781222
31316,0.445672513091
31317,0.757590800426
31318,0.487203624229
31319,0.275125431647
31320,0.666144578017
31321,0.106335989144
31322,0.057641830119
31323,0.060611726470
31324,0.138281938490
31325,0.334868398121
31326,0.061908537668
31327,0.032371333816
31328,0.076750460827
31329,0.146168585039
31330,0.026935846660
31331,0.034002356272
31332,0.120038436301
31333,0.024338158684
31334,0.017910918382
31335,0.039265008840
31336,0.025941932047
31337,0.023184637133
31338,0.036704421691
31339,0.083231121584
31340,0.052822272426
31341,0.073115452310
31342,0.340105718078
31343,0.246907986793
31344,0.351565421861
31345,0.718295018618
31346,0.645621689843
31347,0.230266505590
31348,0.208040188703
31349,0.036839589883
31350,0.016809261084
31351,0.054507193700
31352,0.124859179821
31353,0.018676215760
31354,0.961116698426
31355,0.053549884265
31356,0.027268717682
31357,0.079770563618
31358,0.070496800960
31359,0.225202589910
31360,0.059844096979
31361,0.050598473384
31362,0.032103830857
31363,0.086478191345
31364,0.105015718889
31365,0.626011404847
31366,0.364403945623
31367,0.229108307481
31368,0.959595689000
31369,0.385890367462
31370,0.525729030652
31371,0.151819561644
31372,0.031268974841
31373,0.027806254066
31374,0.058685704830
31375,0.058166322987
31376,0.021885528278
31377,0.066335577217
31378,0.493096399876
31379,0.127234564655
31380,0.360018989396
31381,0.053895141415
31382,0.104219299668
31383,0.153005186927
31384,0.150433866312
31385,0.230917613215
31386,0.047894617013
31387,0.027459671078
31388,0.011450355125
31389,0.036879948576
31390,0.149593799821
31391,0.914834246412
31392,0.351941621437
31393,0.724101382405
31394,0.342155908716
31395,0.368500790733
31396,0.163349227319
31397,0.228440078863
31398,0.048819641573
31399,0.034618372973
31400,0.017989967062
31401,0.014862365681
31402,0.059782021167
31403,0.033156252522
31404,0.127213615067
31405,0.157841351099
31406,0.095669469110
31407,0.350775517356
31408,0.037486860286
31409,0.082083864482
31410,0.337028392123
31411,0.061131336374
31412,0.095671749342
31413,0.240550351702
31414,0.046622491659
31415,0.010938729586
31416,0.221700524429
31417,0.240797700002
31418,0.078378902993
31419,0.126146461908
31420,0.099127140252
31421,0.103200370027
31422,0.069730928592
31423,0.130434903558
31424,0.134685937201
31425,0.021881133653
31426,0.215493817959
31427,0.020073745773
31428,0.107217233604
31429,0.038568427825
31430,0.034411741556
31431,0.105788609781
31432,0.051767970322
31433,0.074441588882
31434,0.072581261055
31435,0.161578221191
31436,0.375999040439
31437,0.701398026650
31438,0.131239805389
31439,0.013793565741
31440,0.020609743527
31441,0.084966597529
31442,0.069517614142
31443,0.119373149337
31444,0.020045719665
31445,0.042395619163
31446,0.020904043939
31447,0.032256260061
31448,0.022502216846
31449,0.021083349204
31450,0.041443679244
31451,0.082345193439
31452,0.095028397294
31453,0.390543273946
31454,0.019143275879
31455,0.022039076829
31456,0.061677207915
31457,0.063186465240
31458,0.096329672719
31459,0.418428454272
31460,0.133751605535
31461,0.021177662588
31462,0.158514740788
31463,0.038240182826
31464,0.021399712820
31465,0.074245336229
31466,0.147385457431
31467,0.043866408091
31468,0.024719613945
31469,0.015874076643
31470,0.185577750151
31471,0.040210123405
31472,0.015894260936
31473,0.021445855616
31474,0.026655697276
31475,0.151024146530
31476,0.067316562811
31477,0.049680592306
31478,0.022928768676
31479,0.036704883158
31480,0.072130999630
31481,0.283786185088
31482,0.037820429746
31483,0.020771588026
31484,0.029692491763
31485,0.051564306039
31486,0.068423764335
31487,0.232385717608
31488,0.074040141376
31489,0.168200976813
31490,0.099056672142
31491,0.032253333519
31492,0.025864782135
31493,0.046185067615
31494,0.063589026827
31495,0.034727047060
31496,0.265949688426
31497,0.022296374509
31498,0.239314402249
31499,0.026006825733
31500,0.119240247962
31501,0.054523083102
31502,0.280347530250
31503,0.682004942620
31504,0.223269013425
31505,0.100423574815
31506,0.077740538091
31507,0.052683803815
31508,0.059827426603
31509,0.121327051291
31510,0.095788436769
31511,0.085256036946
31512,0.971371763601
31513,0.021736413146
31514,0.084829260644
31515,0.019688850543
31516,0.071129857353
31517,0.075481735000
31518,0.019713894933
31519,0.031978897874
31520,0.119582968512
31521,0.439413028981
31522,0.071267854497
31523,0.219833935713
31524,0.026793360350
31525,0.087375316151
31526,0.019392300933
31527,0.091325707544
31528,0.025996668195
31529,0.025864435262
31530,0.053560701018
31531,0.061308019868
31532,0.026603408329
31533,0.064912491666
31534,0.020613834558
31535,0.145605582147
31536,0.037851498375
31537,0.035624615515
31538,0.024621115233
31539,0.045272287744
31540,0.083782318799
31541,0.094012553423
31542,0.028688365989
31543,0.052407081797
31544,0.956652999871
31545,0.060144380113
31546,0.128144690086
31547,0.060767771322
31548,0.042920977442
31549,0.040970452707
31550,0.042401856994
31551,0.023429209561
31552,0.394104802461
31553,0.035845714843
31554,0.011511561890
31555,0.012749230086
31556,0.014240376462
31557,0.016163672797
31558,0.056155222901
31559,0.129737151557
31560,0.019189061029
31561,0.111741368226
31562,0.046367692323
31563,0.021683086121
31564,0.047227624766
31565,0.351978002572
31566,0.027929455835
31567,0.027817815101
31568,0.022072629071
31569,0.052075905108
31570,0.234000366653
31571,0.072944867612
31572,0.018913983192
31573,0.029236551841
31574,0.090953305604
31575,0.138888800635
31576,0.212491824598
31577,0.084265198559
31578,0.069685859801
31579,0.051294207679
31580,0.025830214436
31581,0.091969182002
31582,0.240117698413
31583,0.230333481372
31584,0.013597942764
31585,0.026196713371
31586,0.026099186959
31587,0.016075123399
31588,0.025984962948
31589,0.018044819228
31590,0.017788074377
31591,0.030921388323
31592,0.074656246952
31593,0.065771691321
31594,0.132524984965
31595,0.016580926483
31596,0.018659785336
31597,0.127516971595
31598,0.014845129045
31599,0.266283704712
31600,0.022851374515
31601,0.015650240836
31602,0.012869467686
31603,0.020723550506
31604,0.027742906728
31605,0.025185654251
31606,0.030488823148
31607,0.020552250904
31608,0.092647659961
31609,0.027371775549
31610,0.053733523908
31611,0.017246868703
31612,0.060074477834
31613,0.015635795614
31614,0.015593211391
31615,0.132195401115
31616,0.030852691937
31617,0.039188202985
31618,0.011078725869
31619,0.034319490610
31620,0.111014929392
31621,0.021495751220
31622,0.017902501350
31623,0.376184700833
31624,0.059342331342
31625,0.065698362355
31626,0.082638382410
31627,0.058247837756
31628,0.018903740493
31629,0.012877122538
31630,0.112983868661
31631,0.017846406459
31632,0.113596542017
31633,0.015284864119
31634,0.154442374649
31635,0.036828148789
31636,0.029389050600
31637,0.042825446439
31638,0.031206941248
31639,0.023826154308
31640,0.018494600334
31641,0.030340129337
31642,0.016328607665
31643,0.019309870367
31644,0.016237963078
31645,0.016303325918
31646,0.082916309634
31647,0.072738098187
31648,0.032529812898
31649,0.165136972481
31650,0.031115021423
31651,0.015890625737
31652,0.023841055148
31653,0.051011909695
31654,0.015284774045
31655,0.030498313479
31656,0.020194031314
31657,0.156493593410
31658,0.244029282930
31659,0.015235021842
31660,0.115714235567
31661,0.018829519525
31662,0.034690374434
31663,0.028325121931
31664,0.029380433900
31665,0.061697368436
31666,0.040778186846
31667,0.060097761787
31668,0.018211974731
31669,0.042665383739
31670,0.032927433391
31671,0.047826692225
31672,0.048254538683
31673,0.102077680140
31674,0.048258833622
31675,0.351785859859
31676,0.036562366720
31677,0.212866324173
31678,0.318866342449
31679,0.342413256900
31680,0.025913349464
31681,0.059425837815
31682,0.251782974016
31683,0.066755933769
31684,0.346173435443
31685,0.072217423575
31686,0.234839222279
31687,0.059310535332
31688,0.035255024767
31689,0.221267587639
31690,0.017484476649
31691,0.235975751019
31692,0.800674080324
31693,0.237877121920
31694,0.067283104482
31695,0.059277778978
31696,0.149753041796
31697,0.061070586414
31698,0.025878397185
31699,0.044072440606
31700,0.050932320862
31701,0.100745003194
31702,0.275485211882
31703,0.615431372072
31704,0.556754376641
31705,0.037485648351
31706,0.067524312342
31707,0.121657108647
31708,0.257507704225
31709,0.059844846952
31710,0.042515938173
31711,0.066322398873
31712,0.088954437967
31713,0.401228617630
31714,0.120011971423
31715,0.254111153113
31716,0.603902651954
31717,0.114257407136
31718,0.024301535405
31719,0.519917217580
31720,0.027673306110
31721,0.073860120751
31722,0.288320974463
31723,0.068342298041
31724,0.053548412340
31725,0.038897283993
31726,0.099776564656
31727,0.034692764544
31728,0.204281547598
31729,0.118558182685
31730,0.122476978875
31731,0.033706909521
31732,0.036831293233
31733,0.086386244626
31734,0.281594902109
31735,0.056766228327
31736,0.013091048737
31737,0.034448382002
31738,0.060844495571
31739,0.074070738589
31740,0.102377898327
31741,0.028914055001
31742,0.033232465499
31743,0.067855039854
31744,0.028114644751
31745,0.237101796732
31746,0.060152862265
31747,0.359638198493
31748,0.025583437024
31749,0.046500733427
31750,0.035875154383
31751,0.016580955686
31752,0.026343355541
31753,0.464779112476
31754,0.108895551285
31755,0.095518459402
31756,0.422768183877
31757,0.445942301667
31758,0.015129720411
31759,0.090129522495
31760,0.067971480820
31761,0.022305339725
31762,0.031766109447
31763,0.035333583929
31764,0.073636407175
31765,0.073171668328
31766,0.090921319927
31767,0.369817705270
31768,0.427250375823
31769,0.206527397276
31770,0.049735691053
31771,0.015371381182
31772,0.026306091204
31773,0.035332284843
31774,0.032280154521
31775,0.334135192386
31776,0.020916057526
31777,0.038990683186
31778,0.015046417005
31779,0.081936021182
31780,0.041851730332
31781,0.241298255660
31782,0.568192539428
31783,0.117309061424
31784,0.028378858166
31785,0.057998251906
31786,0.071569893427
31787,0.028551298290
31788,0.016874082414
31789,0.126915776287
31790,0.237592096370
31791,0.081574658407
31792,0.073672964773
31793,0.064123817009
31794,0.016780413380
31795,0.032183822864
31796,0.032029831013
31797,0.030936007865
31798,0.037184135054
31799,0.122180946699
31800,0.075437195103
31801,0.221977740486
31802,0.028499206515
31803,0.061089478703
31804,0.042851233649
31805,0.024429510145
31806,0.020092926923
31807,0.028355570662
31808,0.046258416607
31809,0.016242569613
31810,0.028457813812
31811,0.066365676333
31812,0.451877750603
31813,0.375717573123
31814,0.048204066313
31815,0.050875336092
31816,0.037294085514
31817,0.096803566963
31818,0.060863646191
31819,0.020683903766
31820,0.063479012832
31821,0.023135012663
31822,0.027267061636
31823,0.232280905291
31824,0.036041013949
31825,0.025055728167
31826,0.031328364886
31827,0.079134021340
31828,0.066694371487
31829,0.313283490514
31830,0.227719757509
31831,0.223731374566
31832,0.060411010397
31833,0.056721483422
31834,0.023580757436
31835,0.054477691367
31836,0.044392468162
31837,0.336511729075
31838,0.056103936960
31839,0.591601241566
31840,0.106463515704
31841,0.019959516508
31842,0.104888647932
31843,0.039615378593
31844,0.045183791516
31845,0.024965316216
31846,0.020368201933
31847,0.067681219525
31848,0.023156997787
31849,0.026303481638
31850,0.087564678996
31851,0.042988545409
31852,0.090696669451
31853,0.062553693897
31854,0.113820515806
31855,0.233171847663
31856,0.364055427514
31857,0.090994015394
31858,0.032096290877
31859,0.084467729194
31860,0.022564333216
31861,0.037108382544
31862,0.100060824576
31863,0.064014728863
31864,0.106271325683
31865,0.070631151257
31866,0.104805437803
31867,0.040038791989
31868,0.064792691253
31869,0.027438169684
31870,0.020502043710
31871,0.142556374848
31872,0.016426015990
31873,0.025812047505
31874,0.065971708462
31875,0.026169000820
31876,0.015535544808
31877,0.017643922142
31878,0.020102421074
31879,0.049717560744
31880,0.067130652561
31881,0.077029636571
31882,0.116853937151
31883,0.107957164829
31884,0.323302312085
31885,0.325461914825
31886,0.231542173329
31887,0.019478256972
31888,0.094644814644
31889,0.016273877278
31890,0.045693602287
31891,0.057081205575
31892,0.083905032941
31893,0.027024967323
31894,0.060322386507
31895,0.061810992939
31896,0.018535260354
31897,0.053440657937
31898,0.060860743703
31899,0.031608838204
31900,0.054194043768
31901,0.016023472794
31902,0.023956927145
31903,0.024862857600
31904,0.018686441001
31905,0.100305721090
31906,0.018739589186
31907,0.042520725072
31908,0.133961891749
31909,0.061665410579
31910,0.136688120806
31911,0.520133407803
31912,0.125398986731
31913,0.127277669073
31914,0.070050269802
31915,0.092231851264
31916,0.086017036527
31917,0.088890886082
31918,0.057253380404
31919,0.028747097125
31920,0.288312476826
31921,0.086338146081
31922,0.063789732378
31923,0.049187886417
31924,0.065512108610
31925,0.029453878035
31926,0.021236392197
31927,0.024103518637
31928,0.061918838287
31929,0.284235874394
31930,0.068336102079
31931,0.050097519067
31932,0.127814200289
31933,0.756447596353
31934,0.103167233372
31935,0.021253314042
31936,0.213736120048
31937,0.065806178297
31938,0.182217803931
31939,0.276657451738
31940,0.076797362041
31941,0.014938430986
31942,0.070753863574
31943,0.080764020839
31944,0.099178743304
31945,0.151788987562
31946,0.056677838664
31947,0.144802706927
31948,0.067191539832
31949,0.016724548672
31950,0.056467309776
31951,0.019811961787
31952,0.020470250714
31953,0.024501986959
31954,0.061561144086
31955,0.061529801220
31956,0.028123437706
31957,0.116530313313
31958,0.149347266128
31959,0.247543196551
31960,0.095362909197
31961,0.035416272358
31962,0.103530030495
31963,0.221225309164
31964,0.239612813196
31965,0.063467182785
31966,0.070094320096
31967,0.027583184516
31968,0.078586844992
31969,0.571404452269
31970,0.029565602650
31971,0.132621181908
31972,0.372544076149
31973,0.226520112723
31974,0.014032923953
31975,0.014926957786
31976,0.018330031904
31977,0.034147726884
31978,0.068290040819
31979,0.333991161803
31980,0.324276223894
31981,0.106029363756
31982,0.102547842997
31983,0.256274479575
31984,0.225533402520
31985,0.118900516627
31986,0.150634536741
31987,0.371689804034
31988,0.078193865120
31989,0.057442169458
31990,0.106046084673
31991,0.059185491770
31992,0.209210660539
31993,0.928592485170
31994,0.015822063137
31995,0.075644716852
31996,0.359192513929
31997,0.017395439624
31998,0.048076527451
31999,0.262960976244
32000,0.018625472343
32001,0.014051105802
32002,0.051875490329
32003,0.080753343406
32004,0.029917844515
32005,0.050382706902
32006,0.011153368456
32007,0.474378605022
32008,0.074553042533
32009,0.097171321587
32010,0.331209453785
32011,0.149781574610
32012,0.192978960876
32013,0.364870802458
32014,0.361536398329
32015,0.197507874677
32016,0.134222113324
32017,0.129580438221
32018,0.923539846128
32019,0.408905680900
32020,0.427447586885
32021,0.012184857880
32022,0.032589065808
32023,0.199020023243
32024,0.019713802543
32025,0.090439137188
32026,0.022564342442
32027,0.014993368074
32028,0.055246237215
32029,0.020765119317
32030,0.030234591947
32031,0.093046658583
32032,0.124227622067
32033,0.098143431798
32034,0.113894627100
32035,0.091809517111
32036,0.228363873612
32037,0.221500851301
32038,0.110332769846
32039,0.251761910523
32040,0.026523858116
32041,0.078253260710
32042,0.961257232040
32043,0.943023064156
32044,0.703690273508
32045,0.011859829416
32046,0.022015784205
32047,0.108174791252
32048,0.417189949563
32049,0.080406704024
32050,0.049067950629
32051,0.033701952680
32052,0.054176294446
32053,0.061355370821
32054,0.064449879889
32055,0.023866161705
32056,0.385076167654
32057,0.030420457566
32058,0.057013086605
32059,0.113218351333
32060,0.093523926872
32061,0.058080445711
32062,0.066383568283
32063,0.344625192466
32064,0.225619276155
32065,0.034681135457
32066,0.203119705999
32067,0.103966554925
32068,0.124800154634
32069,0.954743585153
32070,0.859593786010
32071,0.651837947728
32072,0.110255047002
32073,0.020558533798
32074,0.012354281466
32075,0.445443985137
32076,0.078254515648
32077,0.246453812967
32078,0.065422897618
32079,0.103074125330
32080,0.023857380816
32081,0.121788940689
32082,0.124023550023
32083,0.153967421840
32084,0.139760280607
32085,0.554757623937
32086,0.539347185340
32087,0.222135485830
32088,0.147366345368
32089,0.092231641508
32090,0.052100709445
32091,0.128085793971
32092,0.062791267467
32093,0.044802770828
32094,0.201062763757
32095,0.132920365890
32096,0.057131342685
32097,0.135862284611
32098,0.028562908591
32099,0.928744289306
32100,0.972483189184
32101,0.940820502317
32102,0.116419251921
32103,0.050821571186
32104,0.222613937893
32105,0.457724469425
32106,0.026166498309
32107,0.019226700164
32108,0.020450049224
32109,0.059368424995
32110,0.096626527044
32111,0.066120351817
32112,0.390937909459
32113,0.952300217793
32114,0.080089076315
32115,0.109187326882
32116,0.138706551012
32117,0.159265157320
32118,0.064906711835
32119,0.229891495041
32120,0.238548881027
32121,0.029578468900
32122,0.082846650614
32123,0.095482164470
32124,0.116400361985
32125,0.059440663533
32126,0.031385328190
32127,0.377915119072
32128,0.370197078486
32129,0.218982235615
32130,0.092575505529
32131,0.031093540616
32132,0.154915916780
32133,0.017121143353
32134,0.083622355252
32135,0.261241668598
32136,0.029926857381
32137,0.036358845805
32138,0.033871394051
32139,0.016942568371
32140,0.023492241691
32141,0.059770302802
32142,0.047039369749
32143,0.336731844171
32144,0.683960152845
32145,0.274466533041
32146,0.183327671199
32147,0.108191504434
32148,0.161089417515
32149,0.149943473510
32150,0.631337862693
32151,0.101233840809
32152,0.031832317305
32153,0.038902653967
32154,0.029062701345
32155,0.149981527473
32156,0.153766084542
32157,0.144184341325
32158,0.399636666565
32159,0.377167273412
32160,0.168083760692
32161,0.967427292720
32162,0.122838915080
32163,0.024355222305
32164,0.209262136196
32165,0.153984268722
32166,0.023828732019
32167,0.067037345922
32168,0.583620711609
32169,0.069281689211
32170,0.043003450172
32171,0.054492273167
32172,0.062505781961
32173,0.154855092596
32174,0.474584092074
32175,0.359464236556
32176,0.565223772206
32177,0.405719719038
32178,0.153006496950
32179,0.153566824965
32180,0.347204174586
32181,0.024316284021
32182,0.134656590354
32183,0.080913185495
32184,0.060890530107
32185,0.504171709733
32186,0.242994560771
32187,0.056612109632
32188,0.566495818996
32189,0.270066274779
32190,0.099049864196
32191,0.129780881431
32192,0.101957287565
32193,0.047061813184
32194,0.016992656801
32195,0.031139061661
32196,0.047303775608
32197,0.084139616682
32198,0.121010119142
32199,0.114391959168
32200,0.463815374863
32201,0.780835535033
32202,0.436744077800
32203,0.378210221483
32204,0.658064378252
32205,0.103669188821
32206,0.061309426624
32207,0.060670648620
32208,0.210919614421
32209,0.335570911761
32210,0.065574913057
32211,0.029349009362
32212,0.072940858458
32213,0.147318947573
32214,0.023696009615
32215,0.033824733545
32216,0.115408917647
32217,0.020552784920
32218,0.026091609886
32219,0.021606809763
32220,0.035291282192
32221,0.093824692391
32222,0.052060456312
32223,0.072553409854
32224,0.338316753387
32225,0.244379547485
32226,0.349193106522
32227,0.758144103944
32228,0.624838488951
32229,0.385788416775
32230,0.208499338138
32231,0.012008243890
32232,0.033015230386
32233,0.018260318610
32234,0.055163129447
32235,0.132643303684
32236,0.019694134982
32237,0.034197262574
32238,0.960317780503
32239,0.060169757206
32240,0.023472634667
32241,0.081871437661
32242,0.069480134204
32243,0.120051775103
32244,0.055704231347
32245,0.060448606439
32246,0.020038860529
32247,0.048793657476
32248,0.030860190953
32249,0.087193591177
32250,0.114610547119
32251,0.632582070629
32252,0.374963097323
32253,0.229587541590
32254,0.959380154000
32255,0.385501308566
32256,0.499860384175
32257,0.146622929352
32258,0.037526611376
32259,0.033561771330
32260,0.026668704177
32261,0.056449337602
32262,0.060765874733
32263,0.032477368304
32264,0.067146083166
32265,0.451995938337
32266,0.126172099513
32267,0.368319923902
32268,0.052410907775
32269,0.112090765081
32270,0.141318588406
32271,0.147698539936
32272,0.150241179124
32273,0.051155413176
32274,0.026823952653
32275,0.035949427640
32276,0.144501916328
32277,0.915548732440
32278,0.351744380514
32279,0.720239718725
32280,0.339222201358
32281,0.367341260980
32282,0.155176867581
32283,0.231275924924
32284,0.050595577968
32285,0.035317898257
32286,0.016982436290
32287,0.062519211508
32288,0.032423906357
32289,0.126835485825
32290,0.172824429110
32291,0.088464927958
32292,0.261735578038
32293,0.034191149871
32294,0.078853021450
32295,0.356040490463
32296,0.053442575864
32297,0.088844252431
32298,0.014139874227
32299,0.013998221769
32300,0.102221701818
32301,0.337905227430
32302,0.043507856402
32303,0.221598691299
32304,0.168198406119
32305,0.073740748103
32306,0.132227364007
32307,0.114286200532
32308,0.091255547965
32309,0.067875500032
32310,0.131553183515
32311,0.125462279580
32312,0.053367611406
32313,0.022543580267
32314,0.206377289021
32315,0.018493529328
32316,0.099678239589
32317,0.045049998157
32318,0.035294795799
32319,0.117121619469
32320,0.049492377946
32321,0.074721833615
32322,0.014369879865
32323,0.073711260697
32324,0.173384073000
32325,0.370140653388
32326,0.695963606868
32327,0.126915811126
32328,0.023011476161
32329,0.028050551168
32330,0.091872786484
32331,0.019115369737
32332,0.074145189198
32333,0.197261338719
32334,0.021481849013
32335,0.040682269652
32336,0.020171369718
32337,0.029772798254
32338,0.022476121948
32339,0.042783263562
32340,0.084446177488
32341,0.093002843993
32342,0.383121223846
32343,0.019008192425
32344,0.022586997880
32345,0.059586514688
32346,0.062207912087
32347,0.102592324338
32348,0.458692595344
32349,0.140253259891
32350,0.020119426199
32351,0.214462398767
32352,0.043790195839
32353,0.075062614605
32354,0.132712238742
32355,0.042875114965
32356,0.015256306176
32357,0.023935331563
32358,0.015445408404
32359,0.246136605707
32360,0.048255284063
32361,0.016160592087
32362,0.021402332623
32363,0.028127133493
32364,0.140587493686
32365,0.062723353120
32366,0.053793171386
32367,0.023116895984
32368,0.033275530928
32369,0.071848694237
32370,0.280900229307
32371,0.035465895672
32372,0.018144302184
32373,0.024474673272
32374,0.047739982991
32375,0.068082104361
32376,0.237287869534
32377,0.079506208129
32378,0.231981122669
32379,0.108855603247
32380,0.032260178996
32381,0.022245438449
32382,0.047521514584
32383,0.062850217073
32384,0.035350444806
32385,0.335822218582
32386,0.024734436835
32387,0.168103198736
32388,0.024603847460
32389,0.115664522596
32390,0.052285076256
32391,0.017748741310
32392,0.283624878953
32393,0.669735570347
32394,0.224424581512
32395,0.112855330882
32396,0.078818717334
32397,0.045174867343
32398,0.054885079980
32399,0.120062246575
32400,0.095788249574
32401,0.084988811207
32402,0.968970821124
32403,0.021762619921
32404,0.084001142572
32405,0.022726566464
32406,0.081902231902
32407,0.074668380966
32408,0.018379022175
32409,0.132365997812
32410,0.442309689944
32411,0.062601466175
32412,0.220014826565
32413,0.033993581896
32414,0.087152495923
32415,0.021260951352
32416,0.090027965696
32417,0.025356928581
32418,0.010355125252
32419,0.023459486986
32420,0.058408996615
32421,0.063459366006
32422,0.026048542468
32423,0.028077344598
32424,0.067357978496
32425,0.145238459881
32426,0.038700126385
32427,0.041993462900
32428,0.024354109268
32429,0.044868269174
32430,0.084426832369
32431,0.088688332914
32432,0.025356762020
32433,0.027917914666
32434,0.052626663909
32435,0.949795792893
32436,0.054429383233
32437,0.122455536109
32438,0.061051455684
32439,0.042814772847
32440,0.040575594769
32441,0.047182427716
32442,0.016452022981
32443,0.021310564382
32444,0.406468468512
32445,0.033181765309
32446,0.023766009186
32447,0.229008776767
32448,0.018806242067
32449,0.120509266237
32450,0.047693930544
32451,0.024254788628
32452,0.045640531042
32453,0.354388132944
32454,0.027445424839
32455,0.028307566020
32456,0.024348799240
32457,0.050391782917
32458,0.013279815745
32459,0.048863190585
32460,0.316982511164
32461,0.071695301501
32462,0.024611230305
32463,0.088312108220
32464,0.147619689801
32465,0.109436303623
32466,0.094295286280
32467,0.068093044735
32468,0.027099231275
32469,0.049173164393
32470,0.024589089855
32471,0.091374592710
32472,0.241881426727
32473,0.224547780282
32474,0.028289405367
32475,0.024601343298
32476,0.015642445117
32477,0.022979114675
32478,0.014035560018
32479,0.034058651483
32480,0.081490834170
32481,0.069561010760
32482,0.121159297985
32483,0.011645934035
32484,0.138959683711
32485,0.016071489080
32486,0.262743456206
32487,0.017140746408
32488,0.021042067231
32489,0.012899802922
32490,0.023720905805
32491,0.016369357590
32492,0.019580381596
32493,0.027226551314
32494,0.013431588618
32495,0.024684539004
32496,0.032287435557
32497,0.016252602738
32498,0.026493923722
32499,0.058430940653
32500,0.017158077769
32501,0.059388776718
32502,0.018386413292
32503,0.014402734435
32504,0.127389302248
32505,0.031725084525
32506,0.037042376427
32507,0.033664574272
32508,0.021710255741
32509,0.117173477828
32510,0.022129217642
32511,0.015590539624
32512,0.018348356738
32513,0.279600976690
32514,0.065524562015
32515,0.066376724502
32516,0.092483717856
32517,0.020575856828
32518,0.060947344474
32519,0.018681028379
32520,0.013763043084
32521,0.107136244358
32522,0.016831682655
32523,0.110053416564
32524,0.146365155032
32525,0.034361906637
32526,0.029233691085
32527,0.044926751291
32528,0.030303655207
32529,0.023082199828
32530,0.015552013995
32531,0.014164594011
32532,0.019156045151
32533,0.012337947424
32534,0.015297741621
32535,0.030713292064
32536,0.016856651157
32537,0.014161832062
32538,0.017590260230
32539,0.088957597219
32540,0.076164514123
32541,0.014957760530
32542,0.170836500539
32543,0.029832036755
32544,0.016095675184
32545,0.022988466627
32546,0.054741028434
32547,0.025289633446
32548,0.030691816061
32549,0.026943548453
32550,0.011996923381
32551,0.018343768366
32552,0.047392681826
32553,0.253683497765
32554,0.240145254651
32555,0.117889789911
32556,0.021164325543
32557,0.019815581240
32558,0.016465058750
32559,0.037898033883
32560,0.028379815536
32561,0.038318344707
32562,0.033455326783
32563,0.032802013261
32564,0.039163445815
32565,0.056691675065
32566,0.042307178961
32567,0.033539519556
32568,0.056142475115
32569,0.056720799572
32570,0.117843727252
32571,0.065614402317
32572,0.053291008522
32573,0.043390382588
32574,0.357847772512
32575,0.032819439456
32576,0.100755457784
32577,0.055656724534
32578,0.251768756097
32579,0.347982569708
32580,0.030463511029
32581,0.062494827761
32582,0.256606925169
32583,0.083071699322
32584,0.356238824893
32585,0.096308897840
32586,0.318905697908
32587,0.099766973162
32588,0.152403385861
32589,0.798065815529
32590,0.130854782809
32591,0.056150797874
32592,0.059876458560
32593,0.261974532920
32594,0.066017137380
32595,0.025764758040
32596,0.042277056567
32597,0.019013068339
32598,0.048924188871
32599,0.104568137325
32600,0.266165945301
32601,0.640597362946
32602,0.550010158512
32603,0.039620906300
32604,0.073532913052
32605,0.132822643377
32606,0.157061109840
32607,0.061861809240
32608,0.036626918049
32609,0.070656915542
32610,0.087557646219
32611,0.030486431458
32612,0.414486638757
32613,0.118555270191
32614,0.257116838366
32615,0.616200116109
32616,0.107000737402
32617,0.022130508811
32618,0.515207447599
32619,0.072389130003
32620,0.282896005678
32621,0.068282966631
32622,0.051260274371
32623,0.040406260621
32624,0.101179085112
32625,0.085453599042
32626,0.219603368750
32627,0.222565059193
32628,0.034643121228
32629,0.032378055847
32630,0.096113332874
32631,0.282670793773
32632,0.056243532964
32633,0.032272784738
32634,0.064120778591
32635,0.068244989287
32636,0.096977648248
32637,0.032093295646
32638,0.039360039293
32639,0.014039775165
32640,0.080660330850
32641,0.053104631286
32642,0.238057014085
32643,0.052882667756
32644,0.345025421869
32645,0.041757174168
32646,0.037100335698
32647,0.030572518137
32648,0.016866620951
32649,0.484859336490
32650,0.117975519493
32651,0.094206103028
32652,0.429309159581
32653,0.475722743847
32654,0.096629389035
32655,0.071994968266
32656,0.022653999548
32657,0.019409769925
32658,0.038140633774
32659,0.065289420302
32660,0.201529271525
32661,0.257141599639
32662,0.457930981897
32663,0.204552992895
32664,0.055217485388
32665,0.027848975546
32666,0.039060774032
32667,0.033738136001
32668,0.261822348751
32669,0.021065194173
32670,0.041093873187
32671,0.015462102989
32672,0.016042510314
32673,0.092005486865
32674,0.039481790804
32675,0.032461046029
32676,0.237154740388
32677,0.563155182030
32678,0.117915307269
32679,0.030284022873
32680,0.068808629839
32681,0.074806651284
32682,0.030042968754
32683,0.128466717752
32684,0.154014987649
32685,0.089433670655
32686,0.089902445339
32687,0.062226281672
32688,0.029784131428
32689,0.027593764090
32690,0.034827977226
32691,0.113582896036
32692,0.072047661622
32693,0.219768289989
32694,0.030426099922
32695,0.062729763212
32696,0.038696470788
32697,0.024161258630
32698,0.020576032475
32699,0.030427037685
32700,0.047661536872
32701,0.028906414443
32702,0.067627852643
32703,0.450547376378
32704,0.375877768891
32705,0.050927096254
32706,0.048258311322
32707,0.101252475065
32708,0.055653795490
32709,0.023701663152
32710,0.062370145758
32711,0.021621270873
32712,0.025402980818
32713,0.233975193753
32714,0.032636653345
32715,0.021637263802
32716,0.032050221399
32717,0.074519058416
32718,0.067300221269
32719,0.310766653017
32720,0.335943979085
32721,0.319867416719
32722,0.058439853336
32723,0.058631568355
32724,0.023803062403
32725,0.056462826322
32726,0.042708817270
32727,0.242617249961
32728,0.055461092769
32729,0.642116284095
32730,0.110721256614
32731,0.023608975423
32732,0.104862177666
32733,0.045847923765
32734,0.057445823282
32735,0.022698181492
32736,0.016094810038
32737,0.068639370921
32738,0.038494176518
32739,0.028159648220
32740,0.074809514246
32741,0.043162741529
32742,0.205927917682
32743,0.058457151052
32744,0.116870177020
32745,0.239173784281
32746,0.363222275030
32747,0.089282605175
32748,0.031581623847
32749,0.083939966718
32750,0.022524139619
32751,0.032917658943
32752,0.019559633106
32753,0.016239247070
32754,0.104292260687
32755,0.065336129545
32756,0.112105207943
32757,0.066344857872
32758,0.107703785088
32759,0.044254844678
32760,0.071077070882
32761,0.029311984464
32762,0.025328682379
32763,0.143024378517
32764,0.070791013680
32765,0.026195326951
32766,0.017365592235
32767,0.019549464759
32768,0.047181889886
32769,0.068782634251
32770,0.077453288151
32771,0.110493359857
32772,0.105638326771
32773,0.329569260535
32774,0.223844713349
32775,0.234808315549
32776,0.019278485879
32777,0.098167335601
32778,0.048473163391
32779,0.063277141850
32780,0.101422765332
32781,0.063917052841
32782,0.059718356597
32783,0.018856281661
32784,0.050916686339
32785,0.067684369663
32786,0.030783637526
32787,0.052724783100
32788,0.016174606101
32789,0.092479092988
32790,0.018185295507
32791,0.044116767751
32792,0.127516051680
32793,0.059837988360
32794,0.135501789405
32795,0.538071214701
32796,0.126061464114
32797,0.199864350028
32798,0.070634028436
32799,0.086635682402
32800,0.082587917595
32801,0.090715537072
32802,0.057246234449
32803,0.018686314414
32804,0.028121348977
32805,0.293267022035
32806,0.086809252770
32807,0.061086091155
32808,0.049915192025
32809,0.066000803963
32810,0.026612101508
32811,0.019579205862
32812,0.024714357458
32813,0.062615734660
32814,0.416565860573
32815,0.063456484836
32816,0.049533409939
32817,0.123426625580
32818,0.750993772364
32819,0.104788866851
32820,0.021114912611
32821,0.209194571402
32822,0.067348989752
32823,0.182061324017
32824,0.270864026022
32825,0.077477117712
32826,0.017827395594
32827,0.069900863440
32828,0.073054983184
32829,0.106435110990
32830,0.226411757381
32831,0.058463978426
32832,0.210981668630
32833,0.071153376344
32834,0.014176980868
32835,0.056051681823
32836,0.023487728318
32837,0.062770625665
32838,0.061205583966
32839,0.028098260385
32840,0.133848423955
32841,0.144450426420
32842,0.247140615326
32843,0.088926530062
32844,0.034987272216
32845,0.096011160814
32846,0.174660031242
32847,0.251587353388
32848,0.060009992562
32849,0.015245559638
32850,0.065624654971
32851,0.028479934810
32852,0.082394712636
32853,0.559603972791
32854,0.028899981145
32855,0.129075589730
32856,0.403000269808
32857,0.236457337308
32858,0.012375496083
32859,0.019602829810
32860,0.022587486150
32861,0.034306462032
32862,0.062927964110
32863,0.326920421861
32864,0.328049115943
32865,0.111561790159
32866,0.112470302517
32867,0.183963656123
32868,0.163403413439
32869,0.111285417030
32870,0.159743475887
32871,0.362643212452
32872,0.077367792785
32873,0.051011096944
32874,0.110683831374
32875,0.066621405940
32876,0.205402804705
32877,0.932211498835
32878,0.075622701878
32879,0.391433430632
32880,0.017918025865
32881,0.044640934707
32882,0.263876053953
32883,0.013094979385
32884,0.048827764609
32885,0.079172791143
32886,0.031045553069
32887,0.044933425790
32888,0.508880867457
32889,0.077810081118
32890,0.094385407649
32891,0.349290302113
32892,0.151071786784
32893,0.190782160147
32894,0.367332509747
32895,0.187040742592
32896,0.037808341785
32897,0.179364462643
32898,0.134168832376
32899,0.131962763827
32900,0.927093928960
32901,0.415699670455
32902,0.411577020744
32903,0.031224827059
32904,0.201932280525
32905,0.102543217327
32906,0.024988983483
32907,0.022874261786
32908,0.015840381646
32909,0.013680044343
32910,0.053119817845
32911,0.018262661564
32912,0.027084847928
32913,0.094844382444
32914,0.126560405098
32915,0.099052970901
32916,0.109325497767
32917,0.092387389720
32918,0.220832873374
32919,0.219379342092
32920,0.023844212246
32921,0.106619044564
32922,0.249139936451
32923,0.029307150155
32924,0.079652227407
32925,0.962213515904
32926,0.948699078255
32927,0.714199227646
32928,0.012164511030
32929,0.022097716822
32930,0.112337064937
32931,0.422261187803
32932,0.095252961731
32933,0.048425252742
32934,0.053878555040
32935,0.059759743775
32936,0.061618333766
32937,0.021553808732
32938,0.374697727969
32939,0.027506411733
32940,0.053941058562
32941,0.117244029877
32942,0.088334076631
32943,0.057711589985
32944,0.066495750314
32945,0.342172327825
32946,0.226463693904
32947,0.035776230025
32948,0.114578101988
32949,0.101937357963
32950,0.126657431719
32951,0.960192834735
32952,0.858951932229
32953,0.662944642047
32954,0.015367750601
32955,0.026400175561
32956,0.109429546569
32957,0.020321327476
32958,0.442998350857
32959,0.069785175235
32960,0.248559983719
32961,0.061232675548
32962,0.101604359838
32963,0.024621414353
32964,0.112533029435
32965,0.120311896502
32966,0.212891345662
32967,0.147067191978
32968,0.544460384244
32969,0.522424474106
32970,0.212118017143
32971,0.144896163387
32972,0.092326911167
32973,0.052690663194
32974,0.119649152383
32975,0.057347215515
32976,0.043416072201
32977,0.105127254694
32978,0.128167635173
32979,0.059087417360
32980,0.134057824368
32981,0.027582258748
32982,0.923038477335
32983,0.972369194800
32984,0.941711739416
32985,0.111336838768
32986,0.046788994657
32987,0.227015994840
32988,0.413923431647
32989,0.027307419321
32990,0.018053672082
32991,0.019929777898
32992,0.058925172748
32993,0.096958224709
32994,0.062732069445
32995,0.388790602825
32996,0.952672789317
32997,0.077119666159
32998,0.102732290510
32999,0.138562190474
33000,0.155993760898
33001,0.064118549636
33002,0.230956286560
33003,0.232325894017
33004,0.082169969824
33005,0.089886869794
33006,0.109994620082
33007,0.064645760928
33008,0.030458347967
33009,0.374066441604
33010,0.384519204852
33011,0.216859501557
33012,0.088000340983
33013,0.031677602208
33014,0.149548947461
33015,0.082300627804
33016,0.183798951246
33017,0.032401320793
33018,0.035787932465
33019,0.032438513966
33020,0.022235614431
33021,0.062362188765
33022,0.048758648688
33023,0.341606988769
33024,0.653135996848
33025,0.274568822602
33026,0.190982380286
33027,0.103766033569
33028,0.158780728757
33029,0.156508334836
33030,0.636414111298
33031,0.104086213674
33032,0.031952556709
33033,0.039783016175
33034,0.028752663675
33035,0.151799314522
33036,0.157653478879
33037,0.152399753577
33038,0.408366056844
33039,0.272371519797
33040,0.162625787476
33041,0.967276332696
33042,0.209427293380
33043,0.218917895542
33044,0.224682831537
33045,0.025149473740
33046,0.061892927178
33047,0.584362947616
33048,0.066307249987
33049,0.042305954707
33050,0.053776481679
33051,0.061791757495
33052,0.151419718359
33053,0.418405965327
33054,0.375768895437
33055,0.318264921994
33056,0.413428584485
33057,0.141026314361
33058,0.159506199260
33059,0.352812434376
33060,0.024963048304
33061,0.135496706163
33062,0.086048005155
33063,0.061560333275
33064,0.483180025321
33065,0.242574559161
33066,0.048044728091
33067,0.578402431581
33068,0.344891787853
33069,0.088406118818
33070,0.130673261437
33071,0.103669918566
33072,0.016795554742
33073,0.017255581476
33074,0.031599946497
33075,0.047669660365
33076,0.081959901258
33077,0.115245673523
33078,0.107506166796
33079,0.406966676837
33080,0.763759576890
33081,0.436243821417
33082,0.284771258427
33083,0.665507303826
33084,0.106830090067
33085,0.058691152435
33086,0.057821615284
33087,0.133517496976
33088,0.343960585330
33089,0.063928550153
33090,0.030956011784
33091,0.076678377509
33092,0.146173796803
33093,0.023786433394
33094,0.034320622010
33095,0.103298677700
33096,0.023896465376
33097,0.019847887393
33098,0.084631374323
33099,0.052923146149
33100,0.073371497037
33101,0.336809700985
33102,0.247236321881
33103,0.345787646641
33104,0.706992751786
33105,0.648032218539
33106,0.283266170171
33107,0.205397961928
33108,0.034835244948
33109,0.020221854553
33110,0.052807201521
33111,0.135436797166
33112,0.035153544898
33113,0.960564470332
33114,0.063429097864
33115,0.025384114937
33116,0.081630460758
33117,0.069045333869
33118,0.113294176903
33119,0.054438364518
33120,0.061997622958
33121,0.021140217796
33122,0.050677938948
33123,0.019923775276
33124,0.015697803813
33125,0.035486311819
33126,0.084337860917
33127,0.114610293431
33128,0.627872985517
33129,0.377156224780
33130,0.336632692854
33131,0.959146873760
33132,0.449085203023
33133,0.485113829140
33134,0.147879693539
33135,0.037324111593
33136,0.033120958397
33137,0.029177830296
33138,0.055659259056
33139,0.057412063975
33140,0.033085575465
33141,0.069551607181
33142,0.489024904282
33143,0.123665199443
33144,0.371786740708
33145,0.051977429084
33146,0.110035046692
33147,0.141944342669
33148,0.154529401523
33149,0.233860245741
33150,0.053181668147
33151,0.026660120459
33152,0.035841123147
33153,0.148433699541
33154,0.875912390002
33155,0.350323859714
33156,0.722261922017
33157,0.331977802566
33158,0.281077136801
33159,0.148815643322
33160,0.231040833181
33161,0.050630743690
33162,0.035785814631
33163,0.062808896090
33164,0.032237998424
33165,0.130056216679
33166,0.176244211025
33167,0.088379910586
33168,0.269179588106
33169,0.035692739662
33170,0.076643758559
33171,0.261562901695
33172,0.056797275605
33173,0.013747027288
33174,0.096484802409
33175,0.325615307202
33176,0.041339005429
33177,0.328555058980
33178,0.163702905084
33179,0.083366594000
33180,0.137917377272
33181,0.117048355077
33182,0.092544151574
33183,0.072729495142
33184,0.126964200699
33185,0.127293023824
33186,0.054793662734
33187,0.035201817996
33188,0.139350796613
33189,0.018919696184
33190,0.104978854059
33191,0.041759449481
33192,0.036129499043
33193,0.101052200592
33194,0.048864944781
33195,0.073551959423
33196,0.073103386080
33197,0.158098121740
33198,0.366514553756
33199,0.691994804462
33200,0.132407520324
33201,0.021470666894
33202,0.023894451338
33203,0.029402020631
33204,0.089262916700
33205,0.075245159869
33206,0.116791900026
33207,0.022458089273
33208,0.040797541370
33209,0.036894465005
33210,0.024360709244
33211,0.043887983535
33212,0.012629134739
33213,0.076194261037
33214,0.094116517837
33215,0.374291841690
33216,0.018083909112
33217,0.022959006313
33218,0.058805369638
33219,0.060338959721
33220,0.104289014690
33221,0.414885559628
33222,0.136307658580
33223,0.017407478528
33224,0.014666096453
33225,0.227587302106
33226,0.016643541550
33227,0.039929518193
33228,0.022052455161
33229,0.076174778024
33230,0.137261439732
33231,0.041501455406
33232,0.022723707839
33233,0.016117908935
33234,0.250739466034
33235,0.046242009859
33236,0.015559961039
33237,0.029213686404
33238,0.147154497970
33239,0.065417714676
33240,0.054741990209
33241,0.021451010409
33242,0.035464824789
33243,0.078016207285
33244,0.365742022798
33245,0.035657892104
33246,0.019457393576
33247,0.026646585436
33248,0.049119117808
33249,0.072710113244
33250,0.165135504562
33251,0.087035652578
33252,0.326189144424
33253,0.106580696956
33254,0.031649514912
33255,0.025498137039
33256,0.041112875423
33257,0.065636403382
33258,0.035910214419
33259,0.338549477160
33260,0.026053117732
33261,0.166097714889
33262,0.025833071843
33263,0.123684613478
33264,0.050233194307
33265,0.379976365154
33266,0.664006563624
33267,0.224694366549
33268,0.119791054315
33269,0.020037027472
33270,0.079154082335
33271,0.044763243849
33272,0.058100266678
33273,0.113194314209
33274,0.097769130075
33275,0.086657645261
33276,0.971442043293
33277,0.022076490397
33278,0.082209123387
33279,0.078952555441
33280,0.079670040195
33281,0.019306753913
33282,0.135973482365
33283,0.465963995458
33284,0.070497443731
33285,0.222711941025
33286,0.037102802715
33287,0.028510413077
33288,0.093650303967
33289,0.019248629623
33290,0.092936523320
33291,0.024456084983
33292,0.024707680213
33293,0.057287335122
33294,0.064342654312
33295,0.024133309812
33296,0.057202372346
33297,0.150268298560
33298,0.039419803350
33299,0.045350565489
33300,0.026633994506
33301,0.042456553742
33302,0.087877861296
33303,0.077823795221
33304,0.027612269287
33305,0.029807513223
33306,0.059868418394
33307,0.959507258261
33308,0.059511404753
33309,0.131814046413
33310,0.063819119448
33311,0.048278568635
33312,0.041422321880
33313,0.045642217309
33314,0.015463602706
33315,0.021732683426
33316,0.394970437661
33317,0.035150842495
33318,0.011729308041
33319,0.014477924393
33320,0.053219262816
33321,0.223742421611
33322,0.017660445133
33323,0.120587644182
33324,0.044704630618
33325,0.022600597380
33326,0.012005592905
33327,0.350432552255
33328,0.029011654166
33329,0.027408781468
33330,0.011831810005
33331,0.027116328119
33332,0.043965144767
33333,0.013282697599
33334,0.049155067275
33335,0.156042664140
33336,0.070594674962
33337,0.022415974737
33338,0.087329007304
33339,0.146995232818
33340,0.109464746991
33341,0.090329690754
33342,0.071216850477
33343,0.026790595017
33344,0.055891376000
33345,0.027581388677
33346,0.096915950910
33347,0.179481018149
33348,0.151519700949
33349,0.014218434309
33350,0.017606900635
33351,0.030007257389
33352,0.030145447941
33353,0.011670147284
33354,0.030805638885
33355,0.076042387331
33356,0.068031166949
33357,0.135870167242
33358,0.129129627951
33359,0.339727039579
33360,0.017884085373
33361,0.012926712984
33362,0.024517340650
33363,0.014801299696
33364,0.020146431679
33365,0.024392958393
33366,0.031275518535
33367,0.017994847190
33368,0.077880251320
33369,0.028409485781
33370,0.061511711190
33371,0.019265664809
33372,0.020982427873
33373,0.059713137935
33374,0.014790010371
33375,0.015636046684
33376,0.015301123817
33377,0.129866441646
33378,0.033286647182
33379,0.039755525003
33380,0.033618464036
33381,0.022989639518
33382,0.110389795641
33383,0.023828591290
33384,0.016455758203
33385,0.019447008213
33386,0.380064104428
33387,0.070372969762
33388,0.069879204734
33389,0.092714606515
33390,0.021452852255
33391,0.069346359663
33392,0.019113664211
33393,0.013700419061
33394,0.100982531184
33395,0.018060358289
33396,0.120546255393
33397,0.144147344918
33398,0.031399724080
33399,0.043118421071
33400,0.031736951210
33401,0.021617458033
33402,0.013440693305
33403,0.012871786271
33404,0.032523429503
33405,0.016463867813
33406,0.017346048546
33407,0.014749848109
33408,0.093949364273
33409,0.073254030310
33410,0.243253672060
33411,0.022044182578
33412,0.031701366343
33413,0.028513051576
33414,0.013189568443
33415,0.055276889814
33416,0.023577330744
33417,0.029936342282
33418,0.022850760053
33419,0.016554812081
33420,0.049184286884
33421,0.264880016492
33422,0.242230052166
33423,0.025414696013
33424,0.115594618622
33425,0.023524045862
33426,0.020667296140
33427,0.015123082350
33428,0.019896403742
33429,0.032578899353
33430,0.033720443611
33431,0.057992775170
33432,0.037023535080
33433,0.044068385689
33434,0.033791468346
33435,0.048858275804
33436,0.062143765931
33437,0.110103535246
33438,0.070352325390
33439,0.039766608411
33440,0.348357822999
33441,0.044233533639
33442,0.106021421547
33443,0.053233179733
33444,0.240079841340
33445,0.257662237229
33446,0.063545898821
33447,0.262404000169
33448,0.071093419040
33449,0.361453939510
33450,0.138883634565
33451,0.070441716417
33452,0.098555266744
33453,0.015201629386
33454,0.248501516664
33455,0.804043955153
33456,0.240057596774
33457,0.059147637245
33458,0.057410651056
33459,0.261257275148
33460,0.064512240754
33461,0.022851055111
33462,0.026764734587
33463,0.045700506655
33464,0.017151397944
33465,0.019497939117
33466,0.106374944651
33467,0.260379310193
33468,0.629863845569
33469,0.544143257280
33470,0.040643645015
33471,0.067821075251
33472,0.127822498001
33473,0.168957320309
33474,0.065979630639
33475,0.032373419584
33476,0.067978453976
33477,0.085202097257
33478,0.028775213886
33479,0.412724544041
33480,0.213454402578
33481,0.351134858755
33482,0.619843983000
33483,0.207048907320
33484,0.527257237096
33485,0.080691054096
33486,0.204236289421
33487,0.061875579882
33488,0.052112566080
33489,0.038555526359
33490,0.102832028838
33491,0.036751578840
33492,0.085199237805
33493,0.126783447414
33494,0.105709095596
33495,0.040947586990
33496,0.038360279446
33497,0.096839439640
33498,0.262744111632
33499,0.056131884967
33500,0.030243991588
33501,0.053280062573
33502,0.071908658528
33503,0.094620190765
33504,0.039440309557
33505,0.068897528827
33506,0.028008121084
33507,0.048434594082
33508,0.156235469738
33509,0.058663619326
33510,0.174418741352
33511,0.030202829064
33512,0.053965225519
33513,0.033443584466
33514,0.461747202144
33515,0.107641288733
33516,0.104287798916
33517,0.445317489984
33518,0.505416854067
33519,0.012999544192
33520,0.093895106108
33521,0.071256644276
33522,0.022709636328
33523,0.028173199489
33524,0.018698281479
33525,0.035982536324
33526,0.082474147674
33527,0.061218408427
33528,0.090533127622
33529,0.258919267050
33530,0.449929107185
33531,0.309195190464
33532,0.054551917392
33533,0.027011441587
33534,0.037097154380
33535,0.035155544521
33536,0.263050726984
33537,0.034825112342
33538,0.086575467649
33539,0.041823305669
33540,0.159037104875
33541,0.560568087817
33542,0.224609435096
33543,0.024443542099
33544,0.028019579908
33545,0.068697482564
33546,0.073685116191
33547,0.029018987109
33548,0.130328865220
33549,0.144343245437
33550,0.089704962398
33551,0.094377578635
33552,0.061815459140
33553,0.030574378543
33554,0.029978708244
33555,0.027785471048
33556,0.031696432500
33557,0.115954041295
33558,0.076914790744
33559,0.221305204971
33560,0.029710700077
33561,0.063344089912
33562,0.043425931819
33563,0.024080333523
33564,0.023330765863
33565,0.030873063109
33566,0.050210851697
33567,0.029555266567
33568,0.066800123423
33569,0.460763204548
33570,0.351542581574
33571,0.052534693931
33572,0.046400651456
33573,0.033522626911
33574,0.101002113382
33575,0.058654922173
33576,0.062419396027
33577,0.022102187072
33578,0.024031937294
33579,0.018596234535
33580,0.227217522567
33581,0.032452882480
33582,0.023552402477
33583,0.030637899340
33584,0.012061955372
33585,0.076452069404
33586,0.063110858784
33587,0.311502846140
33588,0.327225790447
33589,0.327466764549
33590,0.057278207610
33591,0.055922341888
33592,0.026234052329
33593,0.059611482235
33594,0.044878976081
33595,0.252584666044
33596,0.051489741736
33597,0.633895735938
33598,0.104387260188
33599,0.024258506810
33600,0.108465001964
33601,0.041542544286
33602,0.053786688547
33603,0.024408632637
33604,0.015945906485
33605,0.018577667958
33606,0.073564591816
33607,0.016748796551
33608,0.025882775111
33609,0.078805138745
33610,0.038157863118
33611,0.094308875033
33612,0.061667808346
33613,0.118601372429
33614,0.236784993355
33615,0.359311297160
33616,0.089446976371
33617,0.035004647587
33618,0.082993887871
33619,0.021059556414
33620,0.033382830833
33621,0.022789890006
33622,0.112503598950
33623,0.069518845401
33624,0.103116900573
33625,0.065170053636
33626,0.106377350019
33627,0.070198727618
33628,0.029050630679
33629,0.024416881374
33630,0.018894901638
33631,0.149202921842
33632,0.026949771888
33633,0.072141362351
33634,0.031231371047
33635,0.016136727767
33636,0.020572065145
33637,0.044768780196
33638,0.068173465326
33639,0.077407381099
33640,0.105645375286
33641,0.103415928304
33642,0.328347593217
33643,0.136345415806
33644,0.227279452747
33645,0.018945657035
33646,0.095862057804
33647,0.015257673028
33648,0.048633773710
33649,0.063635718299
33650,0.093117580317
33651,0.030756791337
33652,0.061415350835
33653,0.061304044092
33654,0.048047204119
33655,0.072861500416
33656,0.059303842783
33657,0.024146778985
33658,0.020530127319
33659,0.086769494253
33660,0.017316766721
33661,0.041702598503
33662,0.133545240686
33663,0.059409067675
33664,0.134312670689
33665,0.522363976185
33666,0.122444630598
33667,0.124238807751
33668,0.072838563215
33669,0.086549713701
33670,0.087848083276
33671,0.089230120278
33672,0.057489272133
33673,0.017427289457
33674,0.018334228858
33675,0.028184565313
33676,0.282696712527
33677,0.091795751140
33678,0.063448614648
33679,0.050762584456
33680,0.058546604773
33681,0.028896458822
33682,0.019798126566
33683,0.022932228141
33684,0.059917712799
33685,0.426661970352
33686,0.064782753455
33687,0.050891830447
33688,0.118667649582
33689,0.739135356737
33690,0.104268240311
33691,0.022711454679
33692,0.210787083716
33693,0.066127529988
33694,0.176850673396
33695,0.274507500068
33696,0.074560097960
33697,0.072403949863
33698,0.074413792976
33699,0.100891247212
33700,0.160051121218
33701,0.058715745910
33702,0.214906124388
33703,0.068155864880
33704,0.053603791474
33705,0.019847721653
33706,0.054929802340
33707,0.058717176670
33708,0.026026667323
33709,0.136906221308
33710,0.148492839270
33711,0.253429149595
33712,0.092493609289
33713,0.036694952583
33714,0.093551561768
33715,0.166732567298
33716,0.242942302181
33717,0.061034157753
33718,0.071694200362
33719,0.027613357591
33720,0.073822313511
33721,0.551002481622
33722,0.029715035514
33723,0.130366320862
33724,0.403957363992
33725,0.232793133699
33726,0.013722390678
33727,0.018009478074
33728,0.018719997536
33729,0.032467191131
33730,0.059786428025
33731,0.326920401304
33732,0.327297392070
33733,0.109791965755
33734,0.107378115302
33735,0.252204660923
33736,0.216553871762
33737,0.112400504293
33738,0.160294287020
33739,0.278549115281
33740,0.079181955568
33741,0.046827680254
33742,0.113997890821
33743,0.066206519392
33744,0.272038035037
33745,0.939005137239
33746,0.082211132357
33747,0.368405324332
33748,0.015882815575
33749,0.041196284789
33750,0.207206054477
33751,0.019200776196
33752,0.013307808119
33753,0.048815816847
33754,0.079248714559
33755,0.028530170090
33756,0.042170230717
33757,0.458366804412
33758,0.076886704895
33759,0.092966443675
33760,0.336409981587
33761,0.156559781166
33762,0.179666774040
33763,0.369325105518
33764,0.357841934909
33765,0.031936679020
33766,0.197167658271
33767,0.136917996530
33768,0.131193044546
33769,0.923717206359
33770,0.422426912435
33771,0.308571854434
33772,0.030861166772
33773,0.195252501445
33774,0.098291973019
33775,0.023727620642
33776,0.022961084728
33777,0.016702469214
33778,0.053254191334
33779,0.011750898144
33780,0.021126842255
33781,0.028131348834
33782,0.095513966708
33783,0.117620547201
33784,0.092451922740
33785,0.108506174354
33786,0.079820805789
33787,0.153352702844
33788,0.123585434926
33789,0.112762714672
33790,0.251521654802
33791,0.028947743775
33792,0.078731205127
33793,0.961528794062
33794,0.949085712503
33795,0.715098372218
33796,0.024191414854
33797,0.114371219375
33798,0.433681203184
33799,0.092548281137
33800,0.048541198607
33801,0.013643246891
33802,0.051648103265
33803,0.056806204510
33804,0.063025187294
33805,0.023335468426
33806,0.396794685239
33807,0.029134174415
33808,0.051574115561
33809,0.117203798488
33810,0.089323805946
33811,0.056873647760
33812,0.064819573104
33813,0.339429095923
33814,0.127075582816
33815,0.033276486293
33816,0.113044283144
33817,0.104101703626
33818,0.126343774120
33819,0.958554444792
33820,0.857986622955
33821,0.660015043191
33822,0.102774629508
33823,0.022565963399
33824,0.454522926515
33825,0.064556473231
33826,0.258091646294
33827,0.058228543860
33828,0.104295886232
33829,0.024310382943
33830,0.107689375499
33831,0.120317592170
33832,0.159778272755
33833,0.147691166230
33834,0.544489190878
33835,0.521105665089
33836,0.158139119545
33837,0.143384982452
33838,0.093976002167
33839,0.055070761218
33840,0.122458739887
33841,0.058817756847
33842,0.045235035451
33843,0.016952156587
33844,0.115449137893
33845,0.130679224110
33846,0.055645049477
33847,0.131887750759
33848,0.027039805469
33849,0.928795959590
33850,0.972247304560
33851,0.940272464302
33852,0.115954406533
33853,0.044091949326
33854,0.227433292224
33855,0.430462653557
33856,0.025966228139
33857,0.018849791084
33858,0.018794626479
33859,0.097177737075
33860,0.064552180963
33861,0.404951817883
33862,0.947517593685
33863,0.075635303062
33864,0.098885395081
33865,0.132443264704
33866,0.156388995986
33867,0.064055762067
33868,0.234634879320
33869,0.230416237497
33870,0.030115823794
33871,0.059303895122
33872,0.095651325773
33873,0.109168628225
33874,0.060513828761
33875,0.030399596895
33876,0.356948413247
33877,0.359687937685
33878,0.220960592447
33879,0.089458111889
33880,0.028801425780
33881,0.148031773776
33882,0.077053041565
33883,0.182281802998
33884,0.032243185881
33885,0.037307215472
33886,0.033173616047
33887,0.021277719870
33888,0.059026770169
33889,0.047027548061
33890,0.341589622927
33891,0.654284128240
33892,0.186932800639
33893,0.270243529078
33894,0.110488969559
33895,0.162855662185
33896,0.158713253336
33897,0.630605863517
33898,0.094759031515
33899,0.034350717789
33900,0.039940831240
33901,0.028408990800
33902,0.150766770357
33903,0.148943388719
33904,0.150440394247
33905,0.418960722952
33906,0.274378176266
33907,0.158329981622
33908,0.967114774120
33909,0.123387914933
33910,0.022441766901
33911,0.213024712166
33912,0.224601949612
33913,0.025861606367
33914,0.056946283139
33915,0.309798453658
33916,0.070546439635
33917,0.041862142925
33918,0.049554062666
33919,0.062431040663
33920,0.156517938851
33921,0.414320060192
33922,0.369017480773
33923,0.316851041345
33924,0.387278650902
33925,0.150698285316
33926,0.156731415373
33927,0.217106801350
33928,0.019607876802
33929,0.023302190958
33930,0.150352423283
33931,0.080492240168
33932,0.059354458011
33933,0.493711401357
33934,0.242634820838
33935,0.044233403339
33936,0.551453913636
33937,0.264164418101
33938,0.094161861040
33939,0.132759343938
33940,0.098734529760
33941,0.043504654559
33942,0.016030075322
33943,0.029877028928
33944,0.046488810224
33945,0.084448593139
33946,0.115624767259
33947,0.102456572646
33948,0.466423681923
33949,0.757621390072
33950,0.482053519230
33951,0.279071258154
33952,0.654907889749
33953,0.102328568696
33954,0.055004549590
33955,0.062567145863
33956,0.124825571591
33957,0.250650749872
33958,0.067434952885
33959,0.032376652772
33960,0.074062649856
33961,0.145719936627
33962,0.034762873715
33963,0.091138893318
33964,0.035519861173
33965,0.026022880369
33966,0.021171688133
33967,0.014603416160
33968,0.036433485789
33969,0.088202398596
33970,0.054117031928
33971,0.072970805173
33972,0.341687737852
33973,0.248382296248
33974,0.347295644952
33975,0.751906169409
33976,0.652660560034
33977,0.285214145274
33978,0.110167163600
33979,0.033003173419
33980,0.018792499186
33981,0.050490272040
33982,0.130981069467
33983,0.039444504061
33984,0.960401548096
33985,0.062025410312
33986,0.023177515049
33987,0.081404781377
33988,0.072337861558
33989,0.221421679112
33990,0.055464795571
33991,0.062541855256
33992,0.021660503109
33993,0.044025299025
33994,0.014924832111
33995,0.032280985170
33996,0.083660978851
33997,0.104430315924
33998,0.627992795307
33999,0.369090230450
34000,0.335774072253
34001,0.958896312240
34002,0.445850925401
34003,0.481963734901
34004,0.144222926837
34005,0.037377170967
34006,0.028472963480
34007,0.027810459774
34008,0.054505635683
34009,0.052003827430
34010,0.034502986398
34011,0.074443224338
34012,0.517958819253
34013,0.126430000939
34014,0.362158280631
34015,0.053341739070
34016,0.108051367593
34017,0.141551944482
34018,0.156129568899
34019,0.232715764998
34020,0.050549626288
34021,0.028201180024
34022,0.034361031272
34023,0.143135555503
34024,0.916452349797
34025,0.354601941221
34026,0.697739340765
34027,0.351856180333
34028,0.283824370312
34029,0.147517165675
34030,0.230038342920
34031,0.047299386260
34032,0.020891039102
34033,0.034625637004
34034,0.016873124261
34035,0.065933823617
34036,0.031810266012
34037,0.118016356763
34038,0.164788543656
34039,0.087398968666
34040,0.269011733261
34041,0.035326127059
34042,0.071907468682
34043,0.255186327413
34044,0.057968626422
34045,0.013534725364
34046,0.013190682940
34047,0.092098608191
34048,0.239115655782
34049,0.041890476847
34050,0.327796711989
34051,0.222427324748
34052,0.081072066471
34053,0.139777463963
34054,0.030337878333
34055,0.107525842093
34056,0.087188047031
34057,0.069795861630
34058,0.123625817175
34059,0.129628996260
34060,0.053277433975
34061,0.022207079443
34062,0.223080735959
34063,0.019012153014
34064,0.098368223893
34065,0.036378633126
34066,0.112748749064
34067,0.051021752942
34068,0.075600707324
34069,0.069290393152
34070,0.161386800199
34071,0.289873985903
34072,0.680119619464
34073,0.130371340490
34074,0.016426913709
34075,0.019382086412
34076,0.022669196531
34077,0.029672942843
34078,0.088732523865
34079,0.070854615143
34080,0.120934024519
34081,0.022346129283
34082,0.042352226717
34083,0.021251791818
34084,0.032785717128
34085,0.023813182494
34086,0.021359898896
34087,0.044307086114
34088,0.084932490473
34089,0.089681464082
34090,0.447118949613
34091,0.017206317150
34092,0.021029726821
34093,0.058614613214
34094,0.061575003176
34095,0.105516894755
34096,0.411312760473
34097,0.143939714726
34098,0.222340913688
34099,0.016292473308
34100,0.035405470571
34101,0.021758734886
34102,0.074970687943
34103,0.132831897948
34104,0.047942337183
34105,0.016630732141
34106,0.016020754452
34107,0.023203075964
34108,0.015964359849
34109,0.264851552311
34110,0.040190308269
34111,0.016576152739
34112,0.029400327956
34113,0.145637598625
34114,0.062250016355
34115,0.050741477549
34116,0.022285950289
34117,0.037617663057
34118,0.067885234193
34119,0.347435914008
34120,0.035112401644
34121,0.016697003860
34122,0.027946089723
34123,0.052540865279
34124,0.065975972913
34125,0.230493629042
34126,0.070848156210
34127,0.237969378254
34128,0.088314594582
34129,0.029046090666
34130,0.025735122545
34131,0.041108576160
34132,0.064225894358
34133,0.036351420501
34134,0.353389525516
34135,0.169023958804
34136,0.024914154965
34137,0.114859581359
34138,0.048459650678
34139,0.017983205284
34140,0.371054683061
34141,0.666960509419
34142,0.221973021549
34143,0.118719840286
34144,0.022910824792
34145,0.075171671831
34146,0.041087136050
34147,0.059490101703
34148,0.111022278778
34149,0.094230318616
34150,0.094490821569
34151,0.970490477582
34152,0.023469159808
34153,0.077645610454
34154,0.021049176927
34155,0.063659609968
34156,0.077052035428
34157,0.020900957975
34158,0.138449975881
34159,0.458137411960
34160,0.072288225733
34161,0.220499351467
34162,0.035950422485
34163,0.100355792444
34164,0.022059084086
34165,0.090606596793
34166,0.024338056303
34167,0.025792716647
34168,0.055437667969
34169,0.063742103607
34170,0.025530312472
34171,0.024819343677
34172,0.056662976949
34173,0.020947094018
34174,0.153773002103
34175,0.041288191923
34176,0.040545381784
34177,0.026241641874
34178,0.037903159979
34179,0.090227432656
34180,0.076782375485
34181,0.060747463920
34182,0.958405520219
34183,0.058875204951
34184,0.125755035869
34185,0.053753225941
34186,0.046094341602
34187,0.038351538069
34188,0.042477887187
34189,0.022242910290
34190,0.394622397821
34191,0.035457169706
34192,0.014128473529
34193,0.054640638164
34194,0.217111342648
34195,0.019622268835
34196,0.114446827728
34197,0.044605980765
34198,0.023733796468
34199,0.050207362447
34200,0.287116175241
34201,0.030149775492
34202,0.027879569181
34203,0.024236919033
34204,0.014577806251
34205,0.038222103529
34206,0.013248820212
34207,0.045817286789
34208,0.247322420074
34209,0.071201476413
34210,0.026436808012
34211,0.098836943190
34212,0.147864027512
34213,0.113896120349
34214,0.092371356519
34215,0.075184906608
34216,0.026363085476
34217,0.055889091387
34218,0.027012595677
34219,0.101082759718
34220,0.182402407284
34221,0.146062082116
34222,0.022674666720
34223,0.029005461874
34224,0.013456947505
34225,0.018595363527
34226,0.015312306845
34227,0.023637588435
34228,0.014739192110
34229,0.030987867001
34230,0.082581383177
34231,0.062190072517
34232,0.137601543337
34233,0.021804762996
34234,0.142908294807
34235,0.348223763872
34236,0.015209932777
34237,0.013256505807
34238,0.018949777702
34239,0.028564082285
34240,0.012364397316
34241,0.025008034043
34242,0.029398739136
34243,0.018808202126
34244,0.018258595086
34245,0.016315751466
34246,0.083469712500
34247,0.028888897550
34248,0.059557894769
34249,0.018064433155
34250,0.060651285178
34251,0.015916463262
34252,0.014667263978
34253,0.014241491810
34254,0.123180387913
34255,0.033288667607
34256,0.038378486986
34257,0.031500647438
34258,0.115242370068
34259,0.019574220242
34260,0.018567322215
34261,0.018390434717
34262,0.380202779392
34263,0.059088318577
34264,0.066892206849
34265,0.087444114500
34266,0.021406474666
34267,0.074173322351
34268,0.018500578842
34269,0.013950786870
34270,0.102676668890
34271,0.017972819555
34272,0.118472660531
34273,0.222826541064
34274,0.035261675648
34275,0.033485811208
34276,0.050107994705
34277,0.035845573151
34278,0.023982692751
34279,0.015190834089
34280,0.032078360558
34281,0.016161031601
34282,0.097085317681
34283,0.072042617109
34284,0.015779553839
34285,0.245281572319
34286,0.031964139986
34287,0.024414787614
34288,0.012205679916
34289,0.012109918459
34290,0.052413170977
34291,0.020845591330
34292,0.029178691283
34293,0.023085221441
34294,0.022613649777
34295,0.014447853537
34296,0.016576640344
34297,0.048584603913
34298,0.262853220820
34299,0.161761329943
34300,0.023227643925
34301,0.115401508851
34302,0.020558906283
34303,0.018202687650
34304,0.017723322037
34305,0.037874248136
34306,0.060862544588
34307,0.036291086000
34308,0.043727258343
34309,0.040249854775
34310,0.114015967454
34311,0.062922405147
34312,0.338709949657
34313,0.035709400701
34314,0.099541970923
34315,0.049935218654
34316,0.155091440420
34317,0.340592851836
34318,0.056404060741
34319,0.265911574043
34320,0.067615475077
34321,0.376507260605
34322,0.096465443431
34323,0.141856936625
34324,0.072998986399
34325,0.037423052351
34326,0.107104151400
34327,0.344424419380
34328,0.809218926442
34329,0.244114942586
34330,0.052437950967
34331,0.061060840467
34332,0.270878054890
34333,0.055849732148
34334,0.021168448691
34335,0.025124409523
34336,0.031179790098
34337,0.017435384614
34338,0.018946772861
34339,0.105623645328
34340,0.251313600727
34341,0.635801834204
34342,0.549920580035
34343,0.044122321829
34344,0.057657411199
34345,0.124794847796
34346,0.248224211964
34347,0.061058873272
34348,0.034912089733
34349,0.065526835934
34350,0.097295435201
34351,0.027809532456
34352,0.422774978561
34353,0.205557963084
34354,0.250693163233
34355,0.608357007005
34356,0.111526130699
34357,0.021140502118
34358,0.501013316589
34359,0.079133458130
34360,0.204488539178
34361,0.067420557750
34362,0.056132185913
34363,0.039993246690
34364,0.093512410783
34365,0.082360394564
34366,0.114341367911
34367,0.108631563495
34368,0.036239295923
34369,0.038380176310
34370,0.091900405250
34371,0.274911377959
34372,0.057585275717
34373,0.052918870325
34374,0.068071022740
34375,0.099718684829
34376,0.036513737027
34377,0.070870467385
34378,0.029611559511
34379,0.046606293463
34380,0.141607912013
34381,0.051728446541
34382,0.161493114433
34383,0.031323535819
34384,0.043660769820
34385,0.035593068241
34386,0.018085397735
34387,0.021462859115
34388,0.480230273685
34389,0.106180213438
34390,0.211251461557
34391,0.457969001615
34392,0.451891852738
34393,0.096613248758
34394,0.071546021808
34395,0.023317185613
34396,0.032951915597
34397,0.036081580334
34398,0.017504507634
34399,0.083641493383
34400,0.061015006224
34401,0.080758870434
34402,0.177724342543
34403,0.440373668396
34404,0.021712573235
34405,0.308296174684
34406,0.050400201522
34407,0.027699897280
34408,0.037037469843
34409,0.273232432808
34410,0.020522459992
34411,0.038245103853
34412,0.084913441934
34413,0.039436525753
34414,0.342913358463
34415,0.568696020702
34416,0.119091625714
34417,0.023978255071
34418,0.030818154552
34419,0.067163403763
34420,0.079067282911
34421,0.123454409848
34422,0.152463458137
34423,0.092130075671
34424,0.098195789275
34425,0.061245614340
34426,0.013168485937
34427,0.021093227060
34428,0.036173075841
34429,0.030693235198
34430,0.027081200135
34431,0.031207931991
34432,0.120287976988
34433,0.073476098260
34434,0.220376710442
34435,0.030410049050
34436,0.061718175594
34437,0.042194571091
34438,0.023688456464
34439,0.020767426511
34440,0.028966283048
34441,0.048076139363
34442,0.030078535781
34443,0.076715704459
34444,0.461977066928
34445,0.349479636441
34446,0.054620437667
34447,0.051149438842
34448,0.032044748050
34449,0.109221091939
34450,0.061958145537
34451,0.065892158920
34452,0.022697119017
34453,0.023025429333
34454,0.026749406771
34455,0.158772015409
34456,0.036037740011
34457,0.030188455314
34458,0.012372370081
34459,0.070872618851
34460,0.062747836235
34461,0.219140179645
34462,0.222940121093
34463,0.322246426555
34464,0.055970229799
34465,0.055295697150
34466,0.023666792853
34467,0.055766353251
34468,0.044999030695
34469,0.243248269359
34470,0.052967730947
34471,0.597118973887
34472,0.107435034580
34473,0.024502331503
34474,0.111733717363
34475,0.047651610283
34476,0.056495732726
34477,0.024738345999
34478,0.016147664507
34479,0.018495254520
34480,0.074035871174
34481,0.018266169511
34482,0.035901422981
34483,0.021839676461
34484,0.024368442727
34485,0.081302600251
34486,0.092521991813
34487,0.061036621650
34488,0.106176536405
34489,0.227590915013
34490,0.365745873264
34491,0.091738844728
34492,0.033082915159
34493,0.080863880958
34494,0.021881471521
34495,0.033268581880
34496,0.012816984949
34497,0.022505906448
34498,0.111524426974
34499,0.070583003901
34500,0.112178690823
34501,0.061148248073
34502,0.103950336728
34503,0.043800428738
34504,0.062590311832
34505,0.029926748057
34506,0.026373030802
34507,0.145381026428
34508,0.026438069883
34509,0.066044889710
34510,0.035346577543
34511,0.015534231018
34512,0.019298090097
34513,0.043940478162
34514,0.064886518032
34515,0.073987171498
34516,0.106114494222
34517,0.107289179749
34518,0.328563740635
34519,0.224307152903
34520,0.231669981729
34521,0.023645126411
34522,0.097969188323
34523,0.015819284640
34524,0.049290220754
34525,0.058810301660
34526,0.100014273436
34527,0.060945916598
34528,0.063243454385
34529,0.050249977694
34530,0.073843092972
34531,0.067529735810
34532,0.021720967379
34533,0.020392095811
34534,0.092281433974
34535,0.016785189630
34536,0.040550315734
34537,0.123971513180
34538,0.062208654255
34539,0.128764482094
34540,0.543496275254
34541,0.118777079196
34542,0.118861170343
34543,0.073165925249
34544,0.087947059772
34545,0.088800944261
34546,0.086650258141
34547,0.055232337494
34548,0.017631845683
34549,0.284033966724
34550,0.086409697142
34551,0.072640060294
34552,0.048239784936
34553,0.070381478478
34554,0.029141524753
34555,0.019324267239
34556,0.022201507026
34557,0.056967694476
34558,0.451821528098
34559,0.060672427723
34560,0.049215002014
34561,0.112061043654
34562,0.746075175283
34563,0.108808504367
34564,0.021874417422
34565,0.128234809021
34566,0.065795883939
34567,0.180563004164
34568,0.365526249667
34569,0.078302087987
34570,0.017566632761
34571,0.065962772439
34572,0.072643661520
34573,0.101195489000
34574,0.153046120705
34575,0.058494558034
34576,0.149626036791
34577,0.070178315168
34578,0.054314135885
34579,0.057378364187
34580,0.059217759014
34581,0.028422716224
34582,0.119277467201
34583,0.148044190291
34584,0.248982321401
34585,0.084582614392
34586,0.038068280081
34587,0.094300801293
34588,0.166643961271
34589,0.249770091528
34590,0.060889737800
34591,0.069013095939
34592,0.029603237339
34593,0.019541396884
34594,0.083366462822
34595,0.558473222426
34596,0.025484966125
34597,0.130284986436
34598,0.403680314439
34599,0.241153323089
34600,0.017345316073
34601,0.015631093284
34602,0.018015470032
34603,0.033509352572
34604,0.058227670703
34605,0.331833509683
34606,0.319711213443
34607,0.108776953659
34608,0.106104402504
34609,0.245346978503
34610,0.154604399638
34611,0.106771690033
34612,0.158393056270
34613,0.282182691836
34614,0.076006810393
34615,0.046841187771
34616,0.119998151631
34617,0.068868410697
34618,0.274998083701
34619,0.938222297019
34620,0.081489030299
34621,0.379336461978
34622,0.017110920071
34623,0.040450114588
34624,0.263685321423
34625,0.019475484635
34626,0.014479495146
34627,0.051640677179
34628,0.071505576737
34629,0.028009184771
34630,0.045606635253
34631,0.467938550189
34632,0.075566595630
34633,0.094764019118
34634,0.250237624224
34635,0.151213338775
34636,0.252967876216
34637,0.374839078696
34638,0.347355131810
34639,0.259724571982
34640,0.141687059516
34641,0.137053844655
34642,0.931462395327
34643,0.403681881985
34644,0.395260807417
34645,0.033153891096
34646,0.119851981169
34647,0.095284309872
34648,0.023409146715
34649,0.024904485334
34650,0.050324262905
34651,0.011335319471
34652,0.020460955076
34653,0.026521716465
34654,0.093625760848
34655,0.121108290257
34656,0.094196620666
34657,0.103277618142
34658,0.077919772863
34659,0.153950695254
34660,0.215479532523
34661,0.023998325571
34662,0.112904210824
34663,0.332465959025
34664,0.029800518936
34665,0.085180102371
34666,0.962669750749
34667,0.949216844553
34668,0.704445534056
34669,0.103149742545
34670,0.435341813283
34671,0.096446317322
34672,0.017080110415
34673,0.050510240949
34674,0.013090103028
34675,0.050545382677
34676,0.057173058562
34677,0.059723190179
34678,0.022505740935
34679,0.444771520978
34680,0.028032417698
34681,0.053620297444
34682,0.111684541596
34683,0.090126380548
34684,0.056703035280
34685,0.065877149194
34686,0.242117260684
34687,0.135596760818
34688,0.034965001000
34689,0.129498787298
34690,0.103893122479
34691,0.130886422246
34692,0.959879387956
34693,0.862421887092
34694,0.658498146547
34695,0.014958172703
34696,0.023104419673
34697,0.099162790404
34698,0.024662635773
34699,0.013493201494
34700,0.434852993836
34701,0.060902608930
34702,0.253675586279
34703,0.051583974011
34704,0.112281905614
34705,0.109193164378
34706,0.121334744754
34707,0.153251509384
34708,0.149258120996
34709,0.516903949341
34710,0.520145046322
34711,0.151060034458
34712,0.146664154929
34713,0.089635810532
34714,0.052830249713
34715,0.117200448936
34716,0.058408989126
34717,0.044551028741
34718,0.018412538270
34719,0.116529108062
34720,0.138538615388
34721,0.055062046342
34722,0.121099963109
34723,0.027116443943
34724,0.927493046660
34725,0.972117793640
34726,0.936930655528
34727,0.111849604205
34728,0.045863357456
34729,0.218103892795
34730,0.017856323012
34731,0.404440242520
34732,0.024950687310
34733,0.018134190123
34734,0.017901823433
34735,0.062346795379
34736,0.092043658935
34737,0.065090060605
34738,0.405443566997
34739,0.948057933483
34740,0.076585437269
34741,0.100020895005
34742,0.135321532363
34743,0.148948537325
34744,0.063343558513
34745,0.232586900658
34746,0.122175752509
34747,0.061688800125
34748,0.099146386545
34749,0.112289840229
34750,0.064870381675
34751,0.033209540165
34752,0.387061585837
34753,0.355763432233
34754,0.226207059574
34755,0.083870983848
34756,0.029085809968
34757,0.146590359970
34758,0.077972079488
34759,0.266643352583
34760,0.033925482771
34761,0.037652065415
34762,0.033863987453
34763,0.021446491633
34764,0.058076491960
34765,0.045468011160
34766,0.340615011343
34767,0.663486225029
34768,0.263605478749
34769,0.269423526538
34770,0.104035502132
34771,0.217989147352
34772,0.156537974054
34773,0.639700533053
34774,0.094040967609
34775,0.029554967204
34776,0.043022250071
34777,0.030256809929
34778,0.152247635225
34779,0.236471938365
34780,0.239568585951
34781,0.409397056971
34782,0.269298375738
34783,0.161415573955
34784,0.966942927840
34785,0.207043170913
34786,0.021733205805
34787,0.218233856431
34788,0.166868211616
34789,0.024676248988
34790,0.064037193977
34791,0.220347300410
34792,0.066215549666
34793,0.039309194829
34794,0.051060533008
34795,0.060234581952
34796,0.151877858918
34797,0.425037184067
34798,0.372574915652
34799,0.321240803363
34800,0.282614013856
34801,0.140194182073
34802,0.154747017861
34803,0.353702176134
34804,0.023482981028
34805,0.147639832973
34806,0.088245133346
34807,0.065030829556
34808,0.503704503821
34809,0.345630900010
34810,0.051448884885
34811,0.550182309525
34812,0.368480680365
34813,0.011684850171
34814,0.085734325691
34815,0.137524931640
34816,0.095691280117
34817,0.044728319326
34818,0.017478750478
34819,0.012754428315
34820,0.017795766672
34821,0.028808159184
34822,0.048917092463
34823,0.087406568997
34824,0.112311063927
34825,0.196706742606
34826,0.464035185765
34827,0.761081696604
34828,0.487536647892
34829,0.276685389240
34830,0.654766080107
34831,0.104701848399
34832,0.017921253330
34833,0.053427116284
34834,0.057264511904
34835,0.209371120944
34836,0.185300523852
34837,0.065096786782
34838,0.034922297144
34839,0.075290198221
34840,0.142754184379
34841,0.034591602290
34842,0.091206598872
34843,0.040715754172
34844,0.034418087440
34845,0.080511230784
34846,0.053291093475
34847,0.071048987675
34848,0.334695963991
34849,0.255054981474
34850,0.351229764064
34851,0.747530302178
34852,0.646639355643
34853,0.280495463193
34854,0.115821938091
34855,0.037205257962
34856,0.018960414819
34857,0.052034152210
34858,0.121241479089
34859,0.038153380433
34860,0.960014134226
34861,0.066674692829
34862,0.025560404055
34863,0.082263076424
34864,0.073984108879
34865,0.316539399060
34866,0.061287901192
34867,0.058357787260
34868,0.023028943679
34869,0.053902716775
34870,0.029558426593
34871,0.086152922100
34872,0.104823784667
34873,0.627106666995
34874,0.360532495081
34875,0.237149212550
34876,0.958629067112
34877,0.390777523651
34878,0.507187564519
34879,0.153866018301
34880,0.037337205474
34881,0.028385672711
34882,0.026269604965
34883,0.062292282571
34884,0.050841321265
34885,0.033160863905
34886,0.074055889629
34887,0.488365551478
34888,0.134999594421
34889,0.270566526026
34890,0.051743862013
34891,0.109993444301
34892,0.217120545731
34893,0.232211191162
34894,0.236976564891
34895,0.043988341612
34896,0.027414431477
34897,0.036993054657
34898,0.138712636032
34899,0.913134681795
34900,0.351748395000
34901,0.701177292614
34902,0.339428068785
34903,0.385153338498
34904,0.148508876488
34905,0.134141717240
34906,0.022578575172
34907,0.039929066646
34908,0.015585502822
34909,0.069989438411
34910,0.029884873334
34911,0.127143107673
34912,0.155443825738
34913,0.080434972805
34914,0.258734901524
34915,0.034968545258
34916,0.069552501201
34917,0.337094724109
34918,0.058065381463
34919,0.017459243996
34920,0.097972543161
34921,0.235262596479
34922,0.040632657065
34923,0.224092644825
34924,0.161951152004
34925,0.080850177819
34926,0.127477595942
34927,0.029876475713
34928,0.110656888250
34929,0.100888237276
34930,0.068755035399
34931,0.208253546797
34932,0.130044982613
34933,0.052149246130
34934,0.022343853445
34935,0.218875433774
34936,0.018074375704
34937,0.114959323187
34938,0.043865975429
34939,0.035852201273
34940,0.102592977703
34941,0.049968477889
34942,0.079747891680
34943,0.076198032285
34944,0.154444794292
34945,0.288416456760
34946,0.693172783660
34947,0.129950083822
34948,0.015044114288
34949,0.021095068840
34950,0.022501576248
34951,0.031151562801
34952,0.085948746530
34953,0.066270709876
34954,0.118087522449
34955,0.020842710859
34956,0.040753672651
34957,0.020896948613
34958,0.032523712152
34959,0.024530142713
34960,0.020849911146
34961,0.043052769140
34962,0.012503699157
34963,0.086244857032
34964,0.094289118770
34965,0.364026547040
34966,0.016578431032
34967,0.021172411136
34968,0.059596587157
34969,0.059251895778
34970,0.103315677791
34971,0.405795853062
34972,0.137352388229
34973,0.224878371714
34974,0.033502918188
34975,0.076551918502
34976,0.138329114941
34977,0.043985095143
34978,0.016835147796
34979,0.022884917930
34980,0.270272888685
34981,0.047989510730
34982,0.017300560387
34983,0.021977323882
34984,0.027358370276
34985,0.144939651818
34986,0.062184240352
34987,0.048524068997
34988,0.020953804677
34989,0.033980445091
34990,0.071659544003
34991,0.359679880091
34992,0.035490440423
34993,0.012375404738
34994,0.018603768028
34995,0.025587085102
34996,0.053474816285
34997,0.071306634104
34998,0.234466114980
34999,0.082741103345
35000,0.237630300704
35001,0.100843133746
35002,0.031332275368
35003,0.023936451288
35004,0.042594181855
35005,0.057016624892
35006,0.035073997570
35007,0.339913180624
35008,0.022651363762
35009,0.254859257489
35010,0.024423465888
35011,0.116182382204
35012,0.047066893461
35013,0.272616587627
35014,0.663772679762
35015,0.215731391053
35016,0.121152088244
35017,0.020769500818
35018,0.080254483274
35019,0.041332255032
35020,0.058070970879
35021,0.107701148876
35022,0.097364619662
35023,0.097252545706
35024,0.970332119415
35025,0.024409479460
35026,0.080670456363
35027,0.072439269604
35028,0.075261979240
35029,0.021355198537
35030,0.144365044728
35031,0.449304826556
35032,0.074508631669
35033,0.226162055776
35034,0.036382086802
35035,0.099300818722
35036,0.022225319085
35037,0.090936897655
35038,0.020795032986
35039,0.021748106814
35040,0.055908550204
35041,0.063544319436
35042,0.027464591605
35043,0.029600688597
35044,0.072002816043
35045,0.020107917824
35046,0.150429439510
35047,0.046155101604
35048,0.027856197697
35049,0.037113029510
35050,0.089193081227
35051,0.092948302540
35052,0.061212417057
35053,0.959485157962
35054,0.060061525382
35055,0.222670058608
35056,0.055178965319
35057,0.046175102015
35058,0.037304375412
35059,0.039819422424
35060,0.014793014957
35061,0.021123275009
35062,0.405524588282
35063,0.034693862995
35064,0.014518527238
35065,0.015509125364
35066,0.021830731866
35067,0.055408589452
35068,0.135825603476
35069,0.022113375770
35070,0.129237339973
35071,0.049931523420
35072,0.025063392280
35073,0.048985494324
35074,0.375196498143
35075,0.030062937653
35076,0.029551512255
35077,0.011713382428
35078,0.015264873093
35079,0.036773280822
35080,0.013137676704
35081,0.045325752668
35082,0.149557239997
35083,0.067937069899
35084,0.020530297909
35085,0.089443886223
35086,0.150575503866
35087,0.107532558193
35088,0.091967565378
35089,0.081531864074
35090,0.024059292977
35091,0.054004734639
35092,0.027653151704
35093,0.104901207390
35094,0.182556329288
35095,0.152885383915
35096,0.023982143759
35097,0.015430282705
35098,0.016870027172
35099,0.029871606225
35100,0.012031891098
35101,0.017251608279
35102,0.016843996202
35103,0.022685480749
35104,0.014491669337
35105,0.031259562106
35106,0.079389319778
35107,0.058812574289
35108,0.128741871023
35109,0.019270348572
35110,0.216351860802
35111,0.017206387598
35112,0.346781227564
35113,0.016808530127
35114,0.022503641343
35115,0.021523676320
35116,0.015516486784
35117,0.020024395084
35118,0.012320876626
35119,0.024798906079
35120,0.026423698645
35121,0.017495782263
35122,0.019092196770
35123,0.092002924088
35124,0.028461770039
35125,0.065120451825
35126,0.018613863148
35127,0.020593091181
35128,0.062523927650
35129,0.016309329583
35130,0.012810334757
35131,0.129671583057
35132,0.032603656659
35133,0.036806423323
35134,0.022040009499
35135,0.034466503464
35136,0.119971034005
35137,0.017241993121
35138,0.020426936879
35139,0.018906080563
35140,0.019851432789
35141,0.287701464901
35142,0.069042411810
35143,0.068845312118
35144,0.079708923191
35145,0.068609705992
35146,0.021350420873
35147,0.102466970732
35148,0.017269374206
35149,0.116298782479
35150,0.154755567804
35151,0.021726554245
35152,0.036788509192
35153,0.053535328498
35154,0.031608487654
35155,0.029970062643
35156,0.015557017254
35157,0.091806341557
35158,0.076069295717
35159,0.169430092337
35160,0.032517851534
35161,0.024649850519
35162,0.022040889910
35163,0.055088505776
35164,0.021443971801
35165,0.014411976728
35166,0.023533904570
35167,0.030626754652
35168,0.012442975479
35169,0.045400226154
35170,0.272220517870
35171,0.243534248059
35172,0.023543630571
35173,0.116855221789
35174,0.018262892499
35175,0.016899442314
35176,0.035598888514
35177,0.059602923994
35178,0.038432520391
35179,0.063409639955
35180,0.040602007681
35181,0.043926811252
35182,0.048709204537
35183,0.049062560101
35184,0.109458908663
35185,0.058591376306
35186,0.059567807940
35187,0.340257371047
35188,0.038654866603
35189,0.095593267344
35190,0.056749422422
35191,0.328976282354
35192,0.246918858130
35193,0.070047149378
35194,0.053929996803
35195,0.016629039036
35196,0.339983190288
35197,0.069868740770
35198,0.379155049699
35199,0.089481691371
35200,0.315713258613
35201,0.075608418058
35202,0.107812683503
35203,0.024263474485
35204,0.014864514054
35205,0.237989209246
35206,0.059021394432
35207,0.809929189366
35208,0.255831254326
35209,0.068967293552
35210,0.260705545729
35211,0.060314471475
35212,0.020022812566
35213,0.026146288303
35214,0.034320371804
35215,0.016091066095
35216,0.021381519201
35217,0.098371846676
35218,0.370219809292
35219,0.625641327330
35220,0.546827557910
35221,0.043728782885
35222,0.064102896163
35223,0.033096098684
35224,0.225287225580
35225,0.138405826430
35226,0.011695448582
35227,0.026877049752
35228,0.058417853649
35229,0.035978664284
35230,0.066089977376
35231,0.201676090970
35232,0.028916475162
35233,0.402865554382
35234,0.206930449755
35235,0.245460255663
35236,0.599223550876
35237,0.109302137337
35238,0.487796889004
35239,0.022803493066
35240,0.072436187479
35241,0.197711863810
35242,0.067231666856
35243,0.057595237958
35244,0.040686006936
35245,0.096537220185
35246,0.083754342977
35247,0.131353842672
35248,0.109425035340
35249,0.034180133569
35250,0.033931374249
35251,0.102462380973
35252,0.273664979170
35253,0.051706608813
35254,0.055124914727
35255,0.069495946396
35256,0.095707926218
35257,0.031538251106
35258,0.065076168986
35259,0.050146094921
35260,0.142081459845
35261,0.045378396660
35262,0.148981557321
35263,0.024385210458
35264,0.049325797251
35265,0.036851773537
35266,0.032288100359
35267,0.018455280996
35268,0.028967490326
35269,0.471364959220
35270,0.101017516368
35271,0.206436629309
35272,0.431733942484
35273,0.445537309888
35274,0.100101803115
35275,0.071478843021
35276,0.031560183702
35277,0.018850220677
35278,0.040346344538
35279,0.196908996614
35280,0.074689364079
35281,0.183043945989
35282,0.456030749008
35283,0.307827601372
35284,0.056861784989
35285,0.027904906135
35286,0.035056421229
35287,0.262801099563
35288,0.020790145117
35289,0.038851327669
35290,0.079970524816
35291,0.332069252181
35292,0.563852254891
35293,0.114945712492
35294,0.024025234794
35295,0.030873004183
35296,0.064531788507
35297,0.078269374696
35298,0.015781376714
35299,0.028805134648
35300,0.018264248464
35301,0.123760206795
35302,0.147501334698
35303,0.086281350379
35304,0.098456259524
35305,0.062261028309
35306,0.037518184902
35307,0.029248994309
35308,0.028050867204
35309,0.031861409649
35310,0.121531384724
35311,0.074664508321
35312,0.145191408413
35313,0.027189770003
35314,0.063453480275
35315,0.038448473203
35316,0.022149705793
35317,0.020815408668
35318,0.027311997109
35319,0.047225723083
35320,0.029749196223
35321,0.084737173233
35322,0.460552987397
35323,0.387680096046
35324,0.055647316958
35325,0.048526066589
35326,0.034881665273
35327,0.103117748262
35328,0.058562051650
35329,0.021450192990
35330,0.073366025564
35331,0.022229546222
35332,0.030613933214
35333,0.238823728625
35334,0.036295604036
35335,0.021682320463
35336,0.028644924314
35337,0.068867170178
35338,0.062811615037
35339,0.209843433006
35340,0.221804955581
35341,0.323523492347
35342,0.055302101430
35343,0.058585925623
35344,0.022699851005
35345,0.053640100918
35346,0.042281505266
35347,0.015526290250
35348,0.250809102074
35349,0.055347720312
35350,0.621223257559
35351,0.119837227106
35352,0.024127180917
35353,0.101343376818
35354,0.045661346130
35355,0.059670644481
35356,0.025773454119
35357,0.016206378667
35358,0.067994001527
35359,0.022170266459
35360,0.024886882309
35361,0.076647284643
35362,0.037612262435
35363,0.093907741892
35364,0.057122648904
35365,0.110014651323
35366,0.227261019225
35367,0.361716126410
35368,0.089707490941
35369,0.034594531968
35370,0.080575109229
35371,0.022236636097
35372,0.035176919610
35373,0.109352688594
35374,0.065734732410
35375,0.113922670785
35376,0.064503461037
35377,0.110262529057
35378,0.042310929160
35379,0.058201070008
35380,0.024673573531
35381,0.020167681119
35382,0.150001350273
35383,0.017684073012
35384,0.027753647714
35385,0.069919307990
35386,0.033287982518
35387,0.017654030746
35388,0.044666505159
35389,0.065319614262
35390,0.072309382704
35391,0.108266405552
35392,0.101346747295
35393,0.331013667260
35394,0.229454779407
35395,0.224588895456
35396,0.019981620800
35397,0.090381060125
35398,0.045046411008
35399,0.059610193441
35400,0.093226564803
35401,0.032930650955
35402,0.029534177855
35403,0.063215584888
35404,0.046983206730
35405,0.077913475963
35406,0.029408041685
35407,0.066591612721
35408,0.016131198014
35409,0.022223834204
35410,0.022586419217
35411,0.091972250497
35412,0.017648729521
35413,0.038331499149
35414,0.126389728353
35415,0.058463884564
35416,0.126593020447
35417,0.541064933811
35418,0.114336453337
35419,0.117918259641
35420,0.067808934230
35421,0.083241605824
35422,0.087348105444
35423,0.086214984543
35424,0.056262430276
35425,0.283183603988
35426,0.091909859411
35427,0.066388600306
35428,0.042151427769
35429,0.065169110115
35430,0.026807484736
35431,0.027633719147
35432,0.019651291502
35433,0.023680177006
35434,0.060449693421
35435,0.270480641916
35436,0.062414060473
35437,0.049766175200
35438,0.111935148757
35439,0.741331663581
35440,0.100628441502
35441,0.021098983283
35442,0.210961486952
35443,0.065542689359
35444,0.233280657137
35445,0.270135691901
35446,0.077845572712
35447,0.071200514798
35448,0.073201678030
35449,0.096446554065
35450,0.151478297634
35451,0.061020251444
35452,0.212189135266
35453,0.061234935490
35454,0.060290443851
35455,0.017358696122
35456,0.022532221907
35457,0.059549345853
35458,0.057342171900
35459,0.028605617219
35460,0.122979815558
35461,0.147053931723
35462,0.251207872064
35463,0.085058680564
35464,0.036780625078
35465,0.094280050757
35466,0.164447917769
35467,0.247977576584
35468,0.064976462579
35469,0.071048329645
35470,0.031475395995
35471,0.078593463264
35472,0.549625158501
35473,0.028197810382
35474,0.133130968808
35475,0.397017927855
35476,0.167757957596
35477,0.017443752693
35478,0.019920975554
35479,0.019812983688
35480,0.033823620586
35481,0.057122929857
35482,0.235630749865
35483,0.325888676081
35484,0.110602854855
35485,0.107381932900
35486,0.175133175869
35487,0.217997229455
35488,0.111291412044
35489,0.170169200695
35490,0.354491682809
35491,0.075880544000
35492,0.012694657817
35493,0.023153203042
35494,0.050989898037
35495,0.111466799061
35496,0.067710055711
35497,0.202123719811
35498,0.938515372826
35499,0.075179342836
35500,0.371885150448
35501,0.017527648207
35502,0.041015861561
35503,0.264487561042
35504,0.051757907649
35505,0.070376722279
35506,0.030692421279
35507,0.046986978099
35508,0.010281471089
35509,0.485429709051
35510,0.072916997231
35511,0.095013275239
35512,0.257283531861
35513,0.157581887284
35514,0.249040939100
35515,0.285618873078
35516,0.349583627033
35517,0.028964306602
35518,0.176570168866
35519,0.132127173312
35520,0.121245526078
35521,0.935182932454
35522,0.381102901383
35523,0.376577320286
35524,0.030780709199
35525,0.116556299336
35526,0.094966446485
35527,0.029837212831
35528,0.024887410573
35529,0.017378754173
35530,0.012143134726
35531,0.051161493571
35532,0.011327609724
35533,0.019677979802
35534,0.025526244507
35535,0.089960266069
35536,0.124699916626
35537,0.092890868084
35538,0.110287947399
35539,0.077526842739
35540,0.220184409015
35541,0.113506219856
35542,0.024379063117
35543,0.118671644405
35544,0.241319145778
35545,0.029028467048
35546,0.087626444422
35547,0.962724765956
35548,0.948534540489
35549,0.705084297630
35550,0.011957133671
35551,0.027908476398
35552,0.022688416000
35553,0.108020498434
35554,0.423790154771
35555,0.092191322119
35556,0.016642639108
35557,0.051815538857
35558,0.052021274630
35559,0.055692026098
35560,0.059305673309
35561,0.022400692337
35562,0.387119314171
35563,0.028209940338
35564,0.054218389934
35565,0.113257730441
35566,0.086723162131
35567,0.057468099871
35568,0.065623342773
35569,0.238457659256
35570,0.134440396306
35571,0.035570109443
35572,0.119781298819
35573,0.105352271687
35574,0.129987607065
35575,0.958339670523
35576,0.871604083679
35577,0.648364453755
35578,0.022201609078
35579,0.103957127491
35580,0.021737431250
35581,0.012249297758
35582,0.444743266199
35583,0.057670150335
35584,0.254045157883
35585,0.059136035768
35586,0.105394950539
35587,0.024544594391
35588,0.096336707833
35589,0.113948572535
35590,0.147589167957
35591,0.146911133188
35592,0.490778322834
35593,0.510445117384
35594,0.156132472693
35595,0.143263599370
35596,0.087292223954
35597,0.055520930002
35598,0.113082987016
35599,0.058383839481
35600,0.045745373582
35601,0.022012904154
35602,0.116032111508
35603,0.125466080427
35604,0.056358259976
35605,0.119912196492
35606,0.028190410011
35607,0.935885617080
35608,0.971980951460
35609,0.940349862448
35610,0.108786226072
35611,0.050132222920
35612,0.220783187161
35613,0.394172735303
35614,0.023684811719
35615,0.012088097941
35616,0.018097577729
35617,0.017498446555
35618,0.062863181325
35619,0.087985055464
35620,0.064992914197
35621,0.384534991442
35622,0.947856083710
35623,0.073856713202
35624,0.096105378094
35625,0.125979839818
35626,0.146270830796
35627,0.061734099046
35628,0.230136756218
35629,0.123724212293
35630,0.033152260443
35631,0.075868182125
35632,0.098734527920
35633,0.115881045610
35634,0.068439007005
35635,0.030518299924
35636,0.288493455919
35637,0.358460057379
35638,0.140038037838
35639,0.142729515286
35640,0.080125609558
35641,0.187475995723
35642,0.033916501613
35643,0.038320102410
35644,0.036713745799
35645,0.016112737228
35646,0.057430349973
35647,0.044508982085
35648,0.254266127142
35649,0.679557296525
35650,0.263469146768
35651,0.182065681158
35652,0.115273073344
35653,0.154831368491
35654,0.151563584745
35655,0.636910731764
35656,0.092801234132
35657,0.036317512794
35658,0.045012241433
35659,0.029450930408
35660,0.147185791952
35661,0.149506576866
35662,0.236616136130
35663,0.399643467209
35664,0.358856946914
35665,0.157642484981
35666,0.966761183440
35667,0.205651187320
35668,0.023258271552
35669,0.128816621984
35670,0.152417504629
35671,0.027018161403
35672,0.060700055441
35673,0.518518339494
35674,0.068549159373
35675,0.039024913123
35676,0.049353531680
35677,0.062012699071
35678,0.152230202106
35679,0.453070967017
35680,0.369689965670
35681,0.547775899047
35682,0.397510496791
35683,0.138793996054
35684,0.148312649389
35685,0.340739441720
35686,0.022145137193
35687,0.150436655778
35688,0.078774356524
35689,0.064447225905
35690,0.491285596190
35691,0.250996412349
35692,0.046314397476
35693,0.536929629128
35694,0.375931660021
35695,0.011838468257
35696,0.075569136076
35697,0.134596241530
35698,0.084137281585
35699,0.045916963637
35700,0.019103490976
35701,0.029216488718
35702,0.047187499484
35703,0.085940630128
35704,0.114789053216
35705,0.111520165173
35706,0.406295740452
35707,0.757115438330
35708,0.473705047242
35709,0.285948467931
35710,0.649562746259
35711,0.101913530204
35712,0.055149760705
35713,0.056570694432
35714,0.201267942117
35715,0.183952382533
35716,0.066105811882
35717,0.032984523209
35718,0.074330951586
35719,0.142299462506
35720,0.027634501805
35721,0.037250791531
35722,0.099565057461
35723,0.021303794919
35724,0.015534553192
35725,0.040333605685
35726,0.014373153429
35727,0.034677236064
35728,0.084791692250
35729,0.054955738805
35730,0.075473700602
35731,0.331197354223
35732,0.256114749576
35733,0.173580777511
35734,0.708739618658
35735,0.650263098392
35736,0.290534287698
35737,0.119031811087
35738,0.030841257895
35739,0.017946367455
35740,0.053474579650
35741,0.120803629579
35742,0.019501526287
35743,0.034497607029
35744,0.960257962639
35745,0.065103238889
35746,0.025846880036
35747,0.083112399958
35748,0.073242204166
35749,0.225047716803
35750,0.058508676715
35751,0.065733617500
35752,0.022593826316
35753,0.055016809242
35754,0.030198089898
35755,0.087199249727
35756,0.096207241382
35757,0.635126585783
35758,0.354659767148
35759,0.225123716075
35760,0.957654181546
35761,0.383875357311
35762,0.520034924531
35763,0.142658932199
35764,0.034825386638
35765,0.027096263323
35766,0.024256765232
35767,0.061826756624
35768,0.057404999807
35769,0.038704387907
35770,0.203336238475
35771,0.510635786310
35772,0.134545195772
35773,0.272747036604
35774,0.056834228479
35775,0.103763774693
35776,0.150595817490
35777,0.140375104948
35778,0.227825744819
35779,0.045151134286
35780,0.013726893335
35781,0.025636148226
35782,0.008347630227
35783,0.036622546855
35784,0.139841043549
35785,0.885441733447
35786,0.339657276165
35787,0.718662402409
35788,0.344887020765
35789,0.375927640594
35790,0.144385532595
35791,0.136389105488
35792,0.043991570707
35793,0.037354018987
35794,0.014490533649
35795,0.068176497901
35796,0.031011743783
35797,0.104674026300
35798,0.162214007835
35799,0.082689314441
35800,0.267052062167
35801,0.034404067646
35802,0.072936306508
35803,0.345002431459
35804,0.055138775034
35805,0.013106297615
35806,0.098486978838
35807,0.240812537144
35808,0.037929710230
35809,0.226133651170
35810,0.157356814486
35811,0.082994913518
35812,0.137258260081
35813,0.029264398363
35814,0.105382727418
35815,0.112559772683
35816,0.069852739844
35817,0.132236853469
35818,0.013490628495
35819,0.133237128882
35820,0.052387612048
35821,0.039207833478
35822,0.216024986020
35823,0.018804245368
35824,0.021309447631
35825,0.119237152617
35826,0.036510119550
35827,0.104513735787
35828,0.048062648864
35829,0.070787258832
35830,0.071633153478
35831,0.151928070529
35832,0.286584461559
35833,0.695070779856
35834,0.129925744750
35835,0.011921351116
35836,0.016062539143
35837,0.021549704979
35838,0.023411933394
35839,0.028074290530
35840,0.087547580413
35841,0.069514740595
35842,0.202939583489
35843,0.021310993699
35844,0.038106198252
35845,0.032901755740
35846,0.024743819079
35847,0.041582056149
35848,0.084772192681
35849,0.093316611391
35850,0.366992826127
35851,0.017635357471
35852,0.059555800475
35853,0.059213121093
35854,0.104558506168
35855,0.401224619705
35856,0.139690165142
35857,0.019824902207
35858,0.012727549703
35859,0.158568063708
35860,0.035804025750
35861,0.075972907881
35862,0.143417929806
35863,0.049833105062
35864,0.016383576528
35865,0.023473945472
35866,0.016091184587
35867,0.348115978357
35868,0.016073963711
35869,0.024173750387
35870,0.027883518947
35871,0.145805035508
35872,0.064315532865
35873,0.050872682204
35874,0.020207988268
35875,0.033256418299
35876,0.070914734642
35877,0.257880533466
35878,0.034084577590
35879,0.021229729764
35880,0.029310791074
35881,0.052099620085
35882,0.068717186864
35883,0.235576084241
35884,0.075748561928
35885,0.237880879425
35886,0.093324732481
35887,0.032726060102
35888,0.024067498744
35889,0.042301780212
35890,0.064013033385
35891,0.035290199753
35892,0.258277446622
35893,0.248698142176
35894,0.024522728340
35895,0.114771719735
35896,0.045416546847
35897,0.019699146393
35898,0.278859699431
35899,0.666957965623
35900,0.226131925419
35901,0.129989213851
35902,0.074994232409
35903,0.049183351039
35904,0.056034513313
35905,0.112086507279
35906,0.085897941999
35907,0.092780617341
35908,0.966874924480
35909,0.087762566380
35910,0.067766808217
35911,0.070722704814
35912,0.019486367892
35913,0.142300077936
35914,0.440547405252
35915,0.071102824140
35916,0.228644063325
35917,0.036583881096
35918,0.098868079587
35919,0.020507038017
35920,0.088954233810
35921,0.021192909627
35922,0.022095770360
35923,0.057458299077
35924,0.063944655539
35925,0.027261610037
35926,0.071505802672
35927,0.021933519938
35928,0.019255960783
35929,0.252790676250
35930,0.048030802556
35931,0.042361346987
35932,0.023853566855
35933,0.038255195558
35934,0.091221984595
35935,0.097573694044
35936,0.958326283557
35937,0.074240568343
35938,0.222106429567
35939,0.061709645600
35940,0.045507617803
35941,0.038850233623
35942,0.040472211554
35943,0.022279892398
35944,0.432960052929
35945,0.033726346155
35946,0.011718487839
35947,0.014622122269
35948,0.024128297319
35949,0.015787235513
35950,0.057036237314
35951,0.137379148766
35952,0.022028888884
35953,0.119740943386
35954,0.050025113476
35955,0.025085141685
35956,0.012058629068
35957,0.049325739073
35958,0.370678503247
35959,0.030166961626
35960,0.011818264953
35961,0.023483346976
35962,0.015636310785
35963,0.040421655631
35964,0.042499434333
35965,0.144260940315
35966,0.068947784129
35967,0.025689719744
35968,0.022075890566
35969,0.087967550750
35970,0.164086286954
35971,0.105534616670
35972,0.090817147101
35973,0.075756449433
35974,0.024049717403
35975,0.056311839707
35976,0.029034022886
35977,0.092963768609
35978,0.179613877505
35979,0.225158372783
35980,0.013861526832
35981,0.023302608448
35982,0.025669984704
35983,0.017353993589
35984,0.028995224183
35985,0.011453595021
35986,0.019335575232
35987,0.015262800941
35988,0.019230696464
35989,0.023223292762
35990,0.030090825449
35991,0.084202571214
35992,0.061095568499
35993,0.127908289763
35994,0.213154906546
35995,0.017015666563
35996,0.273726455840
35997,0.024184688843
35998,0.015924067545
35999,0.019987563040
36000,0.027433911106
36001,0.024671388563
36002,0.028617383164
36003,0.017249408002
36004,0.016795608644
36005,0.093861978926
36006,0.026568331936
36007,0.066880881748
36008,0.058499180486
36009,0.017364109975
36010,0.016250666151
36011,0.015147971460
36012,0.131247628449
36013,0.032947673222
36014,0.045736590295
36015,0.018658287119
36016,0.031309539682
36017,0.023287521664
36018,0.115943791637
36019,0.018597257823
36020,0.278189390799
36021,0.066887305729
36022,0.075273165777
36023,0.080436451280
36024,0.025268240747
36025,0.069950016321
36026,0.022005441355
36027,0.108572914118
36028,0.018250290799
36029,0.114598785445
36030,0.153870270412
36031,0.024519107017
36032,0.034863665528
36033,0.053829182390
36034,0.032939287989
36035,0.031138582608
36036,0.016462625465
36037,0.095378183996
36038,0.078584626303
36039,0.176131938836
36040,0.032558836682
36041,0.026495993642
36042,0.011809231227
36043,0.016023863360
36044,0.056546163043
36045,0.022032920703
36046,0.030746369499
36047,0.014209604006
36048,0.044969501611
36049,0.270816855097
36050,0.249842876635
36051,0.024768291697
36052,0.119536157728
36053,0.020577248940
36054,0.029641380861
36055,0.065196774076
36056,0.033809893500
36057,0.044652332665
36058,0.057802321676
36059,0.050698181463
36060,0.056726323240
36061,0.053954919976
36062,0.061989222466
36063,0.094282900510
36064,0.054765034571
36065,0.347654770840
36066,0.036138341826
36067,0.088548681457
36068,0.053293939314
36069,0.248986145952
36070,0.344595514795
36071,0.035524736343
36072,0.058272609566
36073,0.029832676132
36074,0.261108889128
36075,0.067043540285
36076,0.375891640636
36077,0.086237830815
36078,0.115383065068
36079,0.072043772540
36080,0.104450814878
36081,0.023839934919
36082,0.330172883338
36083,0.802031569830
36084,0.236971784010
36085,0.055973512375
36086,0.066652164000
36087,0.265467999926
36088,0.053504346566
36089,0.020006735532
36090,0.029946075927
36091,0.025958534136
36092,0.017895923023
36093,0.107273497062
36094,0.258761800175
36095,0.628482120280
36096,0.543560202003
36097,0.048941315485
36098,0.073107101548
36099,0.227939300288
36100,0.132749234455
36101,0.025507062623
36102,0.061364435976
36103,0.036338451290
36104,0.068541665994
36105,0.100102064793
36106,0.420297888252
36107,0.211405625991
36108,0.259693128835
36109,0.591158469032
36110,0.121617849881
36111,0.022691261377
36112,0.489528903292
36113,0.023240036708
36114,0.078846244776
36115,0.180873074123
36116,0.057668206409
36117,0.057758956116
36118,0.041094693570
36119,0.094989396452
36120,0.096200825560
36121,0.147574238717
36122,0.111874214877
36123,0.034224003891
36124,0.033918859493
36125,0.109233959522
36126,0.272460959272
36127,0.055420853543
36128,0.030427194723
36129,0.055268772618
36130,0.071577113886
36131,0.094064032346
36132,0.034594677828
36133,0.092247926782
36134,0.055870780480
36135,0.149072185676
36136,0.053778029423
36137,0.163245414663
36138,0.051885401807
36139,0.038422107972
36140,0.019351046271
36141,0.466816618537
36142,0.201940818036
36143,0.101411430849
36144,0.414465529447
36145,0.454636553296
36146,0.094623633535
36147,0.081003376001
36148,0.023443116306
36149,0.032424947884
36150,0.041954557538
36151,0.083798675126
36152,0.069385303701
36153,0.079419548658
36154,0.255739213967
36155,0.443631380081
36156,0.307318674045
36157,0.055795922898
36158,0.014720620879
36159,0.039041756592
36160,0.034305310074
36161,0.267736294502
36162,0.019250021015
36163,0.038514671631
36164,0.015970648227
36165,0.080399117851
36166,0.034545757419
36167,0.320563402841
36168,0.550184530335
36169,0.111318064524
36170,0.024962995258
36171,0.031032133983
36172,0.067220346775
36173,0.078403608137
36174,0.024347477959
36175,0.028318131007
36176,0.018131734834
36177,0.118741583703
36178,0.150724273017
36179,0.087626472204
36180,0.096448112583
36181,0.056395565280
36182,0.036870640555
36183,0.029146987073
36184,0.028306073912
36185,0.030425019862
36186,0.117848682878
36187,0.073098994055
36188,0.140959116901
36189,0.027061995983
36190,0.064171460570
36191,0.043630222382
36192,0.023189540696
36193,0.019534963316
36194,0.027920150820
36195,0.045525887699
36196,0.030929631850
36197,0.074643071053
36198,0.476461054551
36199,0.396912173933
36200,0.050866928143
36201,0.047135120407
36202,0.032754737756
36203,0.108603486886
36204,0.065255430923
36205,0.021492181965
36206,0.075630147839
36207,0.021775467347
36208,0.029767448623
36209,0.239129901408
36210,0.034586658119
36211,0.024328382310
36212,0.027128729644
36213,0.072730143208
36214,0.061885003636
36215,0.210309904850
36216,0.230734665711
36217,0.216410877106
36218,0.058752319481
36219,0.056629043787
36220,0.021665494648
36221,0.051027126658
36222,0.041423974373
36223,0.246139281303
36224,0.049983947984
36225,0.657490749901
36226,0.104905619000
36227,0.105176413678
36228,0.042773578006
36229,0.024010843134
36230,0.067785342077
36231,0.038334480887
36232,0.023490568589
36233,0.074846192260
36234,0.036879301084
36235,0.092055955679
36236,0.058908364408
36237,0.107778295979
36238,0.226767208369
36239,0.348081071763
36240,0.084610750368
36241,0.032350264752
36242,0.074932184596
36243,0.022546133739
36244,0.030193387591
36245,0.105325518367
36246,0.056175915093
36247,0.104689330394
36248,0.056163685012
36249,0.098163117577
36250,0.042260405676
36251,0.057682458989
36252,0.025281473831
36253,0.138316922684
36254,0.019258434018
36255,0.026212351592
36256,0.067698956533
36257,0.030683721756
36258,0.019338057656
36259,0.043901301084
36260,0.063230976841
36261,0.077393439841
36262,0.097472354615
36263,0.103991786898
36264,0.233315726545
36265,0.229430957493
36266,0.233415392023
36267,0.020252901864
36268,0.095758212253
36269,0.044547257299
36270,0.062997821993
36271,0.088767653782
36272,0.028775841046
36273,0.027205500145
36274,0.060271040629
36275,0.056364542751
36276,0.041677110980
36277,0.071892059274
36278,0.060438124689
36279,0.091987668882
36280,0.017186298237
36281,0.036535887798
36282,0.129535927200
36283,0.057711084001
36284,0.203072680623
36285,0.513680299234
36286,0.121365588948
36287,0.120666545999
36288,0.068726238817
36289,0.081820495235
36290,0.082905184963
36291,0.081416332249
36292,0.062527912426
36293,0.016009539539
36294,0.027731079947
36295,0.280067038624
36296,0.091787465454
36297,0.061961404786
36298,0.042877779485
36299,0.061475278599
36300,0.027973975420
36301,0.027368399372
36302,0.018993509013
36303,0.055751974056
36304,0.418537534554
36305,0.064799091583
36306,0.049431039027
36307,0.112607235067
36308,0.746571295807
36309,0.106257572445
36310,0.021627045502
36311,0.122116019115
36312,0.066126133675
36313,0.233608366884
36314,0.371267513885
36315,0.076549481743
36316,0.019700394071
36317,0.067335667237
36318,0.066145632385
36319,0.085019914659
36320,0.151128075254
36321,0.057608891721
36322,0.208848915159
36323,0.062774113262
36324,0.052893364624
36325,0.019182472906
36326,0.022913319421
36327,0.056420288934
36328,0.058179957872
36329,0.029311897723
36330,0.117814396254
36331,0.142683348825
36332,0.248940781726
36333,0.087352815527
36334,0.036251088225
36335,0.094875090826
36336,0.168818653390
36337,0.184952501878
36338,0.061206378397
36339,0.070406456982
36340,0.029234184459
36341,0.074894960976
36342,0.571075738773
36343,0.027503131945
36344,0.136453884855
36345,0.302448248852
36346,0.162630978365
36347,0.017126479426
36348,0.019834189122
36349,0.016152569168
36350,0.033424253938
36351,0.059045627244
36352,0.228911941607
36353,0.329090019380
36354,0.106658030643
36355,0.105579492574
36356,0.175044056471
36357,0.214121943017
36358,0.104789213072
36359,0.161972789720
36360,0.361562488758
36361,0.075148507988
36362,0.053989201800
36363,0.110237456082
36364,0.066934189921
36365,0.288978445342
36366,0.930564912931
36367,0.079091394660
36368,0.375723567524
36369,0.018492473906
36370,0.039950714118
36371,0.208371542744
36372,0.049858262356
36373,0.070236480033
36374,0.029582020532
36375,0.048105755793
36376,0.010202537986
36377,0.513781270431
36378,0.073250274602
36379,0.094010308119
36380,0.258049250834
36381,0.147889450574
36382,0.178607542858
36383,0.287530389017
36384,0.163369205412
36385,0.028457176770
36386,0.245907872658
36387,0.223569460129
36388,0.117739152817
36389,0.925540945271
36390,0.404256750215
36391,0.393503764854
36392,0.027652638735
36393,0.207378125565
36394,0.097023026977
36395,0.030216843120
36396,0.024768987004
36397,0.016843206909
36398,0.013282946436
36399,0.051400116929
36400,0.018748436425
36401,0.025282184231
36402,0.088189072106
36403,0.121123946304
36404,0.091596014502
36405,0.108120969014
36406,0.078428527617
36407,0.141452133493
36408,0.111649660410
36409,0.021931800361
36410,0.098736495874
36411,0.245200814024
36412,0.082885581317
36413,0.962427319568
36414,0.950348983035
36415,0.691364081996
36416,0.011669603686
36417,0.025969141573
36418,0.093965542080
36419,0.417872175006
36420,0.091909094480
36421,0.017144612503
36422,0.046376613233
36423,0.015565392862
36424,0.012794257741
36425,0.050547162361
36426,0.055330531800
36427,0.060210186534
36428,0.402026374762
36429,0.026978257198
36430,0.054263580430
36431,0.111168009388
36432,0.079945428446
36433,0.054826370155
36434,0.062006564752
36435,0.342765777490
36436,0.133526180359
36437,0.121925124849
36438,0.097507464520
36439,0.128169084178
36440,0.957240822533
36441,0.871284641351
36442,0.643202056522
36443,0.023372637804
36444,0.103316130946
36445,0.021693033625
36446,0.011585968839
36447,0.427793627041
36448,0.053593257591
36449,0.253335424453
36450,0.062704130041
36451,0.107190767553
36452,0.024314158475
36453,0.111321369988
36454,0.118831242424
36455,0.153664817533
36456,0.138398426041
36457,0.516985548552
36458,0.514207914667
36459,0.156418291729
36460,0.138818294386
36461,0.087140207721
36462,0.055408290066
36463,0.111948720689
36464,0.059873712821
36465,0.045063015558
36466,0.116534287283
36467,0.135003701449
36468,0.059724850639
36469,0.110736381533
36470,0.027789675717
36471,0.930322829159
36472,0.971837091600
36473,0.935216561776
36474,0.105418295935
36475,0.051984023837
36476,0.222615030971
36477,0.403031787180
36478,0.026074958184
36479,0.019343347100
36480,0.018817670413
36481,0.081642642789
36482,0.067179571200
36483,0.398919253349
36484,0.950396488232
36485,0.073994322202
36486,0.099417675594
36487,0.129485540056
36488,0.146876325495
36489,0.059628541768
36490,0.230938813283
36491,0.119107286555
36492,0.032677100235
36493,0.073805690576
36494,0.099969188565
36495,0.111938838645
36496,0.059145423069
36497,0.397697482294
36498,0.369280096928
36499,0.150578659695
36500,0.081935465397
36501,0.135609842020
36502,0.075910452393
36503,0.180797829051
36504,0.032225870227
36505,0.036004529389
36506,0.036886615350
36507,0.015966227636
36508,0.060687792228
36509,0.044707993451
36510,0.339256349754
36511,0.681492877325
36512,0.175195021032
36513,0.176814874709
36514,0.116260462986
36515,0.158857425490
36516,0.152734444408
36517,0.642995632977
36518,0.096464389950
36519,0.043007657110
36520,0.030134078590
36521,0.140415439918
36522,0.155800729135
36523,0.340070961198
36524,0.300835528426
36525,0.269004532111
36526,0.148999080341
36527,0.966569938360
36528,0.205328569432
36529,0.024294484255
36530,0.116905616624
36531,0.152216708063
36532,0.026298745225
36533,0.053766458193
36534,0.558378578290
36535,0.066286399103
36536,0.038776203380
36537,0.051414414309
36538,0.063251872825
36539,0.147175183743
36540,0.464823056134
36541,0.264702465681
36542,0.530453520626
36543,0.382249083952
36544,0.133900397562
36545,0.142444597935
36546,0.253698878959
36547,0.024059173288
36548,0.145566204614
36549,0.076723780819
36550,0.063306111081
36551,0.482085969860
36552,0.250218781346
36553,0.051503485351
36554,0.541353415953
36555,0.372777350022
36556,0.011030524338
36557,0.080416142509
36558,0.128873925439
36559,0.085793290462
36560,0.046169693830
36561,0.018167073233
36562,0.030138235032
36563,0.047955152892
36564,0.082547034037
36565,0.111984017754
36566,0.115817771210
36567,0.456960403137
36568,0.759266446284
36569,0.483543250486
36570,0.276626675543
36571,0.663055003218
36572,0.101079575363
36573,0.019623774361
36574,0.050053384797
36575,0.061456524414
36576,0.211108651160
36577,0.185483082564
36578,0.065111278472
36579,0.036095794416
36580,0.067747615013
36581,0.143786581933
36582,0.026423009436
36583,0.037036957389
36584,0.112278360365
36585,0.016318172659
36586,0.036728168710
36587,0.014418702106
36588,0.035079002372
36589,0.084796206026
36590,0.055445170086
36591,0.065445522356
36592,0.336284523155
36593,0.252106689633
36594,0.346229193373
36595,0.709874774038
36596,0.647204757839
36597,0.276940116043
36598,0.107899006853
36599,0.035569597688
36600,0.020653658139
36601,0.052387291116
36602,0.124352027513
36603,0.017932921677
36604,0.035304717459
36605,0.959896364231
36606,0.064919826936
36607,0.024779350454
36608,0.079461800237
36609,0.066162656788
36610,0.216165774679
36611,0.056748379990
36612,0.065245041842
36613,0.020799012029
36614,0.056728869199
36615,0.019046614410
36616,0.014070133900
36617,0.031915433212
36618,0.086610481410
36619,0.099839186622
36620,0.636945355722
36621,0.360542537294
36622,0.233931792841
36623,0.958047086440
36624,0.297198400795
36625,0.329969914562
36626,0.145065359542
36627,0.033696477043
36628,0.024981209591
36629,0.023119291073
36630,0.057994068216
36631,0.059129839801
36632,0.035735036291
36633,0.068143406299
36634,0.484646026941
36635,0.127293160237
36636,0.226124313390
36637,0.054899187404
36638,0.106002644432
36639,0.149361425583
36640,0.138834829028
36641,0.226997350080
36642,0.049264977152
36643,0.024373512190
36644,0.009421269228
36645,0.036411565815
36646,0.138348228518
36647,0.921157893720
36648,0.338519270890
36649,0.730867431458
36650,0.334319114480
36651,0.368917517854
36652,0.145156021132
36653,0.123492434392
36654,0.042096872142
36655,0.036659194205
36656,0.069901379591
36657,0.032184006424
36658,0.118389955152
36659,0.155888449632
36660,0.066226886240
36661,0.269512212272
36662,0.032522587488
36663,0.075150373215
36664,0.363207319365
36665,0.055002340032
36666,0.013490057734
36667,0.013545157062
36668,0.107928540592
36669,0.238898491779
36670,0.041592540490
36671,0.224932429012
36672,0.159811028847
36673,0.079376745382
36674,0.137243836266
36675,0.029697576527
36676,0.116828621585
36677,0.099905670662
36678,0.068083901792
36679,0.123533910627
36680,0.125994900812
36681,0.052430864736
36682,0.134384486923
36683,0.018715253323
36684,0.019864596936
36685,0.216454571817
36686,0.038731078310
36687,0.102880691263
36688,0.050934055971
36689,0.074966580323
36690,0.068167711848
36691,0.154158323751
36692,0.283716683261
36693,0.704280329393
36694,0.122713873963
36695,0.015203702504
36696,0.016061462885
36697,0.020109899623
36698,0.022238070176
36699,0.029896720702
36700,0.089808062158
36701,0.069886813806
36702,0.202994578910
36703,0.019378038255
36704,0.038685705135
36705,0.021797790102
36706,0.032086362540
36707,0.023343138759
36708,0.021000960381
36709,0.044736300628
36710,0.081639577781
36711,0.091567342730
36712,0.366292255092
36713,0.015920944657
36714,0.019084914618
36715,0.059002955457
36716,0.061437121903
36717,0.098112160904
36718,0.411980752553
36719,0.143063291837
36720,0.024993255795
36721,0.013637404901
36722,0.223309308237
36723,0.036124007699
36724,0.075428557730
36725,0.142682782239
36726,0.023179199861
36727,0.337221643626
36728,0.015704768489
36729,0.023240393926
36730,0.027054817796
36731,0.143382798626
36732,0.062779065107
36733,0.050764543405
36734,0.020647539005
36735,0.033885350001
36736,0.072606945507
36737,0.186855039101
36738,0.031967174565
36739,0.020668802097
36740,0.028691557347
36741,0.051529401365
36742,0.070171297412
36743,0.231292074965
36744,0.067792172744
36745,0.237138519291
36746,0.091918126214
36747,0.023404691004
36748,0.046279004982
36749,0.060744780770
36750,0.093216241237
36751,0.259579474329
36752,0.264424795059
36753,0.024203566327
36754,0.113238256368
36755,0.044537361303
36756,0.375300727836
36757,0.701972062286
36758,0.149416793874
36759,0.123108144992
36760,0.019256447157
36761,0.078629652327
36762,0.054268566315
36763,0.061864977060
36764,0.094254501815
36765,0.096077407858
36766,0.097417132354
36767,0.967486856386
36768,0.024481669414
36769,0.080632271014
36770,0.061338042571
36771,0.074683665737
36772,0.023082108605
36773,0.137382352753
36774,0.450339242640
36775,0.063964025527
36776,0.219424730965
36777,0.035214557914
36778,0.093482865586
36779,0.021474504251
36780,0.082669992288
36781,0.020271592216
36782,0.021168938525
36783,0.057154854625
36784,0.065151413654
36785,0.026017222039
36786,0.024726160689
36787,0.064808348952
36788,0.019826110895
36789,0.156156817700
36790,0.038455672220
36791,0.021557722647
36792,0.037601685850
36793,0.088364896666
36794,0.089684924098
36795,0.029467714070
36796,0.033119034194
36797,0.053643094742
36798,0.962173518713
36799,0.067114493504
36800,0.129653468836
36801,0.062770207452
36802,0.046539576576
36803,0.037696474844
36804,0.036346773898
36805,0.022408972034
36806,0.424028112400
36807,0.034216544632
36808,0.011490338126
36809,0.011390356862
36810,0.014302416852
36811,0.057209885613
36812,0.209822918408
36813,0.123355832856
36814,0.054157955006
36815,0.048393853719
36816,0.276835399798
36817,0.026893329563
36818,0.029088766419
36819,0.022635977670
36820,0.033845517000
36821,0.045108855151
36822,0.244682523898
36823,0.072485839655
36824,0.028099360875
36825,0.022549150462
36826,0.091669725237
36827,0.141245431787
36828,0.098761161476
36829,0.094114023670
36830,0.074817399729
36831,0.023470383420
36832,0.058484763588
36833,0.102164503606
36834,0.185900519102
36835,0.225814612662
36836,0.013202322499
36837,0.022612080936
36838,0.022963435500
36839,0.015689947341
36840,0.028011963099
36841,0.018890708916
36842,0.023324451483
36843,0.032546455684
36844,0.080559917485
36845,0.067014195048
36846,0.125118483152
36847,0.022649263943
36848,0.211464378755
36849,0.017106839399
36850,0.278423249640
36851,0.020973634482
36852,0.019675259255
36853,0.029750633813
36854,0.013271872015
36855,0.025863779563
36856,0.026167805799
36857,0.018321008352
36858,0.016296999582
36859,0.095245908499
36860,0.027831708429
36861,0.064182751513
36862,0.017110005814
36863,0.063373846425
36864,0.017231406680
36865,0.128604024149
36866,0.032832790336
36867,0.051946189278
36868,0.019151729204
36869,0.033243613034
36870,0.014964077088
36871,0.023408786483
36872,0.112698598414
36873,0.280569386899
36874,0.065739195648
36875,0.072246880383
36876,0.088141345405
36877,0.063829974473
36878,0.022241963527
36879,0.103033836140
36880,0.018787210246
36881,0.115009579637
36882,0.155219883475
36883,0.025414260723
36884,0.033607457679
36885,0.049286130943
36886,0.018888681156
36887,0.018486954325
36888,0.012849455331
36889,0.015872852653
36890,0.030809785971
36891,0.016408313557
36892,0.092509649648
36893,0.082077141585
36894,0.016929068299
36895,0.170679367634
36896,0.031840684445
36897,0.021928229532
36898,0.011712049024
36899,0.016544985680
36900,0.057984520924
36901,0.022825808188
36902,0.030337461047
36903,0.030368887085
36904,0.046840801965
36905,0.158446241032
36906,0.328409215061
36907,0.023809795723
36908,0.214406935523
36909,0.018023087599
36910,0.033178762649
36911,0.023021194915
36912,0.056561756125
36913,0.039069780810
36914,0.048995914934
36915,0.058982235838
36916,0.046003433409
36917,0.055040342140
36918,0.088252929692
36919,0.056128738001
36920,0.056487985276
36921,0.337045532760
36922,0.035867148416
36923,0.085207673309
36924,0.047176725573
36925,0.253703065013
36926,0.250023648322
36927,0.026161121201
36928,0.043302381695
36929,0.016148768756
36930,0.342525709727
36931,0.060790223201
36932,0.364466876831
36933,0.070374600551
36934,0.112843619998
36935,0.076393398985
36936,0.102528522182
36937,0.012388179562
36938,0.013358098429
36939,0.339122044551
36940,0.065838941864
36941,0.799137091473
36942,0.226685400125
36943,0.057623074347
36944,0.265343627794
36945,0.048787549219
36946,0.021490313342
36947,0.031113341733
36948,0.018170520584
36949,0.100226524850
36950,0.252220219299
36951,0.621207821106
36952,0.532031934153
36953,0.046938996847
36954,0.149644891724
36955,0.146228884340
36956,0.051425907290
36957,0.031226168453
36958,0.061559109582
36959,0.093762452844
36960,0.027931205726
36961,0.423297000145
36962,0.112318740475
36963,0.239753096916
36964,0.591496449167
36965,0.118562546599
36966,0.496221247785
36967,0.073532031492
36968,0.158538093636
36969,0.051881868381
36970,0.056562663251
36971,0.044196580949
36972,0.094583102983
36973,0.030203991484
36974,0.098130728642
36975,0.119931487658
36976,0.111025020948
36977,0.032902070452
36978,0.031326767819
36979,0.100275109885
36980,0.270070564495
36981,0.052752591384
36982,0.030051335318
36983,0.048752193417
36984,0.085075361995
36985,0.030483723538
36986,0.026304189336
36987,0.051769956210
36988,0.158982168183
36989,0.047764876540
36990,0.252849334453
36991,0.059078465684
36992,0.034283621552
36993,0.030681488210
36994,0.017658076686
36995,0.456415907397
36996,0.206569610547
36997,0.022360272887
36998,0.096425988821
36999,0.413143108348
37000,0.444947232606
37001,0.012535758082
37002,0.095882686139
37003,0.073708691076
37004,0.024578719914
37005,0.029446059430
37006,0.037376954406
37007,0.074368143525
37008,0.060648549211
37009,0.097716731491
37010,0.272003339025
37011,0.424934143771
37012,0.203645872019
37013,0.057731405996
37014,0.026448746293
37015,0.034776100169
37016,0.270104596480
37017,0.036857490437
37018,0.013584762464
37019,0.089098910667
37020,0.246311756307
37021,0.541801521981
37022,0.108250381301
37023,0.021337723204
37024,0.031556962724
37025,0.068115432011
37026,0.062164655962
37027,0.026641745137
37028,0.016450138793
37029,0.116098728499
37030,0.150279988048
37031,0.073652233305
37032,0.088923878115
37033,0.056074300140
37034,0.017438381050
37035,0.029859256416
37036,0.030488579108
37037,0.027569476309
37038,0.032476072738
37039,0.221004679442
37040,0.073826221774
37041,0.145440276815
37042,0.031463719615
37043,0.060072194003
37044,0.041061592175
37045,0.018166351429
37046,0.026282474334
37047,0.043302646058
37048,0.029714507812
37049,0.071015699945
37050,0.484691394407
37051,0.427310199436
37052,0.045710418975
37053,0.050344576080
37054,0.034982342670
37055,0.099598659716
37056,0.058091914173
37057,0.020168278634
37058,0.067441912526
37059,0.022517394868
37060,0.022125392649
37061,0.028767153812
37062,0.013658777901
37063,0.166708562720
37064,0.033439831375
37065,0.024370206882
37066,0.029444899986
37067,0.066733191331
37068,0.061996736348
37069,0.155038446391
37070,0.230196537081
37071,0.224117037816
37072,0.058806772875
37073,0.057882918315
37074,0.023901694584
37075,0.050123767568
37076,0.041056284656
37077,0.252141563023
37078,0.053822586124
37079,0.644024633748
37080,0.109747111080
37081,0.100772963903
37082,0.041949794451
37083,0.061102914417
37084,0.024011560160
37085,0.015254028995
37086,0.057855827793
37087,0.016074589888
37088,0.025288250719
37089,0.023934463362
37090,0.074446771590
37091,0.036895426992
37092,0.087800344041
37093,0.058967207510
37094,0.104746132182
37095,0.230184756764
37096,0.347290628894
37097,0.084016414976
37098,0.030762717107
37099,0.068323666588
37100,0.032215347150
37101,0.109700630827
37102,0.060216631663
37103,0.098874680147
37104,0.048967577330
37105,0.096838615480
37106,0.040547032027
37107,0.025373949566
37108,0.018687012019
37109,0.135520185428
37110,0.062395582044
37111,0.030164926510
37112,0.018956165259
37113,0.041527129395
37114,0.065246410696
37115,0.074495944975
37116,0.098601383951
37117,0.097276081379
37118,0.234007898977
37119,0.225166975294
37120,0.155091492027
37121,0.023359468072
37122,0.085952610427
37123,0.015041977630
37124,0.042523861401
37125,0.059688977015
37126,0.082708171017
37127,0.026360435467
37128,0.054674825906
37129,0.059433361728
37130,0.049733936130
37131,0.051928816690
37132,0.028243866134
37133,0.065144829759
37134,0.014536974506
37135,0.090841200959
37136,0.017144611552
37137,0.038228346499
37138,0.125394404511
37139,0.060456352058
37140,0.124249205172
37141,0.508213315083
37142,0.119722594981
37143,0.110810995896
37144,0.069498432695
37145,0.078459119329
37146,0.078524118990
37147,0.076715674166
37148,0.060217981180
37149,0.015773141364
37150,0.014538118643
37151,0.027278178377
37152,0.281990002273
37153,0.081822282014
37154,0.048000505876
37155,0.038372876063
37156,0.055370307938
37157,0.024353136523
37158,0.019210432689
37159,0.020649444646
37160,0.055170606574
37161,0.403425250387
37162,0.063739492219
37163,0.046812618395
37164,0.109248692497
37165,0.753528450130
37166,0.098116162712
37167,0.117533303795
37168,0.066067536261
37169,0.238934976876
37170,0.340289405518
37171,0.072610079375
37172,0.018116240740
37173,0.071396065477
37174,0.074755907846
37175,0.090070832134
37176,0.144374873509
37177,0.053117983493
37178,0.207564524898
37179,0.046887995291
37180,0.052683946068
37181,0.017058460230
37182,0.021069209240
37183,0.049208965612
37184,0.055850360490
37185,0.029436384301
37186,0.117575930094
37187,0.139986320718
37188,0.249349712250
37189,0.085512753900
37190,0.034217625429
37191,0.096384497727
37192,0.155182829702
37193,0.173088133799
37194,0.060571483182
37195,0.067677639308
37196,0.026637502423
37197,0.063003881791
37198,0.546871636807
37199,0.024224130822
37200,0.135412912840
37201,0.384024954405
37202,0.157789307104
37203,0.019069849476
37204,0.018780290107
37205,0.014971558761
37206,0.033981382239
37207,0.053243957010
37208,0.233545119438
37209,0.329871001985
37210,0.102969734011
37211,0.104578743443
37212,0.159505593288
37213,0.155119131469
37214,0.103414696037
37215,0.160021109687
37216,0.349613869885
37217,0.067717610347
37218,0.021257332729
37219,0.050354737091
37220,0.098287246390
37221,0.060266739663
37222,0.281326257321
37223,0.927494058936
37224,0.077887976099
37225,0.360861873763
37226,0.015630137566
37227,0.036490782359
37228,0.203951121910
37229,0.014461471438
37230,0.048447429719
37231,0.072021892959
37232,0.028258799147
37233,0.043947945150
37234,0.467379823965
37235,0.073526412197
37236,0.090666977893
37237,0.257529152616
37238,0.151338173219
37239,0.173761130389
37240,0.284344574611
37241,0.255652051455
37242,0.030400494511
37243,0.243887577589
37244,0.146840203652
37245,0.107547968331
37246,0.931855455764
37247,0.381946354621
37248,0.299290336254
37249,0.026602572183
37250,0.119069858493
37251,0.093082124028
37252,0.024823756096
37253,0.023164535539
37254,0.050189000691
37255,0.010980463343
37256,0.017881618707
37257,0.025727177457
37258,0.088874427508
37259,0.112619102585
37260,0.091771105878
37261,0.103513282988
37262,0.072371119560
37263,0.141154717878
37264,0.101138635309
37265,0.022315861930
37266,0.109193895611
37267,0.253754432121
37268,0.076992973954
37269,0.961924238566
37270,0.947275219783
37271,0.690194605290
37272,0.011150193510
37273,0.025527516313
37274,0.020581826691
37275,0.098765092445
37276,0.419241646888
37277,0.080852219246
37278,0.045418644638
37279,0.013485410630
37280,0.012969291886
37281,0.054284663942
37282,0.053837923194
37283,0.062929581471
37284,0.020209238790
37285,0.483648948841
37286,0.028286347089
37287,0.050874263873
37288,0.202119119647
37289,0.080829960142
37290,0.052298594922
37291,0.060232202424
37292,0.245764744435
37293,0.127661293339
37294,0.114031986538
37295,0.094266716215
37296,0.115978872925
37297,0.957327479834
37298,0.865513969568
37299,0.608436032385
37300,0.021960223352
37301,0.100133355789
37302,0.021772461458
37303,0.009769552844
37304,0.410221816306
37305,0.048877596111
37306,0.246696236944
37307,0.061487036608
37308,0.103689795959
37309,0.022965183225
37310,0.113116231957
37311,0.109434700609
37312,0.143027286069
37313,0.144532916413
37314,0.526764156859
37315,0.514534402162
37316,0.149867573862
37317,0.141525475501
37318,0.075900186729
37319,0.051684675197
37320,0.120371709159
37321,0.057748852556
37322,0.044258738596
37323,0.116228332870
37324,0.124518249771
37325,0.053936748444
37326,0.104505984612
37327,0.024823677150
37328,0.921964647379
37329,0.971686576768
37330,0.930352923659
37331,0.046755193911
37332,0.321765064028
37333,0.396016598267
37334,0.022711337816
37335,0.013022730496
37336,0.018645587290
37337,0.018494896130
37338,0.056983340711
37339,0.081587863552
37340,0.063393129467
37341,0.394469101251
37342,0.949825442264
37343,0.074341996341
37344,0.099732860621
37345,0.123191472794
37346,0.136936608363
37347,0.055794644391
37348,0.177302308433
37349,0.113034983259
37350,0.034090445041
37351,0.058643735600
37352,0.088678022494
37353,0.105006375042
37354,0.059079567757
37355,0.383659463471
37356,0.377383746691
37357,0.139996759562
37358,0.030753912328
37359,0.132732291805
37360,0.071502333011
37361,0.172952429715
37362,0.029647770708
37363,0.039187533107
37364,0.036595727634
37365,0.016136514550
37366,0.020366387484
37367,0.059607145055
37368,0.043806750414
37369,0.252604709545
37370,0.669763572657
37371,0.186101193133
37372,0.167290641170
37373,0.113155385315
37374,0.152527311978
37375,0.138382953189
37376,0.645452880097
37377,0.096677024000
37378,0.029072627785
37379,0.144060179590
37380,0.149691944221
37381,0.233773378819
37382,0.386578112651
37383,0.270116609489
37384,0.147404506239
37385,0.966369717720
37386,0.206185364521
37387,0.126958718562
37388,0.142413057347
37389,0.022028665482
37390,0.054019089980
37391,0.564075081457
37392,0.066554031973
37393,0.038216437421
37394,0.047542706961
37395,0.059096469047
37396,0.144348912592
37397,0.422065225269
37398,0.273326869488
37399,0.311955443897
37400,0.279395603872
37401,0.135777046963
37402,0.146967179124
37403,0.254175127492
37404,0.018429555664
37405,0.023663746067
37406,0.133655793795
37407,0.072782489846
37408,0.064727229150
37409,0.481200131375
37410,0.206803248725
37411,0.045521641677
37412,0.566768510058
37413,0.269417064981
37414,0.011097224531
37415,0.067160531613
37416,0.124657094821
37417,0.076764948603
37418,0.012409814029
37419,0.047019551609
37420,0.077137017530
37421,0.109530597688
37422,0.098292854244
37423,0.390584475868
37424,0.759779889092
37425,0.483903880213
37426,0.285931527261
37427,0.643887814924
37428,0.082516366795
37429,0.018439009814
37430,0.054709336744
37431,0.058948159278
37432,0.117427809952
37433,0.244486987296
37434,0.058926123739
37435,0.035605239764
37436,0.059671131334
37437,0.141599376530
37438,0.031504701949
37439,0.098955496062
37440,0.019037044081
37441,0.034782746825
37442,0.023184676241
37443,0.013662006670
37444,0.034812974510
37445,0.076596932716
37446,0.053732560494
37447,0.063336762144
37448,0.338160790844
37449,0.168834109156
37450,0.349943769905
37451,0.748437500367
37452,0.644708664548
37453,0.290282306871
37454,0.100093404083
37455,0.033415111519
37456,0.055110362737
37457,0.109586071558
37458,0.019049831665
37459,0.033182586056
37460,0.960647087352
37461,0.062875159469
37462,0.075190071687
37463,0.069592050928
37464,0.223066751429
37465,0.055997298112
37466,0.059479121559
37467,0.054862316025
37468,0.017044158904
37469,0.013798075445
37470,0.027404793178
37471,0.084056676451
37472,0.096299729037
37473,0.649867503578
37474,0.356037429535
37475,0.234063087079
37476,0.956129505474
37477,0.391670435357
37478,0.325506739859
37479,0.139678609105
37480,0.033309836060
37481,0.025350445610
37482,0.026563209634
37483,0.055472789427
37484,0.060255979469
37485,0.030998581887
37486,0.066766444749
37487,0.501287510410
37488,0.218080652185
37489,0.268325074339
37490,0.049977288757
37491,0.100353942636
37492,0.140331496437
37493,0.132215926860
37494,0.220246222489
37495,0.054110019800
37496,0.023177789149
37497,0.034459032450
37498,0.141247420892
37499,0.869988641337
37500,0.337242309144
37501,0.716464619645
37502,0.323241223038
37503,0.279241413919
37504,0.138475847837
37505,0.117043140994
37506,0.038126700624
37507,0.021046620457
37508,0.038759675663
37509,0.017010544569
37510,0.029973203560
37511,0.107980250847
37512,0.158650351317
37513,0.057044410810
37514,0.197501968448
37515,0.032607262212
37516,0.072837513973
37517,0.368576827599
37518,0.058793701577
37519,0.012389486339
37520,0.099058039053
37521,0.228436633180
37522,0.039117264503
37523,0.161845294037
37524,0.155004127036
37525,0.072525073224
37526,0.130663213109
37527,0.101941654663
37528,0.091803912677
37529,0.065516092965
37530,0.203568106179
37531,0.118077247877
37532,0.049567772522
37533,0.020301210888
37534,0.123953903354
37535,0.113505560934
37536,0.036188015173
37537,0.095916219925
37538,0.050565642193
37539,0.077774646944
37540,0.068122518470
37541,0.155387980711
37542,0.358337592352
37543,0.704731089941
37544,0.124282306460
37545,0.014582037043
37546,0.014335819934
37547,0.021158221420
37548,0.027112370760
37549,0.092184542926
37550,0.019240781733
37551,0.065945162310
37552,0.118541722832
37553,0.018710127405
37554,0.034339742412
37555,0.019735006621
37556,0.018464194332
37557,0.043437130143
37558,0.080523263600
37559,0.087313905688
37560,0.368541913486
37561,0.015523593289
37562,0.018300770875
37563,0.057227253548
37564,0.056201628624
37565,0.093057596198
37566,0.409086498116
37567,0.137371645938
37568,0.019268227109
37569,0.014265708636
37570,0.228522789224
37571,0.020533450801
37572,0.074937928079
37573,0.225750642288
37574,0.041786973914
37575,0.014622756177
37576,0.015825419879
37577,0.257763854767
37578,0.023861406836
37579,0.028086382176
37580,0.143877283603
37581,0.061424018426
37582,0.048481890346
37583,0.030279399523
37584,0.070135784926
37585,0.197792252661
37586,0.031822017738
37587,0.021535554746
37588,0.024364530555
37589,0.049892615756
37590,0.066911752301
37591,0.224348399794
37592,0.067679837988
37593,0.241298514046
37594,0.091541137186
37595,0.033415205013
37596,0.024397156941
37597,0.039243950848
37598,0.063077408316
37599,0.032884504390
37600,0.362616497473
37601,0.260411609096
37602,0.022655404874
37603,0.104366443133
37604,0.046778518647
37605,0.018793808307
37606,0.360911583777
37607,0.691199946172
37608,0.155570635332
37609,0.121753875913
37610,0.071647933792
37611,0.051783084292
37612,0.058932263133
37613,0.092783972639
37614,0.091845080096
37615,0.095553062723
37616,0.969546291117
37617,0.075781869659
37618,0.019932287073
37619,0.069174007701
37620,0.076747801498
37621,0.032062044193
37622,0.133288847115
37623,0.441698118312
37624,0.063931563335
37625,0.225256075250
37626,0.032362138063
37627,0.024724475709
37628,0.098853017241
37629,0.018581636547
37630,0.077176105014
37631,0.020020738967
37632,0.021001557794
37633,0.052892004552
37634,0.069889307941
37635,0.026379596675
37636,0.066998259199
37637,0.157711708221
37638,0.047117094179
37639,0.037067525979
37640,0.035975758649
37641,0.082684009424
37642,0.082971882883
37643,0.030367561434
37644,0.034258752006
37645,0.058516294693
37646,0.957632755757
37647,0.071192301222
37648,0.128680476060
37649,0.065526576440
37650,0.052716499388
37651,0.035362379152
37652,0.036763116415
37653,0.014066984639
37654,0.286546805291
37655,0.033448912635
37656,0.010933259526
37657,0.014850656700
37658,0.048820076212
37659,0.320457935744
37660,0.014722475318
37661,0.115896780877
37662,0.022948726712
37663,0.012447238766
37664,0.043628665831
37665,0.278771246859
37666,0.027671291506
37667,0.031566839328
37668,0.023127296252
37669,0.032411184209
37670,0.042865043142
37671,0.147780347571
37672,0.071748452399
37673,0.025646306155
37674,0.090600919800
37675,0.221368398561
37676,0.085624355376
37677,0.081619922864
37678,0.072035711980
37679,0.024841924301
37680,0.051450953729
37681,0.098745773722
37682,0.256174734229
37683,0.144008136215
37684,0.012668809680
37685,0.023612957577
37686,0.021087001854
37687,0.015429100123
37688,0.026274053472
37689,0.018736814366
37690,0.036788168450
37691,0.077430516869
37692,0.064823484235
37693,0.123133040871
37694,0.133062862938
37695,0.017423550975
37696,0.345425146889
37697,0.021256079216
37698,0.021390864365
37699,0.019367458631
37700,0.014372645602
37701,0.018900122273
37702,0.026773036155
37703,0.012975633291
37704,0.023037149983
37705,0.032393819105
37706,0.012672573328
37707,0.018385857373
37708,0.016516411422
37709,0.090274947984
37710,0.027215062863
37711,0.053875000931
37712,0.064794730841
37713,0.015476347858
37714,0.013503013099
37715,0.124915528591
37716,0.032546583037
37717,0.045799696108
37718,0.040163969312
37719,0.016947543827
37720,0.022819667989
37721,0.112434694548
37722,0.280301982222
37723,0.066303597575
37724,0.060976629467
37725,0.078066436768
37726,0.054513395390
37727,0.018873669646
37728,0.106284257477
37729,0.017892038548
37730,0.113932998743
37731,0.149183413552
37732,0.024611108155
37733,0.018236428027
37734,0.045815055317
37735,0.029933583360
37736,0.020675986889
37737,0.017616638826
37738,0.030041648457
37739,0.096925794646
37740,0.077320006154
37741,0.015747221987
37742,0.253400495970
37743,0.019848131282
37744,0.032442882779
37745,0.020537007778
37746,0.022447749103
37747,0.056722033732
37748,0.029340014567
37749,0.031609325900
37750,0.014518303597
37751,0.016166403157
37752,0.157895839541
37753,0.243724007066
37754,0.023621765849
37755,0.113693761551
37756,0.019033251096
37757,0.024300884660
37758,0.058115220573
37759,0.031367652547
37760,0.049018751310
37761,0.036817406616
37762,0.041945221512
37763,0.049636521187
37764,0.050409354819
37765,0.047844038862
37766,0.084894694999
37767,0.052230349794
37768,0.049964118927
37769,0.028181989599
37770,0.355503677856
37771,0.031604853403
37772,0.083588339046
37773,0.159777850767
37774,0.164575912767
37775,0.028473392967
37776,0.041768945225
37777,0.256528161868
37778,0.053983186130
37779,0.353641802185
37780,0.082709557913
37781,0.104296064925
37782,0.065155937805
37783,0.100364514637
37784,0.142614639623
37785,0.055837111727
37786,0.794255249374
37787,0.116141733961
37788,0.065397492949
37789,0.263276205164
37790,0.046444939743
37791,0.019478708742
37792,0.025214512587
37793,0.036814008303
37794,0.097116078388
37795,0.130317680253
37796,0.621356574769
37797,0.532880455202
37798,0.047709826589
37799,0.124239446747
37800,0.151133097692
37801,0.016319730049
37802,0.046913095332
37803,0.036313993844
37804,0.053903087548
37805,0.015743543190
37806,0.096427211181
37807,0.035294781006
37808,0.422074969743
37809,0.112279937880
37810,0.248685887183
37811,0.600835177808
37812,0.216463946559
37813,0.024804364768
37814,0.498746874125
37815,0.024109499173
37816,0.062418500884
37817,0.155743007403
37818,0.047462486949
37819,0.053720717339
37820,0.044876782124
37821,0.082269420880
37822,0.034340240857
37823,0.091826057235
37824,0.125246679882
37825,0.120320916579
37826,0.108983023414
37827,0.345441363413
37828,0.048256204974
37829,0.030592719357
37830,0.048785760755
37831,0.061680429345
37832,0.075048585906
37833,0.028438121563
37834,0.026248276992
37835,0.053671944407
37836,0.152187800343
37837,0.051751748835
37838,0.255513742632
37839,0.057529205978
37840,0.030356487292
37841,0.028601087840
37842,0.471610312245
37843,0.310879385279
37844,0.091009358227
37845,0.437531295038
37846,0.446190277819
37847,0.012897284069
37848,0.087370651476
37849,0.068543626213
37850,0.034503165323
37851,0.071782169115
37852,0.068605278408
37853,0.097418440444
37854,0.195115763789
37855,0.441015888345
37856,0.205818959214
37857,0.046864881974
37858,0.027287541166
37859,0.033692809016
37860,0.267429205119
37861,0.016033442023
37862,0.032781069177
37863,0.020401275200
37864,0.214576923252
37865,0.042203393797
37866,0.251416953198
37867,0.568505290704
37868,0.105405012700
37869,0.030211441434
37870,0.066341946982
37871,0.073342050546
37872,0.023506960382
37873,0.111876598889
37874,0.141711313037
37875,0.082522873762
37876,0.098422473032
37877,0.052918704567
37878,0.030446574384
37879,0.029900375935
37880,0.028437326274
37881,0.033524412564
37882,0.227159856555
37883,0.072187953830
37884,0.142914435046
37885,0.026921188334
37886,0.059170234793
37887,0.038932992016
37888,0.023704921620
37889,0.020827472845
37890,0.027204364342
37891,0.047566403263
37892,0.030897333615
37893,0.072446540768
37894,0.475161934570
37895,0.375952413343
37896,0.043408330501
37897,0.046785957704
37898,0.094544090412
37899,0.054186880361
37900,0.020363276706
37901,0.070642504940
37902,0.019916948880
37903,0.156947086383
37904,0.034364638385
37905,0.023764221904
37906,0.028267717422
37907,0.069873083297
37908,0.063682089252
37909,0.150676965173
37910,0.164464262486
37911,0.218208618878
37912,0.057819206924
37913,0.058810027463
37914,0.023641207962
37915,0.054883977596
37916,0.043723601349
37917,0.016527408391
37918,0.241277101444
37919,0.050955410669
37920,0.645768385718
37921,0.087677869707
37922,0.023144646058
37923,0.083948625159
37924,0.042622752728
37925,0.056039094943
37926,0.021499730357
37927,0.015286001864
37928,0.016090607553
37929,0.063084916926
37930,0.034748778039
37931,0.023456471486
37932,0.024413915475
37933,0.079168394159
37934,0.039200757889
37935,0.089193275381
37936,0.054827753889
37937,0.106115562501
37938,0.182886693855
37939,0.362301652331
37940,0.090218625039
37941,0.031371756877
37942,0.084081242803
37943,0.019890725296
37944,0.030960867894
37945,0.012075259901
37946,0.104975698737
37947,0.055825022098
37948,0.101497013645
37949,0.048728096211
37950,0.091170725166
37951,0.039745556530
37952,0.055371154526
37953,0.026788798924
37954,0.132987047707
37955,0.015807038820
37956,0.062953722633
37957,0.026808534781
37958,0.021646969450
37959,0.044661075573
37960,0.064752196097
37961,0.069269805926
37962,0.104539230960
37963,0.090666705292
37964,0.231718039169
37965,0.220917147495
37966,0.154672321470
37967,0.021413519332
37968,0.086268640457
37969,0.014603423871
37970,0.044220761495
37971,0.053624591695
37972,0.078533351843
37973,0.024702187772
37974,0.026332314232
37975,0.054616021348
37976,0.064025584091
37977,0.044590869389
37978,0.047277158983
37979,0.027166074700
37980,0.065584849772
37981,0.011739216862
37982,0.096502985094
37983,0.016660806142
37984,0.043611346452
37985,0.238297446955
37986,0.055756687958
37987,0.125677818816
37988,0.521490425377
37989,0.111986676237
37990,0.112798317403
37991,0.067501840755
37992,0.080734545484
37993,0.078503569922
37994,0.078318459989
37995,0.055357954926
37996,0.015558859171
37997,0.023752429260
37998,0.286650921007
37999,0.079843082377
38000,0.046776118791
38001,0.040347413423
38002,0.052928987510
38003,0.024745708687
38004,0.023837868211
38005,0.019479471956
38006,0.022563347016
38007,0.056994327863
38008,0.433903308943
38009,0.060329953051
38010,0.048274263135
38011,0.104863346555
38012,0.765245689812
38013,0.099088281386
38014,0.019319885682
38015,0.109627130409
38016,0.065005740868
38017,0.235897912090
38018,0.337479057637
38019,0.073582369524
38020,0.018867819591
38021,0.068066943919
38022,0.071791922427
38023,0.087986948914
38024,0.145672571315
38025,0.055516789958
38026,0.134902827559
38027,0.054143054632
38028,0.055602350172
38029,0.018629364963
38030,0.022896993778
38031,0.055916662215
38032,0.056531853533
38033,0.028518760666
38034,0.113690556292
38035,0.135626318126
38036,0.256310087763
38037,0.087176605472
38038,0.033271626553
38039,0.089669071116
38040,0.158840568766
38041,0.244990001942
38042,0.058780835479
38043,0.069711585621
38044,0.026608310112
38045,0.063282216755
38046,0.540575836951
38047,0.023598705704
38048,0.139803699427
38049,0.376653917650
38050,0.151105677699
38051,0.017871406445
38052,0.020340450705
38053,0.014968983942
38054,0.036715527032
38055,0.052108968666
38056,0.228770846193
38057,0.330849054246
38058,0.104100394495
38059,0.104556150539
38060,0.170008731395
38061,0.153864175975
38062,0.100283327497
38063,0.157981715217
38064,0.351119930924
38065,0.070320825800
38066,0.050398272885
38067,0.106287866089
38068,0.063940765096
38069,0.202058183434
38070,0.930644060847
38071,0.078076283857
38072,0.364401799255
38073,0.039569949659
38074,0.201881727034
38075,0.014978649295
38076,0.046525975467
38077,0.072925015669
38078,0.026310014690
38079,0.048105837913
38080,0.507494163955
38081,0.069616484674
38082,0.086109598550
38083,0.259301844389
38084,0.143582355219
38085,0.170320218499
38086,0.282354723665
38087,0.254353157682
38088,0.032468863738
38089,0.166777594057
38090,0.131647567784
38091,0.117765206249
38092,0.935217622551
38093,0.377098360718
38094,0.294006213458
38095,0.026473711715
38096,0.110977671977
38097,0.090725567588
38098,0.021253723960
38099,0.048342547520
38100,0.011212748491
38101,0.017676154064
38102,0.026628574732
38103,0.089420314087
38104,0.109617358015
38105,0.092085846484
38106,0.101800366732
38107,0.068851759660
38108,0.139072446810
38109,0.115137994595
38110,0.023037761944
38111,0.096103838089
38112,0.174568707710
38113,0.026902655074
38114,0.071586262997
38115,0.961833713478
38116,0.952444554270
38117,0.686012896640
38118,0.011074597792
38119,0.024402246780
38120,0.019832058010
38121,0.100684705353
38122,0.435334988939
38123,0.079604257994
38124,0.048518621558
38125,0.012605369194
38126,0.012318136649
38127,0.049847716268
38128,0.053427020678
38129,0.061618425065
38130,0.021820494574
38131,0.459937545037
38132,0.028095670040
38133,0.052223283166
38134,0.111219351374
38135,0.081555988209
38136,0.053908487899
38137,0.060783487321
38138,0.242690024025
38139,0.128535469158
38140,0.110380190338
38141,0.090892483863
38142,0.108093600443
38143,0.957621200208
38144,0.873763193715
38145,0.606823560917
38146,0.103926956493
38147,0.020339148071
38148,0.447374613924
38149,0.045164168663
38150,0.251023466604
38151,0.055685490430
38152,0.104966601630
38153,0.022537434100
38154,0.111539981483
38155,0.105631593382
38156,0.131977159619
38157,0.144484358802
38158,0.535042964058
38159,0.560633043957
38160,0.154446394319
38161,0.136961715244
38162,0.079653777308
38163,0.050315011356
38164,0.119040558715
38165,0.057723112680
38166,0.043643865755
38167,0.018408752210
38168,0.111534137295
38169,0.128247524788
38170,0.051358658255
38171,0.115130096728
38172,0.024724343252
38173,0.928358962848
38174,0.971529774480
38175,0.931743167954
38176,0.048273695344
38177,0.227901331779
38178,0.419961234494
38179,0.024920547006
38180,0.013261175568
38181,0.056376512336
38182,0.083476564131
38183,0.065364004325
38184,0.228839955124
38185,0.953892698874
38186,0.071078650294
38187,0.095422715237
38188,0.129015224893
38189,0.134869208796
38190,0.057134805507
38191,0.168216314298
38192,0.106219324242
38193,0.034788068508
38194,0.051298682260
38195,0.089360271809
38196,0.109738269740
38197,0.057049242490
38198,0.026943417996
38199,0.376237493912
38200,0.278441021857
38201,0.135816655982
38202,0.069589432828
38203,0.032082724503
38204,0.136852707394
38205,0.071031066845
38206,0.170598395222
38207,0.028658426932
38208,0.035931900291
38209,0.036425916420
38210,0.017404888221
38211,0.021051740875
38212,0.056713692379
38213,0.043117701603
38214,0.250412734140
38215,0.716375913198
38216,0.178878845070
38217,0.255631691447
38218,0.113621211542
38219,0.148264867125
38220,0.142783510623
38221,0.664173341262
38222,0.090086910542
38223,0.027171527282
38224,0.146205469954
38225,0.144782600163
38226,0.336078840077
38227,0.389739729463
38228,0.270527608388
38229,0.137908450556
38230,0.966160996656
38231,0.205098789142
38232,0.131466312315
38233,0.225518774678
38234,0.022472040831
38235,0.049472037190
38236,0.580917543760
38237,0.062201128396
38238,0.036301060561
38239,0.048080893882
38240,0.059281593408
38241,0.143172491083
38242,0.475791186246
38243,0.271347746535
38244,0.536285468948
38245,0.279989676313
38246,0.130436773703
38247,0.142628993806
38248,0.253758754270
38249,0.018170048500
38250,0.127390360153
38251,0.079553868786
38252,0.064109679772
38253,0.479088136340
38254,0.245614391968
38255,0.041819874385
38256,0.539490076729
38257,0.264503633253
38258,0.074303432917
38259,0.118519997822
38260,0.073738704792
38261,0.046981315985
38262,0.029471175740
38263,0.044802434858
38264,0.072045417332
38265,0.108957230429
38266,0.098193092788
38267,0.408957823374
38268,0.765886217201
38269,0.484924025046
38270,0.275113096891
38271,0.641475454692
38272,0.094197767267
38273,0.018543209599
38274,0.053458242146
38275,0.055134170615
38276,0.118764755610
38277,0.250573342408
38278,0.055685480454
38279,0.030695825653
38280,0.058687158704
38281,0.149372191948
38282,0.026807930256
38283,0.030344232464
38284,0.093813231386
38285,0.018829164017
38286,0.015767767467
38287,0.034412274623
38288,0.013676801587
38289,0.032653635353
38290,0.073688066520
38291,0.051274672332
38292,0.058370924330
38293,0.244072390346
38294,0.255296174420
38295,0.343691186816
38296,0.748760705367
38297,0.651059453048
38298,0.277738941941
38299,0.094069249187
38300,0.033433109168
38301,0.016757228311
38302,0.053538497085
38303,0.116908156109
38304,0.035264478656
38305,0.959152848804
38306,0.064311640225
38307,0.024521508603
38308,0.072043168515
38309,0.069142241939
38310,0.319440480300
38311,0.052061377383
38312,0.056067838340
38313,0.019166350045
38314,0.048053866507
38315,0.015007604331
38316,0.028185895517
38317,0.082078919552
38318,0.094651435543
38319,0.638024687173
38320,0.364649299069
38321,0.236528842987
38322,0.956879032758
38323,0.389481649669
38324,0.335797925835
38325,0.133225689016
38326,0.032993188838
38327,0.027737777950
38328,0.025178886135
38329,0.052065464819
38330,0.055290473658
38331,0.028945935016
38332,0.068345789071
38333,0.444689419743
38334,0.217979258823
38335,0.268609022958
38336,0.051992004635
38337,0.217664456002
38338,0.135565484718
38339,0.130047930191
38340,0.138740071222
38341,0.054324028164
38342,0.022841244071
38343,0.034554303503
38344,0.136233147602
38345,0.929077270484
38346,0.343345640422
38347,0.738757983541
38348,0.335076111217
38349,0.282701033819
38350,0.137714778512
38351,0.117230948266
38352,0.020730605682
38353,0.035786113113
38354,0.016897172867
38355,0.016154153082
38356,0.102418094225
38357,0.147761059077
38358,0.052375071574
38359,0.257931223086
38360,0.032528785527
38361,0.070003282086
38362,0.269360919126
38363,0.061169970445
38364,0.012720375289
38365,0.013383208724
38366,0.089530487098
38367,0.240594806446
38368,0.039793111830
38369,0.155214357205
38370,0.153878132999
38371,0.068620407545
38372,0.136798332001
38373,0.030420515091
38374,0.113656457394
38375,0.087712436363
38376,0.062958934146
38377,0.201008459732
38378,0.108325019872
38379,0.049061363357
38380,0.022165385765
38381,0.114595061433
38382,0.018373467756
38383,0.113599156185
38384,0.038956683618
38385,0.032367206115
38386,0.091954924213
38387,0.049355315059
38388,0.074004175840
38389,0.067826450947
38390,0.153379788086
38391,0.286741239944
38392,0.702236381051
38393,0.121689229136
38394,0.014525018484
38395,0.020239071488
38396,0.029101636195
38397,0.083576367411
38398,0.019801976772
38399,0.073607734730
38400,0.110843506496
38401,0.017991699392
38402,0.032181048052
38403,0.021858602752
38404,0.040039460312
38405,0.078391971314
38406,0.085202507496
38407,0.389439604563
38408,0.015144688899
38409,0.018371679911
38410,0.054979617055
38411,0.057675066533
38412,0.088006230905
38413,0.436465694462
38414,0.140071926079
38415,0.013639923720
38416,0.222244024099
38417,0.076462408064
38418,0.133347089548
38419,0.038012567746
38420,0.015012734516
38421,0.255696030174
38422,0.025860978605
38423,0.140873032007
38424,0.061994513358
38425,0.051950919794
38426,0.020747835918
38427,0.031705360150
38428,0.069239623096
38429,0.277731990787
38430,0.031145090045
38431,0.023087708097
38432,0.020012728430
38433,0.048148703224
38434,0.075204251635
38435,0.239254509864
38436,0.066986763044
38437,0.166559425784
38438,0.086041689607
38439,0.035529917530
38440,0.034972448395
38441,0.034020279534
38442,0.209291300840
38443,0.360191021384
38444,0.022013558760
38445,0.105462947099
38446,0.046220767665
38447,0.015822336726
38448,0.358008267763
38449,0.706795816696
38450,0.160235755946
38451,0.125320268909
38452,0.020499499894
38453,0.066309887967
38454,0.052436334271
38455,0.056438884787
38456,0.096480670852
38457,0.094004226186
38458,0.092019183803
38459,0.940763307243
38460,0.073198457781
38461,0.019585976368
38462,0.076174674720
38463,0.072523042031
38464,0.020425153070
38465,0.031960275514
38466,0.120970401358
38467,0.441417091706
38468,0.056740949849
38469,0.221925009074
38470,0.033596728956
38471,0.094809237347
38472,0.012227878528
38473,0.018381085519
38474,0.074823869075
38475,0.020962090917
38476,0.021908281702
38477,0.051861677412
38478,0.069040760974
38479,0.025750295204
38480,0.070818333607
38481,0.021771732436
38482,0.019633601785
38483,0.165529376502
38484,0.048744732206
38485,0.039490354668
38486,0.078463419749
38487,0.069072359147
38488,0.032090686008
38489,0.051447313863
38490,0.958541934630
38491,0.060824782871
38492,0.124795229640
38493,0.064225754497
38494,0.050877197289
38495,0.038049437965
38496,0.036799067805
38497,0.013885457191
38498,0.293945332286
38499,0.032447919460
38500,0.014403767244
38501,0.020517824104
38502,0.046223427683
38503,0.320236065193
38504,0.018145611198
38505,0.117481516984
38506,0.051780468832
38507,0.047393679974
38508,0.365255467341
38509,0.026192687511
38510,0.028794454607
38511,0.022077488513
38512,0.033405966196
38513,0.044640071097
38514,0.140509507708
38515,0.064883445568
38516,0.019765137843
38517,0.093411452006
38518,0.224026491125
38519,0.083085114180
38520,0.081686928042
38521,0.076430013944
38522,0.021313528106
38523,0.051355723321
38524,0.023722306317
38525,0.093514981135
38526,0.170341006000
38527,0.224031340882
38528,0.012456101322
38529,0.022304838971
38530,0.021287270322
38531,0.014481860282
38532,0.026268404919
38533,0.016202156355
38534,0.022155723996
38535,0.036080056120
38536,0.078242712442
38537,0.062930377700
38538,0.103258408507
38539,0.129535827721
38540,0.265098630896
38541,0.020027035974
38542,0.013796937938
38543,0.019178267611
38544,0.027864626675
38545,0.014181334042
38546,0.017324047262
38547,0.082820737685
38548,0.023975081232
38549,0.063926996726
38550,0.059823101247
38551,0.015399682509
38552,0.127222621358
38553,0.031664765804
38554,0.044729553600
38555,0.021809902827
38556,0.040759101796
38557,0.023187309660
38558,0.114469660282
38559,0.273362591412
38560,0.063608755912
38561,0.062674754489
38562,0.080979193808
38563,0.056757338500
38564,0.019181406034
38565,0.098854873237
38566,0.019920901914
38567,0.107203700980
38568,0.162798863632
38569,0.024326592069
38570,0.030741828885
38571,0.044490903523
38572,0.033063516863
38573,0.021981200935
38574,0.018756108553
38575,0.027005662281
38576,0.091443063718
38577,0.078227154794
38578,0.034802608255
38579,0.172182999731
38580,0.035870388588
38581,0.055664919866
38582,0.028248864188
38583,0.031443153786
38584,0.045612340393
38585,0.168688169230
38586,0.165153981405
38587,0.023002560100
38588,0.106481288409
38589,0.019536701704
38590,0.018467056314
38591,0.031674243317
38592,0.024185892374
38593,0.022525920914
38594,0.045166535800
38595,0.036115338198
38596,0.038053006344
38597,0.043204838499
38598,0.043792329000
38599,0.041976201927
38600,0.088388539030
38601,0.047604226501
38602,0.028278145880
38603,0.353286935166
38604,0.031813222364
38605,0.081420019835
38606,0.257960668233
38607,0.261402920739
38608,0.028333081293
38609,0.040882101397
38610,0.256547138031
38611,0.052748964863
38612,0.350373302898
38613,0.081357614073
38614,0.210086246159
38615,0.069635049381
38616,0.012044054710
38617,0.015211802823
38618,0.014949985764
38619,0.143543587509
38620,0.811532130441
38621,0.224464310131
38622,0.056859997800
38623,0.333376697785
38624,0.051177495544
38625,0.022851004296
38626,0.016029440760
38627,0.103144200598
38628,0.128783773354
38629,0.632792587168
38630,0.524193202870
38631,0.040196642723
38632,0.052323263500
38633,0.231256817922
38634,0.152068958097
38635,0.039904283652
38636,0.028893314617
38637,0.056112257726
38638,0.015171398309
38639,0.099512199720
38640,0.410124242181
38641,0.199648442538
38642,0.250118316671
38643,0.585042486486
38644,0.109418987139
38645,0.023101738108
38646,0.498571348327
38647,0.071703622881
38648,0.146323757085
38649,0.050896189650
38650,0.048175484819
38651,0.040419982739
38652,0.084720848906
38653,0.083427319732
38654,0.121473102258
38655,0.115636871087
38656,0.030704087544
38657,0.090701776676
38658,0.347658711478
38659,0.048068085146
38660,0.046424159016
38661,0.056642297466
38662,0.066978886452
38663,0.026616803189
38664,0.061955970735
38665,0.152940064510
38666,0.253292563997
38667,0.046771687409
38668,0.070509563753
38669,0.032259484392
38670,0.024491517737
38671,0.474911110861
38672,0.105665832978
38673,0.069905201870
38674,0.431138754661
38675,0.431466680493
38676,0.081250135000
38677,0.063996387056
38678,0.022125895997
38679,0.015399077933
38680,0.031381297947
38681,0.058522370011
38682,0.077859681859
38683,0.271131456424
38684,0.422249229381
38685,0.204374245986
38686,0.052850903041
38687,0.013240870646
38688,0.032616999208
38689,0.263673428378
38690,0.018322020162
38691,0.040100685181
38692,0.094985560400
38693,0.040401790150
38694,0.032498541187
38695,0.241706307354
38696,0.542950640000
38697,0.103902063444
38698,0.027737424364
38699,0.062075675641
38700,0.065048414062
38701,0.019107235909
38702,0.021116607023
38703,0.022487657297
38704,0.107186135365
38705,0.128786281974
38706,0.076003748423
38707,0.074103601672
38708,0.048396813287
38709,0.034715512356
38710,0.033238377710
38711,0.217058987336
38712,0.074613802521
38713,0.143244084652
38714,0.029887346972
38715,0.057173492716
38716,0.037102766310
38717,0.022968302465
38718,0.019326432838
38719,0.024088123795
38720,0.044054505913
38721,0.027567125608
38722,0.065534408442
38723,0.476121256509
38724,0.379279089658
38725,0.041912583698
38726,0.044154993301
38727,0.031561173549
38728,0.083618890930
38729,0.047335219845
38730,0.057624857382
38731,0.020107407478
38732,0.025167110796
38733,0.147504901448
38734,0.033572438398
38735,0.024288180697
38736,0.030495429272
38737,0.067375005119
38738,0.060280366558
38739,0.149879371780
38740,0.227523857088
38741,0.220291971318
38742,0.056211229508
38743,0.056528634979
38744,0.024060929351
38745,0.054766531724
38746,0.041749472718
38747,0.015319560820
38748,0.241104894129
38749,0.044159154011
38750,0.634743966186
38751,0.091034565525
38752,0.092917956599
38753,0.044526200040
38754,0.053600110556
38755,0.059524801944
38756,0.034425653767
38757,0.022375496175
38758,0.023548147596
38759,0.024813206861
38760,0.074871925460
38761,0.034627188541
38762,0.086646044983
38763,0.052042468376
38764,0.099331042272
38765,0.174425796922
38766,0.361083582187
38767,0.085247357994
38768,0.029810169272
38769,0.081104576353
38770,0.021747845903
38771,0.028750711054
38772,0.105652050942
38773,0.052735469888
38774,0.091203523280
38775,0.046910097585
38776,0.081562353575
38777,0.054426240351
38778,0.027632931832
38779,0.018799315964
38780,0.127476084270
38781,0.016224166459
38782,0.026218877861
38783,0.054469715380
38784,0.023629246395
38785,0.019744893965
38786,0.048455553024
38787,0.062307558796
38788,0.070986160169
38789,0.092144871357
38790,0.090218052287
38791,0.172188093041
38792,0.220024004634
38793,0.237290486360
38794,0.021753279476
38795,0.084678750258
38796,0.044336512814
38797,0.050986715880
38798,0.069988634386
38799,0.052206385091
38800,0.053478991849
38801,0.044911966530
38802,0.044909561990
38803,0.027007753450
38804,0.058660032023
38805,0.087126228068
38806,0.017544030868
38807,0.045295853840
38808,0.229795022710
38809,0.052839180352
38810,0.122979812876
38811,0.347654639670
38812,0.109823795159
38813,0.112057588817
38814,0.063958558305
38815,0.073568735902
38816,0.075216497924
38817,0.077952478397
38818,0.052264914667
38819,0.015152202171
38820,0.020974825043
38821,0.277654054479
38822,0.079450876576
38823,0.043982776008
38824,0.038554972951
38825,0.044273189238
38826,0.023096723193
38827,0.018654726598
38828,0.058051628689
38829,0.190252837141
38830,0.061689951506
38831,0.045466249297
38832,0.101632207023
38833,0.793870136081
38834,0.096277270362
38835,0.022002083231
38836,0.111744818782
38837,0.058057068106
38838,0.181185195550
38839,0.342055903412
38840,0.075912907490
38841,0.018992392869
38842,0.061932542588
38843,0.063739236610
38844,0.083555952716
38845,0.135179660695
38846,0.051457412299
38847,0.126223049034
38848,0.040762210402
38849,0.052681586909
38850,0.017075260326
38851,0.023409996774
38852,0.055724519821
38853,0.055384423824
38854,0.028745870357
38855,0.108807385101
38856,0.134734087640
38857,0.255137249560
38858,0.084184983552
38859,0.033764568370
38860,0.083791015260
38861,0.156510042409
38862,0.171818317817
38863,0.055499775906
38864,0.065873226688
38865,0.022496207331
38866,0.015466387437
38867,0.059915909611
38868,0.537226052275
38869,0.025260299165
38870,0.147415855458
38871,0.380510007854
38872,0.135159381673
38873,0.017307509339
38874,0.015120516657
38875,0.034079697837
38876,0.052513489973
38877,0.327608621427
38878,0.234343292139
38879,0.099455227477
38880,0.097983283680
38881,0.163951106293
38882,0.150190812506
38883,0.096972894909
38884,0.146947307270
38885,0.363835854845
38886,0.069942487657
38887,0.044435213209
38888,0.095324176968
38889,0.059892125412
38890,0.272458412421
38891,0.921640796360
38892,0.300388403664
38893,0.016494996384
38894,0.192150486081
38895,0.200025998520
38896,0.018817860910
38897,0.013957932877
38898,0.044644849004
38899,0.067801666042
38900,0.025789933257
38901,0.043342936661
38902,0.499149148871
38903,0.066878051685
38904,0.085216284649
38905,0.258796598184
38906,0.141465064292
38907,0.169284200278
38908,0.372965812672
38909,0.171281068874
38910,0.031602893265
38911,0.164369379972
38912,0.123392634509
38913,0.103258731168
38914,0.929141742379
38915,0.294772720160
38916,0.289820590469
38917,0.025271912404
38918,0.106932348003
38919,0.085074392248
38920,0.021647341999
38921,0.014604553871
38922,0.048752534677
38923,0.012350972178
38924,0.016603624342
38925,0.033383386527
38926,0.086106442885
38927,0.101312460214
38928,0.086662332288
38929,0.100521868762
38930,0.068258753451
38931,0.133056690956
38932,0.109767918805
38933,0.080346917328
38934,0.246104186551
38935,0.024834069406
38936,0.063122908004
38937,0.961616058640
38938,0.948190868256
38939,0.673033210935
38940,0.019058859597
38941,0.100869834364
38942,0.437205423744
38943,0.079813260509
38944,0.050530384427
38945,0.049591195621
38946,0.056952415049
38947,0.054661024725
38948,0.018679753740
38949,0.455291254322
38950,0.030080026581
38951,0.049380672591
38952,0.104786653081
38953,0.077994558314
38954,0.054886269367
38955,0.061334306412
38956,0.244646018765
38957,0.125299813988
38958,0.115087378155
38959,0.087807776309
38960,0.093228005840
38961,0.955378840773
38962,0.873856441326
38963,0.580231514931
38964,0.097782350829
38965,0.019784705835
38966,0.450572076369
38967,0.050917485105
38968,0.256715479090
38969,0.060206242963
38970,0.101279520248
38971,0.022565326299
38972,0.115305836183
38973,0.099120254987
38974,0.136711412225
38975,0.144718518702
38976,0.529619688017
38977,0.570797374913
38978,0.154803696732
38979,0.133132670213
38980,0.074421493559
38981,0.049528428719
38982,0.112021081564
38983,0.053008555411
38984,0.041366139009
38985,0.105102084025
38986,0.123181361642
38987,0.048547768139
38988,0.108813330435
38989,0.025605577491
38990,0.922365412905
38991,0.971367034440
38992,0.932233628115
38993,0.085511248062
38994,0.046894081673
38995,0.220131027223
38996,0.019612140332
38997,0.398188079389
38998,0.021377419381
38999,0.017395869308
39000,0.055117880823
39001,0.076166088830
39002,0.059759181956
39003,0.462295654893
39004,0.953916879688
39005,0.067634913902
39006,0.090388575082
39007,0.121917995356
39008,0.132071978859
39009,0.053557848548
39010,0.234132973114
39011,0.099878874083
39012,0.033032462778
39013,0.059793717556
39014,0.085379679074
39015,0.109267930601
39016,0.049311573957
39017,0.026961671628
39018,0.285099015485
39019,0.280522028073
39020,0.136889644063
39021,0.131123026662
39022,0.068268008779
39023,0.164440202690
39024,0.029292704369
39025,0.031871595785
39026,0.019884612475
39027,0.057066658115
39028,0.041966853193
39029,0.341742134882
39030,0.721946339918
39031,0.172376756907
39032,0.169391515484
39033,0.209801029760
39034,0.144003696975
39035,0.135272328258
39036,0.660881822682
39037,0.083591235713
39038,0.038287543380
39039,0.025305229177
39040,0.143037028756
39041,0.139790975095
39042,0.333922790331
39043,0.283131620983
39044,0.184303541640
39045,0.133362143340
39046,0.965944323928
39047,0.116037507069
39048,0.203099371055
39049,0.138076255136
39050,0.022424832829
39051,0.044946954311
39052,0.313034114934
39053,0.058990711259
39054,0.036409942047
39055,0.050782258207
39056,0.057325025138
39057,0.135988530264
39058,0.435648401347
39059,0.271953805267
39060,0.325676897192
39061,0.273081589139
39062,0.130507163280
39063,0.138582029522
39064,0.258571863994
39065,0.021619892140
39066,0.123986284154
39067,0.077183526544
39068,0.062092101576
39069,0.492841707609
39070,0.247119608987
39071,0.038426255595
39072,0.563339129027
39073,0.272555253302
39074,0.067844661081
39075,0.117416245725
39076,0.070102556387
39077,0.040345511113
39078,0.030227194370
39079,0.043268545210
39080,0.071739809880
39081,0.102389959844
39082,0.099101344044
39083,0.445538158171
39084,0.768646780691
39085,0.466653270385
39086,0.367619289048
39087,0.637031094945
39088,0.089167196904
39089,0.017648848736
39090,0.048137349947
39091,0.048529582387
39092,0.107467520154
39093,0.246647008844
39094,0.056838834794
39095,0.032988415489
39096,0.053685969769
39097,0.142354207858
39098,0.030797828711
39099,0.087469134250
39100,0.020600023670
39101,0.031572872253
39102,0.021456659557
39103,0.012016842270
39104,0.032213450291
39105,0.076207328891
39106,0.047231201452
39107,0.061095156007
39108,0.342482106089
39109,0.252279842971
39110,0.353602041881
39111,0.748351654370
39112,0.656187085744
39113,0.287654577644
39114,0.090159571071
39115,0.028747844438
39116,0.016072809854
39117,0.051051570626
39118,0.103070614157
39119,0.036162402421
39120,0.960067049234
39121,0.056766501878
39122,0.021820198574
39123,0.072251915035
39124,0.062312418571
39125,0.324191493259
39126,0.048316880146
39127,0.055587078701
39128,0.018206767803
39129,0.044392453121
39130,0.016479837141
39131,0.013387308482
39132,0.030560191138
39133,0.078017885802
39134,0.092892634003
39135,0.632610881759
39136,0.359857504234
39137,0.337485726042
39138,0.956573735845
39139,0.383838974823
39140,0.331946997371
39141,0.131470797914
39142,0.025386128996
39143,0.023102772781
39144,0.046771754756
39145,0.048959870295
39146,0.025759427296
39147,0.063157111450
39148,0.476572428327
39149,0.127157520682
39150,0.270168940764
39151,0.047692831621
39152,0.104650481711
39153,0.129427763313
39154,0.115242813304
39155,0.140961779202
39156,0.048200282726
39157,0.022309030387
39158,0.010322820852
39159,0.030152543490
39160,0.130849747806
39161,0.912004433666
39162,0.348926211604
39163,0.744776784779
39164,0.355684740001
39165,0.269972482415
39166,0.132623896883
39167,0.118569407426
39168,0.017916384878
39169,0.035888668587
39170,0.016362318250
39171,0.056015834770
39172,0.105488944402
39173,0.137648680486
39174,0.051661711563
39175,0.187836085386
39176,0.029580802676
39177,0.066240589924
39178,0.271470010558
39179,0.059089303403
39180,0.084645022060
39181,0.233741673991
39182,0.155649397614
39183,0.140249403694
39184,0.068032626252
39185,0.126701924852
39186,0.107089298166
39187,0.081306937907
39188,0.059407869658
39189,0.096436404449
39190,0.110254446625
39191,0.020559274416
39192,0.108833527642
39193,0.016154118953
39194,0.102953396857
39195,0.039525239036
39196,0.031868768428
39197,0.088834440745
39198,0.047201045413
39199,0.069626240311
39200,0.067694938326
39201,0.163387933374
39202,0.288344689753
39203,0.720655446906
39204,0.122581702800
39205,0.014217069156
39206,0.021264507668
39207,0.021039257153
39208,0.027980344406
39209,0.080973496296
39210,0.068915184880
39211,0.117694683578
39212,0.032159723265
39213,0.028212533622
39214,0.019692134209
39215,0.018505344669
39216,0.035505527312
39217,0.073084743601
39218,0.082255817719
39219,0.395973051763
39220,0.015047481446
39221,0.018232013116
39222,0.054653352175
39223,0.057608555193
39224,0.081343674763
39225,0.460160599521
39226,0.131870130320
39227,0.021538208466
39228,0.223002024808
39229,0.037046917893
39230,0.021704110753
39231,0.072596993096
39232,0.128048372481
39233,0.018205529197
39234,0.255048530257
39235,0.025329322792
39236,0.135428195815
39237,0.056813525014
39238,0.050334697850
39239,0.018560333024
39240,0.031059458488
39241,0.068338720772
39242,0.364405149948
39243,0.029554170903
39244,0.019102533140
39245,0.020325498884
39246,0.042542781241
39247,0.068173448955
39248,0.153478300033
39249,0.062277992082
39250,0.228755658938
39251,0.079680854827
39252,0.030902171063
39253,0.028945646344
39254,0.058396100354
39255,0.034778031876
39256,0.272421565500
39257,0.350580399896
39258,0.103388881546
39259,0.046300873870
39260,0.378225842569
39261,0.700525352178
39262,0.147130147614
39263,0.126576110630
39264,0.022628472776
39265,0.060863579030
39266,0.048697535785
39267,0.054364311698
39268,0.095417043003
39269,0.085101819469
39270,0.095884668528
39271,0.970443330460
39272,0.079497626383
39273,0.072411683207
39274,0.068261885585
39275,0.028054477755
39276,0.115545905071
39277,0.430085756988
39278,0.054240736194
39279,0.149981448052
39280,0.032745592356
39281,0.097335384120
39282,0.018663037200
39283,0.078484031793
39284,0.020811186488
39285,0.009574385268
39286,0.020196713231
39287,0.057054862453
39288,0.068793465192
39289,0.024773494793
39290,0.061872727808
39291,0.017721331727
39292,0.017907181140
39293,0.163336491706
39294,0.044634312108
39295,0.038609570486
39296,0.035765841027
39297,0.080328735288
39298,0.066771407617
39299,0.045384455947
39300,0.958680978790
39301,0.057734503302
39302,0.113667010943
39303,0.061599605725
39304,0.043850291081
39305,0.035614380223
39306,0.037331690827
39307,0.013873895747
39308,0.022036565110
39309,0.288489833450
39310,0.033427082161
39311,0.016571961878
39312,0.014141277987
39313,0.127367740223
39314,0.015811230324
39315,0.106415090461
39316,0.049789141839
39317,0.042496411985
39318,0.373204789890
39319,0.025410868483
39320,0.026294830867
39321,0.020087017941
39322,0.031087351966
39323,0.045067041447
39324,0.136141883991
39325,0.065986693935
39326,0.016494089156
39327,0.011937182451
39328,0.083106008688
39329,0.216210581112
39330,0.074960178092
39331,0.080472220625
39332,0.066955486568
39333,0.022437356637
39334,0.044175814630
39335,0.091896996031
39336,0.241310770406
39337,0.143362178993
39338,0.019729142254
39339,0.024506334879
39340,0.016274246598
39341,0.010336465421
39342,0.019226831358
39343,0.015105530441
39344,0.020762256327
39345,0.030245762214
39346,0.072605533940
39347,0.060031529127
39348,0.108064715838
39349,0.127620812466
39350,0.265801602713
39351,0.017880675067
39352,0.019529325551
39353,0.013931724009
39354,0.019678417511
39355,0.025867720946
39356,0.021239299956
39357,0.030389066935
39358,0.013470750486
39359,0.015834470336
39360,0.016352192419
39361,0.070425018717
39362,0.059145416300
39363,0.018935699920
39364,0.063228150717
39365,0.114630096749
39366,0.040550749565
39367,0.033004917505
39368,0.020633511966
39369,0.105053776891
39370,0.021427430617
39371,0.368597105507
39372,0.051477136669
39373,0.063217316571
39374,0.081996008039
39375,0.021877732306
39376,0.064670393077
39377,0.021078494619
39378,0.012546458306
39379,0.100376885558
39380,0.018520342018
39381,0.112533723945
39382,0.147320028335
39383,0.028622415572
39384,0.042965714805
39385,0.028180480670
39386,0.015496684261
39387,0.016573766966
39388,0.027817244395
39389,0.013318700300
39390,0.094277178868
39391,0.075494966634
39392,0.169170455429
39393,0.030995057367
39394,0.021669542807
39395,0.051491108497
39396,0.027400810638
39397,0.018991440081
39398,0.025698228160
39399,0.040568054566
39400,0.270419651903
39401,0.238825415343
39402,0.019969859504
39403,0.104337108867
39404,0.018834208162
39405,0.018275676411
39406,0.028363552081
39407,0.022077686749
39408,0.040733189389
39409,0.030678699357
39410,0.043583063750
39411,0.040502591671
39412,0.049801744049
39413,0.042045428573
39414,0.049889911021
39415,0.083544704058
39416,0.050250470499
39417,0.046371872007
39418,0.030345050861
39419,0.253648552174
39420,0.032441699622
39421,0.081133141685
39422,0.045356264757
39423,0.136735024164
39424,0.244418019900
39425,0.029767389410
39426,0.041518201164
39427,0.257663387151
39428,0.055257845324
39429,0.264062098934
39430,0.211812881884
39431,0.061795404395
39432,0.028734740184
39433,0.012127727546
39434,0.013817155546
39435,0.014788096204
39436,0.126149250006
39437,0.045932960802
39438,0.807201563378
39439,0.113010804173
39440,0.049449237090
39441,0.243084719132
39442,0.050362816760
39443,0.017436727304
39444,0.020905819107
39445,0.106413927885
39446,0.130237919655
39447,0.627414357130
39448,0.533810298104
39449,0.044117294685
39450,0.061413822577
39451,0.127306418194
39452,0.242836456402
39453,0.013939651529
39454,0.044530470213
39455,0.027723686728
39456,0.048612602392
39457,0.102513880844
39458,0.409506522677
39459,0.105537193405
39460,0.253725452674
39461,0.582453211019
39462,0.214188722025
39463,0.023291383099
39464,0.480056711805
39465,0.074115833952
39466,0.137266291509
39467,0.039702919743
39468,0.039990152125
39469,0.042004733117
39470,0.082907886122
39471,0.087254385612
39472,0.122048414192
39473,0.115603089167
39474,0.094811301369
39475,0.353728004154
39476,0.052001047380
39477,0.029758080597
39478,0.051490879397
39479,0.053066806871
39480,0.064101258738
39481,0.026965534274
39482,0.058886874739
39483,0.028255237561
39484,0.061305529612
39485,0.155110370795
39486,0.170683299688
39487,0.030044125565
39488,0.016328433760
39489,0.467603754832
39490,0.113336870468
39491,0.214705628239
39492,0.424701188776
39493,0.438735390191
39494,0.012685056532
39495,0.080105116928
39496,0.065714810655
39497,0.016303553955
39498,0.032797356168
39499,0.072036753925
39500,0.056822605363
39501,0.087795947241
39502,0.193619229227
39503,0.419094971759
39504,0.019062545892
39505,0.202610954595
39506,0.056199164132
39507,0.035316743721
39508,0.262045813156
39509,0.035080575708
39510,0.089358929789
39511,0.041439035694
39512,0.137069839384
39513,0.545500210406
39514,0.111906861950
39515,0.020857906566
39516,0.027685804377
39517,0.058574531015
39518,0.064948040587
39519,0.020798253220
39520,0.022130208725
39521,0.103213528088
39522,0.136809191322
39523,0.076029131561
39524,0.091350658491
39525,0.045370426740
39526,0.028974740657
39527,0.032164443832
39528,0.027968513453
39529,0.034062016834
39530,0.133264380052
39531,0.073547363098
39532,0.136760028778
39533,0.029400678974
39534,0.059102674710
39535,0.037457745085
39536,0.020809383694
39537,0.025151249210
39538,0.044479279486
39539,0.027918632397
39540,0.066605408474
39541,0.479865509442
39542,0.394772718773
39543,0.043560413496
39544,0.040491243463
39545,0.078014622411
39546,0.044157518164
39547,0.018150111189
39548,0.065206592326
39549,0.025166421936
39550,0.157617574267
39551,0.034617976625
39552,0.023500661110
39553,0.033604421585
39554,0.011993650232
39555,0.066027875022
39556,0.056262851676
39557,0.216329811821
39558,0.339404446485
39559,0.219704648727
39560,0.053007582525
39561,0.055889028784
39562,0.024461213173
39563,0.053475439823
39564,0.044633649081
39565,0.015342087785
39566,0.328435818264
39567,0.042345930343
39568,0.634197931798
39569,0.080034780202
39570,0.019786752628
39571,0.084389054664
39572,0.042954372617
39573,0.046911680783
39574,0.013424636224
39575,0.050940188128
39576,0.032897410807
39577,0.023444445412
39578,0.024337194184
39579,0.023853008377
39580,0.078627087651
39581,0.037335649321
39582,0.082855178550
39583,0.053728745748
39584,0.105962132184
39585,0.227130592003
39586,0.372236037547
39587,0.081386113924
39588,0.074206350868
39589,0.020423417453
39590,0.027160539276
39591,0.107541597657
39592,0.050565038028
39593,0.083012575328
39594,0.043888728237
39595,0.084196736315
39596,0.040827612773
39597,0.022204988452
39598,0.017616081439
39599,0.141026910686
39600,0.015940918149
39601,0.046989745318
39602,0.023948793807
39603,0.021974792964
39604,0.046659028913
39605,0.058458943353
39606,0.066372911807
39607,0.093018398777
39608,0.085038234775
39609,0.241870364009
39610,0.218453853902
39611,0.151336212084
39612,0.018736156248
39613,0.081634939383
39614,0.015081273398
39615,0.043618938842
39616,0.053032576128
39617,0.067955182015
39618,0.024208262032
39619,0.023267971010
39620,0.047074365057
39621,0.051003901787
39622,0.017321715108
39623,0.049302577010
39624,0.057364760147
39625,0.087899754048
39626,0.040868867181
39627,0.236254624712
39628,0.061558049743
39629,0.123537014970
39630,0.348323091199
39631,0.116301301131
39632,0.104505192687
39633,0.063055131910
39634,0.076089060630
39635,0.076638286850
39636,0.082066623726
39637,0.050135049254
39638,0.020894515191
39639,0.284678286407
39640,0.074765391167
39641,0.042756980246
39642,0.040978527269
39643,0.059241226928
39644,0.025131989716
39645,0.024534102070
39646,0.056936432481
39647,0.431490051772
39648,0.066156628541
39649,0.042546020383
39650,0.103446050173
39651,0.796345554431
39652,0.099767575750
39653,0.018919790667
39654,0.108571450702
39655,0.059504791720
39656,0.237164656785
39657,0.355595984022
39658,0.068960565314
39659,0.017507069476
39660,0.060014801608
39661,0.062904375580
39662,0.077081824026
39663,0.209662984178
39664,0.058213764377
39665,0.131957389862
39666,0.040947691267
39667,0.044536560308
39668,0.023559932516
39669,0.057211477589
39670,0.055680067326
39671,0.028301214094
39672,0.106354578316
39673,0.146556697954
39674,0.247730451762
39675,0.082848725533
39676,0.032555651702
39677,0.081057951563
39678,0.151677876219
39679,0.244750347711
39680,0.060333271961
39681,0.020922588469
39682,0.013920967322
39683,0.059589860324
39684,0.550163129500
39685,0.024578925496
39686,0.143819137253
39687,0.384190060582
39688,0.134076752939
39689,0.019287917732
39690,0.015256310380
39691,0.033596007198
39692,0.050157005360
39693,0.336205571719
39694,0.237042956031
39695,0.095709703855
39696,0.099534738591
39697,0.173944310289
39698,0.151392756092
39699,0.098343724084
39700,0.151433403726
39701,0.278001507941
39702,0.064477636328
39703,0.045668745345
39704,0.102896688374
39705,0.054930272982
39706,0.179365679464
39707,0.923339904642
39708,0.066238928954
39709,0.290039100558
39710,0.035240970450
39711,0.186029337420
39712,0.014622071392
39713,0.044272425876
39714,0.070254135508
39715,0.027244799356
39716,0.043785513538
39717,0.488907171706
39718,0.067195610583
39719,0.087077251377
39720,0.259017424854
39721,0.143387927642
39722,0.176949332680
39723,0.286541947582
39724,0.166763869428
39725,0.029482151437
39726,0.163185644156
39727,0.124240270334
39728,0.098427089935
39729,0.931313927596
39730,0.377282296496
39731,0.285813168909
39732,0.026298023480
39733,0.130651616618
39734,0.093813481820
39735,0.022832821893
39736,0.019878303637
39737,0.020336908851
39738,0.049888744381
39739,0.012936052688
39740,0.019044105814
39741,0.029475614619
39742,0.082073320916
39743,0.095105263893
39744,0.080420479432
39745,0.099248090213
39746,0.066342497629
39747,0.129065180772
39748,0.093342229446
39749,0.089525587420
39750,0.156157134861
39751,0.024175788292
39752,0.064799052429
39753,0.961296633280
39754,0.950688039358
39755,0.696857482349
39756,0.021174012522
39757,0.019253024548
39758,0.099728225010
39759,0.430973430934
39760,0.090294551965
39761,0.011762321007
39762,0.054549740563
39763,0.056813369516
39764,0.055625421537
39765,0.452341333226
39766,0.030268116426
39767,0.052516655157
39768,0.110325728061
39769,0.067512037203
39770,0.052369485960
39771,0.057275242715
39772,0.344260037605
39773,0.119155868479
39774,0.103400731778
39775,0.086870189874
39776,0.105697863181
39777,0.954397979258
39778,0.874030407585
39779,0.592618634215
39780,0.092117640961
39781,0.020793335064
39782,0.012003257391
39783,0.452502956089
39784,0.047523426324
39785,0.181447382600
39786,0.063635619455
39787,0.093084809894
39788,0.022769123959
39789,0.106235482490
39790,0.099074528690
39791,0.136163591648
39792,0.138550078012
39793,0.555343943530
39794,0.556434959281
39795,0.153364815343
39796,0.137542797169
39797,0.072367605044
39798,0.047608057107
39799,0.103555527250
39800,0.054527179574
39801,0.043586953473
39802,0.017179945509
39803,0.102481465585
39804,0.117076585465
39805,0.104451194022
39806,0.022317847967
39807,0.920147646933
39808,0.971116476935
39809,0.928219648273
39810,0.047426621256
39811,0.143509657336
39812,0.017288352770
39813,0.409338158678
39814,0.023499237747
39815,0.018218334125
39816,0.017541550529
39817,0.055350845065
39818,0.076869291201
39819,0.058144320900
39820,0.461854666563
39821,0.954010713347
39822,0.065310610241
39823,0.083196845102
39824,0.118036530443
39825,0.129842350074
39826,0.055841512912
39827,0.157430354502
39828,0.103745986275
39829,0.031602992268
39830,0.065315969397
39831,0.070763592528
39832,0.110269265015
39833,0.277832619134
39834,0.275681286662
39835,0.128664722719
39836,0.066325761638
39837,0.108328221268
39838,0.063821523764
39839,0.157159254291
39840,0.029223591023
39841,0.028032716920
39842,0.033407064372
39843,0.016747157447
39844,0.020179960472
39845,0.056080545871
39846,0.043910339104
39847,0.246743795276
39848,0.727267747292
39849,0.169555639288
39850,0.163364503442
39851,0.108127160413
39852,0.136328049990
39853,0.137040596694
39854,0.659991369805
39855,0.086535000015
39856,0.035254423750
39857,0.144706302696
39858,0.132982649001
39859,0.231943635515
39860,0.380096084013
39861,0.254661003894
39862,0.129393263977
39863,0.965720281220
39864,0.119027511264
39865,0.020991397527
39866,0.202836087944
39867,0.149095135191
39868,0.023108298032
39869,0.613960548803
39870,0.062903361154
39871,0.037521886958
39872,0.048837251198
39873,0.055796840611
39874,0.135013154892
39875,0.420515617987
39876,0.271924363627
39877,0.319225335517
39878,0.275229530874
39879,0.123609756634
39880,0.144348779067
39881,0.254392076378
39882,0.022635782086
39883,0.117677151374
39884,0.076695239256
39885,0.058339131664
39886,0.495212083235
39887,0.246680826382
39888,0.542779995146
39889,0.266897818008
39890,0.062910483351
39891,0.117437622547
39892,0.083975527321
39893,0.041576092002
39894,0.016271379502
39895,0.028426863273
39896,0.046257587296
39897,0.067424089161
39898,0.099921958427
39899,0.203225721291
39900,0.465016764812
39901,0.776880016023
39902,0.472121696758
39903,0.287488436587
39904,0.646782985795
39905,0.087762478203
39906,0.052205404325
39907,0.042411007738
39908,0.117550247411
39909,0.253331382325
39910,0.054747202017
39911,0.037237294806
39912,0.055155202840
39913,0.137267610185
39914,0.026937696070
39915,0.073705904954
39916,0.021079223107
39917,0.013761544627
39918,0.032495729052
39919,0.075429903624
39920,0.049930723841
39921,0.060793829627
39922,0.251596455853
39923,0.250139500904
39924,0.358261100392
39925,0.752129799919
39926,0.639538850511
39927,0.286062309114
39928,0.093139404328
39929,0.034929795653
39930,0.014164087768
39931,0.057518883645
39932,0.104109954976
39933,0.032885979435
39934,0.959937802624
39935,0.057046028239
39936,0.022651756855
39937,0.074750468990
39938,0.064832960654
39939,0.327976905333
39940,0.053154522578
39941,0.052501440859
39942,0.019250034644
39943,0.042607943947
39944,0.017457491764
39945,0.013837922251
39946,0.028806278479
39947,0.073400446047
39948,0.097729993232
39949,0.638625772554
39950,0.374500385592
39951,0.337483015534
39952,0.955709880876
39953,0.392997545801
39954,0.342661253021
39955,0.138200657510
39956,0.025780559743
39957,0.022964278497
39958,0.044457713305
39959,0.049879232855
39960,0.027198941505
39961,0.062204288511
39962,0.489479698213
39963,0.115402040699
39964,0.266072304830
39965,0.047613165783
39966,0.101930145886
39967,0.139000428700
39968,0.124360106524
39969,0.137169421639
39970,0.046257691440
39971,0.022888446553
39972,0.032326110528
39973,0.138424889974
39974,0.937803520172
39975,0.348150547331
39976,0.746619265402
39977,0.361801092647
39978,0.284623960579
39979,0.119327208347
39980,0.114274023390
39981,0.033624367438
39982,0.050168026582
39983,0.028320830745
39984,0.094205970034
39985,0.135573535963
39986,0.179123547216
39987,0.030445650053
39988,0.066361392770
39989,0.255921268047
39990,0.057902017071
39991,0.086559133603
39992,0.175287174241
39993,0.036807796321
39994,0.155054179840
39995,0.143031509024
39996,0.068108206591
39997,0.127849393678
39998,0.027254772566
39999,0.103779785967
40000,0.087850560944
40001,0.050771306296
40002,0.094130937112
40003,0.106650758193
40004,0.105061354009
40005,0.016499602196
40006,0.093678669076
40007,0.037228535979
40008,0.034413765287
40009,0.092409654965
40010,0.050867584012
40011,0.067414446707
40012,0.067222584702
40013,0.156678002559
40014,0.288691600991
40015,0.728176726182
40016,0.128858798496
40017,0.020385980586
40018,0.020399896045
40019,0.027438925616
40020,0.085758265170
40021,0.064400205634
40022,0.110749407895
40023,0.018460495348
40024,0.028750560036
40025,0.040828302209
40026,0.073305261460
40027,0.080313464660
40028,0.390232039620
40029,0.015442462125
40030,0.018608872966
40031,0.056144098661
40032,0.054297771603
40033,0.084965594106
40034,0.481530290607
40035,0.133175739773
40036,0.149195296068
40037,0.033221724605
40038,0.021039559795
40039,0.070662080263
40040,0.220236086551
40041,0.033272070601
40042,0.247134622416
40043,0.028309732889
40044,0.024979089938
40045,0.134476114037
40046,0.056969207072
40047,0.049499909593
40048,0.031379958901
40049,0.067544932013
40050,0.273926151433
40051,0.031218234031
40052,0.016680035741
40053,0.020548373204
40054,0.045343079727
40055,0.062254928584
40056,0.239359267398
40057,0.059285866337
40058,0.160701721157
40059,0.082890344358
40060,0.030925604544
40061,0.020249252651
40062,0.032895924519
40063,0.048495992829
40064,0.031377544933
40065,0.254099666693
40066,0.258282238284
40067,0.021896260785
40068,0.096791053125
40069,0.043555109211
40070,0.015343855485
40071,0.398825166312
40072,0.706053365749
40073,0.145749959171
40074,0.127730075252
40075,0.020318487984
40076,0.068156467901
40077,0.050387906024
40078,0.062295900488
40079,0.092405713955
40080,0.085077300678
40081,0.095809300496
40082,0.970236818420
40083,0.080133611066
40084,0.065037624320
40085,0.064641549081
40086,0.019350413581
40087,0.033634261290
40088,0.117578798834
40089,0.424979609096
40090,0.062134683440
40091,0.154241222751
40092,0.032556053372
40093,0.096216590167
40094,0.017938918090
40095,0.078213472595
40096,0.021316109663
40097,0.009810158747
40098,0.020915636436
40099,0.055278537586
40100,0.065370274887
40101,0.025052886829
40102,0.027425865105
40103,0.061815533662
40104,0.019544925008
40105,0.153844111442
40106,0.047776325365
40107,0.037218083240
40108,0.022961494410
40109,0.034640942393
40110,0.073569720168
40111,0.074421337248
40112,0.023078895559
40113,0.044876728196
40114,0.959970074875
40115,0.061309509973
40116,0.102947746533
40117,0.042789365328
40118,0.040898865237
40119,0.014210680307
40120,0.288752532046
40121,0.031015451111
40122,0.011052105005
40123,0.010958814673
40124,0.013181797958
40125,0.137153238597
40126,0.097182049391
40127,0.359794128121
40128,0.026528808433
40129,0.019431713519
40130,0.012836435819
40131,0.030037384312
40132,0.041516743053
40133,0.128574867785
40134,0.062559900070
40135,0.011309856269
40136,0.018290713678
40137,0.080696644805
40138,0.143554744219
40139,0.074659727461
40140,0.073211975871
40141,0.062157151925
40142,0.022434921210
40143,0.047790410459
40144,0.082019701997
40145,0.150747361661
40146,0.139503599500
40147,0.022546229047
40148,0.013206826902
40149,0.015885544411
40150,0.027660442335
40151,0.017804761391
40152,0.017248049510
40153,0.015940183013
40154,0.021652709529
40155,0.030250169575
40156,0.078218617091
40157,0.061145790715
40158,0.099805579697
40159,0.020549314652
40160,0.115515633655
40161,0.261336863908
40162,0.014822173655
40163,0.018269862213
40164,0.014008335902
40165,0.012169930829
40166,0.023173472726
40167,0.027983887434
40168,0.017083870580
40169,0.058249258364
40170,0.014728217142
40171,0.062622781585
40172,0.114038589841
40173,0.031328241468
40174,0.035972507498
40175,0.019589784062
40176,0.029474662914
40177,0.019021161753
40178,0.103290527648
40179,0.364185780903
40180,0.047448747049
40181,0.053281329453
40182,0.074113065188
40183,0.057711994737
40184,0.021117866990
40185,0.012290289526
40186,0.093588943155
40187,0.016994997747
40188,0.105018316808
40189,0.156919214308
40190,0.021548138494
40191,0.029725647422
40192,0.028394454698
40193,0.038697903783
40194,0.027129996363
40195,0.016373126055
40196,0.028049906547
40197,0.013160523411
40198,0.089486120185
40199,0.060314517851
40200,0.172291108359
40201,0.021539595977
40202,0.030093186626
40203,0.022803187667
40204,0.021172636572
40205,0.049679441874
40206,0.027959808451
40207,0.028083476596
40208,0.171472359666
40209,0.242716349472
40210,0.105691497575
40211,0.019832212439
40212,0.024788504142
40213,0.022185303914
40214,0.022406359277
40215,0.040782132101
40216,0.023004149291
40217,0.031913431170
40218,0.035095459254
40219,0.036990306697
40220,0.033867765616
40221,0.042860473826
40222,0.042307762250
40223,0.043781208349
40224,0.080543638365
40225,0.039059558307
40226,0.041059589635
40227,0.029850144114
40228,0.241403763379
40229,0.026484513431
40230,0.193971008510
40231,0.139356253462
40232,0.155112145622
40233,0.035230880485
40234,0.142529782152
40235,0.351959729940
40236,0.083531513581
40237,0.106749795273
40238,0.058018276383
40239,0.025875455782
40240,0.020060794826
40241,0.013172002986
40242,0.122247496688
40243,0.788114588569
40244,0.109201685611
40245,0.041736563008
40246,0.052455453677
40247,0.131100486555
40248,0.050150061822
40249,0.019352802273
40250,0.023664996110
40251,0.093197275023
40252,0.116700600889
40253,0.584588399867
40254,0.508568413889
40255,0.037780034391
40256,0.048303248874
40257,0.120643757331
40258,0.242481171474
40259,0.035264741887
40260,0.042240727603
40261,0.091351716943
40262,0.033016283135
40263,0.400544608989
40264,0.103025830693
40265,0.142952167540
40266,0.589772486939
40267,0.208961008823
40268,0.023664699678
40269,0.467123053968
40270,0.065572108589
40271,0.126776002155
40272,0.038721244884
40273,0.037632451096
40274,0.082534244906
40275,0.087075750892
40276,0.122082152865
40277,0.106905132244
40278,0.033138497483
40279,0.085568387315
40280,0.347757162850
40281,0.048541116172
40282,0.050860535071
40283,0.065894238479
40284,0.026112367542
40285,0.029149782388
40286,0.049467844119
40287,0.152036684211
40288,0.175987623420
40289,0.033417835771
40290,0.341242814356
40291,0.200581506202
40292,0.084534210649
40293,0.419185092193
40294,0.442651714403
40295,0.012465877184
40296,0.081974330480
40297,0.066022780565
40298,0.026762405785
40299,0.016591804637
40300,0.012693984685
40301,0.029416432285
40302,0.065299384853
40303,0.057159677098
40304,0.084756647318
40305,0.171185294108
40306,0.429583314256
40307,0.040420859675
40308,0.051917516969
40309,0.040604040518
40310,0.348626235689
40311,0.038071390007
40312,0.082476641264
40313,0.037864590874
40314,0.028587385248
40315,0.126248501801
40316,0.542810648255
40317,0.110412589325
40318,0.019866601536
40319,0.029626697078
40320,0.059009471856
40321,0.058349631966
40322,0.021033930739
40323,0.102035003721
40324,0.119877171446
40325,0.075054626329
40326,0.085719565843
40327,0.046628151064
40328,0.030193904567
40329,0.026845079864
40330,0.032891580445
40331,0.117722797533
40332,0.069452095714
40333,0.131753018683
40334,0.027869306279
40335,0.058543580976
40336,0.038265097845
40337,0.025265064241
40338,0.022038455737
40339,0.026393440819
40340,0.042611976791
40341,0.067399030115
40342,0.481862891750
40343,0.387191938402
40344,0.039948369671
40345,0.043519361568
40346,0.030429661655
40347,0.065804473916
40348,0.040982777434
40349,0.018671235311
40350,0.063217240021
40351,0.022252926186
40352,0.238906985396
40353,0.034900254976
40354,0.024955353838
40355,0.031580109174
40356,0.063190992986
40357,0.054536203346
40358,0.142542530925
40359,0.234625577924
40360,0.214721270540
40361,0.049024111610
40362,0.052905718202
40363,0.025160789582
40364,0.051335773849
40365,0.039963524667
40366,0.244519063826
40367,0.043220691018
40368,0.630971629002
40369,0.085674096498
40370,0.086863803177
40371,0.038610194198
40372,0.050043220925
40373,0.023928152087
40374,0.069469604378
40375,0.081851839575
40376,0.053453086899
40377,0.093400477313
40378,0.230819549969
40379,0.372642793782
40380,0.080587901011
40381,0.032759684568
40382,0.073407116167
40383,0.020982167665
40384,0.101584417922
40385,0.051293254742
40386,0.080280911179
40387,0.039302651974
40388,0.075298495071
40389,0.035297570261
40390,0.043452059957
40391,0.027633472603
40392,0.017668064115
40393,0.123980559459
40394,0.019704077360
40395,0.048832855051
40396,0.024087562055
40397,0.022366162702
40398,0.042020329019
40399,0.057991611839
40400,0.065451115247
40401,0.089446512848
40402,0.080714860045
40403,0.229957168801
40404,0.116799531906
40405,0.140569283915
40406,0.018133067078
40407,0.083405276934
40408,0.043326051692
40409,0.049910698560
40410,0.065707152412
40411,0.020909188242
40412,0.042865903411
40413,0.046719593521
40414,0.038467483293
40415,0.050984870126
40416,0.024811328580
40417,0.051835523817
40418,0.080676609742
40419,0.038276523447
40420,0.127049159802
40421,0.060370682935
40422,0.125276821054
40423,0.547202172256
40424,0.110274523846
40425,0.108256997658
40426,0.061390178230
40427,0.073840614398
40428,0.073408287801
40429,0.077477199390
40430,0.047263877130
40431,0.018868243026
40432,0.279379778670
40433,0.068534185820
40434,0.039678893039
40435,0.040540030874
40436,0.051946377445
40437,0.022173695157
40438,0.059782840775
40439,0.282464615394
40440,0.060635650241
40441,0.042027196986
40442,0.096989614796
40443,0.797659569211
40444,0.091539962784
40445,0.020648663557
40446,0.108304954719
40447,0.060428889184
40448,0.165546707505
40449,0.279932203553
40450,0.063317508080
40451,0.017669541552
40452,0.056671036038
40453,0.062666478377
40454,0.080386096895
40455,0.204442441441
40456,0.054179784358
40457,0.120989016527
40458,0.046982489823
40459,0.041168865559
40460,0.015829527973
40461,0.015756811503
40462,0.022804870832
40463,0.051538530226
40464,0.052125891942
40465,0.030458884664
40466,0.119763278420
40467,0.148080352779
40468,0.247493959853
40469,0.082973499509
40470,0.033638251191
40471,0.075791759242
40472,0.153706892274
40473,0.252948962062
40474,0.057946073399
40475,0.061489360133
40476,0.012606934800
40477,0.055788848879
40478,0.569639072860
40479,0.021031699797
40480,0.127756179054
40481,0.393350052106
40482,0.121367519297
40483,0.030798037973
40484,0.048196243814
40485,0.232198389462
40486,0.230973404218
40487,0.085089156840
40488,0.091117573330
40489,0.168128671453
40490,0.143700619106
40491,0.094761127383
40492,0.145994948759
40493,0.274034420414
40494,0.059099071986
40495,0.043912295077
40496,0.087071187544
40497,0.050685185650
40498,0.170508398578
40499,0.922790835024
40500,0.063045867096
40501,0.301212532762
40502,0.017049813330
40503,0.034384630613
40504,0.182582911396
40505,0.040324783051
40506,0.061889648868
40507,0.029829288969
40508,0.038273284416
40509,0.499912980764
40510,0.064799865839
40511,0.082730430002
40512,0.189535574444
40513,0.140712207063
40514,0.168524997361
40515,0.283913848959
40516,0.167150215035
40517,0.027640292290
40518,0.159923663216
40519,0.135851011694
40520,0.092103935962
40521,0.929625786823
40522,0.382233366711
40523,0.305932242315
40524,0.028301305799
40525,0.116046323099
40526,0.012870611711
40527,0.082934982987
40528,0.019818366956
40529,0.045885346914
40530,0.016421343167
40531,0.018880249473
40532,0.030838388986
40533,0.079280903836
40534,0.093148138333
40535,0.075181953124
40536,0.093843560547
40537,0.062001643185
40538,0.130590691735
40539,0.095134516296
40540,0.021165648357
40541,0.099794749800
40542,0.238051197119
40543,0.064051665989
40544,0.960965185240
40545,0.949098385027
40546,0.720346853065
40547,0.021876927746
40548,0.094859741329
40549,0.425728700988
40550,0.080402664829
40551,0.040312053503
40552,0.011880714141
40553,0.050768337716
40554,0.051485440242
40555,0.052078119208
40556,0.017051688303
40557,0.469309248235
40558,0.030917279827
40559,0.050926321988
40560,0.105515280291
40561,0.066212126748
40562,0.048320364593
40563,0.054406552966
40564,0.164422269096
40565,0.116059333272
40566,0.111491493108
40567,0.077002277240
40568,0.114140551407
40569,0.956687103925
40570,0.878910589149
40571,0.594688203309
40572,0.073965490187
40573,0.022488486604
40574,0.012678126503
40575,0.451329226061
40576,0.045535361949
40577,0.257892744247
40578,0.057848447951
40579,0.092311612185
40580,0.100571782907
40581,0.107219543574
40582,0.138045649364
40583,0.140380627480
40584,0.571685802608
40585,0.565225628033
40586,0.147583470872
40587,0.139567003671
40588,0.068212730061
40589,0.042935043630
40590,0.095875092105
40591,0.054231847569
40592,0.041784279810
40593,0.017752087672
40594,0.105506334725
40595,0.112289448120
40596,0.042033867405
40597,0.089828421807
40598,0.022695178262
40599,0.924246282338
40600,0.971025585120
40601,0.934409726288
40602,0.042697928910
40603,0.145260171783
40604,0.016705126254
40605,0.416707490353
40606,0.023152603475
40607,0.017079384750
40608,0.049956027759
40609,0.075537605856
40610,0.057304235041
40611,0.449261167367
40612,0.953207357893
40613,0.061757661745
40614,0.076517221030
40615,0.105254928539
40616,0.120626066378
40617,0.051510220815
40618,0.157229524675
40619,0.099733633626
40620,0.028700369679
40621,0.059586827719
40622,0.073080805805
40623,0.101075840882
40624,0.047908761819
40625,0.273043263804
40626,0.192372349650
40627,0.121042730370
40628,0.060663432680
40629,0.031856700415
40630,0.092558703129
40631,0.060161798806
40632,0.152362836300
40633,0.029821744613
40634,0.028917875832
40635,0.035315740622
40636,0.016813923057
40637,0.020495657779
40638,0.054026154236
40639,0.041379907061
40640,0.259623872517
40641,0.719009698309
40642,0.165662560606
40643,0.253418654824
40644,0.106818579248
40645,0.131232783632
40646,0.134602126268
40647,0.654110508060
40648,0.087017854626
40649,0.037128906602
40650,0.027826035294
40651,0.128927665432
40652,0.129183765532
40653,0.235380207361
40654,0.402520254871
40655,0.174839157225
40656,0.130176165178
40657,0.965489489760
40658,0.120320432119
40659,0.019730143393
40660,0.105957051901
40661,0.226661679460
40662,0.021087982919
40663,0.039670592034
40664,0.612757860239
40665,0.059330485511
40666,0.036201728902
40667,0.044532250840
40668,0.052142935732
40669,0.144291938662
40670,0.433443516320
40671,0.373613263918
40672,0.321939280959
40673,0.282700243560
40674,0.118755092652
40675,0.131578494993
40676,0.253070446176
40677,0.120733453906
40678,0.070076429953
40679,0.053380624975
40680,0.537933324053
40681,0.251253637318
40682,0.036824777605
40683,0.511546186245
40684,0.259702157398
40685,0.059704060049
40686,0.114313548241
40687,0.080196250831
40688,0.038727381749
40689,0.016187721492
40690,0.028154219872
40691,0.045130263777
40692,0.069269404619
40693,0.101181307130
40694,0.096455304352
40695,0.476563929287
40696,0.769969988471
40697,0.310811605326
40698,0.277252414876
40699,0.659052901477
40700,0.086706431530
40701,0.017709109683
40702,0.046922912252
40703,0.054048533136
40704,0.111929347666
40705,0.259589241414
40706,0.054601918089
40707,0.030811171649
40708,0.054889025053
40709,0.129336583567
40710,0.029780491741
40711,0.064800022766
40712,0.021665657463
40713,0.033250983373
40714,0.021476424193
40715,0.019305687364
40716,0.013461490811
40717,0.031347784982
40718,0.071642296748
40719,0.044274607716
40720,0.054596595991
40721,0.244733350286
40722,0.154191667875
40723,0.353163260960
40724,0.750105486639
40725,0.645729641720
40726,0.286061293247
40727,0.095133371802
40728,0.032669579129
40729,0.015695086125
40730,0.050864334656
40731,0.094968990939
40732,0.959503668852
40733,0.050051845167
40734,0.021293921736
40735,0.069722519909
40736,0.060816921417
40737,0.215177569188
40738,0.051945260804
40739,0.049028439563
40740,0.019710220851
40741,0.041469841687
40742,0.028178467686
40743,0.065788221977
40744,0.086244637664
40745,0.658927483524
40746,0.368972529432
40747,0.344437201083
40748,0.954289019403
40749,0.298559805409
40750,0.328263979565
40751,0.139399202654
40752,0.024896775730
40753,0.044083428168
40754,0.048312637205
40755,0.028175674931
40756,0.061434891490
40757,0.486495623451
40758,0.106450385502
40759,0.269316452756
40760,0.048257538053
40761,0.101500324077
40762,0.133788834111
40763,0.116218654076
40764,0.137592027583
40765,0.046326653466
40766,0.022210772224
40767,0.030585077907
40768,0.133471271694
40769,0.881195491283
40770,0.350839092895
40771,0.751321582406
40772,0.419476916716
40773,0.200404129126
40774,0.116341569435
40775,0.114318052768
40776,0.032364597285
40777,0.017349714647
40778,0.036059383128
40779,0.015758946257
40780,0.044461546413
40781,0.093348626627
40782,0.132556351560
40783,0.047458388483
40784,0.178747322193
40785,0.031283231539
40786,0.060692467168
40787,0.251453819807
40788,0.056153220760
40789,0.080686458368
40790,0.169120897658
40791,0.037112824447
40792,0.010103946374
40793,0.150073688112
40794,0.142338388856
40795,0.064308932938
40796,0.129086842427
40797,0.099043771664
40798,0.083700473060
40799,0.052408787931
40800,0.092180127067
40801,0.103727298002
40802,0.055986667770
40803,0.017258254668
40804,0.104940734133
40805,0.016815724594
40806,0.081803536013
40807,0.033955632568
40808,0.089574057963
40809,0.047047972452
40810,0.067060118284
40811,0.062639784180
40812,0.148816325333
40813,0.285932982499
40814,0.717238561903
40815,0.129791198685
40816,0.026118854617
40817,0.077085745143
40818,0.018720959759
40819,0.060711334448
40820,0.109326566716
40821,0.021634814011
40822,0.033497870760
40823,0.020333276815
40824,0.017139999983
40825,0.038410545339
40826,0.071445596273
40827,0.071786693750
40828,0.378615162962
40829,0.015244977014
40830,0.018403875949
40831,0.049542898721
40832,0.053418437892
40833,0.085601251229
40834,0.311243074271
40835,0.240134777969
40836,0.021150260423
40837,0.223972084713
40838,0.032269399199
40839,0.022755663743
40840,0.066335002995
40841,0.225388601506
40842,0.035065881066
40843,0.173454326576
40844,0.024101545287
40845,0.130834131674
40846,0.053430515130
40847,0.046580457886
40848,0.020066728043
40849,0.031267129344
40850,0.060629266493
40851,0.217109194462
40852,0.033662739634
40853,0.015795119776
40854,0.020391981559
40855,0.044700102900
40856,0.057847293368
40857,0.242089492219
40858,0.056857273305
40859,0.227705691667
40860,0.078211816424
40861,0.029364236467
40862,0.047657328558
40863,0.026272353616
40864,0.266424609044
40865,0.025832377954
40866,0.261301265811
40867,0.023984643870
40868,0.089924899692
40869,0.041680452019
40870,0.015681397417
40871,0.466120060381
40872,0.711583907709
40873,0.145831733158
40874,0.125318526713
40875,0.020378144534
40876,0.066927237273
40877,0.050348367957
40878,0.058344768875
40879,0.087894473162
40880,0.077771831883
40881,0.102219610979
40882,0.970022256480
40883,0.065471987635
40884,0.018799888608
40885,0.055664840325
40886,0.055760240314
40887,0.018525592317
40888,0.035104758774
40889,0.107593217120
40890,0.325711758598
40891,0.050425818617
40892,0.157917164944
40893,0.099883385556
40894,0.018555439067
40895,0.076964474823
40896,0.021007846339
40897,0.022328854299
40898,0.053386798481
40899,0.069910534969
40900,0.028504292011
40901,0.063236388187
40902,0.018786839752
40903,0.257941440443
40904,0.048592933026
40905,0.037483634241
40906,0.023095400301
40907,0.037401124161
40908,0.070988330364
40909,0.068993234807
40910,0.024586786420
40911,0.040695638313
40912,0.960700853360
40913,0.065169113093
40914,0.105885781959
40915,0.055828042545
40916,0.042903424701
40917,0.036996757755
40918,0.034046735412
40919,0.014723599870
40920,0.019618140043
40921,0.280754118454
40922,0.030768744887
40923,0.011074418642
40924,0.013983947565
40925,0.134382402449
40926,0.019341585281
40927,0.099795808452
40928,0.038723398040
40929,0.041458084495
40930,0.284641564806
40931,0.025307583481
40932,0.024529641410
40933,0.020139583534
40934,0.027001718049
40935,0.043154416031
40936,0.142639908528
40937,0.054995187646
40938,0.016297587656
40939,0.018851116906
40940,0.071292110691
40941,0.137602659863
40942,0.066942393603
40943,0.070680786077
40944,0.052097306555
40945,0.021236109833
40946,0.046559557906
40947,0.020140792980
40948,0.082560070062
40949,0.161481463484
40950,0.146634286185
40951,0.017610345429
40952,0.027264925236
40953,0.073235554899
40954,0.054643589806
40955,0.101296254781
40956,0.018425710795
40957,0.120970631343
40958,0.273843054636
40959,0.020190996845
40960,0.019277087337
40961,0.026846792422
40962,0.026780197564
40963,0.061504448481
40964,0.025006569173
40965,0.049005178122
40966,0.015653061507
40967,0.050655131118
40968,0.104783166267
40969,0.029664386629
40970,0.033009768961
40971,0.011045358982
40972,0.028589903484
40973,0.099089984879
40974,0.281279516775
40975,0.047596790650
40976,0.046682340487
40977,0.062535830213
40978,0.046793969609
40979,0.018732478929
40980,0.011385997618
40981,0.081764901518
40982,0.015458142411
40983,0.111920516054
40984,0.014506229161
40985,0.152545548099
40986,0.020866855281
40987,0.045281922285
40988,0.017053564671
40989,0.013968409762
40990,0.029315291571
40991,0.086738736997
40992,0.069252987309
40993,0.158403054211
40994,0.028244425506
40995,0.042967577822
40996,0.026562709047
40997,0.030418881670
40998,0.269479143778
40999,0.228671039623
41000,0.098161418408
41001,0.025029324584
41002,0.024335759251
41003,0.027719578877
41004,0.033351230763
41005,0.033882827561
41006,0.031936345785
41007,0.034617033837
41008,0.116262816925
41009,0.026294540763
41010,0.067587111958
41011,0.114784776524
41012,0.154815499603
41013,0.023724176301
41014,0.033310974217
41015,0.123090001129
41016,0.171079265726
41017,0.078939655981
41018,0.095746780774
41019,0.056499386240
41020,0.012715072473
41021,0.110772131894
41022,0.030987111416
41023,0.794159085601
41024,0.100847669679
41025,0.255903243803
41026,0.050208701822
41027,0.021271982797
41028,0.021768571146
41029,0.014289171387
41030,0.121260876789
41031,0.553613124495
41032,0.501069429071
41033,0.035077577036
41034,0.051113245157
41035,0.025322147489
41036,0.124377901317
41037,0.144196956642
41038,0.031300310655
41039,0.020432456841
41040,0.035440873093
41041,0.080273878998
41042,0.300341864389
41043,0.108294655548
41044,0.134869218059
41045,0.540234098206
41046,0.207081114588
41047,0.461055831980
41048,0.063043613730
41049,0.124296717233
41050,0.034703066841
41051,0.035610049793
41052,0.068595859727
41053,0.075310386772
41054,0.116682888437
41055,0.095019343056
41056,0.027735078061
41057,0.026086321090
41058,0.076777091314
41059,0.256489125742
41060,0.048674608543
41061,0.027162161313
41062,0.057122615008
41063,0.053792929194
41064,0.025356404997
41065,0.051957629283
41066,0.148211491930
41067,0.165348647996
41068,0.029749033995
41069,0.014302630056
41070,0.214454248531
41071,0.095043024410
41072,0.084992420867
41073,0.388269130102
41074,0.432438354313
41075,0.076444960035
41076,0.061038953348
41077,0.014368349701
41078,0.029631291731
41079,0.050855458531
41080,0.077102089410
41081,0.163324197354
41082,0.440192149900
41083,0.039094208747
41084,0.052776547746
41085,0.022397945196
41086,0.028805622603
41087,0.030024509256
41088,0.163612080653
41089,0.033396279962
41090,0.078026388698
41091,0.037146737215
41092,0.121634179442
41093,0.544059095283
41094,0.107446153318
41095,0.019803800574
41096,0.027292535766
41097,0.053308470270
41098,0.060327846503
41099,0.090911810783
41100,0.117375053880
41101,0.077882357071
41102,0.099023048152
41103,0.041563099959
41104,0.033334084329
41105,0.028743873398
41106,0.027295538002
41107,0.029818973977
41108,0.118279572867
41109,0.067743842738
41110,0.130511680644
41111,0.027774483448
41112,0.054677364739
41113,0.036814739770
41114,0.021701171082
41115,0.021402237447
41116,0.023479839353
41117,0.038139520905
41118,0.025796862101
41119,0.068708886988
41120,0.482215016661
41121,0.393285256584
41122,0.041020671173
41123,0.040107426751
41124,0.067532210329
41125,0.039961587732
41126,0.017740002886
41127,0.059917330631
41128,0.019276956573
41129,0.022411343584
41130,0.234590099463
41131,0.032483972232
41132,0.024183948710
41133,0.029225674669
41134,0.059980213054
41135,0.049941904383
41136,0.126477608971
41137,0.231350274260
41138,0.216432791927
41139,0.049359175290
41140,0.053173624746
41141,0.023199306333
41142,0.048407029946
41143,0.036448614682
41144,0.333113823123
41145,0.041916136042
41146,0.627684377905
41147,0.097235349042
41148,0.073178111174
41149,0.036761005289
41150,0.043236502393
41151,0.046718874250
41152,0.021420748318
41153,0.023168226773
41154,0.065845276287
41155,0.034941571812
41156,0.079452900435
41157,0.051994886035
41158,0.099112275051
41159,0.166388209811
41160,0.376630374177
41161,0.069194031072
41162,0.031664737112
41163,0.065662036341
41164,0.021520832245
41165,0.024706243834
41166,0.099395141994
41167,0.044933529816
41168,0.084705866329
41169,0.042473522484
41170,0.068640083325
41171,0.030999830856
41172,0.040525374775
41173,0.017536727405
41174,0.129900391369
41175,0.047528475615
41176,0.025704394426
41177,0.020600048667
41178,0.040271192100
41179,0.054126065098
41180,0.065387421108
41181,0.086301176399
41182,0.084151508039
41183,0.232544325465
41184,0.110800860264
41185,0.222782896592
41186,0.018266918483
41187,0.077205066924
41188,0.038281894240
41189,0.048700087626
41190,0.061532880028
41191,0.021802580442
41192,0.021183254771
41193,0.039222072398
41194,0.043473630526
41195,0.025652360929
41196,0.056353146294
41197,0.014244809331
41198,0.069729454531
41199,0.037596635288
41200,0.116604049985
41201,0.053135368539
41202,0.114361976530
41203,0.574875712018
41204,0.101685655067
41205,0.101461587701
41206,0.056965790590
41207,0.069567015231
41208,0.066918343654
41209,0.075378779672
41210,0.047445599104
41211,0.013932153227
41212,0.279118476727
41213,0.071132246840
41214,0.039456472597
41215,0.042601156792
41216,0.046434336856
41217,0.022375564259
41218,0.055304134494
41219,0.168039188456
41220,0.057171952439
41221,0.038177171300
41222,0.104723401845
41223,0.796022323874
41224,0.089894215612
41225,0.018456067895
41226,0.097657977941
41227,0.057946687914
41228,0.163853010336
41229,0.274384558747
41230,0.064039726314
41231,0.014311941121
41232,0.057025989694
41233,0.060408301202
41234,0.085262911980
41235,0.118508461171
41236,0.055259175927
41237,0.202553166111
41238,0.039750341907
41239,0.037049148472
41240,0.017359752353
41241,0.022341450358
41242,0.049508535338
41243,0.047573777685
41244,0.028264887330
41245,0.109327892715
41246,0.146618688917
41247,0.161969214719
41248,0.077566535813
41249,0.032353047254
41250,0.073506129800
41251,0.146553407294
41252,0.242126348577
41253,0.054841147959
41254,0.061448786813
41255,0.012876379829
41256,0.050314574231
41257,0.539830744033
41258,0.248115078288
41259,0.393328756170
41260,0.120353111361
41261,0.015013756048
41262,0.019753931125
41263,0.030747112410
41264,0.049661759803
41265,0.331285099491
41266,0.237524066727
41267,0.075766389336
41268,0.091482684165
41269,0.167882696973
41270,0.136829982914
41271,0.090692328805
41272,0.145627648308
41273,0.279647801576
41274,0.058869129900
41275,0.041304547752
41276,0.085787981920
41277,0.047852039379
41278,0.169150614438
41279,0.915081986121
41280,0.065916189364
41281,0.379322915072
41282,0.034631019224
41283,0.181696569625
41284,0.012272059691
41285,0.046090512829
41286,0.057812881807
41287,0.026322997430
41288,0.036581378732
41289,0.478538148268
41290,0.062994657630
41291,0.078501369043
41292,0.184792514742
41293,0.140757112658
41294,0.157234523348
41295,0.275229360257
41296,0.165803581183
41297,0.026503101648
41298,0.247313668584
41299,0.134441185130
41300,0.090103670182
41301,0.929414901082
41302,0.370494160603
41303,0.302132196837
41304,0.025453502562
41305,0.213805563459
41306,0.080926576702
41307,0.020617588404
41308,0.042565611127
41309,0.032743543921
41310,0.079342510779
41311,0.095676371983
41312,0.072286453594
41313,0.086352024093
41314,0.061454965965
41315,0.126032366214
41316,0.090003424868
41317,0.021510733456
41318,0.082755555171
41319,0.330665160435
41320,0.020922260314
41321,0.061014766888
41322,0.960595236199
41323,0.947688751719
41324,0.703895157238
41325,0.086381818317
41326,0.432089635186
41327,0.077297354176
41328,0.039695491080
41329,0.044246853740
41330,0.048897314945
41331,0.050758306236
41332,0.016031086015
41333,0.460689576140
41334,0.032171411880
41335,0.044917365399
41336,0.104003721992
41337,0.065562928293
41338,0.049454200846
41339,0.051015258772
41340,0.152267147415
41341,0.106965943129
41342,0.027175885156
41343,0.095388384721
41344,0.078415664490
41345,0.096862443184
41346,0.959235243410
41347,0.877684221677
41348,0.631515409110
41349,0.076480115814
41350,0.020000637937
41351,0.012062408719
41352,0.451435037650
41353,0.043637462441
41354,0.257697436119
41355,0.056310417085
41356,0.091939191901
41357,0.022708687003
41358,0.091197612826
41359,0.100973299291
41360,0.131052864441
41361,0.128339451529
41362,0.557006605370
41363,0.577390914182
41364,0.150773969085
41365,0.135943942373
41366,0.064455586225
41367,0.046268383949
41368,0.095605014611
41369,0.051894411404
41370,0.040633963839
41371,0.019594319153
41372,0.100278655130
41373,0.115232192128
41374,0.041260924978
41375,0.104465679493
41376,0.022505982778
41377,0.931216691690
41378,0.970847775360
41379,0.929458175060
41380,0.045962960720
41381,0.148411401375
41382,0.423982943410
41383,0.017208287789
41384,0.017483304449
41385,0.047691509033
41386,0.074956403322
41387,0.054931461534
41388,0.452724939473
41389,0.952412068682
41390,0.057342250782
41391,0.076285602434
41392,0.088286284097
41393,0.123000002605
41394,0.047390843455
41395,0.150480951689
41396,0.094007664315
41397,0.029810832776
41398,0.052468116518
41399,0.084568415021
41400,0.107719183541
41401,0.042089787271
41402,0.271318946908
41403,0.274965993810
41404,0.117060408059
41405,0.060635928015
41406,0.093674246759
41407,0.054329275096
41408,0.255691825771
41409,0.027051587097
41410,0.029659872619
41411,0.032468814228
41412,0.015784487877
41413,0.018627883229
41414,0.051926971944
41415,0.041087246627
41416,0.264986701856
41417,0.660968487750
41418,0.168769810088
41419,0.154994170400
41420,0.097136804474
41421,0.124798588418
41422,0.128274763890
41423,0.664472347854
41424,0.079070567045
41425,0.026541191599
41426,0.125576284933
41427,0.131852008996
41428,0.240044699580
41429,0.397911028698
41430,0.258633611293
41431,0.135086716468
41432,0.965252645488
41433,0.118182563432
41434,0.021493788338
41435,0.120290984755
41436,0.135136309843
41437,0.020890339538
41438,0.040797959488
41439,0.605240822483
41440,0.055416911312
41441,0.036453477461
41442,0.042956284818
41443,0.054247945915
41444,0.142427475214
41445,0.439109669358
41446,0.258357898791
41447,0.320420597338
41448,0.280131624629
41449,0.119893401010
41450,0.136723745307
41451,0.255271769537
41452,0.021418377664
41453,0.116275881567
41454,0.067545948289
41455,0.050732970975
41456,0.515104037329
41457,0.252719568164
41458,0.033989910798
41459,0.354064967263
41460,0.347353697643
41461,0.064076108927
41462,0.112618834555
41463,0.081992054353
41464,0.015762705906
41465,0.028551401045
41466,0.041676352816
41467,0.066540950243
41468,0.095707973130
41469,0.089928642248
41470,0.419174149101
41471,0.770650524294
41472,0.481554799158
41473,0.187386846487
41474,0.665880894037
41475,0.079551357895
41476,0.016766039111
41477,0.047813218428
41478,0.052924909605
41479,0.107663650892
41480,0.244517911056
41481,0.049821524473
41482,0.029683244145
41483,0.053117931165
41484,0.122826525084
41485,0.026993259868
41486,0.065280859625
41487,0.018644828750
41488,0.015334216428
41489,0.031111925603
41490,0.020891549356
41491,0.017901536340
41492,0.013477520565
41493,0.029772155682
41494,0.066582525874
41495,0.042391767322
41496,0.052931050723
41497,0.246085074061
41498,0.154477412566
41499,0.357240561776
41500,0.742148187626
41501,0.652367903643
41502,0.188133801912
41503,0.088838153564
41504,0.052540198466
41505,0.083456499987
41506,0.015711266181
41507,0.031522001456
41508,0.959258447656
41509,0.050343163478
41510,0.061088827134
41511,0.054666416303
41512,0.216353445128
41513,0.044045769103
41514,0.020030212667
41515,0.038401959982
41516,0.017072882724
41517,0.027117796979
41518,0.058407490610
41519,0.084260955963
41520,0.639954664214
41521,0.373249050266
41522,0.228038312259
41523,0.951829783641
41524,0.294135727288
41525,0.330710700700
41526,0.135700238050
41527,0.029449275268
41528,0.024654865892
41529,0.022156923219
41530,0.035666481592
41531,0.049034868093
41532,0.056221614200
41533,0.484048458539
41534,0.083560052605
41535,0.360525120536
41536,0.042728000488
41537,0.102808659348
41538,0.138825843822
41539,0.108797863607
41540,0.136935933986
41541,0.045758411089
41542,0.030659238713
41543,0.131519203651
41544,0.927240784047
41545,0.362131563751
41546,0.752132717845
41547,0.362947195975
41548,0.188272071101
41549,0.116120584124
41550,0.104930233666
41551,0.033470793104
41552,0.035888965526
41553,0.015516333037
41554,0.045008661339
41555,0.091706663747
41556,0.135573288289
41557,0.044315664513
41558,0.185743501232
41559,0.049059789179
41560,0.259621528269
41561,0.052795296537
41562,0.013101549341
41563,0.078125520124
41564,0.164924664989
41565,0.037046064030
41566,0.010076037527
41567,0.228718963446
41568,0.135411079972
41569,0.060669815093
41570,0.121728968903
41571,0.086934991307
41572,0.078858050324
41573,0.055522976463
41574,0.087032813614
41575,0.106158053481
41576,0.048561500178
41577,0.017700921927
41578,0.104548740535
41579,0.016334205625
41580,0.077456339456
41581,0.033096652519
41582,0.084337275399
41583,0.043575486151
41584,0.063050934695
41585,0.013737449158
41586,0.058558926249
41587,0.148566051300
41588,0.284085623234
41589,0.724948315065
41590,0.123900202499
41591,0.019645532997
41592,0.025526603508
41593,0.071678826586
41594,0.018195544459
41595,0.055612376592
41596,0.114456692920
41597,0.017307595082
41598,0.032139093316
41599,0.019195845971
41600,0.017093375307
41601,0.036763999996
41602,0.070596405693
41603,0.066419072896
41604,0.368944255308
41605,0.014971481975
41606,0.017904047050
41607,0.046364592812
41608,0.050788583205
41609,0.081524025875
41610,0.476436054603
41611,0.250049540842
41612,0.019122547583
41613,0.222664087588
41614,0.027591736802
41615,0.020715701839
41616,0.062798217685
41617,0.129225216364
41618,0.033856757237
41619,0.168555179665
41620,0.014203718584
41621,0.023862583563
41622,0.023260572493
41623,0.128289209427
41624,0.050191279248
41625,0.043921033620
41626,0.020359763257
41627,0.029497782437
41628,0.055527210527
41629,0.284900613033
41630,0.031085396348
41631,0.014890551534
41632,0.015873746127
41633,0.018311935795
41634,0.061760976460
41635,0.234651102979
41636,0.053489419364
41637,0.229006506413
41638,0.070948069505
41639,0.024768165083
41640,0.035078301886
41641,0.045139592055
41642,0.026828117378
41643,0.349114339252
41644,0.260057306622
41645,0.022358866006
41646,0.090175581938
41647,0.038280380930
41648,0.017490076486
41649,0.283083055128
41650,0.710637555982
41651,0.145208267010
41652,0.128267735431
41653,0.019339411721
41654,0.062020752682
41655,0.045210165151
41656,0.053108434755
41657,0.077530678795
41658,0.072584023208
41659,0.113455325397
41660,0.969800246400
41661,0.068375185456
41662,0.040949892321
41663,0.052018875198
41664,0.112126767097
41665,0.342359854803
41666,0.046602866551
41667,0.153366376054
41668,0.090258324288
41669,0.019881004370
41670,0.070015636655
41671,0.019348729500
41672,0.024421274932
41673,0.049256271236
41674,0.076938178616
41675,0.025298681147
41676,0.055338853492
41677,0.016910500291
41678,0.262242889480
41679,0.047059615084
41680,0.036229947222
41681,0.020217509717
41682,0.035433081226
41683,0.062751681559
41684,0.061110941491
41685,0.037429337283
41686,0.960108053819
41687,0.054524435012
41688,0.112395767809
41689,0.055825200958
41690,0.042287293276
41691,0.033789435802
41692,0.034701347250
41693,0.013214648995
41694,0.019856622661
41695,0.269477724515
41696,0.030625316169
41697,0.018880716338
41698,0.122011797484
41699,0.096920936080
41700,0.040504258870
41701,0.037773380857
41702,0.287252004906
41703,0.026129303407
41704,0.040792148943
41705,0.239956501221
41706,0.053181964201
41707,0.018912327103
41708,0.017705982554
41709,0.072624141478
41710,0.153322472030
41711,0.058071839165
41712,0.065002064584
41713,0.045090141471
41714,0.040896732173
41715,0.162930219294
41716,0.229509925503
41717,0.020190570498
41718,0.013812926727
41719,0.017367223039
41720,0.023661447096
41721,0.017652834284
41722,0.016396275031
41723,0.019768868432
41724,0.027574398299
41725,0.065991534995
41726,0.042880661337
41727,0.100396343024
41728,0.124025892926
41729,0.268610477405
41730,0.019702158168
41731,0.013875412685
41732,0.016895337892
41733,0.025302116949
41734,0.023670936657
41735,0.023178066310
41736,0.014541522636
41737,0.016470964848
41738,0.015495957508
41739,0.061950694577
41740,0.021444889805
41741,0.050591177372
41742,0.016644628734
41743,0.101424186923
41744,0.035540983697
41745,0.026753940052
41746,0.094323633573
41747,0.022428425064
41748,0.281797768442
41749,0.050818276925
41750,0.046380708432
41751,0.069532137870
41752,0.042994385974
41753,0.017654718933
41754,0.075205024060
41755,0.015231133208
41756,0.110438548173
41757,0.144386015225
41758,0.021059654113
41759,0.016156326713
41760,0.026134299806
41761,0.042907634148
41762,0.019491308191
41763,0.025474097423
41764,0.020784561647
41765,0.076959561879
41766,0.060989757366
41767,0.027623938055
41768,0.166412835106
41769,0.028755459227
41770,0.022170857687
41771,0.042171669157
41772,0.025518878067
41773,0.271633202661
41774,0.167835068762
41775,0.019937363209
41776,0.097040512732
41777,0.018114106914
